Filename,Shotcode,Episode,Story,Date of Output,Creator,AI Tools,Is Re-spin,Re-spin Status,Ingested at Cream,Network Priority,Missing Prompt,Frame.io
CTD_AI_HMB_Collision_20260731_1a.mov,,,,,,,,,Y,,,
CTD_AI_HMB_Collision_20260731_3a.mov,,,,,,,,,Y,,,
CTD_AI_SDS_WorkerPullies_20260610_1a.mov,,,,2026-06-10,SM,Chat GPT; Krea,,,Y,,,
CTD_AI_OTI_TitanDragged_20260615_1d.mov,,,,2026-06-15,SM,Chat GPT; Krea,,,Y,,,
CTD_AI_OTI_TitanDragged_20260615_1e.mov,,,,2026-06-15,SM,Chat GPT; Krea,,Re-spin Completed,Y,,,
CTD_AI_PAO_BollandsEscapes2_20260615.mov,CTD_AI_PAO_BollandsEscapes2,,,2026-06-15,JJ,Chat GPT; Krea,,,Y,,,
CTD_AI_PAO_BollandsEscapes2_20260616_1a.mov,CTD_AI_PAO_BollandsEscapes2,,,2026-06-16,WS,Chat GPT; Krea,,,Y,,,
CTD_AI_PAO_BollandsEscapes2_20260616_1b.mov,CTD_AI_PAO_BollandsEscapes2,,,2026-06-16,WS,Chat GPT; Krea,,,Y,,,
CTD_AI_KAR_NorhamCastleEnveloped3_20260617_1a.mov,CTD_AI_KAR_NorhamCastleEnveloped3,,,2026-06-17,SM,Chat GPT; Krea,,,Y,,,
CTD_AI_KAR_NorhamCastleEnveloped3_20260617_1b.mov,CTD_AI_KAR_NorhamCastleEnveloped3,,,2026-06-17,SM,Chat GPT; Krea,,,Y,,,
CTD_AI_KAR_NorhamCastleEnveloped3_20260617_1c.mov,CTD_AI_KAR_NorhamCastleEnveloped3,,,2026-06-17,SM,Chat GPT; Krea,,,Y,,,
CTD_AI_SJE_HomeKnockedDown_1a.mov,CTD_AI_SJE_HomeKnockedDown,,,2026-06-19,JJ,Krea; Chat GPT,,,Y,,,
CTD_AI_ORA_BoatsCapsizeA_20260706_1a.mov,,,,2026-07-06,JJ,,,,Y,,,
CTD_AI_ORA_BoatsCapsizeA_20260706_1b.mov,,,,2026-07-06,JJ,,,,Y,,,
CTD_AI_SJE_HomeKnockedDown_20260713_2a.mov,CTD_AI_SJE_HomeKnockedDown,,,2026-07-13,JJ,,,,Y,,,
CTD_AI_SJE_HomeKnockedDown_2_20260713_1a.mov,CTD_AI_SJE_HomeKnockedDown,,,2026-07-13,JJ,,,,Y,,,
CTD_AI_HMB_Collision_20260731_1a.mov,,,,2026-07-30,james,Krea; Chat GPT,,,Y,Y,,
CTD_AI_HMB_Collision_20260731_1a.mov,CTD_AI_HMB_Collision,,,2026-07-30,james,Krea; Chat GPT,,,Y,,,
CTD_AI_HMB_Collision_20260731_2a.mov,CTD_AI_HMB_Collision,,,2026-07-30,james,Krea; Chat GPT,,,Y,,,
CTD_AI_HMB_Collision_20260731_7a.mov,CTD_AI_HMB_Collision,,,2026-07-30,james,Krea; Chat GPT,,,Y,,,
CTD_AI_HMB_MontBlancWhistle1_20260731_1a.mov,CTD_AI_HMB_MontBlancWhistle1,,,2026-07-30,james,Krea; Chat GPT,,,Y,,,
CTD_AI_HMB_MontBlancWhistle2_20260731_1a.mov,CTD_AI_HMB_MontBlancWhistle1,,,2026-07-30,james,Krea; Chat GPT,,,Y,,,
CTD_AI_TSF_OtherScrapBinsCatchFire_20260730_01A.mov,,,,2026-07-30,JJ,Krea; Chat GPT,,Re-spin Requested,Y,Y,,
CTD_AI_TSF_OtherScrapBinsCatchFire_20260730_01B.mov,,,,2026-07-30,JJ,Krea; Chat GPT,,,Y,,,
CTD_AI_MSH_Aftermath_20260408_1a.mov,CTD_AI_MSH_GEN,101,Mount St. Helens Eruption,2026-04-08,SM,Chat GPT; Krea,,,Y,,,
CTD_AI_MSH_DJRadio_20240408_1a.mov,CTD_AI_MSH_ScorchingDebris01,101,Mount St. Helens Eruption,2026-04-08,SM,Chat GPT; Krea,,Re-spin Completed,Y,,,
CTD_AI_MSH_DJRadio_20260408_1b.mov,CTD_AI_MSH_ScorchingDebris01,101,Mount St. Helens Eruption,2026-04-08,SM,Chat GPT; Krea,,Re-spin Completed,Y,,,
CTD_AI_MSH_DJRadio_20260408_1c.mov,CTD_AI_MSH_ScorchingDebris01,101,Mount St. Helens Eruption,2026-04-08,SM,Chat GPT; Krea,,,Y,,,
CTD_AI_MSH_DJRadio_20260408_1d.mov,CTD_AI_MSH_ScorchingDebris01,101,Mount St. Helens Eruption,2026-04-08,SM,Chat GPT; Krea,,Re-spin Completed,Y,,,
CTD_AI_MSH_DJRadio_20260408_1e.mov,CTD_AI_MSH_ScorchingDebris01,101,Mount St. Helens Eruption,2026-04-08,SM,Chat GPT; Krea,,,Y,,,
CTD_AI_MSH_DJRadio_20260408_1f.mov,CTD_AI_MSH_ScorchingDebris01,101,Mount St. Helens Eruption,2026-04-08,SM,Chat GPT; Krea,,,Y,,,
CTD_AI_MSH_LodgeWipedOut_20260408_1a.mov,CTD_AI_MSH_LodgeWipedOut02,101,Mount St. Helens Eruption,2026-04-08,SM,Chat GPT; Krea,,Re-spin Completed,Y,,,
CTD_AI_MSH_LodgeWipedOut_20260408_1b.mov,CTD_AI_MSH_LodgeWipedOut02,101,Mount St. Helens Eruption,2026-04-08,SM,Chat GPT; Krea,,,Y,,,
CTD_AI_MSH_LodgeWipedOut_20260408_1c.mov,CTD_AI_MSH_LodgeWipedOut02,101,Mount St. Helens Eruption,2026-04-08,SM,Chat GPT; Krea,,,Y,,,
CTD_AI_MSH_LodgeWipedOut_20260408_2a.mov,CTD_AI_MSH_LodgeWipedOut03,101,Mount St. Helens Eruption,2026-04-08,SM,Chat GPT; Krea,,Re-spin Completed,Y,,,
CTD_AI_MSH_OrangeGlow_20260408_1a.mov,CTD_AI_MSH_BulgeSlide04,101,Mount St. Helens Eruption,2026-04-08,WS,Chat GPT; Krea,,Re-spin Completed,Y,,,
CTD_AI_MSH_PickingUpRadio_20260408_1a.mov,CTD_AI_MSH_ScorchingDebris02,101,Mount St. Helens Eruption,2026-04-08,SM,Chat GPT; Krea,,,Y,,,
CTD_AI_MSH_PickingUpRadio_20260408_1b.mov,CTD_AI_MSH_ScorchingDebris02,101,Mount St. Helens Eruption,2026-04-08,SM,Chat GPT; Krea,,,Y,,,
CTD_AI_MSH_PickingUpRadio_20260408_1c.mov,CTD_AI_MSH_ScorchingDebris02,101,Mount St. Helens Eruption,2026-04-08,SM,Chat GPT; Krea,,,Y,,,
CTD_AI_MSH_PickingUpRadio_20260408_1d.mov,CTD_AI_MSH_ScorchingDebris02,101,Mount St. Helens Eruption,2026-04-08,SM,Chat GPT; Krea,,,Y,,,
CTD_AI_MSH_PickingUpRadio_20260408_1e.mov,CTD_AI_MSH_ScorchingDebris02,101,Mount St. Helens Eruption,2026-04-08,SM,Chat GPT; Krea,,,Y,,,
CTD_AI_MSH_PyroclasticFlowDJCarPOV_20260408_1a.mov,CTD_AI_MSH_DJCampDestruction01,101,Mount St. Helens Eruption,2026-04-08,SM,Chat GPT; Krea,,,Y,,,
CTD_AI_MSH_PyroclasticFlowDJCarPOV_20260408_1a.mov,CTD_AI_MSH_DJCampDestruction01,101,Mount St. Helens Eruption,2026-04-08,SM,Chat GPT; Krea,,,Y,,,
CTD_AI_MSH_PyroclasticFlowDJCarPOV_20260408_1c.mov,CTD_AI_MSH_DJCampDestruction01,101,Mount St. Helens Eruption,2026-04-08,SM,Chat GPT; Krea,,,Y,,,
CTD_AI_MSH_PyroclasticFlow_20260408_10a.mov,CTD_AI_MSH_DJCampDestruction02,101,Mount St. Helens Eruption,2026-04-08,SM,Chat GPT; Krea,,,Y,,,
CTD_AI_MSH_PyroclasticFlow_20260408_11a.mov,CTD_AI_MSH_DJCampDestruction02,101,Mount St. Helens Eruption,2026-04-08,SM,Chat GPT; Krea,,,Y,,,
CTD_AI_MSH_PyroclasticFlow_20260408_1a.mov,CTD_AI_MSH_DJCampDestruction02,101,Mount St. Helens Eruption,2026-04-08,WS,Chat GPT; Krea,,Re-spin Completed,Y,,,
CTD_AI_MSH_PyroclasticFlow_20260408_1b.mov,CTD_AI_MSH_DJCampDestruction02,101,Mount St. Helens Eruption,2026-04-08,SM,Chat GPT; Krea,,,Y,,,
CTD_AI_MSH_PyroclasticFlow_20260408_1c.mov,CTD_AI_MSH_DJCampDestruction02,101,Mount St. Helens Eruption,2026-04-08,SM,Chat GPT; Krea,,,Y,,,
CTD_AI_MSH_PyroclasticFlow_20260408_2a.mov,CTD_AI_MSH_LodgeWipedOut01,101,Mount St. Helens Eruption,2026-04-08,SM,Chat GPT; Krea,,,Y,,,
CTD_AI_MSH_PyroclasticFlow_20260408_3a.mov,CTD_AI_MSH_LodgeWipedOut01,101,Mount St. Helens Eruption,2026-04-08,WS,Chat GPT; Krea,,Re-spin Completed,Y,,,
CTD_AI_MSH_PyroclasticFlow_20260408_3b.mov,CTD_AI_MSH_LodgeWipedOut01,101,Mount St. Helens Eruption,2026-04-08,SM,Chat GPT; Krea,,Re-spin Completed,Y,,,
CTD_AI_MSH_PyroclasticFlow_20260408_4a.mov,CTD_AI_MSH_DJCampDestruction02,101,Mount St. Helens Eruption,2026-04-08,SM,Chat GPT; Krea,,Re-spin Completed,Y,,,
CTD_AI_MSH_PyroclasticFlow_20260408_5a.mov,CTD_AI_MSH_DJCampDestruction02,101,Mount St. Helens Eruption,2026-04-08,SM,Chat GPT; Krea,,,Y,,,
CTD_AI_MSH_PyroclasticFlow_20260408_6a.mov,CTD_AI_MSH_DJCampDestruction02,101,Mount St. Helens Eruption,2026-04-08,SM,Chat GPT; Krea,,Re-spin Completed,Y,,,
CTD_AI_MSH_PyroclasticFlow_20260408_7a.mov,CTD_AI_MSH_DJCampDestruction02,101,Mount St. Helens Eruption,2026-04-08,SM,Chat GPT; Krea,,,Y,,,
CTD_AI_MSH_PyroclasticFlow_20260408_8a.mov,CTD_AI_MSH_DJCampDestruction02,101,Mount St. Helens Eruption,2026-04-08,SM,Chat GPT; Krea,,,Y,,,
CTD_AI_MSH_PyroclasticFlow_20260408_9a.mov,CTD_AI_MSH_DJCampDestruction02,101,Mount St. Helens Eruption,2026-04-08,SM,Chat GPT; Krea,,,Y,,,
CTD_AI_FDN_Alarm&PressingButtons_20260413_1a.mov,CTD_AI_FDN_EmergShutDown04,101,Fukushima Nuclear Disaster,2026-04-13,SM,Chat GPT; Krea,,,Y,,,
CTD_AI_FDN_Alarm&PressingButtons_20260413_1b.mov,CTD_AI_FDN_EmergShutDown04,101,Fukushima Nuclear Disaster,2026-04-13,SM,Chat GPT; Krea,,,Y,,,
CTD_AI_FDN_Alarm&PressingButtons_20260413_1c.mov,CTD_AI_FDN_EmergShutDown04,101,Fukushima Nuclear Disaster,2026-04-13,SM,Chat GPT; Krea,,,Y,,,
CTD_AI_FDN_Alarm&PressingButtons_20260413_1d.mov,CTD_AI_FDN_EmergShutDown04,101,Fukushima Nuclear Disaster,2026-04-13,SM,Chat GPT; Krea,,,Y,,,
CTD_AI_FDN_Alarm&PressingButtons_20260413_1e.mov,CTD_AI_FDN_EmergShutDown04,101,Fukushima Nuclear Disaster,2026-04-13,SM,Chat GPT; Krea,,,Y,,,
CTD_AI_FDN_Alarm&PressingButtons_20260413_2a.mov,CTD_AI_FDN_EmergShutDown04,101,Fukushima Nuclear Disaster,2026-04-13,SM,Chat GPT; Krea,,,Y,,,
CTD_AI_FDN_Alarm&PressingButtons_20260413_2b.mov,CTD_AI_FDN_EmergShutDown04,101,Fukushima Nuclear Disaster,2026-04-13,SM,Chat GPT; Krea,,,Y,,,
CTD_AI_FDN_AlarmCU_20260413_1a.mov,CTD_AI_FDN_EmergShutDown01,101,Fukushima Nuclear Disaster,2026-04-13,SM,Chat GPT; Krea,,,Y,,,
CTD_AI_FDN_AlarmCU_20260413_2a.mov,CTD_AI_FDN_EmergShutDown01,101,Fukushima Nuclear Disaster,2026-04-13,WS,Chat GPT; Krea,,Re-spin Completed,Y,,,
CTD_AI_FDN_AlarmCU_20260413_2b.mov,CTD_AI_FDN_EmergShutDown01,101,Fukushima Nuclear Disaster,2026-04-13,SM,Chat GPT; Krea,,,Y,,,
CTD_AI_FDN_AlarmCU_20260413_2c.mov,CTD_AI_FDN_EmergShutDown02,101,Fukushima Nuclear Disaster,2026-04-13,WS,Chat GPT; Krea,,Re-spin Completed,Y,,,
CTD_AI_FDN_AlarmWide_20260413_1a.mov,CTD_AI_FDN_EmergShutDown02,101,Fukushima Nuclear Disaster,2026-04-13,WS,Chat GPT; Krea,,Re-spin Completed,Y,,,
CTD_AI_FDN_FeetRunning_20260413_1a.mov,CTD_AI_FDN_EmergShutDown03,101,Fukushima Nuclear Disaster,2026-04-13,SM,Chat GPT; Krea,,,Y,,,
CTD_AI_FDN_FeetRunning_20260413_1b.mov,CTD_AI_FDN_EmergShutDown03,101,Fukushima Nuclear Disaster,2026-04-13,SM,Chat GPT; Krea,,,Y,,,
CTD_AI_FDN_FeetRunning_20260413_1c.mov,CTD_AI_FDN_EmergShutDown03,101,Fukushima Nuclear Disaster,2026-04-13,SM,Chat GPT; Krea,,Re-spin Completed,Y,,,
CTD_AI_FDN_GeigerCounter_20260413_1a.mov,CTD_AI_FDN_Geigercounter01,101,Fukushima Nuclear Disaster,2026-04-13,WS,Chat GPT; Krea,,Re-spin Completed,Y,,,
CTD_AI_MSH_Bulge_20260413_1a.mov,CTD_AI_MSH_BulgeSlide01,101,Mount St. Helens Eruption,2026-04-13,WS,Chat GPT; Krea,,,Y,,,
CTD_AI_MSH_Bulge_20260413_1b.mov,CTD_AI_MSH_BulgeSlide01,101,Mount St. Helens Eruption,2026-04-13,WS,Chat GPT; Krea,,,Y,,,
CTD_AI_MSH_Bulge_20260413_2a.mov,CTD_AI_MSH_BulgeSlide01,101,Mount St. Helens Eruption,2026-04-13,WS,Chat GPT; Krea,,,Y,,,
CTD_AI_MSH_Bulge_20260413_2b.mov,CTD_AI_MSH_BulgeSlide01,101,Mount St. Helens Eruption,2026-04-13,WS,Chat GPT; Krea,,,Y,,,
CTD_AI_MSH_Bulge_20260413_3a.mov,CTD_AI_MSH_BulgeSlide01,101,Mount St. Helens Eruption,2026-04-13,WS,Chat GPT; Krea,,Re-spin Completed,Y,,,
CTD_AI_MSH_Bulge_20260413_3b.mov,CTD_AI_MSH_BulgeSlide01,101,Mount St. Helens Eruption,2026-04-13,WS,Chat GPT; Krea,,,Y,,,
CTD_AI_MSH_LargeCracks_20260413_1a.mov,CTD_AI_MSH_BulgeSlide02,101,Mount St. Helens Eruption,2026-04-13,WS,Chat GPT; Krea,,Re-spin Completed,Y,,,
CTD_AI_MSH_LargeCracks_20260413_2a.mov,CTD_AI_MSH_BulgeSlide03,101,Mount St. Helens Eruption,2026-04-13,WS,Chat GPT; Krea,,,Y,,,
CTD_AI_MSH_LowCracks_20260413_1a.mov,CTD_AI_MSH_BulgeSlide03,101,Mount St. Helens Eruption,2026-04-13,WS,Chat GPT; Krea,,Re-spin Completed,Y,,,
CTD_AI_MSH_LowCracks_20260413_1b.mov,CTD_AI_MSH_BulgeSlide03,101,Mount St. Helens Eruption,2026-04-13,WS,Chat GPT; Krea,,,Y,,,
CTD_AI_MSH_LowCracks_20260413_2a.mov,CTD_AI_MSH_BulgeSlide02,101,Mount St. Helens Eruption,2026-04-13,WS,Chat GPT; Krea,,Re-spin Completed,Y,,,
CTD_AI_MSH_LowCracks_20260413_3a.mov,CTD_AI_MSH_BulgeSlide02,101,Mount St. Helens Eruption,2026-04-13,WS,Chat GPT; Krea,,,Y,,,
CTD_AI_MSH_LowCracks_20260413_3b.mov,CTD_AI_MSH_BulgeSlide02,101,Mount St. Helens Eruption,2026-04-13,WS,Chat GPT; Krea,,,Y,,,
CTD_AI_MSH_SurfaceTexture_20260413_1a.mov,CTD_AI_MSH_BulgeSlide01,101,Mount St. Helens Eruption,2026-04-13,WS,Chat GPT; Krea,,,Y,,,
CTD_AI_MSH_SurfaceTexture_20260413_1b.mov,CTD_AI_MSH_BulgeSlide01,101,Mount St. Helens Eruption,2026-04-13,WS,Chat GPT; Krea,,,Y,,,
CTD_AI_MSH_SurfaceTexture_20260413_2a.mov,CTD_AI_MSH_BulgeSlide01,101,Mount St. Helens Eruption,2026-04-13,WS,Chat GPT; Krea,,,Y,,,
CTD_AI_FDN_Coffee&Alarm_20260416_1a.mov,CTD_AI_FDN_GroundShakes01,101,Fukushima Nuclear Disaster,2026-04-16,SM,Chat GPT; Krea,,PAUSE,Y,,,
CTD_AI_FDN_Coffee&Alarm_20260416_1b.mov,CTD_AI_FDN_GroundShakes01,101,Fukushima Nuclear Disaster,2026-04-16,SM,Chat GPT; Krea,,,Y,,,
CTD_AI_FDN_Coffee&Alarm_20260416_1c.mov,CTD_AI_FDN_GroundShakes01,101,Fukushima Nuclear Disaster,2026-04-16,SM,Chat GPT; Krea,,,Y,,,
CTD_AI_FDN_Coffee&Alarm_20260416_1d.mov,CTD_AI_FDN_GroundShakes01,101,Fukushima Nuclear Disaster,2026-04-16,SM,Chat GPT; Krea,,,Y,,,
CTD_AI_FDN_EarthquakeControlRoom_20260416_1a.mov,CTD_AI_FDN_GroundShakes01,101,Fukushima Nuclear Disaster,2026-04-16,WS,Chat GPT; Krea,,,Y,,,
CTD_AI_FDN_EarthquakeControlRoom_20260416_2a.mov,CTD_AI_FDN_GeneratorsFlood03,101,Fukushima Nuclear Disaster,2026-04-16,WS,Chat GPT; Krea,,Re-spin Completed,Y,,,
CTD_AI_FDN_EarthquakeControlRoom_20260416_3a.mov,CTD_AI_FDN_GeneratorsFlood03,101,Fukushima Nuclear Disaster,2026-04-16,WS,Chat GPT; Krea,,,Y,,,
CTD_AI_FDN_EarthquakeControlRoom_20260416_4a.mov,CTD_AI_FDN_GeneratorsFlood03,101,Fukushima Nuclear Disaster,2026-04-16,WS,Chat GPT; Krea,,,Y,,,
CTD_AI_FDN_EarthquakeControlRoom_20260416_5a.mov,CTD_AI_FDN_GroundShakes01,101,Fukushima Nuclear Disaster,2026-04-16,SM,Chat GPT; Krea,,,Y,,,
CTD_AI_FDN_EarthquakeControlRoom_20260416_6a.mov,CTD_AI_FDN_GroundShakes02,101,Fukushima Nuclear Disaster,2026-04-16,SM,Chat GPT; Krea,,Re-spin Completed,Y,,,
CTD_AI_FDN_EarthquakeControlRoom_20260416_6b.mov,CTD_AI_FDN_GroundShakes02,101,Fukushima Nuclear Disaster,2026-04-16,SM,Chat GPT; Krea,,,Y,,,
CTD_AI_FDN_EarthquakeControlRoom_20260416_7a.mov,CTD_AI_FDN_GroundShakes01,101,Fukushima Nuclear Disaster,2026-04-16,SM,Chat GPT; Krea,,,Y,,,
CTD_AI_FDN_LowAngleTsunami_20260416_1a.mov,CTD_AI_FDN_WaveSmash01,101,Fukushima Nuclear Disaster,2026-04-16,SM,Chat GPT; Krea,,Re-spin Completed,Y,,,
CTD_AI_FDN_TsunamiMisc_20260416_1a.mov,CTD_AI_FDN_GEN_01,101,Fukushima Nuclear Disaster,2026-04-16,SM,Chat GPT; Krea,,,Y,,,
CTD_AI_FDN_TsunamiOverWall_20260416_1a.mov,CTD_AI_FDN_GEN_01,101,Fukushima Nuclear Disaster,2026-04-16,SM,Chat GPT; Krea,,Re-spin Completed,Y,,,
CTD_AI_FDN_TsunamiOverWall_20260416_1b.mov,CTD_AI_FDN_GEN_01,101,Fukushima Nuclear Disaster,2026-04-16,WS,Chat GPT; Krea,,,Y,,,
CTD_AI_FDN_TsunamiTopDown_20260416_1a.mov,CTD_AI_FDN_GEN_01,101,Fukushima Nuclear Disaster,2026-04-16,WS,Chat GPT; Krea,,,Y,,,
CTD_AI_FDN_TsunamiTopDown_20260416_1b.mov,CTD_AI_FDN_GEN_01,101,Fukushima Nuclear Disaster,2026-04-16,SM,Chat GPT; Krea,,,Y,,,
CTD_AI_FDN_TsunamiTopDown_20260416_1c.mov,CTD_AI_FDN_GEN_01,101,Fukushima Nuclear Disaster,2026-04-16,WS,Chat GPT; Krea,,,Y,,,
CTD_AI_FDN_Tsunami_20260416_1a.mov,CTD_AI_FDN_WaveSmash02,101,Fukushima Nuclear Disaster,2026-04-16,SM,Chat GPT; Krea,,Re-spin Completed,Y,,,
CTD_AI_FDN_Tsunami_20260416_1b.mov,CTD_AI_FDN_WaveSmash02,101,Fukushima Nuclear Disaster,2026-04-16,SM,Chat GPT; Krea,,,Y,,,
CTD_AI_FDN_Tsunami_20260416_1c.mov,CTD_AI_FDN_WaveSmash02,101,Fukushima Nuclear Disaster,2026-04-16,SM,Chat GPT; Krea,,,Y,,,
CTD_AI_FDN_Tsunami_20260416_2a.mov,CTD_AI_FDN_WaveSmash02,101,Fukushima Nuclear Disaster,2026-04-16,SM,Chat GPT; Krea,,,Y,,,
CTD_AI_FDN_WorkerJacket_20260416_1a.mov,CTD_AI_FDN_SafetyGear01,101,Fukushima Nuclear Disaster,2026-04-16,WS,Chat GPT; Krea,,PAUSE,Y,,,
CTD_AI_FDN_WorkerJacket_20260416_2a.mov,CTD_AI_FDN_SafetyGear01,101,Fukushima Nuclear Disaster,2026-04-16,WS,Chat GPT; Krea,,Re-spin Completed,Y,,,
CTD_AI_FDN_WorkerZipUp_20260416_1a.mov,CTD_AI_FDN_SafetyGear03,101,Fukushima Nuclear Disaster,2026-04-16,SM,Chat GPT; Krea,,Re-spin Completed,Y,,,
CTD_AI_FDN_CUTanker_20260417_1a.mov,CTD_AI_FDN_TankDump02,101,Fukushima Nuclear Disaster,2026-04-17,SM,Chat GPT; Krea,,,Y,,,
CTD_AI_FDN_CUTanker_20260417_1b.mov,CTD_AI_FDN_TankDump02,101,Fukushima Nuclear Disaster,2026-04-17,SM,Chat GPT; Krea,,,Y,,,
CTD_AI_FDN_CUTanker_20260417_1c.mov,CTD_AI_FDN_TankDump02,101,Fukushima Nuclear Disaster,2026-04-17,SM,Chat GPT; Krea,,,Y,,,
CTD_AI_FDN_CUTanker_20260417_1d.mov,CTD_AI_FDN_TankDump02,101,Fukushima Nuclear Disaster,2026-04-17,SM,Chat GPT; Krea,,,Y,,,
CTD_AI_FDN_GeneratorFlood_20260417_1a.mov,CTD_AI_FDN_GeneratorsFlood01,101,Fukushima Nuclear Disaster,2026-04-17,WS,Chat GPT; Krea,,,Y,,,
CTD_AI_FDN_GeneratorFlood_20260417_1b.mov,CTD_AI_FDN_GeneratorsFlood01,101,Fukushima Nuclear Disaster,2026-04-17,WS,Chat GPT; Krea,,Re-spin Completed,Y,,,
CTD_AI_FDN_GeneratorFlood_20260417_2a.mov,CTD_AI_FDN_GeneratorsFlood01,101,Fukushima Nuclear Disaster,2026-04-17,WS,Chat GPT; Krea,,,Y,,,
CTD_AI_FDN_GeneratorFlood_20260417_2b.mov,CTD_AI_FDN_GeneratorsFlood01,101,Fukushima Nuclear Disaster,2026-04-17,WS,Chat GPT; Krea,,,Y,,,
CTD_AI_FDN_GeneratorFlood_20260417_3a.mov,CTD_AI_FDN_GeneratorsFlood01,101,Fukushima Nuclear Disaster,2026-04-17,WS,Chat GPT; Krea,,,Y,,,
CTD_AI_FDN_GeneratorFlood_20260417_3b.mov,CTD_AI_FDN_GeneratorsFlood01,101,Fukushima Nuclear Disaster,2026-04-17,WS,Chat GPT; Krea,,Re-spin Completed,Y,,,
CTD_AI_FDN_GeneratorFlood_20260417_3c.mov,CTD_AI_FDN_GeneratorsFlood01,101,Fukushima Nuclear Disaster,2026-04-17,WS,Chat GPT; Krea,,,Y,,,
CTD_AI_FDN_GeneratorPanel_20260417_1a.mov,CTD_AI_FDN_GeneratorsFlood02,101,Fukushima Nuclear Disaster,2026-04-17,WS,Chat GPT; Krea,,,Y,,,
CTD_AI_FDN_GeneratorPanel_20260417_1b.mov,CTD_AI_FDN_GeneratorsFlood02,101,Fukushima Nuclear Disaster,2026-04-17,WS,Chat GPT; Krea,,Re-spin Completed,Y,,,
CTD_AI_FDN_GeneratorPanel_20260417_1c.mov,CTD_AI_FDN_GeneratorsFlood02,101,Fukushima Nuclear Disaster,2026-04-17,WS,Chat GPT; Krea,,Re-spin Completed,Y,,,
CTD_AI_FDN_MaskUp_20260417_1a.mov,CTD_AI_FDN_SafetyGear04,101,Fukushima Nuclear Disaster,2026-04-17,WS,Chat GPT; Krea,,Re-spin Completed,Y,,,
CTD_AI_FDN_PovMaskUp_20260417_1a.mov,CTD_AI_FDN_SafetyGear04,101,Fukushima Nuclear Disaster,2026-04-17,WS,Chat GPT; Krea,,Re-spin Completed,Y,,,
CTD_AI_FDN_TankerBackingUp_20260417_1a.mov,CTD_AI_FDN_TankDump01,101,Fukushima Nuclear Disaster,2026-04-17,SM,Chat GPT; Krea,,,Y,,,
CTD_AI_FDN_TankerBackingUp_20260417_1b.mov,CTD_AI_FDN_TankDump01,101,Fukushima Nuclear Disaster,2026-04-17,SM,Chat GPT; Krea,,,Y,,,
CTD_AI_FDN_TankerOrbit_20260417_1a.mov,CTD_AI_FDN_TankDump03,101,Fukushima Nuclear Disaster,2026-04-17,SM,Chat GPT; Krea,,,Y,,,
CTD_AI_FDN_TankerOrbit_20260417_1b.mov,CTD_AI_FDN_TankDump03,101,Fukushima Nuclear Disaster,2026-04-17,SM,Chat GPT; Krea,,,Y,,,
CTD_AI_FDN_TankerOvercast_20260417_1a.mov,CTD_AI_FDN_TankDump03,101,Fukushima Nuclear Disaster,2026-04-17,SM,Chat GPT; Krea,,,Y,,,
CTD_AI_FDN_TankerOvercast_20260417_1b.mov,CTD_AI_FDN_TankDump03,101,Fukushima Nuclear Disaster,2026-04-17,SM,Chat GPT; Krea,,,Y,,,
CTD_AI_FDN_TankerOvercast_20260417_1b.mov,CTD_AI_FDN_TankDump03,101,Fukushima Nuclear Disaster,2026-04-17,SM,Chat GPT; Krea,,,Y,,,
CTD_AI_FDN_TankerOvercast_20260417_1d.mov,CTD_AI_FDN_TankDump03,101,Fukushima Nuclear Disaster,2026-04-17,SM,Chat GPT; Krea,,,Y,,,
CTD_AI_FDN_TankerReloading_20260417_1a.mov,CTD_AI_FDN_TankDump02,101,Fukushima Nuclear Disaster,2026-04-17,SM,Chat GPT; Krea,,,Y,,,
CTD_AI_FDN_TankerReloading_20260417_1a.mov,CTD_AI_FDN_TankDump02,101,Fukushima Nuclear Disaster,2026-04-17,SM,Chat GPT; Krea,,,Y,,,
CTD_AI_FDN_TankerReloading_20260417_1c.mov,CTD_AI_FDN_TankDump02,101,Fukushima Nuclear Disaster,2026-04-17,SM,Chat GPT; Krea,,,Y,,,
CTD_AI_FDN_TankerReloading_20260417_1c.mov,CTD_AI_FDN_TankDump02,101,Fukushima Nuclear Disaster,2026-04-17,SM,Chat GPT; Krea,,,Y,,,
CTD_AI_FDN_WideSuitingUp_20260417_1a.mov,CTD_AI_FDN_SafetyGear02,101,Fukushima Nuclear Disaster,2026-04-17,WS,Chat GPT; Krea,,Re-spin Completed,Y,,,
CTD_AI_FDN_BootsWading_20260421_1a.mov,CTD_AI_FDN_TeamsEnterBuilding02,101,Fukushima Nuclear Disaster,2026-04-21,WS,Chat GPT; Krea,,Re-spin Completed,Y,,,
CTD_AI_FDN_BootsWading_20260421_1b.mov,CTD_AI_FDN_TeamsEnterBuilding02,101,Fukushima Nuclear Disaster,2026-04-21,WS,Chat GPT; Krea,,,Y,,,
CTD_AI_FDN_BootsWading_20260421_1c.mov,CTD_AI_FDN_TeamsEnterBuilding02,101,Fukushima Nuclear Disaster,2026-04-21,WS,Chat GPT; Krea,,,Y,,,
CTD_AI_FDN_BootsWading_20260421_2a.mov,CTD_AI_FDN_TeamsEnterBuilding02,101,Fukushima Nuclear Disaster,2026-04-21,WS,Chat GPT; Krea,,,Y,,,
CTD_AI_FDN_BootsWading_20260421_2b.mov,CTD_AI_FDN_TeamsEnterBuilding02,101,Fukushima Nuclear Disaster,2026-04-21,WS,Chat GPT; Krea,,,Y,,,
CTD_AI_FDN_POVDarkHall_20260421_1a.mov,CTD_AI_FDN_TeamsEnterBuilding01,101,Fukushima Nuclear Disaster,2026-04-21,WS,Chat GPT; Krea,,,Y,,,
CTD_AI_FDN_POVDarkHall_20260421_2b.mov,CTD_AI_FDN_TeamsEnterBuilding01,101,Fukushima Nuclear Disaster,2026-04-21,WS,Chat GPT; Krea,,,Y,,,
CTD_AI_FDN_POVDarkHall_20260421_3a.mov,CTD_AI_FDN_TeamsEnterBuilding01,101,Fukushima Nuclear Disaster,2026-04-21,WS,Chat GPT; Krea,,,Y,,,
CTD_AI_FDN_POVDarkHall_20260421_3b.mov,CTD_AI_FDN_TeamsEnterBuilding01,101,Fukushima Nuclear Disaster,2026-04-21,WS,Chat GPT; Krea,,,Y,,,
CTD_AI_FDN_TsunamiMisc_20260421_10a.mov,CTD_AI_FDN_GEN_01,101,Fukushima Nuclear Disaster,2026-04-21,SM,Chat GPT; Krea,,,Y,,,
CTD_AI_FDN_TsunamiMisc_20260421_10b.mov,CTD_AI_FDN_GEN_01,101,Fukushima Nuclear Disaster,2026-04-21,SM,Chat GPT; Krea,,,Y,,,
CTD_AI_FDN_TsunamiMisc_20260421_10c.mov,CTD_AI_FDN_GEN_01,101,Fukushima Nuclear Disaster,2026-04-21,SM,Chat GPT; Krea,,,Y,,,
CTD_AI_FDN_TsunamiMisc_20260421_10d.mov,CTD_AI_FDN_GEN_01,101,Fukushima Nuclear Disaster,2026-04-21,SM,Chat GPT; Krea,,,Y,,,
CTD_AI_FDN_TsunamiMisc_20260421_11a.mov,CTD_AI_FDN_GEN_01,101,Fukushima Nuclear Disaster,2026-04-21,SM,Chat GPT; Krea,,,Y,,,
CTD_AI_FDN_TsunamiMisc_20260421_11c.mov,CTD_AI_FDN_GEN_01,101,Fukushima Nuclear Disaster,2026-04-21,SM,Chat GPT; Krea,,,Y,,,
CTD_AI_FDN_TsunamiMisc_20260421_12a.mov,CTD_AI_FDN_GEN_01,101,Fukushima Nuclear Disaster,2026-04-21,SM,Chat GPT; Krea,,,Y,,,
CTD_AI_FDN_TsunamiMisc_20260421_12b.mov,CTD_AI_FDN_GEN_01,101,Fukushima Nuclear Disaster,2026-04-21,SM,Chat GPT; Krea,,,Y,,,
CTD_AI_FDN_TsunamiMisc_20260421_12c.mov,CTD_AI_FDN_GEN_01,101,Fukushima Nuclear Disaster,2026-04-21,SM,Chat GPT; Krea,,,Y,,,
CTD_AI_FDN_TsunamiMisc_20260421_12d.mov,CTD_AI_FDN_GEN_01,101,Fukushima Nuclear Disaster,2026-04-21,SM,Chat GPT; Krea,,,Y,,,
CTD_AI_FDN_TsunamiMisc_20260421_13a.mov,CTD_AI_FDN_GEN_01,101,Fukushima Nuclear Disaster,2026-04-21,SM,Chat GPT; Krea,,,Y,,,
CTD_AI_FDN_TsunamiMisc_20260421_13b.mov,CTD_AI_FDN_GEN_01,101,Fukushima Nuclear Disaster,2026-04-21,SM,Chat GPT; Krea,,Re-spin Completed,Y,,,
CTD_AI_FDN_TsunamiMisc_20260421_13c.mov,CTD_AI_FDN_GEN_01,101,Fukushima Nuclear Disaster,2026-04-21,SM,Chat GPT; Krea,,,Y,,,
CTD_AI_FDN_TsunamiMisc_20260421_14a.mov,CTD_AI_FDN_GEN_01,101,Fukushima Nuclear Disaster,2026-04-21,SM,Chat GPT; Krea,,,Y,,,
CTD_AI_FDN_TsunamiMisc_20260421_14b.mov,CTD_AI_FDN_GEN_01,101,Fukushima Nuclear Disaster,2026-04-21,SM,Chat GPT; Krea,,,Y,,,
CTD_AI_FDN_TsunamiMisc_20260421_14c.mov,CTD_AI_FDN_GEN_01,101,Fukushima Nuclear Disaster,2026-04-21,SM,Chat GPT; Krea,,,Y,,,
CTD_AI_FDN_TsunamiMisc_20260421_15a.mov,CTD_AI_FDN_GEN_01,101,Fukushima Nuclear Disaster,2026-04-21,SM,Chat GPT; Krea,,,Y,,,
CTD_AI_FDN_TsunamiMisc_20260421_15b.mov,CTD_AI_FDN_GEN_01,101,Fukushima Nuclear Disaster,2026-04-21,SM,Chat GPT; Krea,,,Y,,,
CTD_AI_FDN_TsunamiMisc_20260421_15c.mov,CTD_AI_FDN_GEN_01,101,Fukushima Nuclear Disaster,2026-04-21,SM,Chat GPT; Krea,,,Y,,,
CTD_AI_FDN_TsunamiMisc_20260421_15d.mov,CTD_AI_FDN_GEN_01,101,Fukushima Nuclear Disaster,2026-04-21,SM,Chat GPT; Krea,,,Y,,,
CTD_AI_FDN_TsunamiMisc_20260421_1a.mov,CTD_AI_FDN_GEN_01,101,Fukushima Nuclear Disaster,2026-04-21,SM,Chat GPT; Krea,,,Y,,,
CTD_AI_FDN_TsunamiMisc_20260421_1b.mov,CTD_AI_FDN_GEN_01,101,Fukushima Nuclear Disaster,2026-04-21,SM,Chat GPT; Krea,,,Y,,,
CTD_AI_FDN_TsunamiMisc_20260421_1c.mov,CTD_AI_FDN_GEN_01,101,Fukushima Nuclear Disaster,2026-04-21,SM,Chat GPT; Krea,,,Y,,,
CTD_AI_FDN_TsunamiMisc_20260421_1d.mov,CTD_AI_FDN_GEN_01,101,Fukushima Nuclear Disaster,2026-04-21,SM,Chat GPT; Krea,,,Y,,,
CTD_AI_FDN_TsunamiMisc_20260421_1e.mov,CTD_AI_FDN_GEN_01,101,Fukushima Nuclear Disaster,2026-04-21,SM,Chat GPT; Krea,,,Y,,,
CTD_AI_FDN_TsunamiMisc_20260421_2a.mov,CTD_AI_FDN_GEN_01,101,Fukushima Nuclear Disaster,2026-04-21,SM,Chat GPT; Krea,,,Y,,,
CTD_AI_FDN_TsunamiMisc_20260421_2b.mov,CTD_AI_FDN_GEN_01,101,Fukushima Nuclear Disaster,2026-04-21,SM,Chat GPT; Krea,,,Y,,,
CTD_AI_FDN_TsunamiMisc_20260421_2d.mov,CTD_AI_FDN_GEN_01,101,Fukushima Nuclear Disaster,2026-04-21,SM,Chat GPT; Krea,,,Y,,,
CTD_AI_FDN_TsunamiMisc_20260421_3a.mov,CTD_AI_FDN_GEN_01,101,Fukushima Nuclear Disaster,2026-04-21,SM,Chat GPT; Krea,,,Y,,,
CTD_AI_FDN_TsunamiMisc_20260421_3b.mov,CTD_AI_FDN_GEN_01,101,Fukushima Nuclear Disaster,2026-04-21,SM,Chat GPT; Krea,,,Y,,,
CTD_AI_FDN_TsunamiMisc_20260421_3d.mov,CTD_AI_FDN_GEN_01,101,Fukushima Nuclear Disaster,2026-04-21,SM,Chat GPT; Krea,,,Y,,,
CTD_AI_FDN_TsunamiMisc_20260421_4a.mov,CTD_AI_FDN_GEN_01,101,Fukushima Nuclear Disaster,2026-04-21,SM,Chat GPT; Krea,,,Y,,,
CTD_AI_FDN_TsunamiMisc_20260421_4b.mov,CTD_AI_FDN_GEN_01,101,Fukushima Nuclear Disaster,2026-04-21,SM,Chat GPT; Krea,,,Y,,,
CTD_AI_FDN_TsunamiMisc_20260421_4c.mov,CTD_AI_FDN_GEN_01,101,Fukushima Nuclear Disaster,2026-04-21,SM,Chat GPT; Krea,,,Y,,,
CTD_AI_FDN_TsunamiMisc_20260421_5a.mov,CTD_AI_FDN_GEN_01,101,Fukushima Nuclear Disaster,2026-04-21,SM,Chat GPT; Krea,,,Y,,,
CTD_AI_FDN_TsunamiMisc_20260421_5b.mov,CTD_AI_FDN_GEN_01,101,Fukushima Nuclear Disaster,2026-04-21,SM,Chat GPT; Krea,,,Y,,,
CTD_AI_FDN_TsunamiMisc_20260421_5c.mov,CTD_AI_FDN_GEN_01,101,Fukushima Nuclear Disaster,2026-04-21,SM,Chat GPT; Krea,,,Y,,,
CTD_AI_FDN_TsunamiMisc_20260421_6a.mov,CTD_AI_FDN_GEN_01,101,Fukushima Nuclear Disaster,2026-04-21,SM,Chat GPT; Krea,,,Y,,,
CTD_AI_FDN_TsunamiMisc_20260421_6b.mov,CTD_AI_FDN_GEN_01,101,Fukushima Nuclear Disaster,2026-04-21,SM,Chat GPT; Krea,,,Y,,,
CTD_AI_FDN_TsunamiMisc_20260421_6c.mov,CTD_AI_FDN_GEN_01,101,Fukushima Nuclear Disaster,2026-04-21,SM,Chat GPT; Krea,,,Y,,,
CTD_AI_FDN_TsunamiMisc_20260421_7a.mov,CTD_AI_FDN_GEN_01,101,Fukushima Nuclear Disaster,2026-04-21,SM,Chat GPT; Krea,,,Y,,,
CTD_AI_FDN_TsunamiMisc_20260421_7b.mov,CTD_AI_FDN_GEN_01,101,Fukushima Nuclear Disaster,2026-04-21,SM,Chat GPT; Krea,,,Y,,,
CTD_AI_FDN_TsunamiMisc_20260421_8a.mov,CTD_AI_FDN_GEN_01,101,Fukushima Nuclear Disaster,2026-04-21,SM,Chat GPT; Krea,,,Y,,,
CTD_AI_FDN_TsunamiMisc_20260421_8b.mov,CTD_AI_FDN_GEN_01,101,Fukushima Nuclear Disaster,2026-04-21,SM,Chat GPT; Krea,,,Y,,,
CTD_AI_FDN_TsunamiMisc_20260421_8c.mov,CTD_AI_FDN_GEN_01,101,Fukushima Nuclear Disaster,2026-04-21,SM,Chat GPT; Krea,,,Y,,,
CTD_AI_FDN_TsunamiMisc_20260421_8d.mov,CTD_AI_FDN_GEN_01,101,Fukushima Nuclear Disaster,2026-04-21,SM,Chat GPT; Krea,,,Y,,,
CTD_AI_FDN_TsunamiMisc_20260421_8e.mov,CTD_AI_FDN_GEN_01,101,Fukushima Nuclear Disaster,2026-04-21,SM,Chat GPT; Krea,,,Y,,,
CTD_AI_FDN_TsunamiMisc_20260421_8f.mov,CTD_AI_FDN_GEN_01,101,Fukushima Nuclear Disaster,2026-04-21,SM,Chat GPT; Krea,,,Y,,,
CTD_AI_FDN_TsunamiMisc_20260421_9a.mov,CTD_AI_FDN_GEN_01,101,Fukushima Nuclear Disaster,2026-04-21,SM,Chat GPT; Krea,,,Y,,,
CTD_AI_FDN_TsunamiMisc_20260421_9b.mov,CTD_AI_FDN_GEN_01,101,Fukushima Nuclear Disaster,2026-04-21,SM,Chat GPT; Krea,,,Y,,,
CTD_AI_FDN_TsunamiMisc_20260421_9c.mov,CTD_AI_FDN_GEN_01,101,Fukushima Nuclear Disaster,2026-04-21,SM,Chat GPT; Krea,,,Y,,,
CTD_AI_FDN_TurningWheel_20260421_1a.mov,CTD_AI_FDN_TeamsEnterBuilding03,101,Fukushima Nuclear Disaster,2026-04-21,WS,Chat GPT; Krea,,,Y,,,
CTD_AI_FDN_TurningWheel_20260421_1b.mov,CTD_AI_FDN_TeamsEnterBuilding03,101,Fukushima Nuclear Disaster,2026-04-21,WS,Chat GPT; Krea,,,Y,,,
CTD_AI_FDN_TurningWheel_20260421_2a.mov,CTD_AI_FDN_TeamsEnterBuilding03,101,Fukushima Nuclear Disaster,2026-04-21,WS,Chat GPT; Krea,,,Y,,,
CTD_AI_FDN_TurningWheel_20260421_2b.mov,CTD_AI_FDN_TeamsEnterBuilding03,101,Fukushima Nuclear Disaster,2026-04-21,WS,Chat GPT; Krea,,,Y,,,
CTD_AI_FDN_TurningWheel_20260421_2c.mov,CTD_AI_FDN_TeamsEnterBuilding03,101,Fukushima Nuclear Disaster,2026-04-21,WS,Chat GPT; Krea,,Re-spin Completed,Y,,,
CTD_AI_447_CUAutoPilotOff_20260423_1a.mov,CTD_AI_447_Autopilot,101,Air France Flight 447,2026-04-23,SM,Chat GPT; Krea,,,Y,,,
CTD_AI_447_CUAutoPilotOff_20260423_1b.mov,CTD_AI_447_Autopilot,101,Air France Flight 447,2026-04-23,SM,Chat GPT; Krea,,,Y,,,
CTD_AI_447_CUCallButton_20260423_1a.mov,CTD_AI_447_CallButton,101,Air France Flight 447,2026-04-23,SM,Chat GPT; Krea,,,Y,,,
CTD_AI_447_CUCallButton_20260423_1b.mov,CTD_AI_447_CallButton,101,Air France Flight 447,2026-04-23,SM,Chat GPT; Krea,,,Y,,,
CTD_AI_447_CUCallButton_20260423_1c.mov,CTD_AI_447_CallButton,101,Air France Flight 447,2026-04-23,SM,Chat GPT; Krea,,,Y,,,
CTD_AI_447_CUFlightControls_20260423_1a.mov,CTD_AI_447_BoninControls01,101,Air France Flight 447,2026-04-23,WS,Chat GPT; Krea,,Re-spin Completed,Y,,,
CTD_AI_447_CUFlightControls_20260423_1b.mov,CTD_AI_447_BoninControls01,101,Air France Flight 447,2026-04-23,SM,Chat GPT; Krea,,,Y,,,
CTD_AI_447_CUFlightDisplay_20260423_1a.mov,CTD_AI_447_GEN_01,101,Air France Flight 447,2026-04-23,SM,Chat GPT; Krea,,,Y,,,
CTD_AI_447_CUPitotTube_20260423_1a.mov,CTD_AI_447_PitotTubes,101,Air France Flight 447,2026-04-23,SM,Chat GPT; Krea,,Re-spin Completed,Y,,,
CTD_AI_447_CUPitotTube_20260423_2a.mov,CTD_AI_447_PitotTubes,101,Air France Flight 447,2026-04-23,SM,Chat GPT; Krea,,,Y,,,
CTD_AI_447_CUPitotTube_20260423_2b.mov,CTD_AI_447_PitotTubes,101,Air France Flight 447,2026-04-23,SM,Chat GPT; Krea,,Re-spin Completed,Y,,,
CTD_AI_447_CUPitotTube_20260423_2c.mov,CTD_AI_447_PitotTubes,101,Air France Flight 447,2026-04-23,SM,Chat GPT; Krea,,,Y,,,
CTD_AI_447_CUPitotTube_20260423_2d.mov,CTD_AI_447_PitotTubes,101,Air France Flight 447,2026-04-23,SM,Chat GPT; Krea,,,Y,,,
CTD_AI_447_WideCockpit_20260423_1a.mov,CTD_AI_447_BoninFlying01,101,Air France Flight 447,2026-04-23,SM,Chat GPT; Krea,,Re-spin Completed,Y,,,
CTD_AI_447_WideCockpit_20260423_1b.mov,CTD_AI_447_BoninFlying01,101,Air France Flight 447,2026-04-23,WS,Chat GPT; Krea,,Re-spin Completed,Y,,,
CTD_AI_447_WideCockpit_20260423_2a.mov,CTD_AI_447_BoninFlying01,101,Air France Flight 447,2026-04-23,SM,Chat GPT; Krea,,Re-spin Completed,Y,,,
CTD_AI_FDN_CUMaskOn_20260423_1a.mov,CTD_AI_FDN_SafetyGear04,101,Fukushima Nuclear Disaster,2026-04-23,WS,Chat GPT; Krea,Y,,Y,,,
CTD_AI_FDN_CUMaskOn_20260423_1b.mov,CTD_AI_FDN_SafetyGear04,101,Fukushima Nuclear Disaster,2026-04-23,WS,Chat GPT; Krea,Y,,Y,,,
CTD_AI_FDN_CUMaskOn_20260423_2a.mov,CTD_AI_FDN_SafetyGear04,101,Fukushima Nuclear Disaster,2026-04-23,WS,Chat GPT; Krea,Y,,Y,,,
CTD_AI_FDN_CUSuitUp_20260423_1a.mov,CTD_AI_FDN_SafetyGear03,101,Fukushima Nuclear Disaster,2026-04-23,WS,Chat GPT; Krea,Y,,Y,,,
CTD_AI_FDN_CUSuitUp_20260423_2a.mov,CTD_AI_FDN_SafetyGear03,101,Fukushima Nuclear Disaster,2026-04-23,WS,Chat GPT; Krea,Y,,Y,,,
CTD_AI_FDN_TurningBigWheel_20260423_1a.mov,CTD_AI_FDN_TeamsEnterBuilding03,101,Fukushima Nuclear Disaster,2026-04-23,WS,Chat GPT; Krea,Y,Re-spin Completed,Y,,,
CTD_AI_FDN_TurningBigWheel_20260423_1b.mov,CTD_AI_FDN_TeamsEnterBuilding03,101,Fukushima Nuclear Disaster,2026-04-23,WS,Chat GPT; Krea,Y,,Y,,,
CTD_AI_FDN_WideSuitUp_20260423_1a.mov,CTD_AI_FDN_SafetyGear02,101,Fukushima Nuclear Disaster,2026-04-23,WS,Chat GPT; Krea,Y,Re-spin Completed,Y,,,
CTD_AI_FDN_WideSuitUp_20260423_1b.mov,CTD_AI_FDN_SafetyGear02,101,Fukushima Nuclear Disaster,2026-04-23,WS,Chat GPT; Krea,Y,,Y,,,
CTD_AI_FDN_WideSuitUp_20260423_2b.mov,CTD_AI_FDN_SafetyGear02,101,Fukushima Nuclear Disaster,2026-04-23,WS,Chat GPT; Krea,Y,Re-spin Completed,Y,,,
CTD_AI_FDN_WideSuitUp_20260423_2c.mov,CTD_AI_FDN_SafetyGear02,101,Fukushima Nuclear Disaster,2026-04-23,WS,Chat GPT; Krea,Y,,Y,,,
CTD_AI_FDN_WideSuitUp_20260423_2d.mov,CTD_AI_FDN_SafetyGear02,101,Fukushima Nuclear Disaster,2026-04-23,WS,Chat GPT; Krea,Y,,Y,,,
CTD_AI_FDN_WideSuitUp_20260423_3a.mov,CTD_AI_FDN_SafetyGear02,101,Fukushima Nuclear Disaster,2026-04-23,WS,Chat GPT; Krea,Y,,Y,,,
CTD_AI_FDN_WideSuitUp_20260423_4a.mov,CTD_AI_FDN_SafetyGear02,101,Fukushima Nuclear Disaster,2026-04-23,WS,Chat GPT; Krea,Y,,Y,,,
CTD_AI_FDN_WideSuitUp_20260423_5a.mov,CTD_AI_FDN_SafetyGear02,101,Fukushima Nuclear Disaster,2026-04-23,WS,Chat GPT; Krea,Y,,Y,,,
CTD_AI_FDN_WideSuitUp_20260423_6a.mov,CTD_AI_FDN_SafetyGear02,101,Fukushima Nuclear Disaster,2026-04-23,WS,Chat GPT; Krea,Y,,Y,,,
CTD_AI_FDN_WideSuitUp_20260423_6b.mov,CTD_AI_FDN_SafetyGear02,101,Fukushima Nuclear Disaster,2026-04-23,WS,Chat GPT; Krea,Y,,Y,,,
CTD_AI_FDN_WideSuitUp_20260423_7a.mov,CTD_AI_FDN_SafetyGear02,101,Fukushima Nuclear Disaster,2026-04-23,WS,Chat GPT; Krea,Y,,Y,,,
CTD_AI_MSH_BackofHead_20260427_1a.mov,CTD_AI_MSH_ScorchingDebris01,101,Mount St. Helens Eruption,2026-04-27,SM,Chat GPT; Krea,Y,Re-spin Completed,Y,,,
CTD_AI_MSH_BackofHead_20260427_1b.mov,CTD_AI_MSH_ScorchingDebris01,101,Mount St. Helens Eruption,2026-04-27,SM,Chat GPT; Krea,Y,,Y,,,
CTD_AI_MSH_BackofHead_20260427_2a.mov,CTD_AI_MSH_ScorchingDebris01,101,Mount St. Helens Eruption,2026-04-27,SM,Chat GPT; Krea,Y,Re-spin Completed,Y,,,
CTD_AI_MSH_BackofHead_20260427_2b.mov,CTD_AI_MSH_ScorchingDebris01,101,Mount St. Helens Eruption,2026-04-27,SM,Chat GPT; Krea,Y,,Y,,,
CTD_AI_MSH_BulgeCrack_20260427_1a.mov,CTD_AI_MSH_BulgeSlide01,101,Mount St. Helens Eruption,2026-04-27,WS,Chat GPT; Krea,Y,,Y,,,
CTD_AI_MSH_BulgeCrack_20260427_2a.mov,CTD_AI_MSH_BulgeSlide01,101,Mount St. Helens Eruption,2026-04-27,WS,Chat GPT; Krea,Y,,Y,,,
CTD_AI_MSH_BulgeCrack_20260427_2b.mov,CTD_AI_MSH_BulgeSlide01,101,Mount St. Helens Eruption,2026-04-27,WS,Chat GPT; Krea,Y,,Y,,,
CTD_AI_MSH_BulgePressure_20260427_1a.mov,CTD_AI_MSH_BulgeSlide01,101,Mount St. Helens Eruption,2026-04-27,WS,Chat GPT; Krea,,,Y,,,
CTD_AI_MSH_CloseLandslide_20260427_1a.mov,CTD_AI_MSH_BulgeSlide01,101,Mount St. Helens Eruption,2026-04-27,WS,Chat GPT; Krea,,,Y,,,
CTD_AI_MSH_CloseLandslide_20260427_1b.mov,CTD_AI_MSH_BulgeSlide01,101,Mount St. Helens Eruption,2026-04-27,WS,Chat GPT; Krea,,,Y,,,
CTD_AI_MSH_CloseLandslide_20260427_1c.mov,CTD_AI_MSH_GEN,101,Mount St. Helens Eruption,2026-04-27,WS,Chat GPT; Krea,,Re-spin Completed,Y,,,
CTD_AI_MSH_CrackForming_20260427_1a.mov,CTD_AI_MSH_BulgeSlide02,101,Mount St. Helens Eruption,2026-04-27,WS,Chat GPT; Krea,Y,,Y,,,
CTD_AI_MSH_CrackForming_20260427_1b.mov,CTD_AI_MSH_BulgeSlide02,101,Mount St. Helens Eruption,2026-04-27,WS,Chat GPT; Krea,Y,,Y,,,
CTD_AI_MSH_CrackForming_20260427_2a.mov,CTD_AI_MSH_BulgeSlide02,101,Mount St. Helens Eruption,2026-04-27,WS,Chat GPT; Krea,Y,,Y,,,
CTD_AI_MSH_CrackForming_20260427_3a.mov,CTD_AI_MSH_BulgeSlide02,101,Mount St. Helens Eruption,2026-04-27,WS,Chat GPT; Krea,Y,,Y,,,
CTD_AI_MSH_Pyroclasticflowwide_20260427_1a.mov,CTD_AI_MSH_ScorchingDebris01,101,Mount St. Helens Eruption,2026-04-27,SM,Chat GPT; Krea,Y,,Y,,,
CTD_AI_MSH_Pyroclasticflowwide_20260427_1b.mov,CTD_AI_MSH_ScorchingDebris01,101,Mount St. Helens Eruption,2026-04-27,SM,Chat GPT; Krea,Y,,Y,,,
CTD_AI_MSH_Pyroclasticflowwide_20260427_1c.mov,CTD_AI_MSH_ScorchingDebris01,101,Mount St. Helens Eruption,2026-04-27,SM,Chat GPT; Krea,Y,,Y,,,
CTD_AI_MSH_SurfaceCracking_20260427_1a.mov,CTD_AI_MSH_BulgeSlide02,101,Mount St. Helens Eruption,2026-04-27,WS,Chat GPT; Krea,Y,Re-spin Completed,Y,,,
CTD_AI_MSH_WideLandslide_20260427_1a.mov,CTD_AI_MSH_GEN,101,Mount St. Helens Eruption,2026-04-27,WS,Chat GPT; Krea,,,Y,,,
CTD_AI_MSH_WideLandslide_20260427_1b.mov,CTD_AI_MSH_GEN,101,Mount St. Helens Eruption,2026-04-27,WS,Chat GPT; Krea,,,Y,,,
CTD_AI_MSH_oldman&cat_20260427_1a.mov,CTD_AI_MSH_LodgeWipedOut02,101,Mount St. Helens Eruption,2026-04-27,SM,Chat GPT; Krea,Y,Re-spin Completed,Y,,,
CTD_AI_MSH_oldman&cat_20260427_1b.mov,CTD_AI_MSH_LodgeWipedOut02,101,Mount St. Helens Eruption,2026-04-27,SM,Chat GPT; Krea,Y,,Y,,,
CTD_AI_MSH_oldman&cat_20260427_1c.mov,CTD_AI_MSH_LodgeWipedOut02,101,Mount St. Helens Eruption,2026-04-27,SM,Chat GPT; Krea,Y,,Y,,,
CTD_AI_MSH_BulgeCrack_20260428_1a.mov,CTD_AI_MSH_BulgeSlide01,101,Mount St. Helens Eruption,2026-04-28,WS,Chat GPT; Krea,Y,,Y,,,
CTD_AI_MSH_BulgeCrack_20260428_1b.mov,CTD_AI_MSH_BulgeSlide01,101,Mount St. Helens Eruption,2026-04-28,WS,Chat GPT; Krea,Y,Re-spin Completed,Y,,,
CTD_AI_MSH_BulgeCrack_20260428_1c.mov,CTD_AI_MSH_BulgeSlide01,101,Mount St. Helens Eruption,2026-04-28,WS,Chat GPT; Krea,Y,,Y,,,
CTD_AI_MSH_Eruption_20260428_1a.mov,CTD_AI_MSH_GEN,101,Mount St. Helens Eruption,2026-04-28,WS,Chat GPT; Krea,,,Y,,,
CTD_AI_MSH_PyroplasticFlow_20260428_1b.mov,CTD_AI_MSH_LodgeWipedOut01,101,Mount St. Helens Eruption,2026-04-28,WS,Chat GPT; Krea,Y,,Y,,,
CTD_AI_MSH_PyroplasticFlow_20260428_1c.mov,CTD_AI_MSH_LodgeWipedOut01,101,Mount St. Helens Eruption,2026-04-28,WS,Chat GPT; Krea,Y,,Y,,,
CTD_AI_MSH_PyroplasticFlow_20260428_2a.mov,CTD_AI_MSH_LodgeWipedOut01,101,Mount St. Helens Eruption,2026-04-28,WS,Chat GPT; Krea,Y,,Y,,,
CTD_AI_MSH_PyroplasticFlow_20260428_3a.mov,CTD_AI_MSH_LodgeWipedOut01,101,Mount St. Helens Eruption,2026-04-28,WS,Chat GPT; Krea,Y,,Y,,,
CTD_AI_MSH_PyroplasticFlow_20260428_3b.mov,CTD_AI_MSH_LodgeWipedOut01,101,Mount St. Helens Eruption,2026-04-28,WS,Chat GPT; Krea,Y,,Y,,,
CTD_AI_MSH_PyroplasticFlow_20260428_4a.mov,CTD_AI_MSH_LodgeWipedOut01,101,Mount St. Helens Eruption,2026-04-28,WS,Chat GPT; Krea,Y,,Y,,,
CTD_AI_MSH_PyroplasticFlow_20260428_5a.mov,CTD_AI_MSH_LodgeWipedOut01,101,Mount St. Helens Eruption,2026-04-28,WS,Chat GPT; Krea,Y,,Y,,,
CTD_AI_MSH_PyroplasticFlow_20260428_6a.mov,CTD_AI_MSH_LodgeWipedOut01,101,Mount St. Helens Eruption,2026-04-28,WS,Chat GPT; Krea,Y,,Y,,,
CTD_AI_MSH_PyroplasticFlow_20260428_6b.mov,CTD_AI_MSH_LodgeWipedOut01,101,Mount St. Helens Eruption,2026-04-28,WS,Chat GPT; Krea,Y,,Y,,,
CTD_AI_FDN_BootsWading_20260429_1a.mov,CTD_AI_FDN_TeamsEnterBuilding02,101,Fukushima Nuclear Disaster,2026-04-29,WS,Chat GPT; Krea,Y,Re-spin Completed,Y,,,
CTD_AI_FDN_BootsWading_20260429_1b.mov,CTD_AI_FDN_TeamsEnterBuilding02,101,Fukushima Nuclear Disaster,2026-04-29,WS,Chat GPT; Krea,Y,,Y,,,
CTD_AI_FDN_BootsWading_20260429_2a.mov,CTD_AI_FDN_TeamsEnterBuilding02,101,Fukushima Nuclear Disaster,2026-04-29,WS,Chat GPT; Krea,Y,,Y,,,
CTD_AI_FDN_BootsWading_20260429_2b.mov,CTD_AI_FDN_TeamsEnterBuilding02,101,Fukushima Nuclear Disaster,2026-04-29,WS,Chat GPT; Krea,Y,,Y,,,
CTD_AI_FDN_BootsWading_20260429_2c.mov,CTD_AI_FDN_TeamsEnterBuilding02,101,Fukushima Nuclear Disaster,2026-04-29,WS,Chat GPT; Krea,Y,,Y,,,
CTD_AI_FDN_LightsOn_20260429_1a.mov,CTD_AI_FDN_GeneratorsKickIn02,101,Fukushima Nuclear Disaster,2026-04-29,WS,Chat GPT; Krea,,,Y,,,
CTD_AI_FDN_LightsOn_20260429_1b.mov,CTD_AI_FDN_GeneratorsKickIn02,101,Fukushima Nuclear Disaster,2026-04-29,WS,Chat GPT; Krea,,,Y,,,
CTD_AI_FDN_LightsOn_20260429_2a.mov,CTD_AI_FDN_GeneratorsKickIn02,101,Fukushima Nuclear Disaster,2026-04-29,WS,Chat GPT; Krea,,,Y,,,
CTD_AI_FDN_PowerOn_20260429_1a.mov,CTD_AI_FDN_GeneratorsKickIn01,101,Fukushima Nuclear Disaster,2026-04-29,WS,Chat GPT; Krea,,Re-spin Completed,Y,,,
CTD_AI_FDN_PowerOn_20260429_1b.mov,CTD_AI_FDN_GeneratorsKickIn01,101,Fukushima Nuclear Disaster,2026-04-29,WS,Chat GPT; Krea,,,Y,,,
CTD_AI_FDN_PowerOn_20260429_2a.mov,CTD_AI_FDN_GeneratorsKickIn01,101,Fukushima Nuclear Disaster,2026-04-29,WS,Chat GPT; Krea,,PAUSE,Y,,,
CTD_AI_FDN_PowerOn_20260429_2b.mov,CTD_AI_FDN_GeneratorsKickIn01,101,Fukushima Nuclear Disaster,2026-04-29,WS,Chat GPT; Krea,,,Y,,,
CTD_AI_FDN_PowerOn_20260429_2c.mov,CTD_AI_FDN_GeneratorsKickIn01,101,Fukushima Nuclear Disaster,2026-04-29,WS,Chat GPT; Krea,,,Y,,,
CTD_AI_FDN_PressureWarn_20260429_1a.mov,CTD_AI_FDN_PressureRises01,101,Fukushima Nuclear Disaster,2026-04-29,WS,Chat GPT; Krea,,,Y,,,
CTD_AI_FDN_PressureWarn_20260429_2a.mov,CTD_AI_FDN_PressureRises01,101,Fukushima Nuclear Disaster,2026-04-29,WS,Chat GPT; Krea,,Re-spin Completed,Y,,,
CTD_AI_FDN_Radiator_20260429_1a.mov,CTD_AI_FDN_GeneratorsKickIn02,101,Fukushima Nuclear Disaster,2026-04-29,WS,Chat GPT; Krea,,PAUSE,Y,,,
CTD_AI_FDN_Radiator_20260429_1b.mov,CTD_AI_FDN_GeneratorsKickIn02,101,Fukushima Nuclear Disaster,2026-04-29,WS,Chat GPT; Krea,,,Y,,,
CTD_AI_FDN_Radiator_20260429_1c.mov,CTD_AI_FDN_GeneratorsKickIn02,101,Fukushima Nuclear Disaster,2026-04-29,WS,Chat GPT; Krea,Y,,Y,,,
CTD_AI_FDN_VoltageLevel_20260429_1a.mov,CTD_AI_FDN_GeneratorsKickIn02,101,Fukushima Nuclear Disaster,2026-04-29,WS,Chat GPT; Krea,,Re-spin Completed,Y,,,
CTD_AI_FDN_VoltageLevel_20260429_1b.mov,CTD_AI_FDN_GeneratorsKickIn02,101,Fukushima Nuclear Disaster,2026-04-29,SM,Chat GPT; Krea,,,Y,,,
CTD_AI_MSH_OrangeGlow_20260429_1a.mov,CTD_AI_MSH_BulgeSlide04,101,Mount St. Helens Eruption,2026-04-29,SM,Chat GPT; Krea,Y,Re-spin Completed,Y,,,
CTD_AI_MSH_OrangeGlow_20260429_1b.mov,CTD_AI_MSH_BulgeSlide04,101,Mount St. Helens Eruption,2026-04-29,SM,Chat GPT; Krea,Y,,Y,,,
CTD_AI_MSH_OrangeGlow_20260429_1c.mov,CTD_AI_MSH_BulgeSlide04,101,Mount St. Helens Eruption,2026-04-29,WS,Chat GPT; Krea,Y,Re-spin Completed,Y,,,
CTD_AI_MSH_OrangeGlow_20260429_2a.mov,CTD_AI_MSH_BulgeSlide04,101,Mount St. Helens Eruption,2026-04-29,SM,Chat GPT; Krea,Y,,Y,,,
CTD_AI_MSH_OrangeGlow_20260429_2b.mov,CTD_AI_MSH_BulgeSlide04,101,Mount St. Helens Eruption,2026-04-29,WS,Chat GPT; Krea,Y,,Y,,,
CTD_AI_MSH_OrangeGlow_20260429_2c.mov,CTD_AI_MSH_BulgeSlide04,101,Mount St. Helens Eruption,2026-04-29,WS,Chat GPT; Krea,Y,Re-spin Completed,Y,,,
CTD_AI_MSH_OrangeGlow_20260429_3a.mov,CTD_AI_MSH_BulgeSlide04,101,Mount St. Helens Eruption,2026-04-29,WS,Chat GPT; Krea,Y,,Y,,,
CTD_AI_FDN_AlarmWide_20260501_1a.mov,CTD_AI_FDN_EmergShutDown02,101,Fukushima Nuclear Disaster,2026-05-01,WS,Chat GPT; Krea,Y,,Y,,,
CTD_AI_FDN_AlarmWide_20260501_1b.mov,CTD_AI_FDN_EmergShutDown02,101,Fukushima Nuclear Disaster,2026-05-01,WS,Chat GPT; Krea,Y,,Y,,,
CTD_AI_FDN_AlarmWide_20260501_1c.mov,CTD_AI_FDN_EmergShutDown02,101,Fukushima Nuclear Disaster,2026-05-01,WS,Chat GPT; Krea,Y,,Y,,,
CTD_AI_FDN_AlarmWide_20260501_1d.mov,CTD_AI_FDN_EmergShutDown02,101,Fukushima Nuclear Disaster,2026-05-01,WS,Chat GPT; Krea,Y,,Y,,,
CTD_AI_FDN_BootsWading_20260501_1a.mov,CTD_AI_FDN_TeamsEnterBuilding02,101,Fukushima Nuclear Disaster,2026-05-01,WS,Chat GPT; Krea,Y,,Y,,,
CTD_AI_FDN_BootsWading_20260501_2a.mov,CTD_AI_FDN_TeamsEnterBuilding02,101,Fukushima Nuclear Disaster,2026-05-01,WS,Chat GPT; Krea,Y,,Y,,,
CTD_AI_FDN_BootsWading_20260501_2b.mov,CTD_AI_FDN_TeamsEnterBuilding02,101,Fukushima Nuclear Disaster,2026-05-01,WS,Chat GPT; Krea,Y,,Y,,,
CTD_AI_FDN_BootsWading_20260501_2c.mov,CTD_AI_FDN_TeamsEnterBuilding02,101,Fukushima Nuclear Disaster,2026-05-01,WS,Chat GPT; Krea,Y,Re-spin Completed,Y,,,
CTD_AI_FDN_BootsWading_20260501_3a.mov,CTD_AI_FDN_TeamsEnterBuilding02,101,Fukushima Nuclear Disaster,2026-05-01,WS,Chat GPT; Krea,Y,Re-spin Completed,Y,,,
CTD_AI_FDN_EarthquakeControlRoom_20260501_1a.mov,CTD_AI_FDN_GeneratorsFlood03,101,Fukushima Nuclear Disaster,2026-05-01,WS,Chat GPT; Krea,Y,,Y,,,
CTD_AI_FDN_EarthquakeControlRoom_20260501_1b.mov,CTD_AI_FDN_GeneratorsFlood03,101,Fukushima Nuclear Disaster,2026-05-01,WS,Chat GPT; Krea,Y,Re-spin Completed,Y,,,
CTD_AI_FDN_EarthquakeControlRoom_20260501_2a.mov,CTD_AI_FDN_GeneratorsFlood03,101,Fukushima Nuclear Disaster,2026-05-01,WS,Chat GPT; Krea,Y,,Y,,,
CTD_AI_FDN_EarthquakeControlRoom_20260501_3a.mov,CTD_AI_FDN_GeneratorsFlood03,101,Fukushima Nuclear Disaster,2026-05-01,WS,Chat GPT; Krea,Y,,Y,,,
CTD_AI_FDN_GeigerCounter_20260501_1a.mov,CTD_AI_FDN_Geigercounter01,101,Fukushima Nuclear Disaster,2026-05-01,WS,Chat GPT; Krea,Y,,Y,,,
CTD_AI_FDN_GeigerCounter_20260501_1b.mov,CTD_AI_FDN_Geigercounter01,101,Fukushima Nuclear Disaster,2026-05-01,WS,Chat GPT; Krea,Y,,Y,,,
CTD_AI_FDN_GeneratorPanel_20260501_1a.mov,CTD_AI_FDN_GeneratorsFlood02,101,Fukushima Nuclear Disaster,2026-05-01,WS,Chat GPT; Krea,Y,,Y,,,
CTD_AI_FDN_GeneratorPanel_20260501_1b.mov,CTD_AI_FDN_GeneratorsFlood02,101,Fukushima Nuclear Disaster,2026-05-01,WS,Chat GPT; Krea,Y,,Y,,,
CTD_AI_FDN_GeneratorPanel_20260501_1c.mov,CTD_AI_FDN_GeneratorsFlood02,101,Fukushima Nuclear Disaster,2026-05-01,WS,Chat GPT; Krea,Y,,Y,,,
CTD_AI_FDN_GeneratorPanel_20260501_1d.mov,CTD_AI_FDN_GeneratorsFlood02,101,Fukushima Nuclear Disaster,2026-05-01,WS,Chat GPT; Krea,Y,,Y,,,
CTD_AI_FDN_GeneratorPanel_20260501_1e.mov,CTD_AI_FDN_GeneratorsFlood02,101,Fukushima Nuclear Disaster,2026-05-01,WS,Chat GPT; Krea,Y,,Y,,,
CTD_AI_FDN_LowAngleTsunami_20260501_1a.mov,CTD_AI_FDN_WaveSmash01,101,Fukushima Nuclear Disaster,2026-05-01,WS,Chat GPT; Krea,Y,,Y,,,
CTD_AI_FDN_LowAngleTsunami_20260501_1b.mov,CTD_AI_FDN_WaveSmash01,101,Fukushima Nuclear Disaster,2026-05-01,WS,Chat GPT; Krea,Y,,Y,,,
CTD_AI_FDN_LowAngleTsunami_20260501_1c.mov,CTD_AI_FDN_WaveSmash01,101,Fukushima Nuclear Disaster,2026-05-01,WS,Chat GPT; Krea,Y,,Y,,,
CTD_AI_FDN_LowAngleTsunami_20260501_2a.mov,CTD_AI_FDN_WaveSmash01,101,Fukushima Nuclear Disaster,2026-05-01,WS,Chat GPT; Krea,Y,,Y,,,
CTD_AI_FDN_MaskUp_20260501_1a.mov,CTD_AI_FDN_SafetyGear04,101,Fukushima Nuclear Disaster,2026-05-01,WS,Chat GPT; Krea,Y,Re-spin Completed,Y,,,
CTD_AI_FDN_MaskUp_20260501_1b.mov,CTD_AI_FDN_SafetyGear04,101,Fukushima Nuclear Disaster,2026-05-01,WS,Chat GPT; Krea,Y,,Y,,,
CTD_AI_FDN_MaskUp_20260501_1c.mov,CTD_AI_FDN_SafetyGear04,101,Fukushima Nuclear Disaster,2026-05-01,WS,Chat GPT; Krea,Y,,Y,,,
CTD_AI_FDN_MaskUp_20260501_1d.mov,CTD_AI_FDN_SafetyGear04,101,Fukushima Nuclear Disaster,2026-05-01,WS,Chat GPT; Krea,Y,,Y,,,
CTD_AI_FDN_Tsunami_20260501_1a.mov,CTD_AI_FDN_WaveComingIn01,101,Fukushima Nuclear Disaster,2026-05-01,SM,Chat GPT; Krea,,,Y,,,
CTD_AI_FDN_Tsunami_20260501_1b.mov,CTD_AI_FDN_WaveComingIn01,101,Fukushima Nuclear Disaster,2026-05-01,SM,Chat GPT; Krea,,,Y,,,
CTD_AI_FDN_Tsunami_20260501_1c.mov,CTD_AI_FDN_WaveComingIn01,101,Fukushima Nuclear Disaster,2026-05-01,SM,Chat GPT; Krea,,Re-spin Completed,Y,,,
CTD_AI_FDN_Tsunami_20260501_2a.mov,CTD_AI_FDN_WaveComingIn01,101,Fukushima Nuclear Disaster,2026-05-01,SM,Chat GPT; Krea,,,Y,,,
CTD_AI_FDN_Tsunami_20260501_3a.mov,CTD_AI_FDN_WaveComingIn01,101,Fukushima Nuclear Disaster,2026-05-01,SM,Chat GPT; Krea,,,Y,,,
CTD_AI_FDN_Tsunami_20260501_4a.mov,CTD_AI_FDN_WaveComingIn01,101,Fukushima Nuclear Disaster,2026-05-01,SM,Chat GPT; Krea,,,Y,,,
CTD_AI_FDN_Tsunami_20260501_4b.mov,CTD_AI_FDN_WaveComingIn01,101,Fukushima Nuclear Disaster,2026-05-01,SM,Chat GPT; Krea,,,Y,,,
CTD_AI_FDN_Tsunami_20260501_4c.mov,CTD_AI_FDN_WaveComingIn01,101,Fukushima Nuclear Disaster,2026-05-01,SM,Chat GPT; Krea,,,Y,,,
CTD_AI_FDN_Tsunami_20260501_5a.mov,CTD_AI_FDN_WaveComingIn01,101,Fukushima Nuclear Disaster,2026-05-01,SM,Chat GPT; Krea,,,Y,,,
CTD_AI_FDN_WideSuitUp_20260501_1a.mov,CTD_AI_FDN_SafetyGear02,101,Fukushima Nuclear Disaster,2026-05-01,WS,Chat GPT; Krea,Y,,Y,,,
CTD_AI_FDN_WideSuitUp_20260501_1b.mov,CTD_AI_FDN_SafetyGear02,101,Fukushima Nuclear Disaster,2026-05-01,WS,Chat GPT; Krea,Y,,Y,,,
CTD_AI_FDN_WideSuitUp_20260501_1c.mov,CTD_AI_FDN_SafetyGear02,101,Fukushima Nuclear Disaster,2026-05-01,WS,Chat GPT; Krea,Y,,Y,,,
CTD_AI_FDN_WideSuitUp_20260501_1d.mov,CTD_AI_FDN_SafetyGear02,101,Fukushima Nuclear Disaster,2026-05-01,WS,Chat GPT; Krea,Y,,Y,,,
CTD_AI_FDN_WideSuitUp_20260501_2a.mov,CTD_AI_FDN_SafetyGear02,101,Fukushima Nuclear Disaster,2026-05-01,WS,Chat GPT; Krea,Y,Re-spin Completed,Y,,,
CTD_AI_FDN_WideSuitUp_20260501_3a.mov,CTD_AI_FDN_SafetyGear02,101,Fukushima Nuclear Disaster,2026-05-01,WS,Chat GPT; Krea,Y,Re-spin Completed,Y,,,
CTD_AI_FDN_WideSuitUp_20260501_4a.mov,CTD_AI_FDN_SafetyGear02,101,Fukushima Nuclear Disaster,2026-05-01,WS,Chat GPT; Krea,Y,,Y,,,
CTD_AI_FDN_WideSuitUp_20260501_4b.mov,CTD_AI_FDN_SafetyGear02,101,Fukushima Nuclear Disaster,2026-05-01,WS,Chat GPT; Krea,Y,,Y,,,
CTD_AI_FDN_WideSuitUp_20260501_4c.mov,CTD_AI_FDN_SafetyGear02,101,Fukushima Nuclear Disaster,2026-05-01,WS,Chat GPT; Krea,Y,Re-spin Completed,Y,,,
CTD_AI_MSH_DJovertheshoulder_20260501_1a.mov,CTD_AI_MSH_ScorchingDebris03,101,Mount St. Helens Eruption,2026-05-01,SM,Chat GPT; Krea,Y,,Y,,,
CTD_AI_MSH_DJovertheshoulder_20260501_1b.mov,CTD_AI_MSH_ScorchingDebris03,101,Mount St. Helens Eruption,2026-05-01,SM,Chat GPT; Krea,Y,,Y,,,
CTD_AI_MSH_DJovertheshoulder_20260501_2a.mov,CTD_AI_MSH_ScorchingDebris03,101,Mount St. Helens Eruption,2026-05-01,SM,Chat GPT; Krea,Y,,Y,,,
CTD_AI_MSH_DJovertheshoulder_20260501_2b.mov,CTD_AI_MSH_ScorchingDebris03,101,Mount St. Helens Eruption,2026-05-01,SM,Chat GPT; Krea,Y,,Y,,,
CTD_AI_MSH_DJovertheshoulder_20260501_2c.mov,CTD_AI_MSH_ScorchingDebris03,101,Mount St. Helens Eruption,2026-05-01,SM,Chat GPT; Krea,Y,Re-spin Completed,Y,,,
CTD_AI_MSH_DJovertheshoulder_20260501_2d.mov,CTD_AI_MSH_ScorchingDebris03,101,Mount St. Helens Eruption,2026-05-01,SM,Chat GPT; Krea,,Re-spin Completed,Y,,,
CTD_AI_MSH_DJovertheshoulder_20260501_2e.mov,CTD_AI_MSH_ScorchingDebris03,101,Mount St. Helens Eruption,2026-05-01,SM,Chat GPT; Krea,,,Y,,,
CTD_AI_MSH_OldMan_20260501_1a.mov,CTD_AI_MSH_LodgeWipedOut03,101,Mount St. Helens Eruption,2026-05-01,SM,Chat GPT; Krea,,,Y,,,
CTD_AI_MSH_OldMan_20260501_1a.mov,CTD_AI_MSH_LodgeWipedOut03,101,Mount St. Helens Eruption,2026-05-01,SM,Chat GPT; Krea,,,Y,,,
CTD_AI_MSH_OldMan_20260501_1c.mov,CTD_AI_MSH_LodgeWipedOut03,101,Mount St. Helens Eruption,2026-05-01,SM,Chat GPT; Krea,,,Y,,,
CTD_AI_MSH_OldMan_20260501_1d.mov,CTD_AI_MSH_LodgeWipedOut03,101,Mount St. Helens Eruption,2026-05-01,SM,Chat GPT; Krea,,,Y,,,
CTD_AI_MSH_OldMan_20260501_1e.mov,CTD_AI_MSH_LodgeWipedOut03,101,Mount St. Helens Eruption,2026-05-01,SM,Chat GPT; Krea,,,Y,,,
CTD_AI_MSH_OldMan_20260501_1f.mov,CTD_AI_MSH_LodgeWipedOut03,101,Mount St. Helens Eruption,2026-05-01,SM,Chat GPT; Krea,,,Y,,,
CTD_AI_MSH_PyroclasticFlow_20260501_1a.mov,CTD_AI_MSH_LodgeWipedOut01,101,Mount St. Helens Eruption,2026-05-01,SM,Chat GPT; Krea,,,Y,,,
CTD_AI_MSH_PyroclasticFlow_20260501_1b.mov,CTD_AI_MSH_LodgeWipedOut01,101,Mount St. Helens Eruption,2026-05-01,SM,Chat GPT; Krea,,,Y,,,
CTD_AI_MSH_PyroclasticFlow_20260501_1c.mov,CTD_AI_MSH_LodgeWipedOut01,101,Mount St. Helens Eruption,2026-05-01,SM,Chat GPT; Krea,,,Y,,,
CTD_AI_MSH_PyroclasticFlow_20260501_1d.mov,CTD_AI_MSH_LodgeWipedOut01,101,Mount St. Helens Eruption,2026-05-01,SM,Chat GPT; Krea,,,Y,,,
CTD_AI_MSH_PyroclasticFlow_20260501_1e.mov,CTD_AI_MSH_LodgeWipedOut01,101,Mount St. Helens Eruption,2026-05-01,SM,Chat GPT; Krea,,,Y,,,
CTD_AI_MSH_PyroclasticFlow_20260501_1f.mov,CTD_AI_MSH_LodgeWipedOut01,101,Mount St. Helens Eruption,2026-05-01,SM,Chat GPT; Krea,,,Y,,,
CTD_AI_MSH_PyroclasticFlow_20260501_1g.mov,CTD_AI_MSH_LodgeWipedOut01,101,Mount St. Helens Eruption,2026-05-01,SM,Chat GPT; Krea,,,Y,,,
CTD_AI_MSH_PyroclasticFlow_20260501_2a.mov,CTD_AI_MSH_LodgeWipedOut01,101,Mount St. Helens Eruption,2026-05-01,SM,Chat GPT; Krea,,,Y,,,
CTD_AI_MSH_PyroclasticFlow_20260501_3a.mov,CTD_AI_MSH_LodgeWipedOut01,101,Mount St. Helens Eruption,2026-05-01,SM,Chat GPT; Krea,,,Y,,,
CTD_AI_MSH_PyroclasticFlow_20260501_3b.mov,CTD_AI_MSH_LodgeWipedOut01,101,Mount St. Helens Eruption,2026-05-01,SM,Chat GPT; Krea,,,Y,,,
CTD_AI_MSH_PyroclasticFlow_20260501_3c.mov,CTD_AI_MSH_LodgeWipedOut01,101,Mount St. Helens Eruption,2026-05-01,SM,Chat GPT; Krea,,,Y,,,
CTD_AI_MSH_PyroclasticFlow_20260501_3d.mov,CTD_AI_MSH_LodgeWipedOut01,101,Mount St. Helens Eruption,2026-05-01,SM,Chat GPT; Krea,,,Y,,,
CTD_AI_MSH_PyroclasticFlow_20260501_3e.mov,CTD_AI_MSH_LodgeWipedOut01,101,Mount St. Helens Eruption,2026-05-01,SM,Chat GPT; Krea,,,Y,,,
CTD_AI_FDN_ControlRoomButton_20260505_1a.mov,CTD_AI_FDN_DarkControlRoom02,101,Fukushima Nuclear Disaster,2026-05-05,WS,Chat GPT; Krea,,Re-spin Completed,Y,,,
CTD_AI_FDN_ControlRoomButton_20260505_2a.mov,CTD_AI_FDN_DarkControlRoom02,101,Fukushima Nuclear Disaster,2026-05-05,WS,Chat GPT; Krea,,,Y,,,
CTD_AI_FDN_ControlRoomButton_20260505_3a.mov,CTD_AI_FDN_DarkControlRoom02,101,Fukushima Nuclear Disaster,2026-05-05,WS,Chat GPT; Krea,,,Y,,,
CTD_AI_FDN_ControlRoomFlash_20260505_1a.mov,CTD_AI_FDN_DarkControlRoom01,101,Fukushima Nuclear Disaster,2026-05-05,WS,Chat GPT; Krea,,Re-spin Completed,Y,,,
CTD_AI_FDN_ControlRoomFlash_20260505_1b.mov,CTD_AI_FDN_DarkControlRoom01,101,Fukushima Nuclear Disaster,2026-05-05,WS,Chat GPT; Krea,,,Y,,,
CTD_AI_FDN_ControlRoomFlash_20260505_1c.mov,CTD_AI_FDN_DarkControlRoom01,101,Fukushima Nuclear Disaster,2026-05-05,WS,Chat GPT; Krea,,,Y,,,
CTD_AI_FDN_ControlRoomFlash_20260505_2a.mov,CTD_AI_FDN_DarkControlRoom01,101,Fukushima Nuclear Disaster,2026-05-05,WS,Chat GPT; Krea,,,Y,,,
CTD_AI_FDN_ControlRoomFlash_20260505_2b.mov,CTD_AI_FDN_DarkControlRoom01,101,Fukushima Nuclear Disaster,2026-05-05,WS,Chat GPT; Krea,,,Y,,,
CTD_AI_FDN_ControlRoomPower_20260505_1a.mov,CTD_AI_FDN_PowerOnControlRoom,101,Fukushima Nuclear Disaster,2026-05-05,WS,Chat GPT; Krea,,,Y,,,
CTD_AI_FDN_ControlRoomPower_20260505_1b.mov,CTD_AI_FDN_PowerOnControlRoom,101,Fukushima Nuclear Disaster,2026-05-05,WS,Chat GPT; Krea,,,Y,,,
CTD_AI_FDN_ControlRoomPower_20260505_1c,CTD_AI_FDN_PowerOnControlRoom,101,Fukushima Nuclear Disaster,2026-05-05,WS,Chat GPT; Krea,,,Y,,,
CTD_AI_FDN_FireTrucks_20260505_1a.mov,CTD_AI_FDN_RunningOut01,101,Fukushima Nuclear Disaster,2026-05-05,SM,Chat GPT; Krea,,,Y,,,
CTD_AI_FDN_FireTrucks_20260505_2a.mov,CTD_AI_FDN_RunningOut01,101,Fukushima Nuclear Disaster,2026-05-05,SM,Chat GPT; Krea,,,Y,,,
CTD_AI_FDN_FireTrucks_20260505_3a.mov,CTD_AI_FDN_RunningOut01,101,Fukushima Nuclear Disaster,2026-05-05,SM,Chat GPT; Krea,,,Y,,,
CTD_AI_FDN_FireTrucks_20260505_3b.mov,CTD_AI_FDN_RunningOut01,101,Fukushima Nuclear Disaster,2026-05-05,SM,Chat GPT; Krea,,,Y,,,
CTD_AI_FDN_FireTrucks_20260505_3c.mov,CTD_AI_FDN_RunningOut01,101,Fukushima Nuclear Disaster,2026-05-05,SM,Chat GPT; Krea,,,Y,,,
CTD_AI_FDN_FireTrucks_20260505_3d.mov,CTD_AI_FDN_RunningOut01,101,Fukushima Nuclear Disaster,2026-05-05,SM,Chat GPT; Krea,,,Y,,,
CTD_AI_FDN_FireTrucks_20260505_3e.mov,CTD_AI_FDN_RunningOut01,101,Fukushima Nuclear Disaster,2026-05-05,SM,Chat GPT; Krea,,,Y,,,
CTD_AI_FDN_FireTrucks_20260505_3f.mov,CTD_AI_FDN_RunningOut01,101,Fukushima Nuclear Disaster,2026-05-05,SM,Chat GPT; Krea,,,Y,,,
CTD_AI_FDN_FireTrucks_20260505_4d.mov,CTD_AI_FDN_RunningOut01,101,Fukushima Nuclear Disaster,2026-05-05,SM,Chat GPT; Krea,,,Y,,,
CTD_AI_FDN_FireTrucks_20260505_5a.mov,CTD_AI_FDN_RunningOut01,101,Fukushima Nuclear Disaster,2026-05-05,SM,Chat GPT; Krea,,,Y,,,
CTD_AI_FDN_FireTrucks_20260505_5b.mov,CTD_AI_FDN_RunningOut01,101,Fukushima Nuclear Disaster,2026-05-05,SM,Chat GPT; Krea,,,Y,,,
CTD_AI_FDN_FireTrucks_20260505_5c.mov,CTD_AI_FDN_RunningOut01,101,Fukushima Nuclear Disaster,2026-05-05,SM,Chat GPT; Krea,,,Y,,,
CTD_AI_FDN_FireTrucks_20260505_5d.mov,CTD_AI_FDN_RunningOut01,101,Fukushima Nuclear Disaster,2026-05-05,SM,Chat GPT; Krea,,,Y,,,
CTD_AI_FDN_FiremenHose_20260505_1a.mov,CTD_AI_FDN_RunningOut03,101,Fukushima Nuclear Disaster,2026-05-05,SM,Chat GPT; Krea,,,Y,,,
CTD_AI_FDN_FiremenHose_20260505_1b.mov,CTD_AI_FDN_RunningOut03,101,Fukushima Nuclear Disaster,2026-05-05,SM,Chat GPT; Krea,,,Y,,,
CTD_AI_FDN_FiremenHose_20260505_1d.mov,CTD_AI_FDN_RunningOut03,101,Fukushima Nuclear Disaster,2026-05-05,SM,Chat GPT; Krea,,,Y,,,
CTD_AI_FDN_FiremenHose_20260505_1e.mov,CTD_AI_FDN_RunningOut03,101,Fukushima Nuclear Disaster,2026-05-05,SM,Chat GPT; Krea,,,Y,,,
CTD_AI_FDN_FiremenHose_20260505_1g.mov,CTD_AI_FDN_RunningOut03,101,Fukushima Nuclear Disaster,2026-05-05,SM,Chat GPT; Krea,,,Y,,,
CTD_AI_FDN_FiremenHose_20260505_1l.mov,CTD_AI_FDN_RunningOut03,101,Fukushima Nuclear Disaster,2026-05-05,SM,Chat GPT; Krea,,,Y,,,
CTD_AI_FDN_FiremenHose_20260505_2a.mov,CTD_AI_FDN_RunningOut02,101,Fukushima Nuclear Disaster,2026-05-05,SM,Chat GPT; Krea,,Re-spin Completed,Y,,,
CTD_AI_FDN_FiremenHose_20260505_2b.mov,CTD_AI_FDN_RunningOut02,101,Fukushima Nuclear Disaster,2026-05-05,SM,Chat GPT; Krea,,,Y,,,
CTD_AI_FDN_FiremenHose_20260505_3a.mov,CTD_AI_FDN_RunningOut02,101,Fukushima Nuclear Disaster,2026-05-05,SM,Chat GPT; Krea,,,Y,,,
CTD_AI_FDN_FiremenHose_20260505_3b.mov,CTD_AI_FDN_RunningOut02,101,Fukushima Nuclear Disaster,2026-05-05,SM,Chat GPT; Krea,,,Y,,,
CTD_AI_FDN_FiremenHose_20260505_3c.mov,CTD_AI_FDN_RunningOut02,101,Fukushima Nuclear Disaster,2026-05-05,SM,Chat GPT; Krea,,Re-spin Completed,Y,,,
CTD_AI_FDN_GatheredWorkers_20260505_1a.mov,CTD_AI_FDN_DarkControlRoom03,101,Fukushima Nuclear Disaster,2026-05-05,WS,Chat GPT; Krea,,,Y,,,
CTD_AI_FDN_GatheredWorkers_20260505_1b.mov,CTD_AI_FDN_DarkControlRoom03,101,Fukushima Nuclear Disaster,2026-05-05,WS,Chat GPT; Krea,,,Y,,,
CTD_AI_FDN_GatheredWorkers_20260505_1c.mov,CTD_AI_FDN_DarkControlRoom03,101,Fukushima Nuclear Disaster,2026-05-05,WS,Chat GPT; Krea,,,Y,,,
CTD_AI_FDN_GatheredWorkers_20260505_3a.mov,CTD_AI_FDN_DarkControlRoom03,101,Fukushima Nuclear Disaster,2026-05-05,WS,Chat GPT; Krea,,,Y,,,
CTD_AI_FDN_GatheredWorkers_20260505_3b.mov,CTD_AI_FDN_DarkControlRoom03,101,Fukushima Nuclear Disaster,2026-05-05,WS,Chat GPT; Krea,,,Y,,,
CTD_AI_FDN_GroupMeeting_20260505_1a.mov,CTD_AI_FDN_WorkersGather02,101,Fukushima Nuclear Disaster,2026-05-05,SM,Chat GPT; Krea,,,Y,,,
CTD_AI_FDN_GroupMeeting_20260505_1b.mov,CTD_AI_FDN_WorkersGather02,101,Fukushima Nuclear Disaster,2026-05-05,SM,Chat GPT; Krea,,,Y,,,
CTD_AI_FDN_GroupMeeting_20260505_1c.mov,CTD_AI_FDN_WorkersGather02,101,Fukushima Nuclear Disaster,2026-05-05,SM,Chat GPT; Krea,,,Y,,,
CTD_AI_FDN_GroupMeeting_20260505_1d.mov,CTD_AI_FDN_WorkersGather02,101,Fukushima Nuclear Disaster,2026-05-05,SM,Chat GPT; Krea,,,Y,,,
CTD_AI_FDN_GroupMeeting_20260505_2a.mov,CTD_AI_FDN_WorkersGather02,101,Fukushima Nuclear Disaster,2026-05-05,SM,Chat GPT; Krea,,,Y,,,
CTD_AI_FDN_GroupMeeting_20260505_2b.mov,CTD_AI_FDN_WorkersGather02,101,Fukushima Nuclear Disaster,2026-05-05,SM,Chat GPT; Krea,,,Y,,,
CTD_AI_FDN_GroupMeeting_20260505_2c.mov,CTD_AI_FDN_WorkersGather02,101,Fukushima Nuclear Disaster,2026-05-05,SM,Chat GPT; Krea,,,Y,,,
CTD_AI_FDN_POVTemperature_20260505_1a.mov,CTD_AI_FDN_CoreMelting02,101,Fukushima Nuclear Disaster,2026-05-05,WS,Chat GPT; Krea,,,Y,,,
CTD_AI_FDN_POVTemperature_20260505_1b.mov,CTD_AI_FDN_CoreMelting02,101,Fukushima Nuclear Disaster,2026-05-05,WS,Chat GPT; Krea,,,Y,,,
CTD_AI_FDN_POVTemperature_20260505_1c.mov,CTD_AI_FDN_CoreMelting02,101,Fukushima Nuclear Disaster,2026-05-05,WS,Chat GPT; Krea,,,Y,,,
CTD_AI_FDN_POVTemperature_20260505_2a.mov,CTD_AI_FDN_CoreMelting02,101,Fukushima Nuclear Disaster,2026-05-05,WS,Chat GPT; Krea,,,Y,,,
CTD_AI_FDN_POVTemperature_20260505_2b.mov,CTD_AI_FDN_CoreMelting02,101,Fukushima Nuclear Disaster,2026-05-05,WS,Chat GPT; Krea,,,Y,,,
CTD_AI_FDN_POVTemperature_20260505_2c.mov,CTD_AI_FDN_CoreMelting02,101,Fukushima Nuclear Disaster,2026-05-05,WS,Chat GPT; Krea,,,Y,,,
CTD_AI_FDN_POVTemperature_20260505_3a.mov,CTD_AI_FDN_CoreMelting01,101,Fukushima Nuclear Disaster,2026-05-05,WS,Chat GPT; Krea,,,Y,,,
CTD_AI_FDN_POVTemperature_20260505_4a.mov,CTD_AI_FDN_CoreMelting02,101,Fukushima Nuclear Disaster,2026-05-05,WS,Chat GPT; Krea,,,Y,,,
CTD_AI_FDN_Temperature5000_20260505_1a.mov,CTD_AI_FDN_CoreMelting03,101,Fukushima Nuclear Disaster,2026-05-05,WS,Chat GPT; Krea,,Re-spin Completed,Y,,,
CTD_AI_FDN_Temperature5000_20260505_1b.mov,CTD_AI_FDN_CoreMelting03,101,Fukushima Nuclear Disaster,2026-05-05,WS,Chat GPT; Krea,,,Y,,,
CTD_AI_FDN_Temperature5000_20260505_1c.mov,CTD_AI_FDN_CoreMelting03,101,Fukushima Nuclear Disaster,2026-05-05,WS,Chat GPT; Krea,,,Y,,,
CTD_AI_MSH_DJwipeout_20260505_1a.mov,CTD_AI_MSH_DJCampDestruction05,101,Mount St. Helens Eruption,2026-05-05,SM,Chat GPT; Krea,,,Y,,,
CTD_AI_MSH_DJwipeout_20260505_1b.mov,CTD_AI_MSH_DJCampDestruction05,101,Mount St. Helens Eruption,2026-05-05,SM,Chat GPT; Krea,,,Y,,,
CTD_AI_MSH_DJwipeout_20260505_1c.mov,CTD_AI_MSH_DJCampDestruction05,101,Mount St. Helens Eruption,2026-05-05,SM,Chat GPT; Krea,,,Y,,,
CTD_AI_MSH_DJwipeout_20260505_1d.mov,CTD_AI_MSH_DJCampDestruction05,101,Mount St. Helens Eruption,2026-05-05,SM,Chat GPT; Krea,,,Y,,,
CTD_AI_MSH_DJwipeout_20260505_1e.mov,CTD_AI_MSH_DJCampDestruction05,101,Mount St. Helens Eruption,2026-05-05,SM,Chat GPT; Krea,,,Y,,,
CTD_AI_MSH_DJwipeout_20260505_1f.mov,CTD_AI_MSH_DJCampDestruction05,101,Mount St. Helens Eruption,2026-05-05,SM,Chat GPT; Krea,,,Y,,,
CTD_AI_MSH_DJwipeout_20260505_1g.mov,CTD_AI_MSH_DJCampDestruction05,101,Mount St. Helens Eruption,2026-05-05,SM,Chat GPT; Krea,,,Y,,,
CTD_AI_MSH_DJwipeout_20260505_1h.mov,CTD_AI_MSH_DJCampDestruction05,101,Mount St. Helens Eruption,2026-05-05,SM,Chat GPT; Krea,,,Y,,,
CTD_AI_MSH_LodgeWipeOut_20260505_1a.mov,CTD_AI_MSH_LodgeWipedOut03,101,Mount St. Helens Eruption,2026-05-05,WS,Chat GPT; Krea,,,Y,,,
CTD_AI_MSH_LodgeWipeOut_20260505_1b.mov,CTD_AI_MSH_LodgeWipedOut03,101,Mount St. Helens Eruption,2026-05-05,WS,Chat GPT; Krea,,,Y,,,
CTD_AI_MSH_LodgeWipeOut_20260505_1c.mov,CTD_AI_MSH_LodgeWipedOut03,101,Mount St. Helens Eruption,2026-05-05,WS,Chat GPT; Krea,,,Y,,,
CTD_AI_MSH_LodgeWipeOut_20260505_1d.mov,CTD_AI_MSH_LodgeWipedOut03,101,Mount St. Helens Eruption,2026-05-05,WS,Chat GPT; Krea,,,Y,,,
CTD_AI_MSH_LodgeWipeOut_20260505_1e.mov,CTD_AI_MSH_LodgeWipedOut03,101,Mount St. Helens Eruption,2026-05-05,WS,Chat GPT; Krea,,,Y,,,
CTD_AI_MSH_LodgeWipeOut_20260505_1f.mov,CTD_AI_MSH_LodgeWipedOut03,101,Mount St. Helens Eruption,2026-05-05,WS,Chat GPT; Krea,,,Y,,,
CTD_AI_MSH_MonitoringDevice_20260505_1a.mov,CTD_AI_MSH_DJCampDestruction04,101,Mount St. Helens Eruption,2026-05-05,WS,Chat GPT; Krea,,,Y,,,
CTD_AI_FDN_AlarmCU_20260506_1a.mov,CTD_AI_FDN_EmergShutDown01,101,Fukushima Nuclear Disaster,2026-05-06,WS,Chat GPT; Krea,Y,,Y,,,
CTD_AI_FDN_AlarmCU_20260506_1b.mov,CTD_AI_FDN_EmergShutDown01,101,Fukushima Nuclear Disaster,2026-05-06,WS,Chat GPT; Krea,Y,,Y,,,
CTD_AI_FDN_AlarmCU_20260506_2a.mov,CTD_AI_FDN_EmergShutDown01,101,Fukushima Nuclear Disaster,2026-05-06,WS,Chat GPT; Krea,Y,,Y,,,
CTD_AI_FDN_AlarmCU_20260506_3a.mov,CTD_AI_FDN_EmergShutDown01,101,Fukushima Nuclear Disaster,2026-05-06,WS,Chat GPT; Krea,Y,,Y,,,
CTD_AI_FDN_CloseSuitUp_20260506_1a.mov,CTD_AI_FDN_SafetyGear02,101,Fukushima Nuclear Disaster,2026-05-06,WS,Chat GPT; Krea,Y,,Y,,,
CTD_AI_FDN_CloseSuitUp_20260506_1b.mov,CTD_AI_FDN_SafetyGear02,101,Fukushima Nuclear Disaster,2026-05-06,WS,Chat GPT; Krea,Y,Re-spin Completed,Y,,,
CTD_AI_FDN_CloseSuitUp_20260506_1c.mov,CTD_AI_FDN_SafetyGear02,101,Fukushima Nuclear Disaster,2026-05-06,WS,Chat GPT; Krea,Y,,Y,,,
CTD_AI_FDN_ControlRoomButton_20260506_1a.mov,CTD_AI_FDN_DarkControlRoom02,101,Fukushima Nuclear Disaster,2026-05-06,WS,Chat GPT; Krea,Y,,Y,,,
CTD_AI_FDN_ControlRoomButton_20260506_1b.mov,CTD_AI_FDN_DarkControlRoom02,101,Fukushima Nuclear Disaster,2026-05-06,WS,Chat GPT; Krea,Y,,Y,,,
CTD_AI_FDN_GeneratorFlood_20260506_1a.mov,CTD_AI_FDN_GeneratorsFlood01,101,Fukushima Nuclear Disaster,2026-05-06,WS,Chat GPT; Krea,Y,,Y,,,
CTD_AI_FDN_GeneratorFlood_20260506_1b.mov,CTD_AI_FDN_GeneratorsFlood01,101,Fukushima Nuclear Disaster,2026-05-06,WS,Chat GPT; Krea,Y,,Y,,,
CTD_AI_FDN_GeneratorFlood_20260506_1c.mov,CTD_AI_FDN_GeneratorsFlood01,101,Fukushima Nuclear Disaster,2026-05-06,WS,Chat GPT; Krea,Y,,Y,,,
CTD_AI_FDN_GeneratorFlood_20260506_1d.mov,CTD_AI_FDN_GeneratorsFlood01,101,Fukushima Nuclear Disaster,2026-05-06,WS,Chat GPT; Krea,Y,,Y,,,
CTD_AI_FDN_GeneratorFlood_20260506_1e.mov,CTD_AI_FDN_GeneratorsFlood01,101,Fukushima Nuclear Disaster,2026-05-06,WS,Chat GPT; Krea,Y,,Y,,,
CTD_AI_FDN_GeneratorPanel_20260506_1a.mov,CTD_AI_FDN_GeneratorsFlood02,101,Fukushima Nuclear Disaster,2026-05-06,WS,Chat GPT; Krea,Y,,Y,,,
CTD_AI_FDN_GeneratorPanel_20260506_1b.mov,CTD_AI_FDN_GeneratorsFlood02,101,Fukushima Nuclear Disaster,2026-05-06,WS,Chat GPT; Krea,Y,,Y,,,
CTD_AI_FDN_GeneratorPanel_20260506_1c.mov,CTD_AI_FDN_GeneratorsFlood02,101,Fukushima Nuclear Disaster,2026-05-06,WS,Chat GPT; Krea,Y,,Y,,,
CTD_AI_FDN_GeneratorPanel_20260506_1d.mov,CTD_AI_FDN_GeneratorsFlood02,101,Fukushima Nuclear Disaster,2026-05-06,WS,Chat GPT; Krea,Y,,Y,,,
CTD_AI_FDN_GeneratorPanel_20260506_1e.mov,CTD_AI_FDN_GeneratorsFlood02,101,Fukushima Nuclear Disaster,2026-05-06,WS,Chat GPT; Krea,Y,,Y,,,
CTD_AI_FDN_InitialwavPOV_20260506_1g.mov,CTD_AI_FDN_WaveSmash01,101,Fukushima Nuclear Disaster,2026-05-06,SM,Chat GPT; Krea,,,Y,,,
CTD_AI_FDN_InitialwavPOV_20260506_2a.mov,CTD_AI_FDN_WaveSmash02,101,Fukushima Nuclear Disaster,2026-05-06,SM,Chat GPT; Krea,,,Y,,,
CTD_AI_FDN_InitialwavPOV_20260506_2al.mov,CTD_AI_FDN_WaveSmash02,101,Fukushima Nuclear Disaster,2026-05-06,SM,Chat GPT; Krea,,,Y,,,
CTD_AI_FDN_InitialwavPOV_20260506_2b.mov,CTD_AI_FDN_WaveSmash02,101,Fukushima Nuclear Disaster,2026-05-06,SM,Chat GPT; Krea,,,Y,,,
CTD_AI_FDN_InitialwavPOV_20260506_2c.mov,CTD_AI_FDN_WaveSmash02,101,Fukushima Nuclear Disaster,2026-05-06,SM,Chat GPT; Krea,,,Y,,,
CTD_AI_FDN_InitialwavPOV_20260506_2d.mov,CTD_AI_FDN_WaveSmash02,101,Fukushima Nuclear Disaster,2026-05-06,SM,Chat GPT; Krea,,,Y,,,
CTD_AI_FDN_InitialwavPOV_20260506_2e.mov,CTD_AI_FDN_WaveSmash02,101,Fukushima Nuclear Disaster,2026-05-06,SM,Chat GPT; Krea,,,Y,,,
CTD_AI_FDN_InitialwavPOV_20260506_2f.mov,CTD_AI_FDN_WaveSmash02,101,Fukushima Nuclear Disaster,2026-05-06,SM,Chat GPT; Krea,,,Y,,,
CTD_AI_FDN_InitialwavPOV_20260506_2g.mov,CTD_AI_FDN_WaveSmash02,101,Fukushima Nuclear Disaster,2026-05-06,SM,Chat GPT; Krea,,,Y,,,
CTD_AI_FDN_InitialwavPOV_20260506_2h.mov,CTD_AI_FDN_WaveSmash02,101,Fukushima Nuclear Disaster,2026-05-06,SM,Chat GPT; Krea,,,Y,,,
CTD_AI_FDN_InitialwavPOV_20260506_2j.mov,CTD_AI_FDN_WaveSmash02,101,Fukushima Nuclear Disaster,2026-05-06,SM,Chat GPT; Krea,,,Y,,,
CTD_AI_FDN_Initialwavaerial_20260506_1a.mov,CTD_AI_FDN_WaveSmash01,101,Fukushima Nuclear Disaster,2026-05-06,SM,Chat GPT; Krea,Y,,Y,,,
CTD_AI_FDN_Initialwavaerial_20260506_1b.mov,CTD_AI_FDN_WaveSmash01,101,Fukushima Nuclear Disaster,2026-05-06,SM,Chat GPT; Krea,,,Y,,,
CTD_AI_FDN_Initialwavaerial_20260506_1c.mov,CTD_AI_FDN_WaveSmash01,101,Fukushima Nuclear Disaster,2026-05-06,SM,Chat GPT; Krea,,,Y,,,
CTD_AI_FDN_Initialwavaerial_20260506_1d.mov,CTD_AI_FDN_WaveSmash01,101,Fukushima Nuclear Disaster,2026-05-06,SM,Chat GPT; Krea,,,Y,,,
CTD_AI_FDN_Initialwavaerial_20260506_1e.mov,CTD_AI_FDN_WaveSmash01,101,Fukushima Nuclear Disaster,2026-05-06,SM,Chat GPT; Krea,,,Y,,,
CTD_AI_FDN_Initialwavaerial_20260506_1f.mov,CTD_AI_FDN_WaveSmash01,101,Fukushima Nuclear Disaster,2026-05-06,SM,Chat GPT; Krea,,,Y,,,
CTD_AI_FDN_Initialwavaerial_20260506_1g.mov,CTD_AI_FDN_WaveSmash01,101,Fukushima Nuclear Disaster,2026-05-06,SM,Chat GPT; Krea,,,Y,,,
CTD_AI_FDN_PowerOn_20260506_1a.mov,CTD_AI_FDN_GeneratorsKickIn01,101,Fukushima Nuclear Disaster,2026-05-06,WS,Chat GPT; Krea,Y,,Y,,,
CTD_AI_FDN_PowerOn_20260506_1b.mov,CTD_AI_FDN_GeneratorsKickIn01,101,Fukushima Nuclear Disaster,2026-05-06,WS,Chat GPT; Krea,Y,,Y,,,
CTD_AI_FDN_PowerOn_20260506_1c.mov,CTD_AI_FDN_GeneratorsKickIn01,101,Fukushima Nuclear Disaster,2026-05-06,WS,Chat GPT; Krea,Y,,Y,,,
CTD_AI_FDN_PowerOn_20260506_1d.mov,CTD_AI_FDN_GeneratorsKickIn01,101,Fukushima Nuclear Disaster,2026-05-06,WS,Chat GPT; Krea,Y,,Y,,,
CTD_AI_FDN_VoltageLevel_20260506_1a.mov,CTD_AI_FDN_SafetyGear01,101,Fukushima Nuclear Disaster,2026-05-06,WS,Chat GPT; Krea,Y,,Y,,,
CTD_AI_FDN_VoltageLevel_20260506_1b.mov,CTD_AI_FDN_GeneratorsKickIn01,101,Fukushima Nuclear Disaster,2026-05-06,WS,Chat GPT; Krea,Y,,Y,,,
CTD_AI_FDN_WorkerJacket_20260506_1a.mov,CTD_AI_FDN_SafetyGear01,101,Fukushima Nuclear Disaster,2026-05-06,WS,Chat GPT; Krea,Y,,Y,,,
CTD_AI_FDN_WorkerJacket_20260506_1b.mov,CTD_AI_FDN_SafetyGear01,101,Fukushima Nuclear Disaster,2026-05-06,WS,Chat GPT; Krea,Y,,Y,,,
CTD_AI_FDN_WorkerJacket_20260506_2a.mov,CTD_AI_FDN_SafetyGear01,101,Fukushima Nuclear Disaster,2026-05-06,WS,Chat GPT; Krea,Y,,Y,,,
CTD_AI_FDN_WorkerJacket_20260506_2b.mov,CTD_AI_FDN_SafetyGear01,101,Fukushima Nuclear Disaster,2026-05-06,WS,Chat GPT; Krea,Y,,Y,,,
CTD_AI_FDN_WorkerJacket_20260506_3a.mov,CTD_AI_FDN_SafetyGear01,101,Fukushima Nuclear Disaster,2026-05-06,WS,Chat GPT; Krea,Y,,Y,,,
CTD_AI_FDN_WorkerJacket_20260506_3b.mov,CTD_AI_FDN_SafetyGear01,101,Fukushima Nuclear Disaster,2026-05-06,WS,Chat GPT; Krea,Y,,Y,,,
CTD_AI_447_DuboisLeaving_20260507_1a.mov,CTD_AI_447_PilotLeaving01,101,Air France Flight 447,2026-05-07,WS,Chat GPT; Krea,,,Y,,,
CTD_AI_447_DuboisLeaving_20260507_1d.mov,CTD_AI_447_PilotLeaving01,101,Air France Flight 447,2026-05-07,WS,Chat GPT; Krea,,,Y,,,
CTD_AI_447_DuboisLeaving_20260507_2a.mov,CTD_AI_447_PilotLeaving01,101,Air France Flight 447,2026-05-07,WS,Chat GPT; Krea,,,Y,,,
CTD_AI_447_DuboisLeaving_20260507_2b.mov,CTD_AI_447_PilotLeaving01,101,Air France Flight 447,2026-05-07,WS,Chat GPT; Krea,,,Y,,,
CTD_AI_447_DuboisLeaving_20260507_2c.mov,CTD_AI_447_PilotLeaving01,101,Air France Flight 447,2026-05-07,WS,Chat GPT; Krea,,,Y,,,
CTD_AI_447_DuboisLeaving_20260507_3a.mov,CTD_AI_447_PilotLeaving01,101,Air France Flight 447,2026-05-07,WS,Chat GPT; Krea,,,Y,,,
CTD_AI_447_DuboisLeaving_20260507_3b.mov,CTD_AI_447_PilotLeaving01,101,Air France Flight 447,2026-05-07,WS,Chat GPT; Krea,,,Y,,,
CTD_AI_447_DuboisTakesControl_20260507_1a.mov,CTD_AI_447_Realization01,101,Air France Flight 447,2026-05-07,WS,Chat GPT; Krea,,,Y,,,
CTD_AI_447_DuboisTakesControl_20260507_1b.mov,CTD_AI_447_Realization01,101,Air France Flight 447,2026-05-07,WS,Chat GPT; Krea,,,Y,,,
CTD_AI_447_DuboisTakesControl_20260507_1c.mov,CTD_AI_447_Realization01,101,Air France Flight 447,2026-05-07,WS,Chat GPT; Krea,,,Y,,,
CTD_AI_447_DuboisTakesControl_20260507_1d.mov,CTD_AI_447_Realization01,101,Air France Flight 447,2026-05-07,WS,Chat GPT; Krea,,,Y,,,
CTD_AI_447_DuboisTakesControl_20260507_1e.mov,CTD_AI_447_Realization01,101,Air France Flight 447,2026-05-07,WS,Chat GPT; Krea,,,Y,,,
CTD_AI_447_LeftStickClose_20260507_1a.mov,CTD_AI_447_Override01,101,Air France Flight 447,2026-05-07,WS,Chat GPT; Krea,,,Y,,,
CTD_AI_447_LeftStickClose_20260507_1b.mov,CTD_AI_447_Override01,101,Air France Flight 447,2026-05-07,WS,Chat GPT; Krea,,,Y,,,
CTD_AI_447_PFD9000_20260507_1a.mov,CTD_AI_447_9000Ft01,101,Air France Flight 447,2026-05-07,WS,Chat GPT; Krea,,,Y,,,
CTD_AI_447_PFD9000_20260507_1b.mov,CTD_AI_447_9000Ft01,101,Air France Flight 447,2026-05-07,WS,Chat GPT; Krea,,,Y,,,
CTD_AI_447_PFD9000_20260507_1c.mov,CTD_AI_447_9000Ft01,101,Air France Flight 447,2026-05-07,WS,Chat GPT; Krea,,,Y,,,
CTD_AI_447_Planecrash_20260507_1a.mov,CTD_AI_447_AircraftCrashes02,101,Air France Flight 447,2026-05-07,SM,Chat GPT; Krea,,,Y,,,
CTD_AI_447_Planecrash_20260507_1b.mov,CTD_AI_447_AircraftCrashes02,101,Air France Flight 447,2026-05-07,SM,Chat GPT; Krea,,Re-spin Completed,Y,,,
CTD_AI_447_Planecrash_20260507_1c.mov,CTD_AI_447_AircraftCrashes02,101,Air France Flight 447,2026-05-07,SM,Chat GPT; Krea,,,Y,,,
CTD_AI_447_Planecrash_20260507_1d.mov,CTD_AI_447_AircraftCrashes02,101,Air France Flight 447,2026-05-07,SM,Chat GPT; Krea,,,Y,,,
CTD_AI_447_Planecrash_20260507_1h.mov,CTD_AI_447_AircraftCrashes02,101,Air France Flight 447,2026-05-07,SM,Chat GPT; Krea,,,Y,,,
CTD_AI_447_Planecrash_20260507_1i.mov,CTD_AI_447_AircraftCrashes02,101,Air France Flight 447,2026-05-07,SM,Chat GPT; Krea,,,Y,,,
CTD_AI_447_Planecrash_20260507_2a.mov,CTD_AI_447_AircraftCrashes01,101,Air France Flight 447,2026-05-07,SM,Chat GPT; Krea,,,Y,,,
CTD_AI_447_Planecrash_20260507_2b.mov,CTD_AI_447_AircraftCrashes01,101,Air France Flight 447,2026-05-07,SM,Chat GPT; Krea,,Re-spin Completed,Y,,,
CTD_AI_447_Planecrash_20260507_2c.mov,CTD_AI_447_AircraftCrashes01,101,Air France Flight 447,2026-05-07,SM,Chat GPT; Krea,,,Y,,,
CTD_AI_447_Planecrash_20260507_2d.mov,CTD_AI_447_AircraftCrashes01,101,Air France Flight 447,2026-05-07,SM,Chat GPT; Krea,,,Y,,,
CTD_AI_447_Planedive_20260507_1a.mov,CTD_AI_447_GEN_01,101,Air France Flight 447,2026-05-07,SM,Chat GPT; Krea,,,Y,,,
CTD_AI_447_Planedive_20260507_1b.mov,CTD_AI_447_GEN_01,101,Air France Flight 447,2026-05-07,SM,Chat GPT; Krea,,,Y,,,
CTD_AI_447_Planedive_20260507_1c.mov,CTD_AI_447_GEN_01,101,Air France Flight 447,2026-05-07,SM,Chat GPT; Krea,,,Y,,,
CTD_AI_447_Planedive_20260507_1d.mov,CTD_AI_447_GEN_01,101,Air France Flight 447,2026-05-07,SM,Chat GPT; Krea,,,Y,,,
CTD_AI_447_Planemisc_20260507_1a.mov,CTD_AI_447_GEN_01,101,Air France Flight 447,2026-05-07,SM,Chat GPT; Krea,,,Y,,,
CTD_AI_447_Planemisc_20260507_1b.mov,CTD_AI_447_GEN_01,101,Air France Flight 447,2026-05-07,SM,Chat GPT; Krea,,,Y,,,
CTD_AI_447_Planemisc_20260507_1c.mov,CTD_AI_447_GEN_01,101,Air France Flight 447,2026-05-07,SM,Chat GPT; Krea,,Re-spin Completed,Y,,,
CTD_AI_447_Planemisc_20260507_1d.mov,CTD_AI_447_GEN_01,101,Air France Flight 447,2026-05-07,SM,Chat GPT; Krea,,,Y,,,
CTD_AI_447_Planemisc_20260507_1e.mov,CTD_AI_447_GEN_01,101,Air France Flight 447,2026-05-07,SM,Chat GPT; Krea,,Re-spin Completed,Y,,,
CTD_AI_447_Planemisc_20260507_1f.mov,CTD_AI_447_GEN_01,101,Air France Flight 447,2026-05-07,SM,Chat GPT; Krea,,,Y,,,
CTD_AI_447_Planemisc_20260507_1g.mov,CTD_AI_447_GEN_01,101,Air France Flight 447,2026-05-07,SM,Chat GPT; Krea,,,Y,,,
CTD_AI_447_Planemisc_20260507_1h.mov,CTD_AI_447_GEN_01,101,Air France Flight 447,2026-05-07,SM,Chat GPT; Krea,,Re-spin Completed,Y,,,
CTD_AI_447_Planemisc_20260507_1i.mov,CTD_AI_447_GEN_01,101,Air France Flight 447,2026-05-07,SM,Chat GPT; Krea,,,Y,,,
CTD_AI_447_RightStick_20260507_1a.mov,CTD_AI_447_LowersClimb01,101,Air France Flight 447,2026-05-07,WS,Chat GPT; Krea,,,Y,,,
CTD_AI_447_RightStick_20260507_1b.mov,CTD_AI_447_LowersClimb01,101,Air France Flight 447,2026-05-07,WS,Chat GPT; Krea,,PAUSE,Y,,,
CTD_AI_447_RightStick_20260507_1c.mov,CTD_AI_447_LowersClimb01,101,Air France Flight 447,2026-05-07,WS,Chat GPT; Krea,,,Y,,,
CTD_AI_447_RightStick_20260507_1d.mov,CTD_AI_447_LowersClimb01,101,Air France Flight 447,2026-05-07,WS,Chat GPT; Krea,,Re-spin Completed,Y,,,
CTD_AI_447_RightStick_20260507_1e.mov,CTD_AI_447_LowersClimb01,101,Air France Flight 447,2026-05-07,WS,Chat GPT; Krea,,,Y,,,
CTD_AI_447_RightStick_20260507_2a.mov,CTD_AI_447_LowersClimb01,101,Air France Flight 447,2026-05-07,WS,Chat GPT; Krea,,,Y,,,
CTD_AI_447_StormyWindow_20260507_1a.mov,CTD_AI_447_PlaneFalls02,101,Air France Flight 447,2026-05-07,WS,Chat GPT; Krea,,Re-spin Completed,Y,,,
CTD_AI_447_Sunset_20260507_1a.mov,CTD_AI_447_ThreePilots01,101,Air France Flight 447,2026-05-07,WS,Chat GPT; Krea,,,Y,,,
CTD_AI_447_Sunset_20260507_1b.mov,CTD_AI_447_ThreePilots01,101,Air France Flight 447,2026-05-07,WS,Chat GPT; Krea,,Re-spin Completed,Y,,,
CTD_AI_447_Sunset_20260507_2a.mov,CTD_AI_447_ThreePilots01,101,Air France Flight 447,2026-05-07,WS,Chat GPT; Krea,,Re-spin Completed,Y,,,
CTD_AI_447_Sunset_20260507_2b.mov,CTD_AI_447_ThreePilots01,101,Air France Flight 447,2026-05-07,WS,Chat GPT; Krea,,,Y,,,
CTD_AI_447_Warning_20260507_1a.mov,CTD_AI_447_ComputerBlaringStall01,101,Air France Flight 447,2026-05-07,WS,Chat GPT; Krea,,,Y,,,
CTD_AI_447_Warning_20260507_1b.mov,CTD_AI_447_ComputerBlaringStall01,101,Air France Flight 447,2026-05-07,WS,Chat GPT; Krea,,,Y,,,
CTD_AI_447_CaptainLeaves_20260511_1a.mov,CTD_AI_447_PilotLeaving02,101,Air France Flight 447,2026-05-11,WS,Chat GPT; Krea,,,Y,,,
CTD_AI_447_CaptainLeaves_20260511_1b.mov,CTD_AI_447_PilotLeaving02,101,Air France Flight 447,2026-05-11,WS,Chat GPT; Krea,,,Y,,,
CTD_AI_447_CaptainLeaves_20260511_1c.mov,CTD_AI_447_PilotLeaving02,101,Air France Flight 447,2026-05-11,WS,Chat GPT; Krea,,,Y,,,
CTD_AI_447_CaptainLeaves_20260511_1d.mov,CTD_AI_447_PilotLeaving02,101,Air France Flight 447,2026-05-11,WS,Chat GPT; Krea,,,Y,,,
CTD_AI_447_CaptainLeaves_20260511_2a.mov,CTD_AI_447_PilotLeaving02,101,Air France Flight 447,2026-05-11,WS,Chat GPT; Krea,,,Y,,,
CTD_AI_447_FeetApproach_20260511_1a.mov,CTD_AI_447_PilotReturns,101,Air France Flight 447,2026-05-11,WS,Chat GPT; Krea,,Re-spin Completed,Y,,,
CTD_AI_447_FeetApproach_20260511_1b.mov,CTD_AI_447_PilotReturns,101,Air France Flight 447,2026-05-11,WS,Chat GPT; Krea,,,Y,,,
CTD_AI_447_FeetApproach_20260511_1c.mov,CTD_AI_447_PilotReturns,101,Air France Flight 447,2026-05-11,WS,Chat GPT; Krea,,,Y,,,
CTD_AI_447_FeetApproach_20260511_1d.mov,CTD_AI_447_PilotReturns,101,Air France Flight 447,2026-05-11,WS,Chat GPT; Krea,,,Y,,,
CTD_AI_447_FranticControl_20260511_1a.mov,CTD_AI_447_ComputerBlaring02,101,Air France Flight 447,2026-05-11,WS,Chat GPT; Krea,,,Y,,,
CTD_AI_447_FranticControl_20260511_1b.mov,CTD_AI_447_ComputerBlaring02,101,Air France Flight 447,2026-05-11,WS,Chat GPT; Krea,,Re-spin Completed,Y,,,
CTD_AI_447_FranticControl_20260511_1c.mov,CTD_AI_447_ComputerBlaring02,101,Air France Flight 447,2026-05-11,WS,Chat GPT; Krea,,Re-spin Completed,Y,,,
CTD_AI_447_HailCloud_20260511_1a.mov,CTD_AI_447_WindshieldCloud01,101,Air France Flight 447,2026-05-11,WS,Chat GPT; Krea,,Re-spin Completed,Y,,,
CTD_AI_447_HailCloud_20260511_1b.mov,CTD_AI_447_WindshieldCloud01,101,Air France Flight 447,2026-05-11,WS,Chat GPT; Krea,,,Y,,,
CTD_AI_447_OTSCaptain_20260511_1a.mov,CTD_AI_447_PilotReturns,101,Air France Flight 447,2026-05-11,WS,Chat GPT; Krea,,,Y,,,
CTD_AI_447_OTSCaptain_20260511_1b.mov,CTD_AI_447_PilotReturns,101,Air France Flight 447,2026-05-11,WS,Chat GPT; Krea,,,Y,,,
CTD_AI_447_RobertControl_20260511_1a.mov,CTD_AI_447_FaultySystem,101,Air France Flight 447,2026-05-11,WS,Chat GPT; Krea,,,Y,,,
CTD_AI_447_RobertControl_20260511_1b.mov,CTD_AI_447_FaultySystem,101,Air France Flight 447,2026-05-11,WS,Chat GPT; Krea,,,Y,,,
CTD_AI_447_RobertControl_20260511_1c.mov,CTD_AI_447_FaultySystem,101,Air France Flight 447,2026-05-11,WS,Chat GPT; Krea,,,Y,,,
CTD_AI_447_RobertControl_20260511_1d.mov,CTD_AI_447_FaultySystem,101,Air France Flight 447,2026-05-11,WS,Chat GPT; Krea,,,Y,,,
CTD_AI_447_StormyWindow_20260511_1a.mov,CTD_AI_447_WindshieldCloud01,101,Air France Flight 447,2026-05-11,WS,Chat GPT; Krea,,,Y,,,
CTD_AI_447_Taildown_20260511_1a.mov,CTD_AI_447_PlanePlummets02,101,Air France Flight 447,2026-05-11,SM,Chat GPT; Krea,,,Y,,,
CTD_AI_447_Taildown_20260511_1b.mov,CTD_AI_447_PlanePlummets02,101,Air France Flight 447,2026-05-11,SM,Chat GPT; Krea,,,Y,,,
CTD_AI_447_Taildown_20260511_1c.mov,CTD_AI_447_PlanePlummets02,101,Air France Flight 447,2026-05-11,SM,Chat GPT; Krea,,,Y,,,
CTD_AI_447_Taildown_20260511_1d.mov,CTD_AI_447_PlanePlummets02,101,Air France Flight 447,2026-05-11,SM,Chat GPT; Krea,,,Y,,,
CTD_AI_447_Taildown_20260511_1e.mov,CTD_AI_447_PlanePlummets02,101,Air France Flight 447,2026-05-11,SM,Chat GPT; Krea,,Re-spin Completed,Y,,,
CTD_AI_CHF_CUMiscRain_20260511_1a.mov,CTD_AI_CHF_HeavyRain,101,China Floods,2026-05-11,SM,Chat GPT; Krea,,,Y,,,
CTD_AI_CHF_CUMiscRain_20260511_1b.mov,CTD_AI_CHF_HeavyRain,101,China Floods,2026-05-11,SM,Chat GPT; Krea,,,Y,,,
CTD_AI_CHF_CUMiscRain_20260511_1c.mov,CTD_AI_CHF_HeavyRain,101,China Floods,2026-05-11,SM,Chat GPT; Krea,,,Y,,,
CTD_AI_CHF_CUMiscRain_20260511_1d.mov,CTD_AI_CHF_HeavyRain,101,China Floods,2026-05-11,SM,Chat GPT; Krea,,,Y,,,
CTD_AI_CHF_CUMiscRain_20260511_1e.mov,CTD_AI_CHF_HeavyRain,101,China Floods,2026-05-11,SM,Chat GPT; Krea,,,Y,,,
CTD_AI_CHF_Caravan_20260511_1a.mov,CTD_AI_CHF_FarmlandFloods,101,China Floods,2026-05-11,SM,Chat GPT; Krea,,,Y,,,
CTD_AI_CHF_Caravan_20260511_1b.mov,CTD_AI_CHF_FarmlandFloods,101,China Floods,2026-05-11,SM,Chat GPT; Krea,,,Y,,,
CTD_AI_CHF_Caravan_20260511_1c.mov,CTD_AI_CHF_FarmlandFloods,101,China Floods,2026-05-11,SM,Chat GPT; Krea,,,Y,,,
CTD_AI_CHF_Caravan_20260511_2a.mov,CTD_AI_CHF_FarmlandFloods,101,China Floods,2026-05-11,SM,Chat GPT; Krea,,,Y,,,
CTD_AI_CHF_FloodedHut_20260511_1a.mov,CTD_AI_CHF_HeavyRain,101,China Floods,2026-05-11,SM,Chat GPT; Krea,,,Y,,,
CTD_AI_CHF_FloodedHut_20260511_1b.mov,CTD_AI_CHF_HeavyRain,101,China Floods,2026-05-11,SM,Chat GPT; Krea,,,Y,,,
CTD_AI_CHF_FloodedHut_20260511_1c.mov,CTD_AI_CHF_HeavyRain,101,China Floods,2026-05-11,SM,Chat GPT; Krea,,,Y,,,
CTD_AI_CHF_FloodedHut_20260511_1d.mov,CTD_AI_CHF_HeavyRain,101,China Floods,2026-05-11,SM,Chat GPT; Krea,,,Y,,,
CTD_AI_CHF_FloodedHut_20260511_1e.mov,CTD_AI_CHF_HeavyRain,101,China Floods,2026-05-11,SM,Chat GPT; Krea,,,Y,,,
CTD_AI_CHF_FloodedHut_20260511_1f.mov,CTD_AI_CHF_HeavyRain,101,China Floods,2026-05-11,SM,Chat GPT; Krea,,,Y,,,
CTD_AI_CHF_FloodedHut_20260511_1g.mov,CTD_AI_CHF_HeavyRain,101,China Floods,2026-05-11,SM,Chat GPT; Krea,,,Y,,,
CTD_AI_CHF_FloodedHut_20260511_1h.mov,CTD_AI_CHF_HeavyRain,101,China Floods,2026-05-11,SM,Chat GPT; Krea,,Re-spin Completed,Y,,,
CTD_AI_CHF_FloodedHut_20260511_1j.mov,CTD_AI_CHF_HeavyRain,101,China Floods,2026-05-11,SM,Chat GPT; Krea,,,Y,,,
CTD_AI_CHF_FloodedHut_20260511_1k.mov,CTD_AI_CHF_HeavyRain,101,China Floods,2026-05-11,SM,Chat GPT; Krea,,,Y,,,
CTD_AI_CHF_FloodedHut_20260511_2a.mov,CTD_AI_CHF_HeavyRain,101,China Floods,2026-05-11,SM,Chat GPT; Krea,,,Y,,,
CTD_AI_CHF_FloodedHut_20260511_2b.mov,CTD_AI_CHF_HeavyRain,101,China Floods,2026-05-11,SM,Chat GPT; Krea,,,Y,,,
CTD_AI_CHF_FloodedHut_20260511_3a.mov,CTD_AI_CHF_HeavyRain,101,China Floods,2026-05-11,SM,Chat GPT; Krea,,,Y,,,
CTD_AI_CHF_FloodedHut_20260511_3b.mov,CTD_AI_CHF_HeavyRain,101,China Floods,2026-05-11,SM,Chat GPT; Krea,,,Y,,,
CTD_AI_CHF_FloodedHut_20260511_3d.mov,CTD_AI_CHF_HeavyRain,101,China Floods,2026-05-11,SM,Chat GPT; Krea,,,Y,,,
CTD_AI_CHF_FloodedHut_20260511_3e.mov,CTD_AI_CHF_HeavyRain,101,China Floods,2026-05-11,SM,Chat GPT; Krea,,,Y,,,
CTD_AI_CHF_FloodedHut_20260511_5a.mov,CTD_AI_CHF_HeavyRain,101,China Floods,2026-05-11,SM,Chat GPT; Krea,,Re-spin Completed,Y,,,
CTD_AI_CHF_River_20260511_1a.mov,CTD_AI_CHF_MeltingSnow03,101,China Floods,2026-05-11,SM,Chat GPT; Krea,,,Y,,,
CTD_AI_CHF_River_20260511_1b.mov,CTD_AI_CHF_MeltingSnow03,101,China Floods,2026-05-11,SM,Chat GPT; Krea,,,Y,,,
CTD_AI_CHF_River_20260511_1c.mov,CTD_AI_CHF_MeltingSnow03,101,China Floods,2026-05-11,SM,Chat GPT; Krea,,,Y,,,
CTD_AI_CHF_River_20260511_1d.mov,CTD_AI_CHF_MeltingSnow03,101,China Floods,2026-05-11,SM,Chat GPT; Krea,,,Y,,,
CTD_AI_CHF_River_20260511_1e.mov,CTD_AI_CHF_MeltingSnow03,101,China Floods,2026-05-11,SM,Chat GPT; Krea,,,Y,,,
CTD_AI_CHF_River_20260511_1g.mov,CTD_AI_CHF_MeltingSnow03,101,China Floods,2026-05-11,SM,Chat GPT; Krea,,,Y,,,
CTD_AI_CHF_River_20260511_2a.mov,CTD_AI_CHF_MeltingSnow03,101,China Floods,2026-05-11,SM,Chat GPT; Krea,,,Y,,,
CTD_AI_CHF_River_20260511_2b.mov,CTD_AI_CHF_MeltingSnow03,101,China Floods,2026-05-11,SM,Chat GPT; Krea,,,Y,,,
CTD_AI_CHF_River_20260511_2c.mov,CTD_AI_CHF_MeltingSnow03,101,China Floods,2026-05-11,SM,Chat GPT; Krea,,,Y,,,
CTD_AI_CHF_River_20260511_2f.mov,CTD_AI_CHF_MeltingSnow03,101,China Floods,2026-05-11,SM,Chat GPT; Krea,,,Y,,,
CTD_AI_CHF_River_20260511_3a.mov,CTD_AI_CHF_MeltingSnow03,101,China Floods,2026-05-11,SM,Chat GPT; Krea,,,Y,,,
CTD_AI_CHF_River_20260511_3b.mov,CTD_AI_CHF_MeltingSnow03,101,China Floods,2026-05-11,SM,Chat GPT; Krea,,,Y,,,
CTD_AI_CHF_River_20260511_3d.mov,CTD_AI_CHF_MeltingSnow03,101,China Floods,2026-05-11,SM,Chat GPT; Krea,,,Y,,,
CTD_AI_CHF_River_20260511_3e.mov,CTD_AI_CHF_MeltingSnow03,101,China Floods,2026-05-11,SM,Chat GPT; Krea,,,Y,,,
CTD_AI_CHF_River_20260511_3f.mov,CTD_AI_CHF_MeltingSnow03,101,China Floods,2026-05-11,SM,Chat GPT; Krea,,,Y,,,
CTD_AI_CHF_River_20260511_3g.mov,CTD_AI_CHF_MeltingSnow03,101,China Floods,2026-05-11,SM,Chat GPT; Krea,,,Y,,,
CTD_AI_CHF_TownFlood_20260511_1a.mov,CTD_AI_CHF_StormHits,101,China Floods,2026-05-11,SM,Chat GPT; Krea,,,Y,,,
CTD_AI_CHF_TownFlood_20260511_2a.mov,CTD_AI_CHF_StormHits,101,China Floods,2026-05-11,SM,Chat GPT; Krea,,,Y,,,
CTD_AI_CHF_TownFlood_20260511_2b.mov,CTD_AI_CHF_StormHits,101,China Floods,2026-05-11,SM,Chat GPT; Krea,,,Y,,,
CTD_AI_CHF_TownFlood_20260511_2c.mov,CTD_AI_CHF_StormHits,101,China Floods,2026-05-11,SM,Chat GPT; Krea,,,Y,,,
CTD_AI_CHF_TownFlood_20260511_2d.mov,CTD_AI_CHF_StormHits,101,China Floods,2026-05-11,SM,Chat GPT; Krea,,,Y,,,
CTD_AI_CHF_TownFlood_20260511_3a.mov,CTD_AI_CHF_StormHits,101,China Floods,2026-05-11,SM,Chat GPT; Krea,,,Y,,,
CTD_AI_CHF_TownFlood_20260511_4a.mov,CTD_AI_CHF_StormHits,101,China Floods,2026-05-11,SM,Chat GPT; Krea,,,Y,,,
CTD_AI_CHF_TownFlood_20260511_5a.mov,CTD_AI_CHF_StormHits,101,China Floods,2026-05-11,SM,Chat GPT; Krea,,,Y,,,
CTD_AI_CHF_TownFlood_20260511_5b.mov,CTD_AI_CHF_StormHits,101,China Floods,2026-05-11,SM,Chat GPT; Krea,,,Y,,,
CTD_AI_CHF_TownFlood_20260511_6a.mov,CTD_AI_CHF_StormHits,101,China Floods,2026-05-11,SM,Chat GPT; Krea,,Re-spin Completed,Y,,,
CTD_AI_CHF_TownWide_20260511_1a.mov,CTD_AI_CHF_StormHits,101,China Floods,2026-05-11,SM,Chat GPT; Krea,,Re-spin Completed,Y,,,
CTD_AI_CHF_TownWide_20260511_1b.mov,CTD_AI_CHF_StormHits,101,China Floods,2026-05-11,SM,Chat GPT; Krea,,,Y,,,
CTD_AI_CHF_TownWide_20260511_1c.mov,CTD_AI_CHF_StormHits,101,China Floods,2026-05-11,SM,Chat GPT; Krea,,,Y,,,
CTD_AI_CHF_TownWide_20260511_1d.mov,CTD_AI_CHF_StormHits,101,China Floods,2026-05-11,SM,Chat GPT; Krea,,,Y,,,
CTD_AI_CHF_TownWide_20260511_2b.mov,CTD_AI_CHF_StormHits,101,China Floods,2026-05-11,SM,Chat GPT; Krea,,,Y,,,
CTD_AI_CHF_TownWide_20260511_2c.mov,CTD_AI_CHF_StormHits,101,China Floods,2026-05-11,SM,Chat GPT; Krea,,,Y,,,
CTD_AI_CHF_TownWide_20260511_2d.mov,CTD_AI_CHF_StormHits,101,China Floods,2026-05-11,SM,Chat GPT; Krea,,,Y,,,
CTD_AI_FDN_ReactorExplosion_20260511_1b.mov,CTD_AI_FDN_Reactor1Explosion01,101,Fukushima Nuclear Disaster,2026-05-11,SM,Chat GPT; Krea,,,Y,,,
CTD_AI_FDN_ReactorExplosion_20260511_1c.mov,CTD_AI_FDN_Reactor1Explosion01,101,Fukushima Nuclear Disaster,2026-05-11,SM,Chat GPT; Krea,,,Y,,,
CTD_AI_FDN_ReactorExplosion_20260511_1d.mov,CTD_AI_FDN_Reactor1Explosion01,101,Fukushima Nuclear Disaster,2026-05-11,SM,Chat GPT; Krea,,,Y,,,
CTD_AI_FDN_ReactorExplosion_20260511_1e.mov,CTD_AI_FDN_Reactor1Explosion01,101,Fukushima Nuclear Disaster,2026-05-11,SM,Chat GPT; Krea,,,Y,,,
CTD_AI_FDN_ReactorExplosion_20260511_2a.mov,CTD_AI_FDN_Reactor1Explosion01,101,Fukushima Nuclear Disaster,2026-05-11,SM,Chat GPT; Krea,,,Y,,,
CTD_AI_FDN_ReactorExplosion_20260511_2b.mov,CTD_AI_FDN_Reactor1Explosion01,101,Fukushima Nuclear Disaster,2026-05-11,SM,Chat GPT; Krea,,,Y,,,
CTD_AI_FDN_ReactorExplosion_20260511_2c.mov,CTD_AI_FDN_Reactor1Explosion01,101,Fukushima Nuclear Disaster,2026-05-11,SM,Chat GPT; Krea,,,Y,,,
CTD_AI_FDN_ReactorExplosion_20260511_2d.mov,CTD_AI_FDN_Reactor1Explosion01,101,Fukushima Nuclear Disaster,2026-05-11,SM,Chat GPT; Krea,,,Y,,,
CTD_AI_FDN_ReactorExplosion_20260511_2e.mov,CTD_AI_FDN_Reactor1Explosion01,101,Fukushima Nuclear Disaster,2026-05-11,SM,Chat GPT; Krea,,,Y,,,
CTD_AI_FDN_ReactorExplosion_20260511_2f.mov,CTD_AI_FDN_Reactor1Explosion01,101,Fukushima Nuclear Disaster,2026-05-11,SM,Chat GPT; Krea,,,Y,,,
CTD_AI_FDN_ReactorExplosion_20260511_3a.mov,CTD_AI_FDN_Reactor1Explosion01,101,Fukushima Nuclear Disaster,2026-05-11,SM,Chat GPT; Krea,,,Y,,,
CTD_AI_FDN_ReactorExplosion_20260511_3b.mov,CTD_AI_FDN_Reactor1Explosion01,101,Fukushima Nuclear Disaster,2026-05-11,SM,Chat GPT; Krea,,,Y,,,
CTD_AI_FDN_ReactorExplosion_20260511_3c.mov,CTD_AI_FDN_Reactor1Explosion01,101,Fukushima Nuclear Disaster,2026-05-11,SM,Chat GPT; Krea,,,Y,,,
CTD_AI_FDN_ReactorExplosion_20260511_3d.mov,CTD_AI_FDN_Reactor1Explosion01,101,Fukushima Nuclear Disaster,2026-05-11,SM,Chat GPT; Krea,,,Y,,,
CTD_AI_FDN_ReactorExplosion_20260511_3e.mov,CTD_AI_FDN_Reactor1Explosion01,101,Fukushima Nuclear Disaster,2026-05-11,SM,Chat GPT; Krea,,,Y,,,
CTD_AI_FDN_ReactorExplosion_20260511_3f.mov,CTD_AI_FDN_Reactor1Explosion01,101,Fukushima Nuclear Disaster,2026-05-11,SM,Chat GPT; Krea,,,Y,,,
CTD_AI_FDN_ReactorExplosion_20260511_3g.mov,CTD_AI_FDN_Reactor1Explosion01,101,Fukushima Nuclear Disaster,2026-05-11,SM,Chat GPT; Krea,,,Y,,,
CTD_AI_FDN_ReactorExplosion_20260511_3h.mov,CTD_AI_FDN_Reactor1Explosion01,101,Fukushima Nuclear Disaster,2026-05-11,SM,Chat GPT; Krea,,,Y,,,
CTD_AI_FDN_ReactorExplosion_20260511_3i.mov,CTD_AI_FDN_Reactor1Explosion01,101,Fukushima Nuclear Disaster,2026-05-11,SM,Chat GPT; Krea,,,Y,,,
CTD_AI_FDN_ReactorExplosion_20260511_3j.mov,CTD_AI_FDN_Reactor1Explosion01,101,Fukushima Nuclear Disaster,2026-05-11,SM,Chat GPT; Krea,,,Y,,,
CTD_AI_FDN_ReactorExplosion_20260511_4a.mov,CTD_AI_FDN_Reactor1Explosion01,101,Fukushima Nuclear Disaster,2026-05-11,SM,Chat GPT; Krea,,,Y,,,
CTD_AI_FDN_ReactorExplosion_20260511_4b.mov,CTD_AI_FDN_Reactor1Explosion01,101,Fukushima Nuclear Disaster,2026-05-11,SM,Chat GPT; Krea,,,Y,,,
CTD_AI_FDN_ReactorExplosion_20260511_5a.mov,CTD_AI_FDN_Reactor1Explosion01,101,Fukushima Nuclear Disaster,2026-05-11,SM,Chat GPT; Krea,,,Y,,,
CTD_AI_FDN_ReactorExplosion_20260511_5b.mov,CTD_AI_FDN_Reactor1Explosion01,101,Fukushima Nuclear Disaster,2026-05-11,SM,Chat GPT; Krea,,,Y,,,
CTD_AI_FDN_ReactorExplosion_20260511_5c.mov,CTD_AI_FDN_Reactor1Explosion01,101,Fukushima Nuclear Disaster,2026-05-11,SM,Chat GPT; Krea,,,Y,,,
CTD_AI_FDN_ReactorExplosion_20260511_5d.mov,CTD_AI_FDN_Reactor1Explosion01,101,Fukushima Nuclear Disaster,2026-05-11,SM,Chat GPT; Krea,,,Y,,,
CTD_AI_FDN_ReactorExplosion_20260511_5e.mov,CTD_AI_FDN_Reactor1Explosion01,101,Fukushima Nuclear Disaster,2026-05-11,SM,Chat GPT; Krea,,PAUSE,Y,,,
CTD_AI_FDN_ReactorExplosion_20260511_6a.mov,CTD_AI_FDN_Reactor1Explosion01,101,Fukushima Nuclear Disaster,2026-05-11,SM,Chat GPT; Krea,,,Y,,,
CTD_AI_TXC_BurningBag_20260511_1a.mov,CTD_AI_TXC_PressureBuilds,101,Texas City Disaster,2026-05-11,WS,Chat GPT; Krea,,,Y,,,
CTD_AI_TXC_BurningBag_20260511_1b.mov,CTD_AI_TXC_PressureBuilds,101,Texas City Disaster,2026-05-11,WS,Chat GPT; Krea,,,Y,,,
CTD_AI_TXC_BurningBag_20260511_2a.mov,CTD_AI_TXC_PressureBuilds,101,Texas City Disaster,2026-05-11,WS,Chat GPT; Krea,,Re-spin Completed,Y,,,
CTD_AI_TXC_BurningBag_20260511_2b.mov,CTD_AI_TXC_PressureBuilds,101,Texas City Disaster,2026-05-11,WS,Chat GPT; Krea,,,Y,,,
CTD_AI_TXC_BurningBag_20260511_3a.mov,CTD_AI_TXC_PressureBuilds,101,Texas City Disaster,2026-05-11,WS,Chat GPT; Krea,,,Y,,,
CTD_AI_TXC_MovingBags_20260511_1a.mov,CTD_AI_TXC_BurningInShip01,101,Texas City Disaster,2026-05-11,WS,Chat GPT; Krea,,Re-spin Completed,Y,,,
CTD_AI_TXC_POVFindingBurningBag_20260511_1a.mov,CTD_AI_TXC_CargoHoldFertilizer02,101,Texas City Disaster,2026-05-11,WS,Chat GPT; Krea,,Re-spin Completed,Y,,,
CTD_AI_TXC_POVFindingBurningBag_20260511_2a.mov,CTD_AI_TXC_BurningInShip02,101,Texas City Disaster,2026-05-11,WS,Chat GPT; Krea,,,Y,,,
CTD_AI_TXC_POVFindingBurningBag_20260511_2b.mov,CTD_AI_TXC_BurningInShip02,101,Texas City Disaster,2026-05-11,WS,Chat GPT; Krea,,Re-spin Completed,Y,,,
CTD_AI_TXC_PortFire_20260511_1a.mov,CTD_AI_TXC_GEN,101,Texas City Disaster,2026-05-11,WS,Chat GPT; Krea,,,Y,,,
CTD_AI_TXC_PortFire_20260511_1b.mov,CTD_AI_TXC_GEN,101,Texas City Disaster,2026-05-11,WS,Chat GPT; Krea,,,Y,,,
CTD_AI_TXC_PortFire_20260511_1c.mov,CTD_AI_TXC_GEN,101,Texas City Disaster,2026-05-11,WS,Chat GPT; Krea,,,Y,,,
CTD_AI_TXC_WaterBucket_20260511_1a.mov,CTD_AI_TXC_FightingFire01,101,Texas City Disaster,2026-05-11,WS,Chat GPT; Krea,,Re-spin Completed,Y,,,
CTD_AI_TXC_WaterBucket_20260511_1b.mov,CTD_AI_TXC_FightingFire01,101,Texas City Disaster,2026-05-11,WS,Chat GPT; Krea,,,Y,,,
CTD_AI_TXC_WaterBucket_20260511_2a.mov,CTD_AI_TXC_FightingFire02,101,Texas City Disaster,2026-05-11,WS,Chat GPT; Krea,,Re-spin Completed,Y,,,
CTD_AI_TXC_WaterBucket_20260511_3a.mov,CTD_AI_TXC_FightingFire01,101,Texas City Disaster,2026-05-11,WS,Chat GPT; Krea,,,Y,,,
CTD_AI_TXC_WindowCrack_20260511_1a.mov,CTD_AI_TXC_Houston,101,Texas City Disaster,2026-05-11,WS,Chat GPT; Krea,,,Y,,,
CTD_AI_447_CUFlightControls_20260512_1a.mov,CTD_AI_447_BoninControls01,101,Air France Flight 447,2026-05-12,WS,Chat GPT; Krea,Y,,Y,,,
CTD_AI_447_CUFlightControls_20260512_1b.mov,CTD_AI_447_BoninControls01,101,Air France Flight 447,2026-05-12,WS,Chat GPT; Krea,Y,,Y,,,
CTD_AI_447_CUFlightControls_20260512_1c.mov,CTD_AI_447_BoninControls01,101,Air France Flight 447,2026-05-12,WS,Chat GPT; Krea,Y,,Y,,,
CTD_AI_447_FlightControls_20260512_1a.mov,CTD_AI_447_Stall02,101,Air France Flight 447,2026-05-12,WS,Chat GPT; Krea,,,Y,,,
CTD_AI_447_FlightControls_20260512_1b.mov,CTD_AI_447_Stall02,101,Air France Flight 447,2026-05-12,WS,Chat GPT; Krea,,,Y,,,
CTD_AI_447_FlightControls_20260512_1c.mov,CTD_AI_447_Stall02,101,Air France Flight 447,2026-05-12,WS,Chat GPT; Krea,,,Y,,,
CTD_AI_447_FlightControls_20260512_1d.mov,CTD_AI_447_Stall02,101,Air France Flight 447,2026-05-12,WS,Chat GPT; Krea,,,Y,,,
CTD_AI_447_FlightControls_20260512_1e.mov,CTD_AI_447_Stall02,101,Air France Flight 447,2026-05-12,WS,Chat GPT; Krea,,,Y,,,
CTD_AI_447_FlightControls_20260512_1f.mov,CTD_AI_447_Stall02,101,Air France Flight 447,2026-05-12,WS,Chat GPT; Krea,,Re-spin Completed,Y,,,
CTD_AI_447_HailWindow_20260512_1a.mov,CTD_AI_447_WindshieldCloud02,101,Air France Flight 447,2026-05-12,WS,Chat GPT; Krea,,,Y,,,
CTD_AI_447_HailWindow_20260512_1b.mov,CTD_AI_447_WindshieldCloud02,101,Air France Flight 447,2026-05-12,WS,Chat GPT; Krea,,Re-spin Completed,Y,,,
CTD_AI_447_MasterWarn_20260512_1a.mov,CTD_AI_447_WarningAutoPilotOff,101,Air France Flight 447,2026-05-12,WS,Chat GPT; Krea,,,Y,,,
CTD_AI_447_MasterWarn_20260512_1b.mov,CTD_AI_447_WarningAutoPilotOff,101,Air France Flight 447,2026-05-12,WS,Chat GPT; Krea,,,Y,,,
CTD_AI_447_MasterWarn_20260512_1c.mov,CTD_AI_447_WarningAutoPilotOff,101,Air France Flight 447,2026-05-12,WS,Chat GPT; Krea,,,Y,,,
CTD_AI_447_MasterWarn_20260512_1d.mov,CTD_AI_447_WarningAutoPilotOff,101,Air France Flight 447,2026-05-12,WS,Chat GPT; Krea,,,Y,,,
CTD_AI_HIN_BracingWire01_20260513_1a.mov,CTD_AI_HIN_BracingWire01,101,Hindenburg,2026-05-12,SM,Chat GPT; Krea,,,Y,,,
CTD_AI_HIN_BracingWire01_20260513_1b.mov,CTD_AI_HIN_BracingWire01,101,Hindenburg,2026-05-12,SM,Chat GPT; Krea,,,Y,,,
CTD_AI_HIN_BracingWire02_20260513_2a.mov,CTD_AI_HIN_BracingWire02,101,Hindenburg,2026-05-12,SM,Chat GPT; Krea,,,Y,,,
CTD_AI_HIN_BracingWire02_20260513_2b.mov,CTD_AI_HIN_BracingWire02,101,Hindenburg,2026-05-12,SM,Chat GPT; Krea,,,Y,,,
CTD_AI_HIN_CottonSkin_20260512.mov,CTD_AI_HIN_CottonSkin,101,Hindenburg,2026-05-12,SM,Chat GPT; Krea,,,Y,,,
CTD_AI_HIN_Enlarging_20260512_1a.mov,CTD_AI_HIN_Enlarging,101,Hindenburg,2026-05-12,SM,Chat GPT; Krea,,,Y,,,
CTD_AI_HIN_Enlarging_20260512_1b.mov,CTD_AI_HIN_Enlarging,101,Hindenburg,2026-05-12,SM,Chat GPT; Krea,,,Y,,,
CTD_AI_HIN_GassingUp_20260512_1a.mov,CTD_AI_HIN_GassingUp,101,Hindenburg,2026-05-12,SM,Chat GPT; Krea,,Re-spin Completed,Y,,,
CTD_AI_HIN_GassingUp_20260512_1b.mov,CTD_AI_HIN_GassingUp,101,Hindenburg,2026-05-12,SM,Chat GPT; Krea,,Re-spin Completed,Y,,,
CTD_AI_HIN_HinConstruction_20260512_2a.mov,CTD_AI_HIN_HinConstruction,101,Hindenburg,2026-05-12,SM,Chat GPT; Krea,,Re-spin Completed,Y,,,
CTD_AI_HIN_HinConstruction_20260512_2b.mov,CTD_AI_HIN_HinConstruction,101,Hindenburg,2026-05-12,SM,Chat GPT; Krea,,Re-spin Completed,Y,,,
CTD_AI_HIN_MooringTower_20260512.mov,CTD_AI_HIN_MooringTower,101,Hindenburg,2026-05-12,SM,Chat GPT; Krea,,,Y,,,
CTD_AI_HIN_Spark_20260512.mov,CTD_AI_HIN_Spark,101,Hindenburg,2026-05-12,SM,Chat GPT; Krea,,,Y,,,
CTD_AI_HIN_StaticElectricity01_20260512_01a.mov,CTD_AI_HIN_StaticElectricity01,101,Hindenburg,2026-05-12,SM,Chat GPT; Krea,,,Y,,,
CTD_AI_HIN_StaticElectricity01_20260512_01b.mov,CTD_AI_HIN_StaticElectricity01,101,Hindenburg,2026-05-12,SM,Chat GPT; Krea,,,Y,,,
CTD_AI_HIN_StaticElectricity02_20260513_2a.mov,CTD_AI_HIN_StaticElectricity02,101,Hindenburg,2026-05-12,SM,Chat GPT; Krea,,,Y,,,
CTD_AI_HIN_StaticElectricity02_20260513_2b.mov,CTD_AI_HIN_StaticElectricity02,101,Hindenburg,2026-05-12,SM,Chat GPT; Krea,,,Y,,,
CTD_AI_HIN_ThrowingRopes_20260513_1a.mov,CTD_AI_HIN_ThrowingRopes,101,Hindenburg,2026-05-12,SM,Chat GPT; Krea,,Re-spin Completed,Y,,,
CTD_AI_HIN_WeatherReport_20260513_1a.mov,CTD_AI_HIN_WeatherReport,101,Hindenburg,2026-05-12,SM,Chat GPT; Krea,,,Y,,,
CTD_AI_447_CabinArmrest_20260514_1a.mov,CTD_AI_447_CabinPanic02,101,Air France Flight 447,2026-05-14,WS,Chat GPT; Krea,,Re-spin Completed,Y,,,
CTD_AI_447_CabinArmrest_20260514_1b.mov,CTD_AI_447_CabinPanic02,101,Air France Flight 447,2026-05-14,WS,Chat GPT; Krea,,,Y,,,
CTD_AI_447_CabinBlanket_20260514_1a.mov,CTD_AI_447_CabinPanic03,101,Air France Flight 447,2026-05-14,WS,Chat GPT; Krea,,,Y,,,
CTD_AI_447_CabinBlanket_20260514_1b.mov,CTD_AI_447_CabinPanic03,101,Air France Flight 447,2026-05-14,WS,Chat GPT; Krea,,,Y,,,
CTD_AI_447_CabinHeadrest_20260514_1a.mov,CTD_AI_447_CabinPanic04,101,Air France Flight 447,2026-05-14,WS,Chat GPT; Krea,,,Y,,,
CTD_AI_447_CabinHeadrest_20260514_1b.mov,CTD_AI_447_CabinPanic04,101,Air France Flight 447,2026-05-14,WS,Chat GPT; Krea,,,Y,,,
CTD_AI_447_CalmCabin_20260514_1a.mov,CTD_AI_447_GEN_01,101,Air France Flight 447,2026-05-14,WS,Chat GPT; Krea,,,Y,,,
CTD_AI_447_CalmCabin_20260514_1b.mov,CTD_AI_447_GEN_01,101,Air France Flight 447,2026-05-14,WS,Chat GPT; Krea,,,Y,,,
CTD_AI_447_CalmCabin_20260514_1c.mov,CTD_AI_447_GEN_01,101,Air France Flight 447,2026-05-14,WS,Chat GPT; Krea,,,Y,,,
CTD_AI_447_HandOnArm_20260514_1a.mov,CTD_AI_447_PilotsPanicking05,101,Air France Flight 447,2026-05-14,WS,Chat GPT; Krea,,,Y,,,
CTD_AI_447_HandOnArm_20260514_1b.mov,CTD_AI_447_PilotsPanicking05,101,Air France Flight 447,2026-05-14,WS,Chat GPT; Krea,,,Y,,,
CTD_AI_447_HandOnArm_20260514_2a.mov,CTD_AI_447_PilotsPanicking05,101,Air France Flight 447,2026-05-14,WS,Chat GPT; Krea,,,Y,,,
CTD_AI_447_HandOnLeg_20260514_1a.mov,CTD_AI_447_PilotsPanicking03,101,Air France Flight 447,2026-05-14,WS,Chat GPT; Krea,,,Y,,,
CTD_AI_447_HandOnLeg_20260514_2a.mov,CTD_AI_447_PilotsPanicking03,101,Air France Flight 447,2026-05-14,WS,Chat GPT; Krea,,Re-spin Completed,Y,,,
CTD_AI_447_HandOnLeg_20260514_2b.mov,CTD_AI_447_PilotsPanicking03,101,Air France Flight 447,2026-05-14,WS,Chat GPT; Krea,,,Y,,,
CTD_AI_447_HandsPointing_20260514_1a.mov,CTD_AI_447_PilotsPanicking04,101,Air France Flight 447,2026-05-14,WS,Chat GPT; Krea,,,Y,,,
CTD_AI_447_HandsPointing_20260514_1b.mov,CTD_AI_447_PilotsPanicking04,101,Air France Flight 447,2026-05-14,WS,Chat GPT; Krea,,,Y,,,
CTD_AI_447_IsleWaterBottle_20260514_1a.mov,CTD_AI_447_CabinPanic01,101,Air France Flight 447,2026-05-14,WS,Chat GPT; Krea,,,Y,,,
CTD_AI_447_IsleWaterBottle_20260514_1b.mov,CTD_AI_447_CabinPanic01,101,Air France Flight 447,2026-05-14,WS,Chat GPT; Krea,,,Y,,,
CTD_AI_447_IsleWaterBottle_20260514_1c.mov,CTD_AI_447_CabinPanic01,101,Air France Flight 447,2026-05-14,WS,Chat GPT; Krea,,,Y,,,
CTD_AI_447_IsleWaterBottle_20260514_2a.mov,CTD_AI_447_CabinPanic01,101,Air France Flight 447,2026-05-14,WS,Chat GPT; Krea,,,Y,,,
CTD_AI_447_Isle_20260514_1a.mov,CTD_AI_447_CabinPanic01,101,Air France Flight 447,2026-05-14,WS,Chat GPT; Krea,,,Y,,,
CTD_AI_447_Isle_20260514_1b.mov,CTD_AI_447_CabinPanic01,101,Air France Flight 447,2026-05-14,WS,Chat GPT; Krea,,,Y,,,
CTD_AI_447_Isle_20260514_2a.mov,CTD_AI_447_CabinPanic01,101,Air France Flight 447,2026-05-14,WS,Chat GPT; Krea,,,Y,,,
CTD_AI_447_SweatWipe_20260514_1a.mov,CTD_AI_447_PilotsPanicking06,101,Air France Flight 447,2026-05-14,WS,Chat GPT; Krea,,,Y,,,
CTD_AI_447_SweatWipe_20260514_1b.mov,CTD_AI_447_PilotsPanicking06,101,Air France Flight 447,2026-05-14,WS,Chat GPT; Krea,,,Y,,,
CTD_AI_447_Sweat_20260514_1a.mov,CTD_AI_447_PilotsPanicking01,101,Air France Flight 447,2026-05-14,WS,Chat GPT; Krea,,,Y,,,
CTD_AI_447_Sweat_20260514_1b.mov,CTD_AI_447_PilotsPanicking01,101,Air France Flight 447,2026-05-14,WS,Chat GPT; Krea,,,Y,,,
CTD_AI_447_Sweat_20260514_1c.mov,CTD_AI_447_PilotsPanicking01,101,Air France Flight 447,2026-05-14,WS,Chat GPT; Krea,,Re-spin Completed,Y,,,
CTD_AI_447_Sweat_20260514_2a.mov,CTD_AI_447_PilotsPanicking01,101,Air France Flight 447,2026-05-14,WS,Chat GPT; Krea,,,Y,,,
CTD_AI_447_Sweat_20260514_3a.mov,CTD_AI_447_PilotsPanicking02,101,Air France Flight 447,2026-05-14,WS,Chat GPT; Krea,,,Y,,,
CTD_AI_447_Sweat_20260514_3b.mov,CTD_AI_447_PilotsPanicking02,101,Air France Flight 447,2026-05-14,WS,Chat GPT; Krea,,,Y,,,
CTD_AI_447_Sweat_20260514_3c.mov,CTD_AI_447_PilotsPanicking02,101,Air France Flight 447,2026-05-14,WS,Chat GPT; Krea,,,Y,,,
CTD_AI_447_Sweat_20260514_3d.mov,CTD_AI_447_PilotsPanicking02,101,Air France Flight 447,2026-05-14,WS,Chat GPT; Krea,,,Y,,,
CTD_AI_447_Sweat_20260514_3e.mov,CTD_AI_447_PilotsPanicking02,101,Air France Flight 447,2026-05-14,WS,Chat GPT; Krea,,,Y,,,
CTD_AI_447_Sweat_20260514_4a.mov,CTD_AI_447_PilotsPanicking04,101,Air France Flight 447,2026-05-14,WS,Chat GPT; Krea,,,Y,,,
CTD_AI_447_IsleWaterBottle_20260515_1a.mov,CTD_AI_447_CabinPanic01,101,Air France Flight 447,2026-05-15,WS,Chat GPT; Krea,,,Y,,,
CTD_AI_447_IsleWaterBottle_20260515_1b.mov,CTD_AI_447_CabinPanic01,101,Air France Flight 447,2026-05-15,WS,Chat GPT; Krea,,,Y,,,
CTD_AI_447_IsleWaterBottle_20260515_2a.mov,CTD_AI_447_CabinPanic01,101,Air France Flight 447,2026-05-15,WS,Chat GPT; Krea,,,Y,,,
CTD_AI_447_IsleWaterBottle_20260515_3a.mov,CTD_AI_447_CabinPanic01,101,Air France Flight 447,2026-05-15,WS,Chat GPT; Krea,,,Y,,,
CTD_AI_447_IsleWaterBottle_20260515_3b.mov,CTD_AI_447_CabinPanic01,101,Air France Flight 447,2026-05-15,WS,Chat GPT; Krea,,,Y,,,
CTD_AI_TXC_BagExplosion_20260515_1a.mov,CTD_TXC_FertilizerExplodes,101,Texas City Disaster,2026-05-15,JJ,Chat GPT; Krea,,,Y,,,
CTD_AI_TXC_BagExplosion_20260515_1b.mov,CTD_TXC_FertilizerExplodes,101,Texas City Disaster,2026-05-15,JJ,Chat GPT; Krea,,,Y,,,
CTD_AI_TXC_BagExplosion_20260515_1c.mov,CTD_TXC_FertilizerExplodes,101,Texas City Disaster,2026-05-15,JJ,Chat GPT; Krea,,Re-spin Completed,Y,,,
CTD_AI_TXC_BagExplosion_20260515_2a.mov,CTD_TXC_FertilizerExplodes,101,Texas City Disaster,2026-05-15,JJ,Chat GPT; Krea,,,Y,,,
CTD_AI_TXC_BagExplosion_20260515_2b.mov,CTD_TXC_FertilizerExplodes,101,Texas City Disaster,2026-05-15,JJ,Chat GPT; Krea,,,Y,,,
CTD_AI_TXC_BagExplosion_20260515_2c.mov,CTD_TXC_FertilizerExplodes,101,Texas City Disaster,2026-05-15,JJ,Chat GPT; Krea,,,Y,,,
CTD_AI_TXC_BagExplosion_20260515_2d.mov,CTD_TXC_FertilizerExplodes,101,Texas City Disaster,2026-05-15,JJ,Chat GPT; Krea,,,Y,,,
CTD_AI_TXC_BagExplosion_20260515_2e.mov,CTD_TXC_FertilizerExplodes,101,Texas City Disaster,2026-05-15,JJ,Chat GPT; Krea,,,Y,,,
CTD_AI_TXC_BagExplosion_20260515_3a.mov,CTD_TXC_FertilizerExplodes,101,Texas City Disaster,2026-05-15,JJ,Chat GPT; Krea,,Re-spin Completed,Y,,,
CTD_AI_TXC_BagExplosion_20260515_4a.mov,CTD_TXC_FertilizerExplodes,101,Texas City Disaster,2026-05-15,JJ,Chat GPT; Krea,,,Y,,,
CTD_AI_TXC_CUTarpHatch_20260515_1a.mov,CTD_AI_TXC_ClosingHatches,101,Texas City Disaster,2026-05-15,JJ,Chat GPT; Krea,,,Y,,,
CTD_AI_TXC_CUTarpHatch_20260515_2a.mov,CTD_AI_TXC_ClosingHatches,101,Texas City Disaster,2026-05-15,JJ,Chat GPT; Krea,,,Y,,,
CTD_AI_TXC_CUTarpHatch_20260515_3a.mov,CTD_AI_TXC_ClosingHatches,101,Texas City Disaster,2026-05-15,JJ,Chat GPT; Krea,,,Y,,,
CTD_AI_TXC_DraggingFireHose_20260515_1a.mov,CTD_AI_TXC_FightingFire03,101,Texas City Disaster,2026-05-15,JJ,Chat GPT; Krea,,Re-spin Completed,Y,,,
CTD_AI_TXC_HatchFireHose_20260515_1a.mov,CTD_AI_TXC_FightingFire03,101,Texas City Disaster,2026-05-15,JJ,Chat GPT; Krea,,Re-spin Completed,Y,,,
CTD_AI_TXC_MTarpHatch_20260515_1a.mov,CTD_AI_TXC_ClosingHatches,101,Texas City Disaster,2026-05-15,JJ,Chat GPT; Krea,,,Y,,,
CTD_AI_TXC_MediumWave_20260515_1a.mov,CTD_AI_TXC_Wave15ft01,101,Texas City Disaster,2026-05-15,JJ,Chat GPT; Krea,,,Y,,,
CTD_AI_TXC_MediumWave_20260515_1b.mov,CTD_AI_TXC_Wave15ft01,101,Texas City Disaster,2026-05-15,JJ,Chat GPT; Krea,,,Y,,,
CTD_AI_TXC_PortholeExplosion_20260515_1a.mov,CTD_AI_TXC_BlowPortWindows,101,Texas City Disaster,2026-05-15,JJ,Chat GPT; Krea,,Re-spin Completed,Y,,,
CTD_AI_TXC_PortholeExplosion_20260515_1b.mov,CTD_AI_TXC_BlowPortWindows,101,Texas City Disaster,2026-05-15,JJ,Chat GPT; Krea,,,Y,,,
CTD_AI_TXC_PortholeExplosion_20260515_1c.mov,CTD_AI_TXC_BlowPortWindows,101,Texas City Disaster,2026-05-15,JJ,Chat GPT; Krea,,,Y,,,
CTD_AI_TXC_PortholeExplosion_20260515_1d.mov,CTD_AI_TXC_BlowPortWindows,101,Texas City Disaster,2026-05-15,JJ,Chat GPT; Krea,,,Y,,,
CTD_AI_TXC_PortholeExplosion_20260515_2a.mov,CTD_AI_TXC_BlowPortWindows,101,Texas City Disaster,2026-05-15,JJ,Chat GPT; Krea,,,Y,,,
CTD_AI_TXC_TarpHatch_20260515_1a.mov,CTD_AI_TXC_ClosingHatches,101,Texas City Disaster,2026-05-15,JJ,Chat GPT; Krea,,,Y,,,
CTD_AI_TXC_TarpHatch_20260515_2a.mov,CTD_AI_TXC_ClosingHatches,101,Texas City Disaster,2026-05-15,JJ,Chat GPT; Krea,,,Y,,,
CTD_AI_TXC_TarpHatch_20260515_3a.mov,CTD_AI_TXC_ClosingHatches,101,Texas City Disaster,2026-05-15,JJ,Chat GPT; Krea,,Re-spin Completed,Y,,,
CTD_AI_TXC_WBoatExplosion_20260515_1a.mov,CTD_AI_TXC_GEN,101,Texas City Disaster,2026-05-15,JJ,Chat GPT; Krea,,Re-spin Completed,Y,,,
CTD_AI_TXC_WaveHeadOn_20260515_1a.mov,CTD_AI_TXC_Wave15ft01,101,Texas City Disaster,2026-05-15,JJ,Chat GPT; Krea,,,Y,,,
CTD_AI_TXC_WaveHeadOn_20260515_1b.mov,CTD_AI_TXC_Wave15ft01,101,Texas City Disaster,2026-05-15,JJ,Chat GPT; Krea,,,Y,,,
CTD_AI_TXC_WaveImpact_20260515_1a.mov,CTD_AI_TXC_Wave15ft01,101,Texas City Disaster,2026-05-15,JJ,Chat GPT; Krea,,Re-spin Completed,Y,,,
CTD_AI_TXC_WideWave_20260515_1a.mov,CTD_AI_TXC_Wave15ft01,101,Texas City Disaster,2026-05-15,JJ,Chat GPT; Krea,,Re-spin Completed,Y,,,
CTD_AI_TXC_WideWave_20260515_1b.mov,CTD_AI_TXC_Wave15ft01,101,Texas City Disaster,2026-05-15,JJ,Chat GPT; Krea,,,Y,,,
CTD_AI_TXC_WideWave_20260515_1c.mov,CTD_AI_TXC_Wave15ft01,101,Texas City Disaster,2026-05-15,JJ,Chat GPT; Krea,,,Y,,,
CTD_AI_TXC_WorkerBags_20260515_1a.mov,CTD_AI_TXC_CargoHoldFertilizer01,101,Texas City Disaster,2026-05-15,JJ,Chat GPT; Krea,,,Y,,,
CTD_AI_TXC_WorkerBags_20260515_1b.mov,CTD_AI_TXC_CargoHoldFertilizer01,101,Texas City Disaster,2026-05-15,JJ,Chat GPT; Krea,,Re-spin Completed,Y,,,
CTD_AI_447_CalmFlightWindow_20260520_1a.mov,CTD_AI_447_PilotLeaving01,101,Air France Flight 447,2026-05-20,WS,Chat GPT; Krea,Y,,Y,,,
CTD_AI_447_CalmFlightWindow_20260520_1b.mov,CTD_AI_447_PilotLeaving01,101,Air France Flight 447,2026-05-20,WS,Chat GPT; Krea,Y,,Y,,,
CTD_AI_447_CalmFlightWindow_20260520_1c.mov,CTD_AI_447_PilotLeaving01,101,Air France Flight 447,2026-05-20,WS,Chat GPT; Krea,Y,,Y,,,
CTD_AI_447_CalmFlightWindow_20260520_2a.mov,CTD_AI_447_PilotLeaving01,101,Air France Flight 447,2026-05-20,WS,Chat GPT; Krea,Y,,Y,,,
CTD_AI_447_CalmFlight_20260520_1a.mov,CTD_AI_447_ApproachingStorm,101,Air France Flight 447,2026-05-20,WS,Chat GPT; Krea,,,Y,,,
CTD_AI_447_CalmFlight_20260520_1b.mov,CTD_AI_447_ApproachingStorm,101,Air France Flight 447,2026-05-20,WS,Chat GPT; Krea,,,Y,,,
CTD_AI_447_CalmFlight_20260520_2a.mov,CTD_AI_447_ApproachingStorm,101,Air France Flight 447,2026-05-20,WS,Chat GPT; Krea,,,Y,,,
CTD_AI_447_CalmFlight_20260520_2b.mov,CTD_AI_447_ApproachingStorm,101,Air France Flight 447,2026-05-20,WS,Chat GPT; Krea,,,Y,,,
CTD_AI_447_Checklist_20260520_1a.mov,CTD_AI_447_BoninFlying02,101,Air France Flight 447,2026-05-20,WS,Chat GPT; Krea,,,Y,,,
CTD_AI_447_Checklist_20260520_1b.mov,CTD_AI_447_BoninFlying02,101,Air France Flight 447,2026-05-20,WS,Chat GPT; Krea,,,Y,,,
CTD_AI_447_Checklist_20260520_1c.mov,CTD_AI_447_BoninFlying02,101,Air France Flight 447,2026-05-20,WS,Chat GPT; Krea,,,Y,,,
CTD_AI_447_Debris_20260520_1a.mov,CTD_AI_447_AircraftCrashes03,101,Air France Flight 447,2026-05-20,WS,Chat GPT; Krea,Y,,Y,,,
CTD_AI_447_Debris_20260520_2a.mov,CTD_AI_447_AircraftCrashes03,101,Air France Flight 447,2026-05-20,WS,Chat GPT; Krea,Y,Re-spin Completed,Y,,,
CTD_AI_447_Debris_20260520_2b.mov,CTD_AI_447_AircraftCrashes03,101,Air France Flight 447,2026-05-20,WS,Chat GPT; Krea,Y,,Y,,,
CTD_AI_447_LeftStickPush_20260520_1a.mov,CTD_AI_447_ThrottleBackandForth01,101,Air France Flight 447,2026-05-20,WS,Chat GPT; Krea,Y,,Y,,,
CTD_AI_447_LeftStickPush_20260520_1b.mov,CTD_AI_447_ThrottleBackandForth01,101,Air France Flight 447,2026-05-20,WS,Chat GPT; Krea,Y,,Y,,,
CTD_AI_447_LeftStickPush_20260520_1c.mov,CTD_AI_447_ThrottleBackandForth01,101,Air France Flight 447,2026-05-20,WS,Chat GPT; Krea,Y,,Y,,,
CTD_AI_447_LeftStickPush_20260520_2a.mov,CTD_AI_447_ThrottleBackandForth01,101,Air France Flight 447,2026-05-20,WS,Chat GPT; Krea,Y,,Y,,,
CTD_AI_447_LeftStickPush_20260520_2b.mov,CTD_AI_447_ThrottleBackandForth01,101,Air France Flight 447,2026-05-20,WS,Chat GPT; Krea,Y,,Y,,,
CTD_AI_447_LeftStickPush_20260520_2c.mov,CTD_AI_447_ThrottleBackandForth01,101,Air France Flight 447,2026-05-20,WS,Chat GPT; Krea,Y,,Y,,,
CTD_AI_447_LeftStickPush_20260520_2d.mov,CTD_AI_447_ThrottleBackandForth01,101,Air France Flight 447,2026-05-20,WS,Chat GPT; Krea,Y,,Y,,,
CTD_AI_447_NoseUp_20260520_1a.mov,CTD_AI_447_NoseUpward02,101,Air France Flight 447,2026-05-20,WS,Chat GPT; Krea,,Re-spin Completed,Y,,,
CTD_AI_447_NoseUp_20260520_1b.mov,CTD_AI_447_NoseUpward02,101,Air France Flight 447,2026-05-20,WS,Chat GPT; Krea,,Re-spin Completed,Y,,,
CTD_AI_447_NoseUp_20260520_2a.mov,CTD_AI_447_NoseUpward01,101,Air France Flight 447,2026-05-20,WS,Chat GPT; Krea,,,Y,,,
CTD_AI_447_NoseUp_20260520_2b.mov,CTD_AI_447_NoseUpward01,101,Air France Flight 447,2026-05-20,WS,Chat GPT; Krea,,Re-spin Completed,Y,,,
CTD_AI_447_NoseUp_20260520_3a.mov,CTD_AI_447_NoseUpward02,101,Air France Flight 447,2026-05-20,WS,Chat GPT; Krea,,Re-spin Completed,Y,,,
CTD_AI_447_PlaneFalling_20260520_1a.mov,CTD_AI_447_PlaneFalls01,101,Air France Flight 447,2026-05-20,WS,Chat GPT; Krea,,,Y,,,
CTD_AI_447_PlaneFalling_20260520_2a.mov,CTD_AI_447_PlanePlummets01,101,Air France Flight 447,2026-05-20,WS,Chat GPT; Krea,,Re-spin Completed,Y,,,
CTD_AI_447_PlaneFalling_20260520_2b.mov,CTD_AI_447_PlanePlummets01,101,Air France Flight 447,2026-05-20,WS,Chat GPT; Krea,,,Y,,,
CTD_AI_447_Planecrash_20260520_1a.mov,CTD_AI_447_AircraftCrashes02,101,Air France Flight 447,2026-05-20,WS,Chat GPT; Krea,Y,,Y,,,
CTD_AI_447_Planecrash_20260520_1b.mov,CTD_AI_447_AircraftCrashes02,101,Air France Flight 447,2026-05-20,WS,Chat GPT; Krea,Y,,Y,,,
CTD_AI_447_Planecrash_20260520_2a,CTD_AI_447_AircraftCrashes02,101,Air France Flight 447,2026-05-20,WS,Chat GPT; Krea,Y,,Y,,,
CTD_AI_447_Planecrash_20260520_2a.mov,CTD_AI_447_AircraftCrashes02,101,Air France Flight 447,2026-05-20,WS,Chat GPT; Krea,Y,Re-spin Completed,Y,,,
CTD_AI_447_RightStickPull_20260520_1a.mov,CTD_AI_447_BoninControls02,101,Air France Flight 447,2026-05-20,WS,Chat GPT; Krea,Y,,Y,,,
CTD_AI_447_RightStickPull_20260520_2a.mov,CTD_AI_447_BoninControls02,101,Air France Flight 447,2026-05-20,WS,Chat GPT; Krea,Y,Re-spin Completed,Y,,,
CTD_AI_CHF_MeltingRiver_20260520_1a.MOV,CTD_AI_CHF_MeltingSnow02,101,China Floods,2026-05-20,SM,Chat GPT; Krea,,,Y,,,
CTD_AI_CHF_MeltingRiver_20260520_1b.MOV,CTD_AI_CHF_MeltingSnow02,101,China Floods,2026-05-20,SM,Chat GPT; Krea,,,Y,,,
CTD_AI_CHF_MeltingRiver_20260520_1c.MOV,CTD_AI_CHF_MeltingSnow02,101,China Floods,2026-05-20,SM,Chat GPT; Krea,,,Y,,,
CTD_AI_CHF_MeltingRiver_20260520_2a.MOV,CTD_AI_CHF_MeltingSnow02,101,China Floods,2026-05-20,SM,Chat GPT; Krea,,,Y,,,
CTD_AI_CHF_MeltingRiver_20260520_2b.MOV,CTD_AI_CHF_MeltingSnow02,101,China Floods,2026-05-20,SM,Chat GPT; Krea,,,Y,,,
CTD_AI_CHF_MeltingRiver_20260520_2c.MOV,CTD_AI_CHF_MeltingSnow02,101,China Floods,2026-05-20,SM,Chat GPT; Krea,,,Y,,,
CTD_AI_CHF_MeltingRiver_20260520_2d.MOV,CTD_AI_CHF_MeltingSnow02,101,China Floods,2026-05-20,SM,Chat GPT; Krea,,,Y,,,
CTD_AI_CHF_MeltingRiver_20260520_2e.MOV,CTD_AI_CHF_MeltingSnow02,101,China Floods,2026-05-20,SM,Chat GPT; Krea,,,Y,,,
CTD_AI_CHF_MeltingRiver_20260520_3a.MOV,CTD_AI_CHF_MeltingSnow02,101,China Floods,2026-05-20,SM,Chat GPT; Krea,,,Y,,,
CTD_AI_CHF_MeltingRiver_20260520_3b.MOV,CTD_AI_CHF_MeltingSnow02,101,China Floods,2026-05-20,SM,Chat GPT; Krea,,,Y,,,
CTD_AI_CHF_MeltingRiver_20260520_3d.MOV,CTD_AI_CHF_MeltingSnow02,101,China Floods,2026-05-20,SM,Chat GPT; Krea,,,Y,,,
CTD_AI_CHF_MeltingRiver_20260520_3e.MOV,CTD_AI_CHF_MeltingSnow02,101,China Floods,2026-05-20,SM,Chat GPT; Krea,,,Y,,,
CTD_AI_CHF_MeltingRiver_20260520_3f.MOV,CTD_AI_CHF_MeltingSnow02,101,China Floods,2026-05-20,SM,Chat GPT; Krea,,,Y,,,
CTD_AI_CHF_MeltingRiver_20260520_4a.MOV,CTD_AI_CHF_MeltingSnow02,101,China Floods,2026-05-20,SM,Chat GPT; Krea,,,Y,,,
CTD_AI_CHF_MeltingRiver_20260520_4b.MOV,CTD_AI_CHF_MeltingSnow02,101,China Floods,2026-05-20,SM,Chat GPT; Krea,,,Y,,,
CTD_AI_CHF_MeltingRiver_20260520_4c.MOV,CTD_AI_CHF_MeltingSnow02,101,China Floods,2026-05-20,SM,Chat GPT; Krea,,,Y,,,
CTD_AI_CHF_MeltingRiver_20260520_4d.MOV,CTD_AI_CHF_MeltingSnow02,101,China Floods,2026-05-20,SM,Chat GPT; Krea,,,Y,,,
CTD_AI_CHF_MeltingRiver_20260520_4e.MOV,CTD_AI_CHF_MeltingSnow02,101,China Floods,2026-05-20,SM,Chat GPT; Krea,,,Y,,,
CTD_AI_CHF_MeltingRiver_20260520_4f.MOV,CTD_AI_CHF_MeltingSnow02,101,China Floods,2026-05-20,SM,Chat GPT; Krea,,,Y,,,
CTD_AI_CHF_WinterTown_20260520_1a.MOV,CTD_AI_CHF_WinterVillage,101,China Floods,2026-05-20,SM,Chat GPT; Krea,,Re-spin Completed,Y,,,
CTD_AI_CHF_WinterTown_20260520_2a.MOV,CTD_AI_CHF_WinterVillage,101,China Floods,2026-05-20,SM,Chat GPT; Krea,,Re-spin Completed,Y,,,
CTD_AI_CHF_WinterTown_20260520_2b.MOV,CTD_AI_CHF_WinterVillage,101,China Floods,2026-05-20,SM,Chat GPT; Krea,,Re-spin Completed,Y,,,
CTD_AI_CHF_WinterTown_20260520_2c.MOV,CTD_AI_CHF_WinterVillage,101,China Floods,2026-05-20,SM,Chat GPT; Krea,,,Y,,,
CTD_AI_CHF_WinterTown_20260520_2d.MOV,CTD_AI_CHF_WinterVillage,101,China Floods,2026-05-20,SM,Chat GPT; Krea,,,Y,,,
CTD_AI_CHF_WinterTown_20260520_3a.MOV,CTD_AI_CHF_WinterVillage,101,China Floods,2026-05-20,SM,Chat GPT; Krea,,,Y,,,
CTD_AI_CHF_WinterTown_20260520_3b.MOV,CTD_AI_CHF_WinterVillage,101,China Floods,2026-05-20,SM,Chat GPT; Krea,,,Y,,,
CTD_AI_CHF_WinterTown_20260520_3c.MOV,CTD_AI_CHF_WinterVillage,101,China Floods,2026-05-20,SM,Chat GPT; Krea,,,Y,,,
CTD_AI_CHF_WinterTown_20260520_3d.MOV,CTD_AI_CHF_WinterVillage,101,China Floods,2026-05-20,SM,Chat GPT; Krea,,Re-spin Completed,Y,,,
CTD_AI_CHF_WinterTown_20260520_3e.MOV,CTD_AI_CHF_WinterVillage,101,China Floods,2026-05-20,SM,Chat GPT; Krea,,Re-spin Completed,Y,,,
CTD_AI_CHF_WuhanFloodPOV_20260520_1a.MOV,CTD_AI_CHF_Marooned,101,China Floods,2026-05-20,SM,Chat GPT; Krea,,Re-spin Completed,Y,,,
CTD_AI_CHF_WuhanFloodPOV_20260520_1b.MOV,CTD_AI_CHF_Marooned,101,China Floods,2026-05-20,SM,Chat GPT; Krea,,,Y,,,
CTD_AI_CHF_WuhanFloodPOV_20260520_1c.MOV,CTD_AI_CHF_Marooned,101,China Floods,2026-05-20,SM,Chat GPT; Krea,,,Y,,,
CTD_AI_CHF_WuhanFloodPOV_20260520_1d.MOV,CTD_AI_CHF_Marooned,101,China Floods,2026-05-20,SM,Chat GPT; Krea,,,Y,,,
CTD_AI_CHF_WuhanFloodPOV_20260520_1e.MOV,CTD_AI_CHF_Marooned,101,China Floods,2026-05-20,SM,Chat GPT; Krea,,,Y,,,
CTD_AI_FDN_ReactorExplodes_20260520_1a.MOV,CTD_AI_FDN_Reactor3Explosion01,101,Fukushima Nuclear Disaster,2026-05-20,SM,Chat GPT; Krea,,,Y,,,
CTD_AI_FDN_ReactorExplodes_20260520_1b.MOV,CTD_AI_FDN_Reactor3Explosion01,101,Fukushima Nuclear Disaster,2026-05-20,SM,Chat GPT; Krea,,Re-spin Completed,Y,,,
CTD_AI_FDN_ReactorExplodes_20260520_1c.MOV,CTD_AI_FDN_Reactor3Explosion01,101,Fukushima Nuclear Disaster,2026-05-20,SM,Chat GPT; Krea,,,Y,,,
CTD_AI_FDN_ReactorExplodes_20260520_2a.MOV,CTD_AI_FDN_Reactor3Explosion01,101,Fukushima Nuclear Disaster,2026-05-20,SM,Chat GPT; Krea,,Re-spin Completed,Y,,,
CTD_AI_FDN_Reactorexplosion_20260521_10a.mov,CTD_AI_FDN_Reactor2Explosion01,101,Fukushima Nuclear Disaster,2026-05-21,SM,Chat GPT; Krea,,,Y,,,
CTD_AI_FDN_Reactorexplosion_20260521_11a.mov,CTD_AI_FDN_Reactor2Explosion01,101,Fukushima Nuclear Disaster,2026-05-21,SM,Chat GPT; Krea,,,Y,,,
CTD_AI_FDN_Reactorexplosion_20260521_12a.mov,CTD_AI_FDN_Reactor2Explosion01,101,Fukushima Nuclear Disaster,2026-05-21,SM,Chat GPT; Krea,,,Y,,,
CTD_AI_FDN_Reactorexplosion_20260521_13a.mov,CTD_AI_FDN_Reactor2Explosion01,101,Fukushima Nuclear Disaster,2026-05-21,SM,Chat GPT; Krea,,,Y,,,
CTD_AI_FDN_Reactorexplosion_20260521_14a.mov,CTD_AI_FDN_Reactor2Explosion01,101,Fukushima Nuclear Disaster,2026-05-21,SM,Chat GPT; Krea,,,Y,,,
CTD_AI_FDN_Reactorexplosion_20260521_15a.mov,CTD_AI_FDN_Reactor2Explosion01,101,Fukushima Nuclear Disaster,2026-05-21,SM,Chat GPT; Krea,,,Y,,,
CTD_AI_FDN_Reactorexplosion_20260521_16a.mov,CTD_AI_FDN_Reactor2Explosion01,101,Fukushima Nuclear Disaster,2026-05-21,SM,Chat GPT; Krea,,,Y,,,
CTD_AI_FDN_Reactorexplosion_20260521_17a.mov,CTD_AI_FDN_Reactor2Explosion01,101,Fukushima Nuclear Disaster,2026-05-21,SM,Chat GPT; Krea,,,Y,,,
CTD_AI_FDN_Reactorexplosion_20260521_18a.mov,CTD_AI_FDN_Reactor2Explosion01,101,Fukushima Nuclear Disaster,2026-05-21,SM,Chat GPT; Krea,,,Y,,,
CTD_AI_FDN_Reactorexplosion_20260521_19a.mov,CTD_AI_FDN_Reactor2Explosion01,101,Fukushima Nuclear Disaster,2026-05-21,SM,Chat GPT; Krea,,PAUSE,Y,,,
CTD_AI_FDN_Reactorexplosion_20260521_20a.mov,CTD_AI_FDN_Reactor2Explosion01,101,Fukushima Nuclear Disaster,2026-05-21,SM,Chat GPT; Krea,,,Y,,,
CTD_AI_FDN_Reactorexplosion_20260521_21a.mov,CTD_AI_FDN_Reactor2Explosion01,101,Fukushima Nuclear Disaster,2026-05-21,SM,Chat GPT; Krea,,PAUSE,Y,,,
CTD_AI_FDN_Reactorexplosion_20260521_22a.mov,CTD_AI_FDN_Reactor2Explosion01,101,Fukushima Nuclear Disaster,2026-05-21,SM,Chat GPT; Krea,,,Y,,,
CTD_AI_FDN_Reactorexplosion_20260521_23a.mov,CTD_AI_FDN_Reactor2Explosion01,101,Fukushima Nuclear Disaster,2026-05-21,SM,Chat GPT; Krea,,,Y,,,
CTD_AI_FDN_Reactorexplosion_20260521_24a.mov,CTD_AI_FDN_Reactor2Explosion01,101,Fukushima Nuclear Disaster,2026-05-21,SM,Chat GPT; Krea,,PAUSE,Y,,,
CTD_AI_FDN_Reactorexplosion_20260521_25a.mov,CTD_AI_FDN_Reactor2Explosion01,101,Fukushima Nuclear Disaster,2026-05-21,SM,Chat GPT; Krea,,,Y,,,
CTD_AI_FDN_Reactorexplosion_20260521_26a.mov,CTD_AI_FDN_Reactor2Explosion01,101,Fukushima Nuclear Disaster,2026-05-21,SM,Chat GPT; Krea,,,Y,,,
CTD_AI_FDN_Reactorexplosion_20260521_27a.mov,CTD_AI_FDN_Reactor2Explosion01,101,Fukushima Nuclear Disaster,2026-05-21,SM,Chat GPT; Krea,,,Y,,,
CTD_AI_FDN_Reactorexplosion_20260521_28a.mov,CTD_AI_FDN_Reactor2Explosion01,101,Fukushima Nuclear Disaster,2026-05-21,SM,Chat GPT; Krea,,PAUSE,Y,,,
CTD_AI_FDN_Reactorexplosion_20260521_29a.mov,CTD_AI_FDN_Reactor2Explosion01,101,Fukushima Nuclear Disaster,2026-05-21,SM,Chat GPT; Krea,,,Y,,,
CTD_AI_FDN_Reactorexplosion_20260521_2a.mov,CTD_AI_FDN_Reactor2Explosion01,101,Fukushima Nuclear Disaster,2026-05-21,SM,Chat GPT; Krea,,,Y,,,
CTD_AI_FDN_Reactorexplosion_20260521_30a.mov,CTD_AI_FDN_Reactor2Explosion01,101,Fukushima Nuclear Disaster,2026-05-21,SM,Chat GPT; Krea,,Re-spin Completed,Y,,,
CTD_AI_FDN_Reactorexplosion_20260521_31a.mov,CTD_AI_FDN_Reactor2Explosion01,101,Fukushima Nuclear Disaster,2026-05-21,SM,Chat GPT; Krea,,PAUSE,Y,,,
CTD_AI_FDN_Reactorexplosion_20260521_32a.mov,CTD_AI_FDN_Reactor2Explosion01,101,Fukushima Nuclear Disaster,2026-05-21,SM,Chat GPT; Krea,,,Y,,,
CTD_AI_FDN_Reactorexplosion_20260521_33a.mov,CTD_AI_FDN_Reactor2Explosion01,101,Fukushima Nuclear Disaster,2026-05-21,SM,Chat GPT; Krea,,,Y,,,
CTD_AI_FDN_Reactorexplosion_20260521_34a.mov,CTD_AI_FDN_Reactor2Explosion01,101,Fukushima Nuclear Disaster,2026-05-21,SM,Chat GPT; Krea,,Re-spin Completed,Y,,,
CTD_AI_FDN_Reactorexplosion_20260521_3a.mov,CTD_AI_FDN_Reactor2Explosion01,101,Fukushima Nuclear Disaster,2026-05-21,SM,Chat GPT; Krea,,,Y,,,
CTD_AI_FDN_Reactorexplosion_20260521_4a.mov,CTD_AI_FDN_Reactor2Explosion01,101,Fukushima Nuclear Disaster,2026-05-21,SM,Chat GPT; Krea,,,Y,,,
CTD_AI_FDN_Reactorexplosion_20260521_5a.mov,CTD_AI_FDN_Reactor2Explosion01,101,Fukushima Nuclear Disaster,2026-05-21,SM,Chat GPT; Krea,,,Y,,,
CTD_AI_FDN_Reactorexplosion_20260521_6a.mov,CTD_AI_FDN_Reactor2Explosion01,101,Fukushima Nuclear Disaster,2026-05-21,SM,Chat GPT; Krea,,Re-spin Completed,Y,,,
CTD_AI_FDN_Reactorexplosion_20260521_7a.mov,CTD_AI_FDN_Reactor2Explosion01,101,Fukushima Nuclear Disaster,2026-05-21,SM,Chat GPT; Krea,,Re-spin Completed,Y,,,
CTD_AI_FDN_Reactorexplosion_20260521_8a.mov,CTD_AI_FDN_Reactor2Explosion01,101,Fukushima Nuclear Disaster,2026-05-21,SM,Chat GPT; Krea,,,Y,,,
CTD_AI_FDN_Reactorexplosion_20260521_9a.mov,CTD_AI_FDN_Reactor2Explosion01,101,Fukushima Nuclear Disaster,2026-05-21,SM,Chat GPT; Krea,,PAUSE,Y,,,
CTD_AI_FDN_BigPipe_20260522_1a.mov,CTD_AI_FDN_GEN_01,101,Fukushima Nuclear Disaster,2026-05-22,WS,Chat GPT; Krea,Y,,Y,,,
CTD_AI_FDN_BigPipe_20260522_1b.mov,CTD_AI_FDN_GEN_01,101,Fukushima Nuclear Disaster,2026-05-22,WS,Chat GPT; Krea,Y,,Y,,,
CTD_AI_FDN_BigPipe_20260522_1c.mov,CTD_AI_FDN_GEN_01,101,Fukushima Nuclear Disaster,2026-05-22,WS,Chat GPT; Krea,Y,,Y,,,
CTD_AI_FDN_BigPipe_20260522_1d.mov,CTD_AI_FDN_GEN_01,101,Fukushima Nuclear Disaster,2026-05-22,WS,Chat GPT; Krea,Y,,Y,,,
CTD_AI_FDN_BigPipe_20260522_1e.mov,CTD_AI_FDN_GEN_01,101,Fukushima Nuclear Disaster,2026-05-22,WS,Chat GPT; Krea,Y,,Y,,,
CTD_AI_FDN_BigPipe_20260522_2a.mov,CTD_AI_FDN_GEN_01,101,Fukushima Nuclear Disaster,2026-05-22,WS,Chat GPT; Krea,Y,Re-spin Completed,Y,,,
CTD_AI_FDN_FeetRunning_20260522_1a.mov,CTD_AI_FDN_EmergShutDown03,101,Fukushima Nuclear Disaster,2026-05-22,WS,Chat GPT; Krea,Y,,Y,,,
CTD_AI_FDN_FeetRunning_20260522_1b.mov,CTD_AI_FDN_EmergShutDown03,101,Fukushima Nuclear Disaster,2026-05-22,WS,Chat GPT; Krea,Y,,Y,,,
CTD_AI_FDN_PressureWarn_20260522_1a.mov,CTD_AI_FDN_PressureRises01,101,Fukushima Nuclear Disaster,2026-05-22,WS,Chat GPT; Krea,Y,,Y,,,
CTD_AI_FDN_PressureWarn_20260522_1b.mov,CTD_AI_FDN_PressureRises01,101,Fukushima Nuclear Disaster,2026-05-22,WS,Chat GPT; Krea,Y,,Y,,,
CTD_AI_FDN_PressureWarn_20260522_1c.mov,CTD_AI_FDN_PressureRises01,101,Fukushima Nuclear Disaster,2026-05-22,WS,Chat GPT; Krea,Y,,Y,,,
CTD_AI_FDN_SparksWire_20260522_1a.mov,CTD_AI_FDN_GEN_01,101,Fukushima Nuclear Disaster,2026-05-22,WS,Chat GPT; Krea,Y,,Y,,,
CTD_AI_FDN_SparksWire_20260522_1b.mov,CTD_AI_FDN_GEN_01,101,Fukushima Nuclear Disaster,2026-05-22,WS,Chat GPT; Krea,Y,,Y,,,
CTD_AI_FDN_SparksWire_20260522_2a.mov,CTD_AI_FDN_GEN_01,101,Fukushima Nuclear Disaster,2026-05-22,WS,Chat GPT; Krea,Y,,Y,,,
CTD_AI_FDN_Temperature1446_20260522_1a.mov,CTD_AI_FDN_CoreMelting03,101,Fukushima Nuclear Disaster,2026-05-22,WS,Chat GPT; Krea,Y,,Y,,,
CTD_AI_FDN_Temperature1446_20260522_1b.mov,CTD_AI_FDN_CoreMelting03,101,Fukushima Nuclear Disaster,2026-05-22,WS,Chat GPT; Krea,Y,,Y,,,
CTD_AI_FDN_Temperature3860_20260522_1a.mov,CTD_AI_FDN_CoreMelting03,101,Fukushima Nuclear Disaster,2026-05-22,WS,Chat GPT; Krea,Y,,Y,,,
CTD_AI_FDN_Temperature3860_20260522_1b.mov,CTD_AI_FDN_CoreMelting03,101,Fukushima Nuclear Disaster,2026-05-22,WS,Chat GPT; Krea,Y,,Y,,,
CTD_AI_FDN_Temperature642_20260522_1a.mov,CTD_AI_FDN_CoreMelting03,101,Fukushima Nuclear Disaster,2026-05-22,WS,Chat GPT; Krea,Y,,Y,,,
CTD_AI_FDN_Temperature642_20260522_1b.mov,CTD_AI_FDN_CoreMelting03,101,Fukushima Nuclear Disaster,2026-05-22,WS,Chat GPT; Krea,Y,,Y,,,
CTD_AI_FDN_Temperature642_20260522_1c.mov,CTD_AI_FDN_CoreMelting03,101,Fukushima Nuclear Disaster,2026-05-22,WS,Chat GPT; Krea,Y,,Y,,,
CTD_AI_FDN_Temperature690_20260522_1a.mov,CTD_AI_FDN_CoreMelting03,101,Fukushima Nuclear Disaster,2026-05-22,WS,Chat GPT; Krea,Y,,Y,,,
CTD_AI_FDN_TurningBigWheel_20260522_1a.mov,CTD_AI_FDN_TeamsEnterBuilding03,101,Fukushima Nuclear Disaster,2026-05-22,WS,Chat GPT; Krea,Y,Re-spin Completed,Y,,,
CTD_AI_FDN_TurningBigWheel_20260522_1b.mov,CTD_AI_FDN_TeamsEnterBuilding03,101,Fukushima Nuclear Disaster,2026-05-22,WS,Chat GPT; Krea,Y,,Y,,,
CTD_AI_FDN_TurningBigWheel_20260522_2a.mov,CTD_AI_FDN_TeamsEnterBuilding03,101,Fukushima Nuclear Disaster,2026-05-22,WS,Chat GPT; Krea,Y,,Y,,,
CTD_AI_FDN_TurningBigWheel_20260522_2b.mov,CTD_AI_FDN_TeamsEnterBuilding03,101,Fukushima Nuclear Disaster,2026-05-22,WS,Chat GPT; Krea,Y,,Y,,,
CTD_AI_FDN_TurningBigWheel_20260522_2c.mov,CTD_AI_FDN_TeamsEnterBuilding03,101,Fukushima Nuclear Disaster,2026-05-22,WS,Chat GPT; Krea,Y,Re-spin Completed,Y,,,
CTD_AI_FDN_TurningBigWheel_20260522_3a.mov,CTD_AI_FDN_TeamsEnterBuilding03,101,Fukushima Nuclear Disaster,2026-05-22,WS,Chat GPT; Krea,Y,,Y,,,
CTD_AI_FDN_TurningBigWheel_20260522_3b.mov,CTD_AI_FDN_TeamsEnterBuilding03,101,Fukushima Nuclear Disaster,2026-05-22,WS,Chat GPT; Krea,Y,,Y,,,
CTD_AI_FDN_TurningBigWheel_20260522_4a.mov,CTD_AI_FDN_TeamsEnterBuilding03,101,Fukushima Nuclear Disaster,2026-05-22,WS,Chat GPT; Krea,Y,,Y,,,
CTD_AI_FDN_TurningBigWheel_20260522_5a.mov,CTD_AI_FDN_TeamsEnterBuilding03,101,Fukushima Nuclear Disaster,2026-05-22,WS,Chat GPT; Krea,Y,,Y,,,
CTD_AI_TXC_Baseball_20260522_1b.mov,CTD_AI_TXC_Baseball01,101,Texas City Disaster,2026-05-22,JJ,Chat GPT; Krea,,,Y,,,
CTD_AI_TXC_Baseball_20260522_1c.mov,CTD_AI_TXC_Baseball01,101,Texas City Disaster,2026-05-22,JJ,Chat GPT; Krea,,Re-spin Completed,Y,,,
CTD_AI_TXC_Baseball_20260522_2a.mov,CTD_AI_TXC_Baseball01,101,Texas City Disaster,2026-05-22,JJ,Chat GPT; Krea,,,Y,,,
CTD_AI_TXC_BlowPortWindows_20260522_1a.mov,CTD_AI_TXC_BlowPortWindows,101,Texas City Disaster,2026-05-22,JJ,Chat GPT; Krea,Y,Re-spin Completed,Y,,,
CTD_AI_TXC_DraggingFireHose_20260522_1b.mov,CTD_AI_TXC_FightingFire03,101,Texas City Disaster,2026-05-22,JJ,Chat GPT; Krea,Y,Re-spin Completed,Y,,,
CTD_AI_TXC_DraggingFireHose_20260522_2a.mov,CTD_AI_TXC_FightingFire03,101,Texas City Disaster,2026-05-22,JJ,Chat GPT; Krea,Y,Re-spin Completed,Y,,,
CTD_AI_TXC_Explosion01_20260522_1a.mov,CTD_AI_TXC_Explosion01,101,Texas City Disaster,2026-05-22,JJ,Chat GPT; Krea,,,Y,,,
CTD_AI_TXC_FightingFire02_20260522_1a.mov,CTD_AI_TXC_FightingFire02,101,Texas City Disaster,2026-05-22,JJ,Chat GPT; Krea,,,Y,,,
CTD_AI_TXC_FightingFire03_20260522_1a.mov,CTD_AI_TXC_FightingFire03,101,Texas City Disaster,2026-05-22,JJ,Chat GPT; Krea,,Re-spin Completed,Y,,,
CTD_AI_TXC_HatchExplode_20260522_1a.mov,CTD_AI_TXC_ClosingHatches,101,Texas City Disaster,2026-05-22,JJ,Chat GPT; Krea,Y,,Y,,,
CTD_AI_TXC_NEWBagExplosion_20260522_3b.mov,CTD_TXC_FertilizerExplodes,101,Texas City Disaster,2026-05-22,JJ,Chat GPT; Krea,Y,,Y,,,
CTD_AI_TXC_NEWBaseball02_20260522_1a.mov,CTD_AI_TXC_Baseball02,101,Texas City Disaster,2026-05-22,JJ,Chat GPT; Krea,,Re-spin Completed,Y,,,
CTD_AI_TXC_NEWBoatExplosion_20260522_1a.mov,CTD_TXC_FertilizerExplodes,101,Texas City Disaster,2026-05-22,JJ,Chat GPT; Krea,Y,Re-spin Completed,Y,,,
CTD_AI_TXC_NEWWave15ft0_20260522_2a.mov,CTD_AI_TXC_Wave15ft02,101,Texas City Disaster,2026-05-22,JJ,Chat GPT; Krea,,,Y,,,
CTD_AI_TXC_NEWWaveImpact_20260522_1a.mov,CTD_AI_TXC_Wave15ft02,101,Texas City Disaster,2026-05-22,JJ,Chat GPT; Krea,,,Y,,,
CTD_AI_TXC_NewWideWave_20260522_1b.mov,CTD_AI_TXC_Wave15ft02,101,Texas City Disaster,2026-05-22,JJ,Chat GPT; Krea,Y,,Y,,,
CTD_AI_TXC_WaveImpact_20260522_1b.mov,CTD_AI_TXC_Wave15ft02,101,Texas City Disaster,2026-05-22,JJ,Chat GPT; Krea,,,Y,,,
CTD_AI_TXC_WideWave_20260522_1b.mov,CTD_AI_TXC_Wave15ft02,101,Texas City Disaster,2026-05-22,JJ,Chat GPT; Krea,,,Y,,,
CTD_AI_CHF_Dike_20260526_10a.mov,CTD_AI_CHF_DikeBreaking,101,China Floods,2026-05-26,SM,Chat GPT; Krea,,,Y,,,
CTD_AI_CHF_Dike_20260526_10b.mov,CTD_AI_CHF_DikeBreaking,101,China Floods,2026-05-26,SM,Chat GPT; Krea,,,Y,,,
CTD_AI_CHF_Dike_20260526_10c.mov,CTD_AI_CHF_DikeBreaking,101,China Floods,2026-05-26,SM,Chat GPT; Krea,,,Y,,,
CTD_AI_CHF_Dike_20260526_10d.mov,CTD_AI_CHF_DikeBreaking,101,China Floods,2026-05-26,SM,Chat GPT; Krea,,,Y,,,
CTD_AI_CHF_Dike_20260526_10e.mov,CTD_AI_CHF_DikeBreaking,101,China Floods,2026-05-26,SM,Chat GPT; Krea,,,Y,,,
CTD_AI_CHF_Dike_20260526_10f.mov,CTD_AI_CHF_DikeBreaking,101,China Floods,2026-05-26,SM,Chat GPT; Krea,,,Y,,,
CTD_AI_CHF_Dike_20260526_1a.mov,CTD_AI_CHF_DikeBreaking,101,China Floods,2026-05-26,SM,Chat GPT; Krea,,Re-spin Completed,Y,,,
CTD_AI_CHF_Dike_20260526_1c.mov,CTD_AI_CHF_DikeBreaking,101,China Floods,2026-05-26,SM,Chat GPT; Krea,,,Y,,,
CTD_AI_CHF_Dike_20260526_1e.mov,CTD_AI_CHF_DikeBreaking,101,China Floods,2026-05-26,SM,Chat GPT; Krea,,,Y,,,
CTD_AI_CHF_Dike_20260526_1f.mov,CTD_AI_CHF_DikeBreaking,101,China Floods,2026-05-26,SM,Chat GPT; Krea,,,Y,,,
CTD_AI_CHF_Dike_20260526_1g.mov,CTD_AI_CHF_DikeBreaking,101,China Floods,2026-05-26,SM,Chat GPT; Krea,,,Y,,,
CTD_AI_CHF_Dike_20260526_2a.mov,CTD_AI_CHF_DikeBreaking,101,China Floods,2026-05-26,SM,Chat GPT; Krea,,,Y,,,
CTD_AI_CHF_Dike_20260526_2c.mov,CTD_AI_CHF_DikeBreaking,101,China Floods,2026-05-26,SM,Chat GPT; Krea,,,Y,,,
CTD_AI_CHF_Dike_20260526_2d.mov,CTD_AI_CHF_DikeBreaking,101,China Floods,2026-05-26,SM,Chat GPT; Krea,,,Y,,,
CTD_AI_CHF_Dike_20260526_2e.mov,CTD_AI_CHF_DikeBreaking,101,China Floods,2026-05-26,SM,Chat GPT; Krea,,,Y,,,
CTD_AI_CHF_Dike_20260526_2f.mov,CTD_AI_CHF_DikeBreaking,101,China Floods,2026-05-26,SM,Chat GPT; Krea,,,Y,,,
CTD_AI_CHF_Dike_20260526_2g.mov,CTD_AI_CHF_DikeBreaking,101,China Floods,2026-05-26,SM,Chat GPT; Krea,,,Y,,,
CTD_AI_CHF_Dike_20260526_2h.mov,CTD_AI_CHF_DikeBreaking,101,China Floods,2026-05-26,SM,Chat GPT; Krea,,,Y,,,
CTD_AI_CHF_Dike_20260526_2i.mov,CTD_AI_CHF_DikeBreaking,101,China Floods,2026-05-26,SM,Chat GPT; Krea,,,Y,,,
CTD_AI_CHF_Dike_20260526_2j.mov,CTD_AI_CHF_DikeBreaking,101,China Floods,2026-05-26,SM,Chat GPT; Krea,,,Y,,,
CTD_AI_CHF_Dike_20260526_3a.mov,CTD_AI_CHF_DikeBreaking,101,China Floods,2026-05-26,SM,Chat GPT; Krea,,,Y,,,
CTD_AI_CHF_Dike_20260526_3b.mov,CTD_AI_CHF_DikeBreaking,101,China Floods,2026-05-26,SM,Chat GPT; Krea,,,Y,,,
CTD_AI_CHF_Dike_20260526_3c.mov,CTD_AI_CHF_DikeBreaking,101,China Floods,2026-05-26,SM,Chat GPT; Krea,,,Y,,,
CTD_AI_CHF_Dike_20260526_3d.mov,CTD_AI_CHF_DikeBreaking,101,China Floods,2026-05-26,SM,Chat GPT; Krea,,,Y,,,
CTD_AI_CHF_Dike_20260526_3e.mov,CTD_AI_CHF_DikeBreaking,101,China Floods,2026-05-26,SM,Chat GPT; Krea,,,Y,,,
CTD_AI_CHF_Dike_20260526_3f.mov,CTD_AI_CHF_DikeBreaking,101,China Floods,2026-05-26,SM,Chat GPT; Krea,,,Y,,,
CTD_AI_CHF_Dike_20260526_4a.mov,CTD_AI_CHF_DikeBreaking,101,China Floods,2026-05-26,SM,Chat GPT; Krea,,,Y,,,
CTD_AI_CHF_Dike_20260526_4b.mov,CTD_AI_CHF_DikeBreaking,101,China Floods,2026-05-26,SM,Chat GPT; Krea,,,Y,,,
CTD_AI_CHF_Dike_20260526_5a.mov,CTD_AI_CHF_DikeBreaking,101,China Floods,2026-05-26,SM,Chat GPT; Krea,,,Y,,,
CTD_AI_CHF_Dike_20260526_5b.mov,CTD_AI_CHF_DikeBreaking,101,China Floods,2026-05-26,SM,Chat GPT; Krea,,,Y,,,
CTD_AI_CHF_Dike_20260526_5c.mov,CTD_AI_CHF_DikeBreaking,101,China Floods,2026-05-26,SM,Chat GPT; Krea,,,Y,,,
CTD_AI_CHF_Dike_20260526_5d.mov,CTD_AI_CHF_DikeBreaking,101,China Floods,2026-05-26,SM,Chat GPT; Krea,,,Y,,,
CTD_AI_CHF_Dike_20260526_5e.mov,CTD_AI_CHF_DikeBreaking,101,China Floods,2026-05-26,SM,Chat GPT; Krea,,,Y,,,
CTD_AI_CHF_Dike_20260526_5f.mov,CTD_AI_CHF_DikeBreaking,101,China Floods,2026-05-26,SM,Chat GPT; Krea,,Re-spin Completed,Y,,,
CTD_AI_CHF_Dike_20260526_5g.mov,CTD_AI_CHF_DikeBreaking,101,China Floods,2026-05-26,SM,Chat GPT; Krea,,,Y,,,
CTD_AI_CHF_Dike_20260526_5h.mov,CTD_AI_CHF_DikeBreaking,101,China Floods,2026-05-26,SM,Chat GPT; Krea,,,Y,,,
CTD_AI_CHF_Dike_20260526_5i.mov,CTD_AI_CHF_DikeBreaking,101,China Floods,2026-05-26,SM,Chat GPT; Krea,,,Y,,,
CTD_AI_CHF_Dike_20260526_5j.mov,CTD_AI_CHF_DikeBreaking,101,China Floods,2026-05-26,SM,Chat GPT; Krea,,,Y,,,
CTD_AI_CHF_FloodedVillage_20260526_1a.mov,CTD_AI_CHF_FarmlandFloods,101,China Floods,2026-05-26,SM,Chat GPT; Krea,,,Y,,,
CTD_AI_CHF_FloodedVillage_20260526_2a.mov,CTD_AI_CHF_FarmlandFloods,101,China Floods,2026-05-26,SM,Chat GPT; Krea,,,Y,,,
CTD_AI_CHF_FloodedVillage_20260526_2b.mov,CTD_AI_CHF_FarmlandFloods,101,China Floods,2026-05-26,SM,Chat GPT; Krea,,,Y,,,
CTD_AI_CHF_FloodedVillage_20260526_3a.mov,CTD_AI_CHF_FarmlandFloods,101,China Floods,2026-05-26,SM,Chat GPT; Krea,,,Y,,,
CTD_AI_CHF_FloodedVillage_20260526_3b.mov,CTD_AI_CHF_FarmlandFloods,101,China Floods,2026-05-26,SM,Chat GPT; Krea,,,Y,,,
CTD_AI_CHF_FloodedVillage_20260526_3d.mov,CTD_AI_CHF_FarmlandFloods,101,China Floods,2026-05-26,SM,Chat GPT; Krea,,,Y,,,
CTD_AI_CHF_FloodedVillage_20260526_5a.mov,CTD_AI_CHF_FarmlandFloods,101,China Floods,2026-05-26,SM,Chat GPT; Krea,,,Y,,,
CTD_AI_CHF_FloodedVillage_20260526_5b.mov,CTD_AI_CHF_FarmlandFloods,101,China Floods,2026-05-26,SM,Chat GPT; Krea,,Re-spin Completed,Y,,,
CTD_AI_CHF_FloodedVillage_20260526_5d.mov,CTD_AI_CHF_FarmlandFloods,101,China Floods,2026-05-26,SM,Chat GPT; Krea,,,Y,,,
CTD_AI_CHF_FloodedVillage_20260526_5e.mov,CTD_AI_CHF_FarmlandFloods,101,China Floods,2026-05-26,SM,Chat GPT; Krea,,,Y,,,
CTD_AI_CHF_FloodedVillage_20260526_5f.mov,CTD_AI_CHF_FarmlandFloods,101,China Floods,2026-05-26,SM,Chat GPT; Krea,,,Y,,,
CTD_AI_CHF_FloodedVillage_20260526_5i.mov,CTD_AI_CHF_FarmlandFloods,101,China Floods,2026-05-26,SM,Chat GPT; Krea,,,Y,,,
CTD_AI_CHF_FloodedVillage_20260526_7a.mov,CTD_AI_CHF_FarmlandFloods,101,China Floods,2026-05-26,SM,Chat GPT; Krea,,,Y,,,
CTD_AI_CHF_FloodedVillage_20260526_8a.mov,CTD_AI_CHF_FarmlandFloods,101,China Floods,2026-05-26,SM,Chat GPT; Krea,,,Y,,,
CTD_AI_CHF_FloodedVillage_20260526_8b.mov,CTD_AI_CHF_FarmlandFloods,101,China Floods,2026-05-26,SM,Chat GPT; Krea,,,Y,,,
CTD_AI_CHF_FloodedVillage_20260526_9a.mov,CTD_AI_CHF_FarmlandFloods,101,China Floods,2026-05-26,SM,Chat GPT; Krea,,,Y,,,
CTD_AI_CHF_FloodedVillage_20260526_9c.mov,CTD_AI_CHF_FarmlandFloods,101,China Floods,2026-05-26,SM,Chat GPT; Krea,,,Y,,,
CTD_AI_CHF_FloodedVillage_20260526_9d.mov,CTD_AI_CHF_FarmlandFloods,101,China Floods,2026-05-26,SM,Chat GPT; Krea,,,Y,,,
CTD_AI_CHF_FloodedVillage_20260526_9e.mov,CTD_AI_CHF_FarmlandFloods,101,China Floods,2026-05-26,SM,Chat GPT; Krea,,,Y,,,
CTD_AI_CHF_FloodedVillage_20260526_9f.mov,CTD_AI_CHF_FarmlandFloods,101,China Floods,2026-05-26,SM,Chat GPT; Krea,,,Y,,,
CTD_AI_CHF_FloodedVillage_20260526_9g.mov,CTD_AI_CHF_FarmlandFloods,101,China Floods,2026-05-26,SM,Chat GPT; Krea,,,Y,,,
CTD_AI_CHF_FloodedVillage_20260526_9h.mov,CTD_AI_CHF_FarmlandFloods,101,China Floods,2026-05-26,SM,Chat GPT; Krea,,,Y,,,
CTD_AI_CHF_FloodedVillage_20260526_9i.mov,CTD_AI_CHF_FarmlandFloods,101,China Floods,2026-05-26,SM,Chat GPT; Krea,,,Y,,,
CTD_AI_CHF_FloodedVillage_20260526_9j.mov,CTD_AI_CHF_FarmlandFloods,101,China Floods,2026-05-26,SM,Chat GPT; Krea,,,Y,,,
CTD_AI_CHF_FloodedVillage_20260526_9k.mov,CTD_AI_CHF_FarmlandFloods,101,China Floods,2026-05-26,SM,Chat GPT; Krea,,,Y,,,
CTD_AI_CHF_FloodedVillage_20260526_9l.mov,CTD_AI_CHF_FarmlandFloods,101,China Floods,2026-05-26,SM,Chat GPT; Krea,,,Y,,,
CTD_AI_CHF_FloodedWuhan_20260526_10a.mov,CTD_AI_CHF_WallOfWater,101,China Floods,2026-05-26,SM,Chat GPT; Krea,,,Y,,,
CTD_AI_CHF_FloodedWuhan_20260526_10b.mov,CTD_AI_CHF_WallOfWater,101,China Floods,2026-05-26,SM,Chat GPT; Krea,,,Y,,,
CTD_AI_CHF_FloodedWuhan_20260526_10e.mov,CTD_AI_CHF_WallOfWater,101,China Floods,2026-05-26,SM,Chat GPT; Krea,,Re-spin Completed,Y,,,
CTD_AI_CHF_FloodedWuhan_20260526_10f.mov,CTD_AI_CHF_WallOfWater,101,China Floods,2026-05-26,SM,Chat GPT; Krea,,,Y,,,
CTD_AI_CHF_FloodedWuhan_20260526_1a.mov,CTD_AI_CHF_WallOfWater,101,China Floods,2026-05-26,SM,Chat GPT; Krea,,,Y,,,
CTD_AI_CHF_FloodedWuhan_20260526_1b.mov,CTD_AI_CHF_WallOfWater,101,China Floods,2026-05-26,SM,Chat GPT; Krea,,Re-spin Completed,Y,,,
CTD_AI_CHF_FloodedWuhan_20260526_1c.mov,CTD_AI_CHF_WallOfWater,101,China Floods,2026-05-26,SM,Chat GPT; Krea,,,Y,,,
CTD_AI_CHF_FloodedWuhan_20260526_1d.mov,CTD_AI_CHF_WallOfWater,101,China Floods,2026-05-26,SM,Chat GPT; Krea,,,Y,,,
CTD_AI_CHF_FloodedWuhan_20260526_1e.mov,CTD_AI_CHF_WallOfWater,101,China Floods,2026-05-26,SM,Chat GPT; Krea,,,Y,,,
CTD_AI_CHF_FloodedWuhan_20260526_1f.mov,CTD_AI_CHF_WallOfWater,101,China Floods,2026-05-26,SM,Chat GPT; Krea,,,Y,,,
CTD_AI_CHF_FloodedWuhan_20260526_4c.mov,CTD_AI_CHF_WallOfWater,101,China Floods,2026-05-26,SM,Chat GPT; Krea,,Re-spin Completed,Y,,,
CTD_AI_CHF_FloodedWuhan_20260526_4d.mov,CTD_AI_CHF_WallOfWater,101,China Floods,2026-05-26,SM,Chat GPT; Krea,,,Y,,,
CTD_AI_CHF_FloodedWuhan_20260526_5c.mov,CTD_AI_CHF_WallOfWater,101,China Floods,2026-05-26,SM,Chat GPT; Krea,,Re-spin Completed,Y,,,
CTD_AI_CHF_FloodedWuhan_20260526_6a.mov,CTD_AI_CHF_WallOfWater,101,China Floods,2026-05-26,SM,Chat GPT; Krea,,,Y,,,
CTD_AI_CHF_FloodedWuhan_20260526_6b.mov,CTD_AI_CHF_WallOfWater,101,China Floods,2026-05-26,SM,Chat GPT; Krea,,,Y,,,
CTD_AI_CHF_FloodedWuhan_20260526_6c.mov,CTD_AI_CHF_WallOfWater,101,China Floods,2026-05-26,SM,Chat GPT; Krea,,,Y,,,
CTD_AI_CHF_FloodedWuhan_20260526_7a.mov,CTD_AI_CHF_WallOfWater,101,China Floods,2026-05-26,SM,Chat GPT; Krea,,Re-spin Completed,Y,,,
CTD_AI_CHF_FloodedWuhan_20260526_7b.mov,CTD_AI_CHF_WallOfWater,101,China Floods,2026-05-26,SM,Chat GPT; Krea,,,Y,,,
CTD_AI_CHF_FloodedWuhan_20260526_8a.mov,CTD_AI_CHF_WallOfWater,101,China Floods,2026-05-26,SM,Chat GPT; Krea,,,Y,,,
CTD_AI_CHF_FloodedWuhan_20260526_9a.mov,CTD_AI_CHF_WallOfWater,101,China Floods,2026-05-26,SM,Chat GPT; Krea,,,Y,,,
CTD_AI_CHF_FloodedWuhan_20260526_9b.mov,CTD_AI_CHF_WallOfWater,101,China Floods,2026-05-26,SM,Chat GPT; Krea,,,Y,,,
CTD_AI_CHF_FloodedWuhan_20260526_9c.mov,CTD_AI_CHF_WallOfWater,101,China Floods,2026-05-26,SM,Chat GPT; Krea,,,Y,,,
CTD_AI_CHF_FloodedWuhan_20260526_9d.mov,CTD_AI_CHF_WallOfWater,101,China Floods,2026-05-26,SM,Chat GPT; Krea,,,Y,,,
CTD_AI_HIN_StormClouds_20260526_1a.mov,CTD_AI_HIN_StormClouds,101,Hindenburg,2026-05-26,WS,Chat GPT; Krea,,,Y,,,
CTD_AI_HIN_StormClouds_20260526_1b.mov,CTD_AI_HIN_StormClouds,101,Hindenburg,2026-05-26,WS,Chat GPT; Krea,,,Y,,,
CTD_AI_HIN_StormClouds_20260526_2a.mov,CTD_AI_HIN_StormClouds,101,Hindenburg,2026-05-26,WS,Chat GPT; Krea,,Re-spin Completed,Y,,,
CTD_AI_HIN_StormClouds_20260526_2b.mov,CTD_AI_HIN_StormClouds,101,Hindenburg,2026-05-26,WS,Chat GPT; Krea,,,Y,,,
CTD_AI_TXC_BagExplosion_20260525_1a.mov,CTD_AI_TXC_Explosion01,101,Texas City Disaster,2026-05-26,WS,Chat GPT; Krea,Y,,Y,,,
CTD_AI_TXC_BagExplosion_20260525_1b.mov,CTD_AI_TXC_Explosion01,101,Texas City Disaster,2026-05-26,WS,Chat GPT; Krea,Y,Re-spin Completed,Y,,,
CTD_AI_TXC_BagExplosion_20260525_1c.mov,CTD_AI_TXC_Explosion01,101,Texas City Disaster,2026-05-26,WS,Chat GPT; Krea,Y,,Y,,,
CTD_AI_TXC_BoatExplode_20260526_1a.mov,CTD_AI_TXC_Explosion01,101,Texas City Disaster,2026-05-26,WS,Chat GPT; Krea,Y,Re-spin Completed,Y,,,
CTD_AI_TXC_BoatExplode_20260526_1b.mov,CTD_AI_TXC_Explosion01,101,Texas City Disaster,2026-05-26,WS,Chat GPT; Krea,Y,,Y,,,
CTD_AI_TXC_BurningBag_20260525_1a.mov,CTD_AI_TXC_GEN,101,Texas City Disaster,2026-05-26,WS,Chat GPT; Krea,,Re-spin Completed,Y,,,
CTD_AI_TXC_BurningBag_20260526_1a.mov,CTD_AI_TXC_PressureBuilds,101,Texas City Disaster,2026-05-26,WS,Chat GPT; Krea,Y,,Y,,,
CTD_AI_TXC_BurningBag_20260526_1b.mov,CTD_AI_TXC_PressureBuilds,101,Texas City Disaster,2026-05-26,WS,Chat GPT; Krea,Y,,Y,,,
CTD_AI_TXC_BurningBag_20260526_2a.mov,CTD_AI_TXC_PressureBuilds,101,Texas City Disaster,2026-05-26,WS,Chat GPT; Krea,Y,,Y,,,
CTD_AI_TXC_BurningBag_20260526_2b.mov,CTD_AI_TXC_PressureBuilds,101,Texas City Disaster,2026-05-26,WS,Chat GPT; Krea,Y,,Y,,,
CTD_AI_TXC_HatchExplode_20260526_1a.mov,CTD_AI_TXC_Explosion01,101,Texas City Disaster,2026-05-26,WS,Chat GPT; Krea,Y,,Y,,,
CTD_AI_TXC_HatchExplode_20260526_1b.mov,CTD_AI_TXC_Explosion01,101,Texas City Disaster,2026-05-26,WS,Chat GPT; Krea,Y,,Y,,,
CTD_AI_TXC_POVFindingBurningBag_20260525_1a.mov,CTD_AI_TXC_BurningInShip03,101,Texas City Disaster,2026-05-26,WS,Chat GPT; Krea,Y,,Y,,,
CTD_AI_TXC_POVFindingBurningBag_20260525_1b.mov,CTD_AI_TXC_BurningInShip03,101,Texas City Disaster,2026-05-26,WS,Chat GPT; Krea,Y,,Y,,,
CTD_AI_TXC_POVFindingBurningBag_20260525_1c.mov,CTD_AI_TXC_BurningInShip03,101,Texas City Disaster,2026-05-26,WS,Chat GPT; Krea,Y,,Y,,,
CTD_AI_TXC_POVFindingBurningBag_20260525_1d.mov,CTD_AI_TXC_BurningInShip03,101,Texas City Disaster,2026-05-26,WS,Chat GPT; Krea,Y,Re-spin Completed,Y,,,
CTD_AI_TXC_PortholeExplosion_20260525_1a.mov,CTD_AI_TXC_BlowPortWindows,101,Texas City Disaster,2026-05-26,WS,Chat GPT; Krea,Y,,Y,,,
CTD_AI_TXC_PortholeExplosion_20260525_1b.mov,CTD_AI_TXC_BlowPortWindows,101,Texas City Disaster,2026-05-26,WS,Chat GPT; Krea,Y,,Y,,,
CTD_AI_TXC_WaterBucket_20260525_1a.mov,CTD_AI_TXC_FightingFire02,101,Texas City Disaster,2026-05-26,WS,Chat GPT; Krea,Y,,Y,,,
CTD_AI_TXC_WaterBucket_20260525_1b.mov,CTD_AI_TXC_FightingFire02,101,Texas City Disaster,2026-05-26,WS,Chat GPT; Krea,Y,,Y,,,
CTD_AI_TXC_WaterBucket_20260525_2a.mov,CTD_AI_TXC_FightingFire02,101,Texas City Disaster,2026-05-26,WS,Chat GPT; Krea,Y,,Y,,,
CTD_AI_TXC_WaterBucket_20260525_2b.mov,CTD_AI_TXC_FightingFire02,101,Texas City Disaster,2026-05-26,WS,Chat GPT; Krea,Y,,Y,,,
CTD_AI_TXC_WaterBucket_20260525_3a.mov,CTD_AI_TXC_FightingFire02,101,Texas City Disaster,2026-05-26,WS,Chat GPT; Krea,Y,,Y,,,
CTD_AI_TXC_WaterBucket_20260525_3b.mov,CTD_AI_TXC_FightingFire02,101,Texas City Disaster,2026-05-26,WS,Chat GPT; Krea,Y,,Y,,,
CTD_AI_TXC_WaterBucket_20260525_5a.mov,CTD_AI_TXC_FightingFire02,101,Texas City Disaster,2026-05-26,WS,Chat GPT; Krea,Y,,Y,,,
CTD_AI_TXC_WaterBucket_20260525_5b.mov,CTD_AI_TXC_FightingFire02,101,Texas City Disaster,2026-05-26,WS,Chat GPT; Krea,Y,,Y,,,
CTD_AI_TXC_WaterBucket_20260525_5c.mov,CTD_AI_TXC_FightingFire02,101,Texas City Disaster,2026-05-26,WS,Chat GPT; Krea,Y,,Y,,,
CTD_AI_TXC_WaterBucket_20260525_6a.mov,CTD_AI_TXC_FightingFire02,101,Texas City Disaster,2026-05-26,WS,Chat GPT; Krea,Y,,Y,,,
CTD_AI_TXC_WaterBucket_20260525_7a.mov,CTD_AI_TXC_FightingFire02,101,Texas City Disaster,2026-05-26,WS,Chat GPT; Krea,Y,,Y,,,
CTD_AI_TXC_WaveImpact_20260526_1a.mov,CTD_AI_TXC_Wave15ft02,101,Texas City Disaster,2026-05-26,WS,Chat GPT; Krea,Y,Re-spin Completed,Y,,,
CTD_AI_TXC_WaveImpact_20260526_2a.mov,CTD_AI_TXC_Wave15ft02,101,Texas City Disaster,2026-05-26,WS,Chat GPT; Krea,Y,,Y,,,
CTD_AI_TXC_WaveImpact_20260526_3a.mov,CTD_AI_TXC_Wave15ft02,101,Texas City Disaster,2026-05-26,WS,Chat GPT; Krea,Y,,Y,,,
CTD_AI_HIN_ApproachingNJ_20260527_1a.mov,CTD_AI_HIN_ApproachingNYC02,101,Hindenburg,2026-05-27,WS,Chat GPT; Krea,,,Y,,,
CTD_AI_HIN_ApproachingNJ_20260527_2a.mov,CTD_AI_HIN_ApproachingNYC02,101,Hindenburg,2026-05-27,WS,Chat GPT; Krea,,,Y,,,
CTD_AI_HIN_ApproachingNYC_20260527_1a.mov,CTD_AI_HIN_ApproachingNYC01,101,Hindenburg,2026-05-27,WS,Chat GPT; Krea,,,Y,,,
CTD_AI_HIN_ApproachingNYC_20260527_1b.mov,CTD_AI_HIN_ApproachingNYC01,101,Hindenburg,2026-05-27,WS,Chat GPT; Krea,,,Y,,,
CTD_AI_HIN_CaptainPOV_20260527_1a.mov,CTD_AI_HIN_CaptainPOV,101,Hindenburg,2026-05-27,WS,Chat GPT; Krea,,Re-spin Completed,Y,,,
CTD_AI_HIN_CaptainPOV_20260527_1b.mov,CTD_AI_HIN_CaptainPOV,101,Hindenburg,2026-05-27,WS,Chat GPT; Krea,,,Y,,,
CTD_AI_HIN_CaptainPOV_20260527_1c.mov,CTD_AI_HIN_CaptainPOV,101,Hindenburg,2026-05-27,WS,Chat GPT; Krea,,,Y,,,
CTD_AI_HIN_FlyingOcean_20260527_1a.mov,CTD_AI_HIN_FlyingOcean01,101,Hindenburg,2026-05-27,WS,Chat GPT; Krea,,,Y,,,
CTD_AI_HIN_FlyingOcean_20260527_1b.mov,CTD_AI_HIN_FlyingOcean01,101,Hindenburg,2026-05-27,WS,Chat GPT; Krea,,,Y,,,
CTD_AI_HIN_FlyingOcean_20260527_2a.mov,CTD_AI_HIN_FlyingOcean01,101,Hindenburg,2026-05-27,WS,Chat GPT; Krea,,,Y,,,
CTD_AI_HIN_FlyingOcean_20260527_2b.mov,CTD_AI_HIN_FlyingOcean01,101,Hindenburg,2026-05-27,WS,Chat GPT; Krea,,,Y,,,
CTD_AI_HIN_FlyingOcean_20260527_3a.mov,CTD_AI_HIN_FlyingOcean02,101,Hindenburg,2026-05-27,WS,Chat GPT; Krea,,,Y,,,
CTD_AI_HIN_FlyingOcean_20260527_3b.mov,CTD_AI_HIN_FlyingOcean02,101,Hindenburg,2026-05-27,WS,Chat GPT; Krea,,,Y,,,
CTD_AI_HIN_FlyingOcean_20260527_3c.mov,CTD_AI_HIN_FlyingOcean02,101,Hindenburg,2026-05-27,WS,Chat GPT; Krea,,,Y,,,
CTD_AI_HIN_FlyingOcean_20260527_4a.mov,CTD_AI_HIN_FlyingOcean02,101,Hindenburg,2026-05-27,WS,Chat GPT; Krea,,,Y,,,
CTD_AI_CHF_Storm_20260528_1a.mov,CTD_AI_CHF_CycloneVillage,101,China Floods,2026-05-28,SM,Chat GPT; Krea,,,Y,,,
CTD_AI_CHF_Storm_20260528_1b.mov,CTD_AI_CHF_CycloneVillage,101,China Floods,2026-05-28,SM,Chat GPT; Krea,,,Y,,,
CTD_AI_CHF_Storm_20260528_1c.mov,CTD_AI_CHF_CycloneVillage,101,China Floods,2026-05-28,SM,Chat GPT; Krea,,,Y,,,
CTD_AI_CHF_Storm_20260528_1d.mov,CTD_AI_CHF_CycloneVillage,101,China Floods,2026-05-28,SM,Chat GPT; Krea,,,Y,,,
CTD_AI_CHF_Storm_20260528_1e.mov,CTD_AI_CHF_CycloneVillage,101,China Floods,2026-05-28,SM,Chat GPT; Krea,,,Y,,,
CTD_AI_CHF_Storm_20260528_1f.mov,CTD_AI_CHF_CycloneVillage,101,China Floods,2026-05-28,SM,Chat GPT; Krea,,Re-spin Completed,Y,,,
CTD_AI_CHF_Storm_20260528_2a.mov,CTD_AI_CHF_CycloneVillage,101,China Floods,2026-05-28,SM,Chat GPT; Krea,,,Y,,,
CTD_AI_CHF_Storm_20260528_2b.mov,CTD_AI_CHF_CycloneVillage,101,China Floods,2026-05-28,SM,Chat GPT; Krea,,,Y,,,
CTD_AI_CHF_Storm_20260528_3a.mov,CTD_AI_CHF_CycloneVillage,101,China Floods,2026-05-28,SM,Chat GPT; Krea,,,Y,,,
CTD_AI_CHF_Storm_20260528_4a.mov,CTD_AI_CHF_CycloneVillage,101,China Floods,2026-05-28,SM,Chat GPT; Krea,,,Y,,,
CTD_AI_CHF_Storm_20260528_5a.mov,CTD_AI_CHF_CycloneVillage,101,China Floods,2026-05-28,SM,Chat GPT; Krea,,,Y,,,
CTD_AI_CHF_Storm_20260528_5b.mov,CTD_AI_CHF_CycloneVillage,101,China Floods,2026-05-28,SM,Chat GPT; Krea,,,Y,,,
CTD_AI_CHF_Storm_20260528_6a.mov,CTD_AI_CHF_CycloneVillage,101,China Floods,2026-05-28,SM,Chat GPT; Krea,,,Y,,,
CTD_AI_CHF_Storm_20260528_6b.mov,CTD_AI_CHF_CycloneVillage,101,China Floods,2026-05-28,SM,Chat GPT; Krea,,,Y,,,
CTD_AI_CHF_Storm_20260528_6c.mov,CTD_AI_CHF_CycloneVillage,101,China Floods,2026-05-28,SM,Chat GPT; Krea,,,Y,,,
CTD_AI_CHF_Storm_20260528_7a.mov,CTD_AI_CHF_CycloneVillage,101,China Floods,2026-05-28,SM,Chat GPT; Krea,,,Y,,,
CTD_AI_447_Planecrash_20260601_1a.mov,CTD_AI_447_AircraftCrashes02,101,Air France Flight 447,2026-06-01,WS,Chat GPT; Krea,,,Y,,,
CTD_AI_447_Planecrash_20260601_1b.mov,CTD_AI_447_AircraftCrashes02,101,Air France Flight 447,2026-06-01,WS,Chat GPT; Krea,,,Y,,,
CTD_AI_447_Planecrash_20260601_2a.mov,CTD_AI_447_AircraftCrashes02,101,Air France Flight 447,2026-06-01,WS,Chat GPT; Krea,,Re-spin Completed,Y,,,
CTD_AI_447_Planecrash_20260601_2b.mov,CTD_AI_447_AircraftCrashes02,101,Air France Flight 447,2026-06-01,WS,Chat GPT; Krea,,,Y,,,
CTD_AI_447_Planecrash_20260601_3a.mov,CTD_AI_447_AircraftCrashes02,101,Air France Flight 447,2026-06-01,WS,Chat GPT; Krea,,,Y,,,
CTD_AI_FDN_TurningBigWheel_20260601_1a.mov,CTD_AI_FDN_TeamsEnterBuilding03,101,Fukushima Nuclear Disaster,2026-06-01,WS,Chat GPT; Krea,Y,,Y,,,
CTD_AI_FDN_TurningBigWheel_20260601_1b.mov,CTD_AI_FDN_TeamsEnterBuilding03,101,Fukushima Nuclear Disaster,2026-06-01,WS,Chat GPT; Krea,Y,,Y,,,
CTD_AI_FDN_TurningBigWheel_20260601_2a.mov,CTD_AI_FDN_TeamsEnterBuilding03,101,Fukushima Nuclear Disaster,2026-06-01,WS,Chat GPT; Krea,Y,,Y,,,
CTD_AI_FDN_TurningBigWheel_20260601_3a.mov,CTD_AI_FDN_TeamsEnterBuilding03,101,Fukushima Nuclear Disaster,2026-06-01,WS,Chat GPT; Krea,Y,,Y,,,
CTD_AI_FDN_TurningBigWheel_20260601_3b.mov,CTD_AI_FDN_TeamsEnterBuilding03,101,Fukushima Nuclear Disaster,2026-06-01,WS,Chat GPT; Krea,Y,,Y,,,
CTD_AI_MSH_IntialSmoke_20260601_1.mov,CTD_AI_MSH_ResearchStationPOV,101,Mount St. Helens Eruption,2026-06-01,SM,Chat GPT; Krea,,,Y,,,
CTD_AI_MSH_IntialSmoke_20260601_2.mov,CTD_AI_MSH_ResearchStationPOV,101,Mount St. Helens Eruption,2026-06-01,SM,Chat GPT; Krea,,Re-spin Completed,Y,,,
CTD_AI_MSH_IntialSmoke_20260601_3.mov,CTD_AI_MSH_ResearchStationPOV,101,Mount St. Helens Eruption,2026-06-01,SM,Chat GPT; Krea,,,Y,,,
CTD_AI_MSH_IntialSmoke_20260601_4.mov,CTD_AI_MSH_ResearchStationPOV,101,Mount St. Helens Eruption,2026-06-01,SM,Chat GPT; Krea,,Re-spin Completed,Y,,,
CTD_AI_MSH_IntialSmoke_20260601_5.mov,CTD_AI_MSH_ResearchStationPOV,101,Mount St. Helens Eruption,2026-06-01,SM,Chat GPT; Krea,,,Y,,,
CTD_AI_MSH_IntialSmoke_20260601_7.mov,CTD_AI_MSH_ResearchStationPOV,101,Mount St. Helens Eruption,2026-06-01,SM,Chat GPT; Krea,,,Y,,,
CTD_AI_447_Planecrash_20260602_1a.mov,CTD_AI_447_AircraftCrashes01,101,Air France Flight 447,2026-06-02,WS,Chat GPT; Krea,Y,,Y,,,
CTD_AI_447_Planecrash_20260602_1b.mov,CTD_AI_447_AircraftCrashes01,101,Air France Flight 447,2026-06-02,WS,Chat GPT; Krea,Y,,Y,,,
CTD_AI_447_Planecrash_20260602_1c.mov,CTD_AI_447_AircraftCrashes01,101,Air France Flight 447,2026-06-02,WS,Chat GPT; Krea,Y,,Y,,,
CTD_AI_447_Planecrash_20260602_1d.mov,CTD_AI_447_AircraftCrashes01,101,Air France Flight 447,2026-06-02,WS,Chat GPT; Krea,Y,Re-spin Completed,Y,,,
CTD_AI_447_Planecrash_20260602_1e.mov,CTD_AI_447_AircraftCrashes01,101,Air France Flight 447,2026-06-02,WS,Chat GPT; Krea,Y,,Y,,,
CTD_AI_447_Planecrash_20260602_2a.mov,CTD_AI_447_AircraftCrashes01,101,Air France Flight 447,2026-06-02,WS,Chat GPT; Krea,Y,,Y,,,
CTD_AI_447_Planecrash_20260602_2b.mov,CTD_AI_447_AircraftCrashes01,101,Air France Flight 447,2026-06-02,WS,Chat GPT; Krea,Y,,Y,,,
CTD_AI_447_Planecrash_20260602_2c.mov,CTD_AI_447_AircraftCrashes01,101,Air France Flight 447,2026-06-02,WS,Chat GPT; Krea,Y,,Y,,,
CTD_AI_FDN_BigPipe_20260602_1a.mov,CTD_AI_FDN_GEN_01,101,Fukushima Nuclear Disaster,2026-06-02,SM,Chat GPT; Krea,Y,,Y,,Y,
CTD_AI_FDN_BigPipe_20260602_2a.mov,CTD_AI_FDN_GEN_01,101,Fukushima Nuclear Disaster,2026-06-02,SM,Chat GPT; Krea,Y,,Y,,Y,
CTD_AI_FDN_BigPipe_20260602_3a.mov,CTD_AI_FDN_GEN_01,101,Fukushima Nuclear Disaster,2026-06-02,SM,Chat GPT; Krea,Y,,Y,,Y,
CTD_AI_FDN_BigPipe_20260602_4a.mov,CTD_AI_FDN_GEN_01,101,Fukushima Nuclear Disaster,2026-06-02,SM,Chat GPT; Krea,Y,,Y,,Y,
CTD_AI_MSH_BulgeForming_20260602_1a.mov,CTD_AI_MSH_BulgeForming,101,Mount St. Helens Eruption,2026-06-02,WS,Chat GPT; Krea,,,Y,,,
CTD_AI_MSH_BulgeForming_20260602_1b.mov,CTD_AI_MSH_BulgeForming,101,Mount St. Helens Eruption,2026-06-02,WS,Chat GPT; Krea,,,Y,,,
CTD_AI_MSH_BulgeForming_20260602_1c.mov,CTD_AI_MSH_BulgeForming,101,Mount St. Helens Eruption,2026-06-02,WS,Chat GPT; Krea,,,Y,,,
CTD_AI_MSH_BulgeForming_20260602_1d.mov,CTD_AI_MSH_BulgeForming,101,Mount St. Helens Eruption,2026-06-02,WS,Chat GPT; Krea,,,Y,,,
CTD_AI_MSH_BulgeForming_20260602_2a.mov,CTD_AI_MSH_BulgeForming,101,Mount St. Helens Eruption,2026-06-02,WS,Chat GPT; Krea,,,Y,,,
CTD_AI_FDN_BootsWading_20260615_1a.mov,CTD_AI_FDN_TeamsEnterBuilding02,101,Fukushima Nuclear Disaster,2026-06-16,PAUL/IAN,Chat GPT; Krea,Y,,Y,,,
CTD_AI_FDN_BootsWading_20260615_1b.mov,CTD_AI_FDN_TeamsEnterBuilding02,101,Fukushima Nuclear Disaster,2026-06-16,PAUL/IAN,Chat GPT; Krea,Y,,Y,,,
CTD_AI_FDN_BootsWading_20260615_1c.mov,CTD_AI_FDN_TeamsEnterBuilding02,101,Fukushima Nuclear Disaster,2026-06-16,PAUL/IAN,Chat GPT; Krea,Y,,Y,,,
CTD_AI_FDN_EarthquakeControlRoom_20260615_6a.mov,CTD_AI_FDN_GeneratorsFlood03,101,Fukushima Nuclear Disaster,2026-06-16,PAUL/IAN,Chat GPT; Krea,Y,,Y,,,
CTD_AI_FDN_EarthquakeControlRoom_20260615_6b.mov,CTD_AI_FDN_GeneratorsFlood03,101,Fukushima Nuclear Disaster,2026-06-16,PAUL/IAN,Chat GPT; Krea,Y,,Y,,,
CTD_AI_FDN_EarthquakeControlRoom_20260615_7a.mov,CTD_AI_FDN_GeneratorsFlood03,101,Fukushima Nuclear Disaster,2026-06-16,PAUL/IAN,Chat GPT; Krea,Y,,Y,,,
CTD_AI_FDN_EarthquakeControlRoom_20260615_8a.mov,CTD_AI_FDN_GeneratorsFlood03,101,Fukushima Nuclear Disaster,2026-06-16,PAUL/IAN,Chat GPT; Krea,Y,,Y,,,
CTD_AI_FDN_FiremanHose_20260615_2a.mov,CTD_AI_FDN_RunningOut02,101,Fukushima Nuclear Disaster,2026-06-16,PAUL/IAN,Chat GPT; Krea,Y,,Y,,,
CTD_AI_FDN_FiremanHose_20260615_2b.mov,CTD_AI_FDN_RunningOut02,101,Fukushima Nuclear Disaster,2026-06-16,PAUL/IAN,Chat GPT; Krea,Y,,Y,,,
CTD_AI_FDN_MaskUp_20260615_1a.mov,CTD_AI_FDN_SafetyGear04,101,Fukushima Nuclear Disaster,2026-06-16,PAUL/IAN,Chat GPT; Krea,Y,,Y,,,
CTD_AI_FDN_MaskUp_20260615_1b.mov,CTD_AI_FDN_SafetyGear04,101,Fukushima Nuclear Disaster,2026-06-16,PAUL/IAN,Chat GPT; Krea,Y,,Y,,,
CTD_AI_FDN_MaskUp_20260615_1c.mov,CTD_AI_FDN_SafetyGear04,101,Fukushima Nuclear Disaster,2026-06-16,PAUL/IAN,Chat GPT; Krea,Y,,Y,,,
CTD_AI_FDN_Reactorexplosion_20260615_6a.mov,CTD_AI_FDN_Reactor2Explosion01,101,Fukushima Nuclear Disaster,2026-06-16,PAUL/IAN,Chat GPT; Krea,Y,,Y,,,
CTD_AI_FDN_Reactorexplosion_20260615_6b.mov,CTD_AI_FDN_Reactor2Explosion01,101,Fukushima Nuclear Disaster,2026-06-16,PAUL/IAN,Chat GPT; Krea,Y,,Y,,,
CTD_AI_FDN_Reactorexplosion_20260615_6c.mov,CTD_AI_FDN_Reactor2Explosion01,101,Fukushima Nuclear Disaster,2026-06-16,PAUL/IAN,Chat GPT; Krea,Y,,Y,,,
CTD_AI_FDN_Reactorexplosion_20260615_6d.mov,CTD_AI_FDN_Reactor2Explosion01,101,Fukushima Nuclear Disaster,2026-06-16,PAUL/IAN,Chat GPT; Krea,Y,,Y,,,
CTD_AI_FDN_Reactorexplosion_20260615_7a.mov,CTD_AI_FDN_Reactor2Explosion01,101,Fukushima Nuclear Disaster,2026-06-16,PAUL/IAN,Chat GPT; Krea,Y,,Y,,,
CTD_AI_FDN_Reactorexplosion_20260615_7b.mov,CTD_AI_FDN_Reactor2Explosion01,101,Fukushima Nuclear Disaster,2026-06-16,PAUL/IAN,Chat GPT; Krea,Y,,Y,,,
CTD_AI_FDN_Reactorexplosion_20260615_7c.mov,CTD_AI_FDN_Reactor2Explosion01,101,Fukushima Nuclear Disaster,2026-06-16,PAUL/IAN,Chat GPT; Krea,Y,Re-spin Completed,Y,,,
CTD_AI_FDN_WideSuitUp_20260615_3a.mov,CTD_AI_FDN_SafetyGear02,101,Fukushima Nuclear Disaster,2026-06-16,PAUL/IAN,Chat GPT; Krea,Y,,Y,,,
CTD_AI_FDN_WideSuitUp_20260615_3b.mov,CTD_AI_FDN_SafetyGear02,101,Fukushima Nuclear Disaster,2026-06-16,PAUL/IAN,Chat GPT; Krea,Y,,Y,,,
CTD_AI_FDN_WideSuitUp_20260615_4a.mov,CTD_AI_FDN_SafetyGear02,101,Fukushima Nuclear Disaster,2026-06-16,PAUL/IAN,Chat GPT; Krea,Y,,Y,,,
CTD_AI_FDN_WideSuitUp_20260615_5a.mov,CTD_AI_FDN_SafetyGear02,101,Fukushima Nuclear Disaster,2026-06-16,PAUL/IAN,Chat GPT; Krea,Y,,Y,,,
CTD_AI_MSH_BulgeCrack_20260615_1a.mov,CTD_AI_MSH_BulgeSlide01,101,Mount St. Helens Eruption,2026-06-16,PAUL/IAN,Chat GPT; Krea,Y,,Y,,,
CTD_AI_MSH_BulgeCrack_20260615_1b.mov,CTD_AI_MSH_BulgeSlide01,101,Mount St. Helens Eruption,2026-06-16,PAUL/IAN,Chat GPT; Krea,Y,,Y,,,
CTD_AI_MSH_DJovertheshoulder_20260615_2a.mov,CTD_AI_MSH_ScorchingDebris03,101,Mount St. Helens Eruption,2026-06-16,PAUL/IAN,Chat GPT; Krea,Y,,Y,,,
CTD_AI_MSH_DJovertheshoulder_20260615_2b.mov,CTD_AI_MSH_ScorchingDebris03,101,Mount St. Helens Eruption,2026-06-16,PAUL/IAN,Chat GPT; Krea,Y,,Y,,,
CTD_AI_MSH_DJovertheshoulder_20260615_2c.mov,CTD_AI_MSH_ScorchingDebris03,101,Mount St. Helens Eruption,2026-06-16,PAUL/IAN,Chat GPT; Krea,Y,,Y,,,
CTD_AI_MSH_DJovertheshoulder_20260615_2d.mov,CTD_AI_MSH_ScorchingDebris03,101,Mount St. Helens Eruption,2026-06-16,PAUL/IAN,Chat GPT; Krea,Y,,Y,,,
CTD_AI_MSH_DJovertheshoulder_20260615_2e.mov,CTD_AI_MSH_ScorchingDebris03,101,Mount St. Helens Eruption,2026-06-16,PAUL/IAN,Chat GPT; Krea,Y,,Y,,,
CTD_AI_MSH_DJovertheshoulder_20260615_2f.mov,CTD_AI_MSH_ScorchingDebris03,101,Mount St. Helens Eruption,2026-06-16,PAUL/IAN,Chat GPT; Krea,Y,,Y,,,
CTD_AI_MSH_OrangeGlow_20260615_1a.mov,CTD_AI_MSH_BulgeSlide04,101,Mount St. Helens Eruption,2026-06-16,PAUL/IAN,Chat GPT; Krea,Y,,Y,,,
CTD_AI_MSH_OrangeGlow_20260615_1a1.mov,CTD_AI_MSH_BulgeSlide04,101,Mount St. Helens Eruption,2026-06-16,PAUL/IAN,Chat GPT; Krea,Y,,Y,,,
CTD_AI_MSH_OrangeGlow_20260615_1b.mov,CTD_AI_MSH_BulgeSlide04,101,Mount St. Helens Eruption,2026-06-16,PAUL/IAN,Chat GPT; Krea,Y,,Y,,,
CTD_AI_MSH_OrangeGlow_20260615_1d.mov,CTD_AI_MSH_BulgeSlide04,101,Mount St. Helens Eruption,2026-06-16,PAUL/IAN,Chat GPT; Krea,Y,,Y,,,
CTD_AI_MSH_OrangeGlow_20260615_1e.mov,CTD_AI_MSH_BulgeSlide04,101,Mount St. Helens Eruption,2026-06-16,PAUL/IAN,Chat GPT; Krea,Y,,Y,,,
CTD_AI_MSH_SurfaceCracking_20260615_1a.mov,CTD_AI_MSH_BulgeSlide02,101,Mount St. Helens Eruption,2026-06-16,PAUL/IAN,Chat GPT; Krea,Y,,Y,,,
CTD_AI_MSH_SurfaceCracking_20260615_1b.mov,CTD_AI_MSH_BulgeSlide02,101,Mount St. Helens Eruption,2026-06-16,PAUL/IAN,Chat GPT; Krea,Y,,Y,,,
CTD_AI_MSH_SurfaceCracking_20260615_1c.mov,CTD_AI_MSH_BulgeSlide02,101,Mount St. Helens Eruption,2026-06-16,PAUL/IAN,Chat GPT; Krea,Y,,Y,,,
CTD_AI_FDN_BootsWadingSearching_20260617_1a.mov,CTD_AI_FDN_TeamsEnterBuilding02,101,Fukushima Nuclear Disaster,2026-06-17,PAUL/IAN,Chat GPT; Krea,Y,,Y,,,
CTD_AI_FDN_BootsWadingSearching_20260617_1b.mov,CTD_AI_FDN_TeamsEnterBuilding02,101,Fukushima Nuclear Disaster,2026-06-17,PAUL/IAN,Chat GPT; Krea,Y,,Y,,,
CTD_AI_FDN_BootsWadingSearching_20260617_2a.mov,CTD_AI_FDN_TeamsEnterBuilding02,101,Fukushima Nuclear Disaster,2026-06-17,PAUL/IAN,Chat GPT; Krea,Y,,Y,,,
CTD_AI_FDN_BootsWadingSearching_20260617_2b.mov,CTD_AI_FDN_TeamsEnterBuilding02,101,Fukushima Nuclear Disaster,2026-06-17,PAUL/IAN,Chat GPT; Krea,Y,,Y,,,
CTD_AI_FDN_BootsWadingSearching_20260617_3a.mov,CTD_AI_FDN_TeamsEnterBuilding02,101,Fukushima Nuclear Disaster,2026-06-17,PAUL/IAN,Chat GPT; Krea,Y,,Y,,,
CTD_AI_FDN_BootsWadingSearching_20260617_3b.mov,CTD_AI_FDN_TeamsEnterBuilding02,101,Fukushima Nuclear Disaster,2026-06-17,PAUL/IAN,Chat GPT; Krea,Y,,Y,,,
CTD_AI_FDN_BootsWadingSearching_20260617_4a.mov,CTD_AI_FDN_TeamsEnterBuilding02,101,Fukushima Nuclear Disaster,2026-06-17,PAUL/IAN,Chat GPT; Krea,Y,,Y,,,
CTD_AI_FDN_EarthquakeControlRoomBlinking_20260617_1a.mov,CTD_AI_FDN_GroundShakes02,101,Fukushima Nuclear Disaster,2026-06-17,PAUL/IAN,Chat GPT; Krea,Y,,Y,,,
CTD_AI_FDN_EarthquakeControlRoomBlinking_20260617_1b.mov,CTD_AI_FDN_GroundShakes02,101,Fukushima Nuclear Disaster,2026-06-17,PAUL/IAN,Chat GPT; Krea,Y,,Y,,,
CTD_AI_FDN_EarthquakeControlRoomBlinking_20260617_2a.mov,CTD_AI_FDN_GroundShakes02,101,Fukushima Nuclear Disaster,2026-06-17,PAUL/IAN,Chat GPT; Krea,Y,,Y,,,
CTD_AI_FDN_EarthquakeControlRoomButton_20260617_1a.mov,CTD_AI_FDN_GroundShakes02,101,Fukushima Nuclear Disaster,2026-06-17,PAUL/IAN,Chat GPT; Krea,Y,,Y,,,
CTD_AI_FDN_EarthquakeControlRoomButton_20260617_2a.mov,CTD_AI_FDN_GeneratorsFlood03,101,Fukushima Nuclear Disaster,2026-06-17,PAUL/IAN,Chat GPT; Krea,Y,,Y,,,
CTD_AI_FDN_EarthquakeControlRoomButton_20260617_3a.mov,CTD_AI_FDN_GeneratorsFlood03,101,Fukushima Nuclear Disaster,2026-06-17,PAUL/IAN,Chat GPT; Krea,Y,,Y,,,
CTD_AI_FDN_EarthquakeControlRoomConsole_20260617_1a.mov,CTD_AI_FDN_GeneratorsFlood03,101,Fukushima Nuclear Disaster,2026-06-17,PAUL/IAN,Chat GPT; Krea,Y,,Y,,,
CTD_AI_FDN_EarthquakeControlRoomConsole_20260617_1b.mov,CTD_AI_FDN_GeneratorsFlood03,101,Fukushima Nuclear Disaster,2026-06-17,PAUL/IAN,Chat GPT; Krea,Y,,Y,,,
CTD_AI_FDN_EarthquakeControlRoomDesk_20260617_1a.mov,CTD_AI_FDN_GroundShakes02,101,Fukushima Nuclear Disaster,2026-06-17,PAUL/IAN,Chat GPT; Krea,Y,,Y,,,
CTD_AI_FDN_EarthquakeControlRoomDesk_20260617_1b.mov,CTD_AI_FDN_GroundShakes02,101,Fukushima Nuclear Disaster,2026-06-17,PAUL/IAN,Chat GPT; Krea,Y,,Y,,,
CTD_AI_FDN_EarthquakeControlRoomDesk_20260617_2a.mov,CTD_AI_FDN_GroundShakes02,101,Fukushima Nuclear Disaster,2026-06-17,PAUL/IAN,Chat GPT; Krea,Y,,Y,,,
CTD_AI_FDN_EarthquakeControlRoomDesk_20260617_3a.mov,CTD_AI_FDN_GroundShakes02,101,Fukushima Nuclear Disaster,2026-06-17,PAUL/IAN,Chat GPT; Krea,Y,,Y,,,
CTD_AI_FDN_EarthquakeControlRoomDesk_20260617_4a.mov,CTD_AI_FDN_GroundShakes02,101,Fukushima Nuclear Disaster,2026-06-17,PAUL/IAN,Chat GPT; Krea,Y,,Y,,,
CTD_AI_FDN_EarthquakeControlRoomGrip_20260617_1a.mov,CTD_AI_FDN_GeneratorsFlood03,101,Fukushima Nuclear Disaster,2026-06-17,PAUL/IAN,Chat GPT; Krea,Y,,Y,,,
CTD_AI_FDN_EarthquakeControlRoomGrip_20260617_1b.mov,CTD_AI_FDN_GeneratorsFlood03,101,Fukushima Nuclear Disaster,2026-06-17,PAUL/IAN,Chat GPT; Krea,Y,,Y,,,
CTD_AI_FDN_EarthquakeControlRoomLights_20260617_1a.mov,CTD_AI_FDN_GroundShakes02,101,Fukushima Nuclear Disaster,2026-06-17,PAUL/IAN,Chat GPT; Krea,Y,,Y,,,
CTD_AI_FDN_EarthquakeControlRoomLights_20260617_1b.mov,CTD_AI_FDN_GroundShakes02,101,Fukushima Nuclear Disaster,2026-06-17,PAUL/IAN,Chat GPT; Krea,Y,,Y,,,
CTD_AI_FDN_EarthquakeControlRoom_20260617_2a.mov,CTD_AI_FDN_GeneratorsFlood03,101,Fukushima Nuclear Disaster,2026-06-17,PAUL/IAN,Chat GPT; Krea,Y,,Y,,,
CTD_AI_FDN_EarthquakeControlRoom_20260617_2b.mov,CTD_AI_FDN_GeneratorsFlood03,101,Fukushima Nuclear Disaster,2026-06-17,PAUL/IAN,Chat GPT; Krea,Y,,Y,,,
CTD_AI_FDN_EarthquakeControlRoom_20260617_2c.mov,CTD_AI_FDN_GeneratorsFlood03,101,Fukushima Nuclear Disaster,2026-06-17,PAUL/IAN,Chat GPT; Krea,Y,,Y,,,
CTD_AI_FDN_EarthquakeControlRoom_20260617_3a.mov,CTD_AI_FDN_GeneratorsFlood03,101,Fukushima Nuclear Disaster,2026-06-17,PAUL/IAN,Chat GPT; Krea,Y,,Y,,,
CTD_AI_FDN_EarthquakeControlRoom_20260617_3b.mov,CTD_AI_FDN_GeneratorsFlood03,101,Fukushima Nuclear Disaster,2026-06-17,PAUL/IAN,Chat GPT; Krea,Y,,Y,,,
CTD_AI_FDN_FiremanHose_20260617_2a.mov,CTD_AI_FDN_RunningOut02,101,Fukushima Nuclear Disaster,2026-06-17,PAUL/IAN,Chat GPT; Krea,Y,Re-spin Completed,Y,,,
CTD_AI_FDN_Reactorexplosion_20260617_34a.mov,CTD_AI_FDN_Reactor2Explosion01,101,Fukushima Nuclear Disaster,2026-06-17,PAUL/IAN,Chat GPT; Krea,Y,,Y,,,
CTD_AI_FDN_Reactorexplosion_20260617_34b.mov,CTD_AI_FDN_Reactor2Explosion01,101,Fukushima Nuclear Disaster,2026-06-17,PAUL/IAN,Chat GPT; Krea,Y,,Y,,,
CTD_AI_FDN_Reactorexplosion_20260617_6a.mov,CTD_AI_FDN_Reactor2Explosion01,101,Fukushima Nuclear Disaster,2026-06-17,PAUL/IAN,Chat GPT; Krea,,,Y,,,
CTD_AI_FDN_Reactorexplosion_20260617_6b.mov,CTD_AI_FDN_Reactor2Explosion01,101,Fukushima Nuclear Disaster,2026-06-17,PAUL/IAN,Chat GPT; Krea,,,Y,,,
CTD_AI_FDN_Reactorexplosion_20260617_6c.mov,CTD_AI_FDN_Reactor2Explosion01,101,Fukushima Nuclear Disaster,2026-06-17,PAUL/IAN,Chat GPT; Krea,,,Y,,,
CTD_AI_FDN_Reactorexplosion_20260617_6d.mov,CTD_AI_FDN_Reactor2Explosion01,101,Fukushima Nuclear Disaster,2026-06-17,PAUL/IAN,Chat GPT; Krea,,,Y,,,
CTD_AI_FDN_Reactorexplosion_20260617_7a.mov,CTD_AI_FDN_Reactor2Explosion01,101,Fukushima Nuclear Disaster,2026-06-17,PAUL/IAN,Chat GPT; Krea,,,Y,,,
CTD_AI_FDN_Reactorexplosion_20260617_7b.mov,CTD_AI_FDN_Reactor2Explosion01,101,Fukushima Nuclear Disaster,2026-06-17,PAUL/IAN,Chat GPT; Krea,,Re-spin Completed,Y,,,
CTD_AI_FDN_Reactorexplosion_20260617_7c.mov,CTD_AI_FDN_Reactor2Explosion01,101,Fukushima Nuclear Disaster,2026-06-17,PAUL/IAN,Chat GPT; Krea,,,Y,,,
CTD_AI_FDN_Reactorexplosion_20260617_7d.mov,CTD_AI_FDN_Reactor2Explosion01,101,Fukushima Nuclear Disaster,2026-06-17,PAUL/IAN,Chat GPT; Krea,,,Y,,,
CTD_AI_FDN_WideSuitUpFaceInHands_20260617_1a.mov,CTD_AI_FDN_SafetyGear02,101,Fukushima Nuclear Disaster,2026-06-17,PAUL/IAN,Chat GPT; Krea,Y,,Y,,,
CTD_AI_FDN_WideSuitUpFaceInHands_20260617_1b.mov,CTD_AI_FDN_SafetyGear02,101,Fukushima Nuclear Disaster,2026-06-17,PAUL/IAN,Chat GPT; Krea,Y,,Y,,,
CTD_AI_FDN_WideSuitUpFaceInHands_20260617_1c.mov,CTD_AI_FDN_SafetyGear02,101,Fukushima Nuclear Disaster,2026-06-17,PAUL/IAN,Chat GPT; Krea,Y,,Y,,,
CTD_AI_FDN_WideSuitUpGloves_20260617_1a.mov,CTD_AI_FDN_SafetyGear02,101,Fukushima Nuclear Disaster,2026-06-17,PAUL/IAN,Chat GPT; Krea,Y,,Y,,,
CTD_AI_FDN_WideSuitUpPhoto_20260617_1a.mov,CTD_AI_FDN_SafetyGear02,101,Fukushima Nuclear Disaster,2026-06-17,PAUL/IAN,Chat GPT; Krea,Y,,Y,,,
CTD_AI_FDN_WideSuitUpPhoto_20260617_1b.mov,CTD_AI_FDN_SafetyGear02,101,Fukushima Nuclear Disaster,2026-06-17,PAUL/IAN,Chat GPT; Krea,Y,,Y,,,
CTD_AI_FDN_WideSuitUpZipUp_20260617_1a.mov,CTD_AI_FDN_SafetyGear02,101,Fukushima Nuclear Disaster,2026-06-17,PAUL/IAN,Chat GPT; Krea,Y,,Y,,,
CTD_AI_FDN_WideSuitUpZipUp_20260617_1b.mov,CTD_AI_FDN_SafetyGear02,101,Fukushima Nuclear Disaster,2026-06-17,PAUL/IAN,Chat GPT; Krea,Y,,Y,,,
CTD_AI_MSH_BulgeCrack_20260617_1a.mov,CTD_AI_MSH_BulgeSlide01,101,Mount St. Helens Eruption,2026-06-17,PAUL/IAN,Chat GPT; Krea,Y,,Y,,,
CTD_AI_MSH_BulgeCrack_20260617_1b.mov,CTD_AI_MSH_BulgeSlide01,101,Mount St. Helens Eruption,2026-06-17,PAUL/IAN,Chat GPT; Krea,Y,,Y,,,
CTD_AI_MSH_DJovertheshoulder_20260617_2a.mov,CTD_AI_MSH_ScorchingDebris03,101,Mount St. Helens Eruption,2026-06-17,PAUL/IAN,Chat GPT; Krea,Y,,Y,,,
CTD_AI_MSH_DJovertheshoulder_20260617_2b.mov,CTD_AI_MSH_ScorchingDebris03,101,Mount St. Helens Eruption,2026-06-17,PAUL/IAN,Chat GPT; Krea,Y,,Y,,,
CTD_AI_MSH_DJovertheshoulder_20260617_2c.mov,CTD_AI_MSH_ScorchingDebris03,101,Mount St. Helens Eruption,2026-06-17,PAUL/IAN,Chat GPT; Krea,Y,,Y,,,
CTD_AI_MSH_DJovertheshoulder_20260617_2d.mov,CTD_AI_MSH_ScorchingDebris03,101,Mount St. Helens Eruption,2026-06-17,PAUL/IAN,Chat GPT; Krea,Y,,Y,,,
CTD_AI_MSH_DJovertheshoulder_20260617_2e.mov,CTD_AI_MSH_ScorchingDebris03,101,Mount St. Helens Eruption,2026-06-17,PAUL/IAN,Chat GPT; Krea,Y,,Y,,,
CTD_AI_MSH_OrangeGlow_20260617_1a.mov,CTD_AI_MSH_BulgeSlide04,101,Mount St. Helens Eruption,2026-06-17,PAUL/IAN,Chat GPT; Krea,Y,,Y,,,
CTD_AI_MSH_OrangeGlow_20260617_1b.mov,CTD_AI_MSH_BulgeSlide04,101,Mount St. Helens Eruption,2026-06-17,PAUL/IAN,Chat GPT; Krea,Y,,Y,,,
CTD_AI_MSH_SurfaceCracking_20260617_1a.mov,CTD_AI_MSH_BulgeSlide02,101,Mount St. Helens Eruption,2026-06-17,PAUL/IAN,Chat GPT; Krea,Y,,Y,,,
CTD_AI_MSH_SurfaceCracking_20260617_1b.mov,CTD_AI_MSH_BulgeSlide02,101,Mount St. Helens Eruption,2026-06-17,PAUL/IAN,Chat GPT; Krea,Y,,Y,,,
CTD_AI_MSH_SurfaceCracking_20260617_1c.mov,CTD_AI_MSH_BulgeSlide02,101,Mount St. Helens Eruption,2026-06-17,PAUL/IAN,Chat GPT; Krea,Y,,Y,,,
CTD_AI_MSH_UndergroundLava_20260617_1a.mov,CTD_AI_MSH_BulgeSlide04,101,Mount St. Helens Eruption,2026-06-17,PAUL/IAN,Chat GPT; Krea,Y,,Y,,,
CTD_AI_MSH_UndergroundLava_20260617_1b.mov,CTD_AI_MSH_BulgeSlide04,101,Mount St. Helens Eruption,2026-06-17,PAUL/IAN,Chat GPT; Krea,Y,,Y,,,
CTD_AI_MSH_UndergroundLava_20260617_1c.mov,CTD_AI_MSH_BulgeSlide04,101,Mount St. Helens Eruption,2026-06-17,PAUL/IAN,Chat GPT; Krea,Y,,Y,,,
CTD_AI_MSH_UndergroundLava_20260617_1d.mov,CTD_AI_MSH_BulgeSlide04,101,Mount St. Helens Eruption,2026-06-17,PAUL/IAN,Chat GPT; Krea,Y,,Y,,,
CTD_AI_MSH_UndergroundLava_20260617_1e.mov,CTD_AI_MSH_BulgeSlide04,101,Mount St. Helens Eruption,2026-06-17,PAUL/IAN,Chat GPT; Krea,Y,Re-spin Completed,Y,,,
CTD_AI_FDN_CloseSuitUpBoot_20260618_1a.mov,CTD_AI_FDN_SafetyGear02,101,Fukushima Nuclear Disaster,2026-06-18,PAUL/IAN,Chat GPT; Krea,Y,,Y,,,
CTD_AI_FDN_CloseSuitUpGloves_20260618_1a.mov,CTD_AI_FDN_SafetyGear02,101,Fukushima Nuclear Disaster,2026-06-18,PAUL/IAN,Chat GPT; Krea,Y,,Y,,,
CTD_AI_FDN_CloseSuitUpGloves_20260618_1b.mov,CTD_AI_FDN_SafetyGear02,101,Fukushima Nuclear Disaster,2026-06-18,PAUL/IAN,Chat GPT; Krea,Y,,Y,,,
CTD_AI_FDN_CloseSuitUpHelmet_20260618_1a.mov,CTD_AI_FDN_SafetyGear02,101,Fukushima Nuclear Disaster,2026-06-18,PAUL/IAN,Chat GPT; Krea,Y,,Y,,,
CTD_AI_FDN_CloseSuitUpHelmet_20260618_2a.mov,CTD_AI_FDN_SafetyGear02,101,Fukushima Nuclear Disaster,2026-06-18,PAUL/IAN,Chat GPT; Krea,Y,,Y,,,
CTD_AI_FDN_CloseSuitUpZipUp_20260618_1a.mov,CTD_AI_FDN_SafetyGear02,101,Fukushima Nuclear Disaster,2026-06-18,PAUL/IAN,Chat GPT; Krea,Y,,Y,,,
CTD_AI_FDN_CloseSuitUpZipUp_20260618_1b.mov,CTD_AI_FDN_SafetyGear02,101,Fukushima Nuclear Disaster,2026-06-18,PAUL/IAN,Chat GPT; Krea,Y,,Y,,,
CTD_AI_FDN_TurningBigWheelLooking_20260618_1a.mov,CTD_AI_FDN_TeamsEnterBuilding03,101,Fukushima Nuclear Disaster,2026-06-18,PAUL/IAN,Chat GPT; Krea,,,Y,,,
CTD_AI_FDN_TurningBigWheelLooking_20260618_2a.mov,CTD_AI_FDN_TeamsEnterBuilding03,101,Fukushima Nuclear Disaster,2026-06-18,PAUL/IAN,Chat GPT; Krea,,,Y,,,
CTD_AI_FDN_TurningBigWheelLooking_20260618_3a.mov,CTD_AI_FDN_TeamsEnterBuilding03,101,Fukushima Nuclear Disaster,2026-06-18,PAUL/IAN,Chat GPT; Krea,,,Y,,,
CTD_AI_FDN_TurningBigWheelWalking_20260618_1a.mov,CTD_AI_FDN_TeamsEnterBuilding03,101,Fukushima Nuclear Disaster,2026-06-18,PAUL/IAN,Chat GPT; Krea,,,Y,,,
CTD_AI_FDN_TurningBigWheelWater_20260618_1a.mov,CTD_AI_FDN_TeamsEnterBuilding03,101,Fukushima Nuclear Disaster,2026-06-18,PAUL/IAN,Chat GPT; Krea,,,Y,,,
CTD_AI_447_Bear_20260619_1a.mov,CTD_AI_447_NoseUpward01,101,Air France Flight 447,2026-06-19,PAUL/IAN,Krea; Chat GPT,Y,Re-spin Completed,Y,,,
CTD_AI_447_Coffee_20260619_1a.mov,CTD_AI_447_NoseUpward01,101,Air France Flight 447,2026-06-19,PAUL/IAN,Krea; Chat GPT,Y,,Y,,,
CTD_AI_447_Galley_20260619_1a.mov,CTD_AI_447_NoseUpward01,101,Air France Flight 447,2026-06-19,PAUL/IAN,Krea; Chat GPT,Y,,Y,,,
CTD_AI_447_Galley_20260619_1b.mov,CTD_AI_447_NoseUpward01,101,Air France Flight 447,2026-06-19,PAUL/IAN,Krea; Chat GPT,Y,,Y,,,
CTD_AI_447_Galley_20260619_1c.mov,CTD_AI_447_NoseUpward01,101,Air France Flight 447,2026-06-19,PAUL/IAN,Krea; Chat GPT,Y,,Y,,,
CTD_AI_447_HailWindow_20260619_1a.mov,CTD_AI_447_WindshieldCloud02,101,Air France Flight 447,2026-06-19,PAUL/IAN,Krea; Chat GPT,Y,,Y,,,
CTD_AI_447_HailWindow_20260619_1b.mov,CTD_AI_447_WindshieldCloud02,101,Air France Flight 447,2026-06-19,PAUL/IAN,Krea; Chat GPT,Y,,Y,,,
CTD_AI_447_HandOnLeg_20260619_1a.mov,CTD_AI_447_PilotsPanicking03,101,Air France Flight 447,2026-06-19,PAUL/IAN,Chat GPT; Krea,Y,,Y,,,
CTD_AI_447_Headphones_20260619_2a.mov,CTD_AI_447_NoseUpward01,101,Air France Flight 447,2026-06-19,PAUL/IAN,Krea; Chat GPT,Y,,Y,,,
CTD_AI_447_Headphones_20260619_2b.mov,CTD_AI_447_NoseUpward01,101,Air France Flight 447,2026-06-19,PAUL/IAN,Krea; Chat GPT,Y,,Y,,,
CTD_AI_447_Lavatory_20260619_1.mov,CTD_AI_447_NoseUpward01,101,Air France Flight 447,2026-06-19,PAUL/IAN,Krea; Chat GPT,Y,,Y,,,
CTD_AI_447_NoseUpCloseUp_20260619_1a.mov,CTD_AI_447_NoseUpward02,101,Air France Flight 447,2026-06-19,PAUL/IAN,Chat GPT; Krea,Y,PAUSE,Y,,,
CTD_AI_447_NoseUpCloseUp_20260619_1b.mov,CTD_AI_447_NoseUpward02,101,Air France Flight 447,2026-06-19,PAUL/IAN,Chat GPT; Krea,Y,Re-spin Completed,Y,,,
CTD_AI_447_NoseUpFront_20260619_1a.mov,CTD_AI_447_NoseUpward02,101,Air France Flight 447,2026-06-19,PAUL/IAN,Chat GPT; Krea,Y,PAUSE,Y,,,
CTD_AI_447_NoseUpFront_20260619_1b.mov,CTD_AI_447_NoseUpward02,101,Air France Flight 447,2026-06-19,PAUL/IAN,Chat GPT; Krea,Y,,Y,,,
CTD_AI_447_NoseUpFront_20260619_1c.mov,CTD_AI_447_NoseUpward02,101,Air France Flight 447,2026-06-19,PAUL/IAN,Chat GPT; Krea,Y,,Y,,,
CTD_AI_447_NoseUp_20260619_2a.mov,CTD_AI_447_NoseUpward01,101,Air France Flight 447,2026-06-19,PAUL/IAN,Krea; Chat GPT,Y,,Y,,,
CTD_AI_447_NoseUp_20260619_2b.mov,CTD_AI_447_NoseUpward01,101,Air France Flight 447,2026-06-19,PAUL/IAN,Krea; Chat GPT,Y,,Y,,,
CTD_AI_447_NoseUp_20260619_2c.mov,CTD_AI_447_NoseUpward01,101,Air France Flight 447,2026-06-19,PAUL/IAN,Krea; Chat GPT,Y,Re-spin Completed,Y,,,
CTD_AI_447_NoseUp_20260619_2d.mov,CTD_AI_447_NoseUpward01,101,Air France Flight 447,2026-06-19,PAUL/IAN,Krea; Chat GPT,Y,Re-spin Completed,Y,,,
CTD_AI_447_NoseUp_20260619_2e.mov,CTD_AI_447_NoseUpward01,101,Air France Flight 447,2026-06-19,PAUL/IAN,Krea; Chat GPT,Y,,Y,,,
CTD_AI_447_SweatEyes_20260619_1a.mov,CTD_AI_447_PilotsPanicking01,101,Air France Flight 447,2026-06-19,PAUL/IAN,Chat GPT; Krea,Y,,Y,,,
CTD_AI_447_SweatTie_20260619_1a.mov,CTD_AI_447_PilotsPanicking01,101,Air France Flight 447,2026-06-19,PAUL/IAN,Chat GPT; Krea,Y,,Y,,,
CTD_AI_447_SweatTie_20260619_1b.mov,CTD_AI_447_PilotsPanicking01,101,Air France Flight 447,2026-06-19,PAUL/IAN,Chat GPT; Krea,Y,,Y,,,
CTD_AI_447_Trolley_20260619_1a.mov,CTD_AI_447_NoseUpward01,101,Air France Flight 447,2026-06-19,PAUL/IAN,Krea; Chat GPT,Y,,Y,,,
CTD_AI_447_Trolley_20260619_1b.mov,CTD_AI_447_NoseUpward01,101,Air France Flight 447,2026-06-19,PAUL/IAN,Krea; Chat GPT,Y,,Y,,,
CTD_AI_447_Trolley_20260619_1c.mov,CTD_AI_447_NoseUpward01,101,Air France Flight 447,2026-06-19,PAUL/IAN,Krea; Chat GPT,Y,,Y,,,
CTD_AI_447_Window_20260619_2a.mov,CTD_AI_447_NoseUpward01,101,Air France Flight 447,2026-06-19,PAUL/IAN,Krea; Chat GPT,Y,,Y,,,
CTD_AI_447_Window_20260619_2b.mov,CTD_AI_447_NoseUpward01,101,Air France Flight 447,2026-06-19,PAUL/IAN,Krea; Chat GPT,Y,,Y,,,
CTD_AI_447_Window_20260619_2c.mov,CTD_AI_447_NoseUpward01,101,Air France Flight 447,2026-06-19,PAUL/IAN,Krea; Chat GPT,Y,,Y,,,
CTD_AI_447_Window_20260619_2d.mov,CTD_AI_447_NoseUpward01,101,Air France Flight 447,2026-06-19,PAUL/IAN,Krea; Chat GPT,Y,Re-spin Completed,Y,,,
CTD_AI_FDN_TurningBigWheel_20260619_2c.mov,CTD_AI_FDN_TeamsEnterBuilding03,101,Fukushima Nuclear Disaster,2026-06-19,PAUL/IAN,Chat GPT; Krea,Y,,Y,,,
CTD_AI_FDN_TurningBigWheel_20260619_2d.mov,CTD_AI_FDN_TeamsEnterBuilding03,101,Fukushima Nuclear Disaster,2026-06-19,PAUL/IAN,Chat GPT; Krea,Y,,Y,,,
CTD_AI_FDN_TurningBigWheel_20260619_2e.mov,CTD_AI_FDN_TeamsEnterBuilding03,101,Fukushima Nuclear Disaster,2026-06-19,PAUL/IAN,Chat GPT; Krea,Y,,Y,,,
CTD_AI_FDN_TurningBigWheel_20260619_2f.mov,CTD_AI_FDN_TeamsEnterBuilding03,101,Fukushima Nuclear Disaster,2026-06-19,PAUL/IAN,Chat GPT; Krea,Y,,Y,,,
CTD_AI_447_CUPitotTube_20260622_1a.mov,CTD_AI_447_PitotTubes,101,Air France Flight 447,2026-06-22,PAUL/IAN,Krea; Chat GPT,Y,Re-spin Completed,Y,,,
CTD_AI_447_CUPitotTube_20260622_1b.mov,CTD_AI_447_PitotTubes,101,Air France Flight 447,2026-06-22,PAUL/IAN,Krea; Chat GPT,Y,,Y,,,
CTD_AI_447_CUPitotTube_20260622_1c.mov,CTD_AI_447_PitotTubes,101,Air France Flight 447,2026-06-22,PAUL/IAN,Krea; Chat GPT,Y,,Y,,,
CTD_AI_447_CUPitotTube_20260622_1d.mov,CTD_AI_447_PitotTubes,101,Air France Flight 447,2026-06-22,PAUL/IAN,Krea; Chat GPT,Y,,Y,,,
CTD_AI_447_Pen_20260622_1a.mov,CTD_AI_447_PlaneFalls02,101,Air France Flight 447,2026-06-22,PAUL/IAN,Krea; Chat GPT,Y,,Y,,,
CTD_AI_447_Pen_20260622_1b.mov,CTD_AI_447_PlaneFalls02,101,Air France Flight 447,2026-06-22,PAUL/IAN,Krea; Chat GPT,Y,,Y,,,
CTD_AI_447_Planemisc_20260622_1b.mov,CTD_AI_447_GEN_01,101,Air France Flight 447,2026-06-22,PAUL/IAN,Krea; Chat GPT,Y,PAUSE,Y,,,
CTD_AI_447_Planemisc_20260622_1c.mov,CTD_AI_447_GEN_01,101,Air France Flight 447,2026-06-22,PAUL/IAN,Krea; Chat GPT,Y,,Y,,,
CTD_AI_447_Planemisc_20260622_1d.mov,CTD_AI_447_GEN_01,101,Air France Flight 447,2026-06-22,PAUL/IAN,Krea; Chat GPT,Y,,Y,,,
CTD_AI_447_Planemisc_20260622_1e.mov,CTD_AI_447_GEN_01,101,Air France Flight 447,2026-06-22,PAUL/IAN,Krea; Chat GPT,Y,,Y,,,
CTD_AI_447_Planemisc_20260622_1f.mov,CTD_AI_447_GEN_01,101,Air France Flight 447,2026-06-22,PAUL/IAN,Krea; Chat GPT,Y,,Y,,,
CTD_AI_447_Planemisc_20260622_1g.mov,CTD_AI_447_GEN_01,101,Air France Flight 447,2026-06-22,PAUL/IAN,Krea; Chat GPT,Y,,Y,,,
CTD_AI_447_Planemisc_20260622_1h.mov,CTD_AI_447_GEN_01,101,Air France Flight 447,2026-06-22,PAUL/IAN,Krea; Chat GPT,Y,Re-spin Completed,Y,,,
CTD_AI_447_Planemisc_20260622_1i.mov,CTD_AI_447_GEN_01,101,Air France Flight 447,2026-06-22,PAUL/IAN,Krea; Chat GPT,Y,,Y,,,
CTD_AI_447_Planemisc_20260622_1j.mov,CTD_AI_447_GEN_01,101,Air France Flight 447,2026-06-22,PAUL/IAN,Krea; Chat GPT,Y,,Y,,,
CTD_AI_447_Planemisc_20260622_1k.mov,CTD_AI_447_GEN_01,101,Air France Flight 447,2026-06-22,PAUL/IAN,Krea; Chat GPT,Y,Re-spin Completed,Y,,,
CTD_AI_447_Planemisc_20260622_1m.mov,CTD_AI_447_GEN_01,101,Air France Flight 447,2026-06-22,PAUL/IAN,Krea; Chat GPT,Y,,Y,,,
CTD_AI_447_Planemisc_20260622_1n.mov,CTD_AI_447_GEN_01,101,Air France Flight 447,2026-06-22,PAUL/IAN,Krea; Chat GPT,Y,,Y,,,
CTD_AI_447_Planemisc_20260622_1o.mov,CTD_AI_447_GEN_01,101,Air France Flight 447,2026-06-22,PAUL/IAN,Krea; Chat GPT,Y,,Y,,,
CTD_AI_447_Planemisc_20260622_1p.mov,CTD_AI_447_GEN_01,101,Air France Flight 447,2026-06-22,PAUL/IAN,Krea; Chat GPT,Y,,Y,,,
CTD_AI_447_RightStick_20260622_1a.mov,CTD_AI_447_LowersClimb01,101,Air France Flight 447,2026-06-22,PAUL/IAN,Krea; Chat GPT,Y,,Y,,,
CTD_AI_447_RightStick_20260622_1b.mov,CTD_AI_447_LowersClimb01,101,Air France Flight 447,2026-06-22,PAUL/IAN,Krea; Chat GPT,Y,,Y,,,
CTD_AI_447_RightStick_20260622_1c.mov,CTD_AI_447_LowersClimb01,101,Air France Flight 447,2026-06-22,PAUL/IAN,Krea; Chat GPT,Y,,Y,,,
CTD_AI_447_RightStick_20260622_1d.mov,CTD_AI_447_LowersClimb01,101,Air France Flight 447,2026-06-22,PAUL/IAN,Krea; Chat GPT,Y,,Y,,,
CTD_AI_447_TrayTable_20260622_1a.mov,CTD_AI_447_GEN_01,101,Air France Flight 447,2026-06-22,PAUL/IAN,Krea; Chat GPT,Y,,Y,,,
CTD_AI_447_TrayTable_20260622_1ab.mov,CTD_AI_447_GEN_01,101,Air France Flight 447,2026-06-22,PAUL/IAN,Krea; Chat GPT,Y,,Y,,,
CTD_AI_447_Window_20260622_1a.mov,CTD_AI_447_GEN_01,101,Air France Flight 447,2026-06-22,PAUL/IAN,Krea; Chat GPT,Y,,Y,,,
CTD_AI_447_Window_20260622_1b.mov,CTD_AI_447_GEN_01,101,Air France Flight 447,2026-06-22,PAUL/IAN,Krea; Chat GPT,Y,,Y,,,
CTD_AI_447_Window_20260622_1c.mov,CTD_AI_447_GEN_01,101,Air France Flight 447,2026-06-22,PAUL/IAN,Krea; Chat GPT,Y,Re-spin Completed,Y,,,
CTD_AI_447_Window_20260622_1d.mov,CTD_AI_447_GEN_01,101,Air France Flight 447,2026-06-22,PAUL/IAN,Krea; Chat GPT,Y,,Y,,,
CTD_AI_447_CUPitotTube_20260623_2a.mov,CTD_AI_447_PitotTubes,101,Air France Flight 447,2026-06-23,PAUL/IAN,Krea; Chat GPT,Y,,Y,,,
CTD_AI_447_CUPitotTube_20260623_2b.mov,CTD_AI_447_PitotTubes,101,Air France Flight 447,2026-06-23,PAUL/IAN,Krea; Chat GPT,Y,,Y,,,
CTD_AI_447_CUPitotTube_20260623_2c.mov,CTD_AI_447_PitotTubes,101,Air France Flight 447,2026-06-23,PAUL/IAN,Krea; Chat GPT,Y,,Y,,,
CTD_AI_447_FlightControls_20260623_1a.mov,CTD_AI_447_Stall02,101,Air France Flight 447,2026-06-23,PAUL/IAN,Krea; Chat GPT,Y,,Y,,,
CTD_AI_447_FlightControls_20260623_1b.mov,CTD_AI_447_Stall02,101,Air France Flight 447,2026-06-23,PAUL/IAN,Krea; Chat GPT,Y,,Y,,,
CTD_AI_447_FlightControls_20260623_1c.mov,CTD_AI_447_Stall02,101,Air France Flight 447,2026-06-23,PAUL/IAN,Krea; Chat GPT,Y,,Y,,,
CTD_AI_447_FlightControls_20260623_1d.mov,CTD_AI_447_Stall02,101,Air France Flight 447,2026-06-23,PAUL/IAN,Krea; Chat GPT,Y,Re-spin Completed,Y,,,
CTD_AI_447_FlightControls_20260623_1e.mov,CTD_AI_447_Stall02,101,Air France Flight 447,2026-06-23,PAUL/IAN,Krea; Chat GPT,Y,,Y,,,
CTD_AI_447_FlightControls_20260623_1f.mov,CTD_AI_447_Stall02,101,Air France Flight 447,2026-06-23,PAUL/IAN,Krea; Chat GPT,Y,,Y,,,
CTD_AI_447_HailCloud_20260623_1a.mov,CTD_AI_447_WindshieldCloud01,101,Air France Flight 447,2026-06-23,PAUL/IAN,Krea; Chat GPT,Y,Re-spin Completed,Y,,,
CTD_AI_447_HailCloud_20260623_1b.mov,CTD_AI_447_WindshieldCloud01,101,Air France Flight 447,2026-06-23,PAUL/IAN,Krea; Chat GPT,Y,,Y,,,
CTD_AI_447_PlaneCrashBrace_20260623_1a.mov,CTD_AI_447_AircraftCrashes01,101,Air France Flight 447,2026-06-23,PAUL/IAN,Krea; Chat GPT,Y,,Y,,,
CTD_AI_447_PlaneCrashBrace_20260623_1b.mov,CTD_AI_447_AircraftCrashes01,101,Air France Flight 447,2026-06-23,PAUL/IAN,Krea; Chat GPT,Y,,Y,,,
CTD_AI_447_PlaneCrashBrace_20260623_2a.mov,CTD_AI_447_AircraftCrashes01,101,Air France Flight 447,2026-06-23,PAUL/IAN,Krea; Chat GPT,Y,,Y,,,
CTD_AI_447_PlaneCrashBrace_20260623_3a.mov,CTD_AI_447_AircraftCrashes01,101,Air France Flight 447,2026-06-23,PAUL/IAN,Krea; Chat GPT,Y,Re-spin Completed,Y,,,
CTD_AI_447_PlaneCrashFromNose_20260623_1a.mov,CTD_AI_447_AircraftCrashes02,101,Air France Flight 447,2026-06-23,PAUL/IAN,Krea; Chat GPT,Y,,Y,,,
CTD_AI_447_PlaneCrashFromNose_20260623_1b.mov,CTD_AI_447_AircraftCrashes02,101,Air France Flight 447,2026-06-23,PAUL/IAN,Krea; Chat GPT,Y,,Y,,,
CTD_AI_447_PlaneCrashFront_20260623_1a.mov,CTD_AI_447_AircraftCrashes01,101,Air France Flight 447,2026-06-23,PAUL/IAN,Krea; Chat GPT,Y,,Y,,,
CTD_AI_447_PlaneCrashFront_20260623_1b.mov,CTD_AI_447_AircraftCrashes01,101,Air France Flight 447,2026-06-23,PAUL/IAN,Krea; Chat GPT,Y,,Y,,,
CTD_AI_447_PlaneCrashFront_20260623_1c.mov,CTD_AI_447_AircraftCrashes01,101,Air France Flight 447,2026-06-23,PAUL/IAN,Krea; Chat GPT,Y,,Y,,,
CTD_AI_447_PlaneCrashTail_20260623_1a.mov,CTD_AI_447_AircraftCrashes01,101,Air France Flight 447,2026-06-23,PAUL/IAN,Krea; Chat GPT,Y,,Y,,,
CTD_AI_447_PlaneCrashTail_20260623_1b.mov,CTD_AI_447_AircraftCrashes01,101,Air France Flight 447,2026-06-23,PAUL/IAN,Krea; Chat GPT,Y,Re-spin Completed,Y,,,
CTD_AI_447_PlaneCrashWing_20260623_1a.mov,CTD_AI_447_AircraftCrashes01,101,Air France Flight 447,2026-06-23,PAUL/IAN,Krea; Chat GPT,Y,,Y,,,
CTD_AI_447_PlaneCrashWing_20260623_1b.mov,CTD_AI_447_AircraftCrashes01,101,Air France Flight 447,2026-06-23,PAUL/IAN,Krea; Chat GPT,Y,,Y,,,
CTD_AI_447_PlaneCrashWing_20260623_1c.mov,CTD_AI_447_AircraftCrashes01,101,Air France Flight 447,2026-06-23,PAUL/IAN,Krea; Chat GPT,Y,,Y,,,
CTD_AI_447_PlaneCrashWing_20260623_1d.mov,CTD_AI_447_AircraftCrashes01,101,Air France Flight 447,2026-06-23,PAUL/IAN,Krea; Chat GPT,Y,,Y,,,
CTD_AI_447_SpilledTea_20260623_1a.mov,CTD_AI_447_GEN_01,101,Air France Flight 447,2026-06-23,PAUL/IAN,Krea; Chat GPT,Y,,Y,,,
CTD_AI_447_SpilledTea_20260623_1b.mov,CTD_AI_447_GEN_01,101,Air France Flight 447,2026-06-23,PAUL/IAN,Krea; Chat GPT,Y,,Y,,,
CTD_AI_447_SpilledTea_20260623_1c.mov,CTD_AI_447_GEN_01,101,Air France Flight 447,2026-06-23,PAUL/IAN,Krea; Chat GPT,Y,,Y,,,
CTD_AI_447_StormyWindow_20260623_1a.mov,CTD_AI_447_PlaneFalls02,101,Air France Flight 447,2026-06-23,PAUL/IAN,Krea; Chat GPT,Y,,Y,,,
CTD_AI_447_StormyWindow_20260623_1b.mov,CTD_AI_447_PlaneFalls02,101,Air France Flight 447,2026-06-23,PAUL/IAN,Krea; Chat GPT,Y,Re-spin Completed,Y,,,
CTD_AI_447_WideCockpit_20260623_1a.mov,CTD_AI_447_BoninFlying01,101,Air France Flight 447,2026-06-23,PAUL/IAN,Krea; Chat GPT,Y,PAUSE,Y,,,
CTD_AI_447_WideCockpit_20260623_1b.mov,CTD_AI_447_BoninFlying01,101,Air France Flight 447,2026-06-23,PAUL/IAN,Krea; Chat GPT,Y,,Y,,,
CTD_AI_447_WideCockpit_20260623_1c.mov,CTD_AI_447_BoninFlying01,101,Air France Flight 447,2026-06-23,PAUL/IAN,Krea; Chat GPT,Y,Re-spin Completed,Y,,,
CTD_AI_CHF_DIKE_20260623_1a.mov,CTD_AI_CHF_DikeBreaking,101,China Floods,2026-06-23,james,,Y,,Y,,,
CTD_AI_CHF_DIKE_20260623_1b.mov,CTD_AI_CHF_DikeBreaking,101,China Floods,2026-06-23,james,,Y,Re-spin Completed,Y,,,
CTD_AI_CHF_DIKE_20260623_1c.mov,CTD_AI_CHF_DikeBreaking,101,China Floods,2026-06-23,james,Krea; Chat GPT,Y,,Y,,,
CTD_AI_CHF_DIKE_20260623_1d.mov,CTD_AI_CHF_DikeBreaking,101,China Floods,2026-06-23,james,,Y,,Y,,,
CTD_AI_CHF_DIKE_20260623_1e.mov,CTD_AI_CHF_DikeBreaking,101,China Floods,2026-06-23,james,,Y,,Y,,,
CTD_AI_CHF_DIKE_20260623_2.mov,CTD_AI_CHF_DikeBreaking,101,China Floods,2026-06-23,james,,Y,,Y,,,
CTD_AI_CHF_DIKE_20260623_2a.mov,CTD_AI_CHF_DikeBreaking,101,China Floods,2026-06-23,james,,Y,,Y,,,
CTD_AI_CHF_DIKE_20260623_2b.mov,CTD_AI_CHF_DikeBreaking,101,China Floods,2026-06-23,james,,Y,Re-spin Completed,Y,,,
CTD_AI_CHF_DIKE_20260623_2c.mov,CTD_AI_CHF_DikeBreaking,101,China Floods,2026-06-23,james,,Y,Re-spin Completed,Y,,,
CTD_AI_CHF_DIKE_20260623_2d.mov,CTD_AI_CHF_DikeBreaking,101,China Floods,2026-06-23,james,,Y,,Y,,,
CTD_AI_CHF_DIKE_20260623_2e.mov,CTD_AI_CHF_DikeBreaking,101,China Floods,2026-06-23,james,Krea; Chat GPT,Y,,Y,,,
CTD_AI_CHF_DIKE_20260623_2f.mov,CTD_AI_CHF_DikeBreaking,101,China Floods,2026-06-23,james,,Y,,Y,,,
CTD_AI_CHF_DIKE_20260623_2g.mov,CTD_AI_CHF_DikeBreaking,101,China Floods,2026-06-23,james,,Y,,Y,,,
CTD_AI_CHF_DIKE_20260623_2h.mov,CTD_AI_CHF_DikeBreaking,101,China Floods,2026-06-23,james,,Y,,Y,,,
CTD_AI_CHF_DIKE_20260623_2i.mov,CTD_AI_CHF_DikeBreaking,101,China Floods,2026-06-23,james,,Y,Re-spin Completed,Y,,,
CTD_AI_CHF_FloodedVillage_20260623_1a.mov,CTD_AI_CHF_FarmlandFloods,101,China Floods,2026-06-23,james,,Y,,Y,,,
CTD_AI_CHF_FloodedVillage_20260623_1b.mov,CTD_AI_CHF_FarmlandFloods,101,China Floods,2026-06-23,james,Krea; Chat GPT,Y,,Y,,,
CTD_AI_CHF_FloodedVillage_20260623_1c.mov,CTD_AI_CHF_FarmlandFloods,101,China Floods,2026-06-23,james,,Y,,Y,,,
CTD_AI_CHF_FloodedVillage_20260623_1d.mov,CTD_AI_CHF_FarmlandFloods,101,China Floods,2026-06-23,james,,Y,,Y,,,
CTD_AI_CHF_FloodedVillage_20260623_1e.mov,CTD_AI_CHF_FarmlandFloods,101,China Floods,2026-06-23,james,,Y,,Y,,,
CTD_AI_CHF_FloodedVillage_20260623_2a.mov,CTD_AI_CHF_FarmlandFloods,101,China Floods,2026-06-23,james,,Y,,Y,,,
CTD_AI_CHF_FloodedVillage_20260623_2b.mov,CTD_AI_CHF_FarmlandFloods,101,China Floods,2026-06-23,james,,Y,,Y,,,
CTD_AI_CHF_FloodedVillage_20260623_2c.mov,CTD_AI_CHF_FarmlandFloods,101,China Floods,2026-06-23,james,,Y,,Y,,,
CTD_AI_CHF_FloodedVillage_20260623_2d.mov,CTD_AI_CHF_FarmlandFloods,101,China Floods,2026-06-23,james,Krea; Chat GPT,Y,,Y,,,
CTD_AI_CHF_FloodedVillage_20260623_2e.mov,CTD_AI_CHF_FarmlandFloods,101,China Floods,2026-06-23,james,,Y,,Y,,,
CTD_AI_CHF_FloodedVillage_20260623_2f.mov,CTD_AI_CHF_FarmlandFloods,101,China Floods,2026-06-23,james,Krea; Chat GPT,Y,,Y,,,
CTD_AI_CHF_FloodedVillage_20260623_3a.mov,CTD_AI_CHF_FarmlandFloods,101,China Floods,2026-06-23,james,,Y,Re-spin Completed,Y,,,
CTD_AI_CHF_FloodedVillage_20260623_3b.mov,CTD_AI_CHF_FarmlandFloods,101,China Floods,2026-06-23,james,,Y,,Y,,,
CTD_AI_CHF_FloodedVillage_20260623_4a.mov,CTD_AI_CHF_FarmlandFloods,101,China Floods,2026-06-23,james,,Y,Re-spin Completed,Y,,,
CTD_AI_CHF_FloodedVillage_20260623_4b.mov,CTD_AI_CHF_FarmlandFloods,101,China Floods,2026-06-23,james,,Y,,Y,,,
CTD_AI_CHF_FloodedVillage_20260623_5a.mov,CTD_AI_CHF_FarmlandFloods,101,China Floods,2026-06-23,james,,Y,,Y,,,
CTD_AI_CHF_WinterTown_20260623_1a.mov,CTD_AI_CHF_WinterVillage,101,China Floods,2026-06-23,james,,Y,Re-spin Completed,Y,,,
CTD_AI_CHF_WinterTown_20260623_1b.mov,CTD_AI_CHF_WinterVillage,101,China Floods,2026-06-23,james,,Y,,Y,,,
CTD_AI_CHF_WinterTown_20260623_1c.mov,CTD_AI_CHF_WinterVillage,101,China Floods,2026-06-23,james,,Y,Re-spin Completed,Y,,,
CTD_AI_CHF_WinterTown_20260623_1d.mov,CTD_AI_CHF_WinterVillage,101,China Floods,2026-06-23,james,,Y,Re-spin Completed,Y,,,
CTD_AI_CHF_WinterTown_20260623_2a.mov,CTD_AI_CHF_WinterVillage,101,China Floods,2026-06-23,james,,Y,,Y,,,
CTD_AI_CHF_WinterTown_20260623_2b.mov,CTD_AI_CHF_WinterVillage,101,China Floods,2026-06-23,james,,Y,,Y,,,
CTD_AI_CHF_WinterTown_20260623_2c.mov,CTD_AI_CHF_WinterVillage,101,China Floods,2026-06-23,james,Krea; Chat GPT,Y,,Y,,,
CTD_AI_CHF_WinterTown_20260623_2d.mov,CTD_AI_CHF_WinterVillage,101,China Floods,2026-06-23,james,,Y,Re-spin Completed,Y,,,
CTD_AI_CHF_WinterTown_20260623_3a.mov,CTD_AI_CHF_WinterVillage,101,China Floods,2026-06-23,james,,Y,,Y,,,
CTD_AI_CHF_WinterTown_20260623_4.mov,CTD_AI_CHF_WinterVillage,101,China Floods,2026-06-23,james,,Y,,Y,,,
CTD_AI_CHF_WuhanFlood_20260623_1a.mov,CTD_AI_CHF_WallOfWater,101,China Floods,2026-06-23,james,,Y,,Y,,,
CTD_AI_CHF_WuhanFlood_20260623_1b.mov,CTD_AI_CHF_WallOfWater,101,China Floods,2026-06-23,james,,Y,,Y,,,
CTD_AI_CHF_WuhanFlood_20260623_2a.mov,CTD_AI_CHF_WallOfWater,101,China Floods,2026-06-23,james,,Y,Re-spin Completed,Y,,,
CTD_AI_CHF_WuhanFlood_20260623_2b.mov,CTD_AI_CHF_WallOfWater,101,China Floods,2026-06-23,james,,Y,,Y,,,
CTD_AI_CHF_WuhanFlood_20260623_2c.mov,CTD_AI_CHF_WallOfWater,101,China Floods,2026-06-23,james,,Y,,Y,,,
CTD_AI_CHF_WuhanFlood_20260623_3.mov,CTD_AI_CHF_WallOfWater,101,China Floods,2026-06-23,james,Krea; Chat GPT,Y,,Y,,,
CTD_AI_CHF_WuhanFlood_20260623_3a.mov,CTD_AI_CHF_WallOfWater,101,China Floods,2026-06-23,james,Krea; Chat GPT,Y,,Y,,,
CTD_AI_CHF_WuhanFlood_20260623_3b.mov,CTD_AI_CHF_WallOfWater,101,China Floods,2026-06-23,james,Krea; Chat GPT,Y,,Y,,,
CTD_AI_CHF_WuhanFlood_20260623_3c.mov,CTD_AI_CHF_WallOfWater,101,China Floods,2026-06-23,james,Krea; Chat GPT,Y,,Y,,,
CTD_AI_CHF_WuhanFlood_20260623_3d.mov,CTD_AI_CHF_WallOfWater,101,China Floods,2026-06-23,james,,Y,,Y,,,
CTD_AI_CHF_WuhanFlood_20260623_3e.mov,CTD_AI_CHF_WallOfWater,101,China Floods,2026-06-23,james,Krea; Chat GPT,Y,,Y,,,
CTD_AI_CHF_WuhanFlood_20260623_3f.mov,CTD_AI_CHF_WallOfWater,101,China Floods,2026-06-23,james,,Y,Re-spin Completed,Y,,,
CTD_AI_CHF_WuhanFlood_20260623_4a.mov,CTD_AI_CHF_WallOfWater,101,China Floods,2026-06-23,james,Krea; Chat GPT,Y,Re-spin Completed,Y,,,
CTD_AI_CHF_WuhanFlood_20260623_4b.mov,CTD_AI_CHF_WallOfWater,101,China Floods,2026-06-23,james,,Y,,Y,,,
CTD_AI_447_FeetApproachHand_20260624_1a.mov,CTD_AI_447_PilotReturns,101,Air France Flight 447,2026-06-24,PAUL/IAN,Krea; Chat GPT,,,Y,,,
CTD_AI_447_FeetApproachHand_20260624_1b.mov,CTD_AI_447_PilotReturns,101,Air France Flight 447,2026-06-24,PAUL/IAN,Krea; Chat GPT,,,Y,,,
CTD_AI_447_FeetApproach_20260624_1a.mov,CTD_AI_447_PilotReturns,101,Air France Flight 447,2026-06-24,PAUL/IAN,Krea; Chat GPT,,,Y,,,
CTD_AI_447_FeetApproach_20260624_1b.mov,CTD_AI_447_PilotReturns,101,Air France Flight 447,2026-06-24,PAUL/IAN,Krea; Chat GPT,,,Y,,,
CTD_AI_447_FlightControls_20260624_1a.mov,CTD_AI_447_Stall02,101,Air France Flight 447,2026-06-24,PAUL/IAN,Krea; Chat GPT,Y,,Y,,,
CTD_AI_447_FlightControls_20260624_1b.mov,CTD_AI_447_Stall02,101,Air France Flight 447,2026-06-24,PAUL/IAN,Krea; Chat GPT,Y,,Y,,,
CTD_AI_447_FlightControls_20260624_1c.mov,CTD_AI_447_Stall02,101,Air France Flight 447,2026-06-24,PAUL/IAN,Krea; Chat GPT,Y,,Y,,,
CTD_AI_447_FlightControls_20260624_1d.mov,CTD_AI_447_Stall02,101,Air France Flight 447,2026-06-24,PAUL/IAN,Krea; Chat GPT,Y,,Y,,,
CTD_AI_447_PlaneFalling_20260623_2a.mov,CTD_AI_447_PlanePlummets01,101,Air France Flight 447,2026-06-24,PAUL/IAN,Krea; Chat GPT,Y,Re-spin Completed,Y,,,
CTD_AI_447_PlaneFalling_20260623_2b.mov,CTD_AI_447_PlanePlummets01,101,Air France Flight 447,2026-06-24,PAUL/IAN,Krea; Chat GPT,Y,,Y,,,
CTD_AI_447_PlaneFalling_20260623_2c.mov,CTD_AI_447_PlanePlummets01,101,Air France Flight 447,2026-06-24,PAUL/IAN,Krea; Chat GPT,Y,,Y,,,
CTD_AI_447_PlaneFalling_20260623_2d.mov,CTD_AI_447_PlanePlummets01,101,Air France Flight 447,2026-06-24,PAUL/IAN,Krea; Chat GPT,Y,,Y,,,
CTD_AI_447_PlaneFalling_20260623_2e.mov,CTD_AI_447_PlanePlummets01,101,Air France Flight 447,2026-06-24,PAUL/IAN,Krea; Chat GPT,Y,,Y,,,
CTD_AI_MSH_CloseLandslide_20260624_1a.mov,CTD_AI_MSH_GEN,101,Mount St. Helens Eruption,2026-06-24,PAUL/IAN,Krea; Chat GPT,Y,,Y,,,
CTD_AI_MSH_CloseLandslide_20260624_1b.mov,CTD_AI_MSH_GEN,101,Mount St. Helens Eruption,2026-06-24,PAUL/IAN,Krea; Chat GPT,Y,,Y,,,
CTD_AI_MSH_CloseLandslide_20260624_1c.mov,CTD_AI_MSH_GEN,101,Mount St. Helens Eruption,2026-06-24,PAUL/IAN,Krea; Chat GPT,Y,,Y,,,
CTD_AI_MSH_CloseLandslide_20260624_1d.mov,CTD_AI_MSH_GEN,101,Mount St. Helens Eruption,2026-06-24,PAUL/IAN,Krea; Chat GPT,Y,,Y,,,
CTD_AI_MSH_CloseLandslide_20260624_1e.mov,CTD_AI_MSH_GEN,101,Mount St. Helens Eruption,2026-06-24,PAUL/IAN,Krea; Chat GPT,Y,,Y,,,
CTD_AI_MSH_InitialNoSmoke_20260624_2a.mov,CTD_AI_MSH_ResearchStationPOV,101,Mount St. Helens Eruption,2026-06-24,PAUL/IAN,Krea; Chat GPT,Y,,Y,,,
CTD_AI_MSH_InitialNoSmoke_20260624_2b.mov,CTD_AI_MSH_ResearchStationPOV,101,Mount St. Helens Eruption,2026-06-24,PAUL/IAN,Krea; Chat GPT,Y,,Y,,,
CTD_AI_MSH_InitialNoSmoke_20260624_2c.mov,CTD_AI_MSH_ResearchStationPOV,101,Mount St. Helens Eruption,2026-06-24,PAUL/IAN,Krea; Chat GPT,Y,,Y,,,
CTD_AI_MSH_InitialSmoke_20260624_4a.mov,CTD_AI_MSH_ResearchStationPOV,101,Mount St. Helens Eruption,2026-06-24,PAUL/IAN,Krea; Chat GPT,Y,,Y,,,
CTD_AI_MSH_InitialSmoke_20260624_4b.mov,CTD_AI_MSH_ResearchStationPOV,101,Mount St. Helens Eruption,2026-06-24,PAUL/IAN,Krea; Chat GPT,Y,,Y,,,
CTD_AI_MSH_InitialSmoke_20260624_4c.mov,CTD_AI_MSH_ResearchStationPOV,101,Mount St. Helens Eruption,2026-06-24,PAUL/IAN,Krea; Chat GPT,Y,,Y,,,
CTD_AI_MSH_LodgeWipedOut_20260624_2a.mov,CTD_AI_MSH_LodgeWipedOut03,101,Mount St. Helens Eruption,2026-06-24,PAUL/IAN,Krea; Chat GPT,Y,,Y,,,
CTD_AI_MSH_LodgeWipedOut_20260624_2b.mov,CTD_AI_MSH_LodgeWipedOut03,101,Mount St. Helens Eruption,2026-06-24,PAUL/IAN,Krea; Chat GPT,Y,Re-spin Completed,Y,,,
CTD_AI_MSH_LodgeWipedOut_20260624_2c.mov,CTD_AI_MSH_LodgeWipedOut03,101,Mount St. Helens Eruption,2026-06-24,PAUL/IAN,Krea; Chat GPT,Y,,Y,,,
CTD_AI_MSH_LodgeWipedOut_20260624_2d.mov,CTD_AI_MSH_LodgeWipedOut03,101,Mount St. Helens Eruption,2026-06-24,PAUL/IAN,Krea; Chat GPT,Y,,Y,,,
CTD_AI_MSH_UndergroundLava_20260624_1a.mov,CTD_AI_MSH_BulgeSlide04,101,Mount St. Helens Eruption,2026-06-24,PAUL/IAN,Krea; Chat GPT,Y,,Y,,,
CTD_AI_MSH_UndergroundLava_20260624_1b.mov,CTD_AI_MSH_BulgeSlide04,101,Mount St. Helens Eruption,2026-06-24,PAUL/IAN,Krea; Chat GPT,Y,,Y,,,
CTD_AI_MSH_UndergroundLava_20260624_1c.mov,CTD_AI_MSH_BulgeSlide04,101,Mount St. Helens Eruption,2026-06-24,PAUL/IAN,Krea; Chat GPT,Y,,Y,,,
CTD_AI_MSH_UndergroundLava_20260624_1d.mov,CTD_AI_MSH_BulgeSlide04,101,Mount St. Helens Eruption,2026-06-24,PAUL/IAN,Krea; Chat GPT,Y,,Y,,,
CTD_AI_MSH_UndergroundLava_20260624_1e.mov,CTD_AI_MSH_BulgeSlide04,101,Mount St. Helens Eruption,2026-06-24,PAUL/IAN,Krea; Chat GPT,Y,,Y,,,
CTD_AI_FDN_Reactor_20260625_1a.mov,CTD_AI_FDN_Reactor,101,Fukushima Nuclear Disaster,2026-06-25,PAUL/IAN,Krea; Chat GPT,,,Y,,,
CTD_AI_FDN_Reactor_20260625_1b.mov,CTD_AI_FDN_Reactor,101,Fukushima Nuclear Disaster,2026-06-25,PAUL/IAN,Krea; Chat GPT,,,Y,,,
CTD_AI_FDN_Reactor_20260625_1c.mov,CTD_AI_FDN_Reactor,101,Fukushima Nuclear Disaster,2026-06-25,PAUL/IAN,Krea; Chat GPT,,,Y,,,
CTD_AI_FDN_Reactor_20260625_1d.mov,CTD_AI_FDN_Reactor,101,Fukushima Nuclear Disaster,2026-06-25,PAUL/IAN,Krea; Chat GPT,,,Y,,,
CTD_AI_FDN_Reactor_20260625_1e.mov,CTD_AI_FDN_Reactor,101,Fukushima Nuclear Disaster,2026-06-25,PAUL/IAN,Krea; Chat GPT,,Re-spin Completed,Y,,,
CTD_AI_TXC_BagExplosion_20260625_1c.mov,CTD_TXC_FertilizerExplodes,101,Texas City Disaster,2026-06-25,PAUL/IAN,Krea; Chat GPT,Y,,Y,,,
CTD_AI_TXC_BagExplosion_20260625_1d.mov,CTD_TXC_FertilizerExplodes,101,Texas City Disaster,2026-06-25,PAUL/IAN,Krea; Chat GPT,Y,,Y,,,
CTD_AI_TXC_BagExplosion_20260625_1e.mov,CTD_TXC_FertilizerExplodes,101,Texas City Disaster,2026-06-25,PAUL/IAN,Krea; Chat GPT,Y,,Y,,,
CTD_AI_TXC_Baseball_20260625_1a.mov,CTD_AI_TXC_Baseball01,101,Texas City Disaster,2026-06-25,PAUL/IAN,Krea; Chat GPT,Y,,Y,,,
CTD_AI_TXC_Baseball_20260625_1b.mov,CTD_AI_TXC_Baseball01,101,Texas City Disaster,2026-06-25,PAUL/IAN,Krea; Chat GPT,Y,,Y,,,
CTD_AI_TXC_BlowPortWindows_20260625_1a.mov,CTD_AI_TXC_BlowPortWindows,101,Texas City Disaster,2026-06-25,PAUL/IAN,Krea; Chat GPT,Y,,Y,,,
CTD_AI_TXC_BlowPortWindows_20260625_1b.mov,CTD_AI_TXC_BlowPortWindows,101,Texas City Disaster,2026-06-25,PAUL/IAN,Krea; Chat GPT,Y,,Y,,,
CTD_AI_TXC_BlowPortWindows_20260625_1c.mov,CTD_AI_TXC_BlowPortWindows,101,Texas City Disaster,2026-06-25,PAUL/IAN,Krea; Chat GPT,Y,,Y,,,
CTD_AI_TXC_BlowPortWindows_20260625_1d.mov,CTD_AI_TXC_BlowPortWindows,101,Texas City Disaster,2026-06-25,PAUL/IAN,Krea; Chat GPT,Y,,Y,,,
CTD_AI_TXC_BlowPortWindows_20260625_1e.mov,CTD_AI_TXC_BlowPortWindows,101,Texas City Disaster,2026-06-25,PAUL/IAN,Krea; Chat GPT,Y,,Y,,,
CTD_AI_TXC_BoatExplode_20260625_1a.mov,CTD_AI_TXC_Explosion01,101,Texas City Disaster,2026-06-25,PAUL/IAN,Krea; Chat GPT,Y,Re-spin Completed,Y,,,
CTD_AI_TXC_BoatExplode_20260625_1b.mov,CTD_AI_TXC_Explosion01,101,Texas City Disaster,2026-06-25,PAUL/IAN,Krea; Chat GPT,Y,,Y,,,
CTD_AI_TXC_BoatExplode_20260625_1d.mov,CTD_AI_TXC_Explosion01,101,Texas City Disaster,2026-06-25,PAUL/IAN,Krea; Chat GPT,Y,,Y,,,
CTD_AI_TXC_BoatExplode_20260625_1e.mov,CTD_AI_TXC_Explosion01,101,Texas City Disaster,2026-06-25,PAUL/IAN,Krea; Chat GPT,Y,,Y,,,
CTD_AI_TXC_BurningBag_20260625_1a.mov,CTD_AI_TXC_GEN,101,Texas City Disaster,2026-06-25,PAUL/IAN,Krea; Chat GPT,Y,,Y,,,
CTD_AI_TXC_BurningBag_20260625_1b.mov,CTD_AI_TXC_GEN,101,Texas City Disaster,2026-06-25,PAUL/IAN,Krea; Chat GPT,Y,,Y,,,
CTD_AI_TXC_DraggingFireHose_20260625_1b.mov,CTD_AI_TXC_FightingFire03,101,Texas City Disaster,2026-06-25,PAUL/IAN,Krea; Chat GPT,Y,,Y,,,
CTD_AI_TXC_DraggingFireHose_20260625_2a.mov,CTD_AI_TXC_FightingFire03,101,Texas City Disaster,2026-06-25,PAUL/IAN,Krea; Chat GPT,Y,,Y,,,
CTD_AI_TXC_HatchFireHose_20260625_1a.mov,CTD_AI_TXC_FightingFire03,101,Texas City Disaster,2026-06-25,PAUL/IAN,Krea; Chat GPT,Y,Re-spin Completed,Y,,,
CTD_AI_TXC_HatchFireHose_20260625_2a.mov,CTD_AI_TXC_FightingFire03,101,Texas City Disaster,2026-06-25,PAUL/IAN,Krea; Chat GPT,Y,Re-spin Completed,Y,,,
CTD_AI_TXC_MovingBags_20260625_1a.mov,CTD_AI_TXC_BurningInShip01,101,Texas City Disaster,2026-06-25,PAUL/IAN,Krea; Chat GPT,Y,Re-spin Completed,Y,,,
CTD_AI_TXC_NEWBaseball02_20260625_1a.mov,CTD_AI_TXC_Baseball02,101,Texas City Disaster,2026-06-25,PAUL/IAN,Krea; Chat GPT,Y,,Y,,,
CTD_AI_TXC_NEWBaseball02_20260625_1c.mov,CTD_AI_TXC_Baseball02,101,Texas City Disaster,2026-06-25,PAUL/IAN,Krea; Chat GPT,Y,,Y,,,
CTD_AI_TXC_NEWBaseball02_20260625_1d.mov,CTD_AI_TXC_Baseball02,101,Texas City Disaster,2026-06-25,PAUL/IAN,Krea; Chat GPT,Y,,Y,,,
CTD_AI_TXC_NEWBaseball02_20260625_1e.mov,CTD_AI_TXC_Baseball02,101,Texas City Disaster,2026-06-25,PAUL/IAN,Krea; Chat GPT,Y,,Y,,,
CTD_AI_TXC_NEWBaseball02_20260625_1f.mov,CTD_AI_TXC_Baseball02,101,Texas City Disaster,2026-06-25,PAUL/IAN,Krea; Chat GPT,Y,,Y,,,
CTD_AI_TXC_NEWBaseball02_20260625_1g.mov,CTD_AI_TXC_Baseball02,101,Texas City Disaster,2026-06-25,PAUL/IAN,Krea; Chat GPT,Y,,Y,,,
CTD_AI_TXC_NEWBoatExplosion_20260625_1a.mov,CTD_TXC_FertilizerExplodes,101,Texas City Disaster,2026-06-25,PAUL/IAN,Krea; Chat GPT,Y,Re-spin Completed,Y,,,
CTD_AI_TXC_NEWBoatExplosion_20260625_1b.mov,CTD_TXC_FertilizerExplodes,101,Texas City Disaster,2026-06-25,PAUL/IAN,Krea; Chat GPT,Y,,Y,,,
CTD_AI_TXC_NEWBoatExplosion_20260625_1c.mov,CTD_TXC_FertilizerExplodes,101,Texas City Disaster,2026-06-25,PAUL/IAN,Krea; Chat GPT,Y,,Y,,,
CTD_AI_TXC_NEWBoatExplosion_20260625_1d.mov,CTD_TXC_FertilizerExplodes,101,Texas City Disaster,2026-06-25,PAUL/IAN,Krea; Chat GPT,Y,,Y,,,
CTD_AI_TXC_POVFindingBurningBag_20260625_1a.mov,CTD_AI_TXC_BurningInShip03,101,Texas City Disaster,2026-06-25,PAUL/IAN,Krea; Chat GPT,Y,,Y,,,
CTD_AI_TXC_POVFindingBurningBag_20260625_1b.mov,CTD_AI_TXC_BurningInShip03,101,Texas City Disaster,2026-06-25,PAUL/IAN,Krea; Chat GPT,Y,,Y,,,
CTD_AI_TXC_POVFindingBurningBag_20260625_1c.mov,CTD_AI_TXC_BurningInShip03,101,Texas City Disaster,2026-06-25,PAUL/IAN,Krea; Chat GPT,Y,,Y,,,
CTD_AI_TXC_WorkerBags_20260625_1b.mov,CTD_AI_TXC_CargoHoldFertilizer01,101,Texas City Disaster,2026-06-25,PAUL/IAN,Krea; Chat GPT,Y,,Y,,,
CTD_AI_TXC_WorkerBags_20260625_1c.mov,CTD_AI_TXC_CargoHoldFertilizer01,101,Texas City Disaster,2026-06-25,PAUL/IAN,Krea; Chat GPT,Y,,Y,,,
CTD_AI_TXC_WorkerBags_20260625_1d.mov,CTD_AI_TXC_CargoHoldFertilizer01,101,Texas City Disaster,2026-06-25,PAUL/IAN,Krea; Chat GPT,Y,,Y,,,
CTD_AI_MSH_LodgeCorner_20260626_1a.mov,CTD_AI_MSH_LodgeWipedOut03,101,Mount St. Helens Eruption,2026-06-26,PAUL/IAN,Krea; Chat GPT,Y,,Y,,,
CTD_AI_MSH_LodgeCorner_20260626_1b.mov,CTD_AI_MSH_LodgeWipedOut03,101,Mount St. Helens Eruption,2026-06-26,PAUL/IAN,Krea; Chat GPT,Y,,Y,,,
CTD_AI_MSH_LodgeCorner_20260626_1c.mov,CTD_AI_MSH_LodgeWipedOut03,101,Mount St. Helens Eruption,2026-06-26,PAUL/IAN,Krea; Chat GPT,Y,,Y,,,
CTD_AI_MSH_LodgeCorner_20260626_1d.mov,CTD_AI_MSH_LodgeWipedOut03,101,Mount St. Helens Eruption,2026-06-26,PAUL/IAN,Krea; Chat GPT,Y,,Y,,,
CTD_AI_MSH_LodgeCorner_20260626_1e.mov,CTD_AI_MSH_LodgeWipedOut03,101,Mount St. Helens Eruption,2026-06-26,PAUL/IAN,Krea; Chat GPT,Y,,Y,,,
CTD_AI_MSH_LodgeRoof_20260626_1a.mov,CTD_AI_MSH_LodgeWipedOut03,101,Mount St. Helens Eruption,2026-06-26,PAUL/IAN,Krea; Chat GPT,Y,,Y,,,
CTD_AI_MSH_LodgeRoof_20260626_1b.mov,CTD_AI_MSH_LodgeWipedOut03,101,Mount St. Helens Eruption,2026-06-26,PAUL/IAN,Krea; Chat GPT,Y,,Y,,,
CTD_AI_MSH_LodgeRoof_20260626_1c.mov,CTD_AI_MSH_LodgeWipedOut03,101,Mount St. Helens Eruption,2026-06-26,PAUL/IAN,Krea; Chat GPT,Y,,Y,,,
CTD_AI_MSH_LodgeRoof_20260626_1d.mov,CTD_AI_MSH_LodgeWipedOut03,101,Mount St. Helens Eruption,2026-06-26,PAUL/IAN,Krea; Chat GPT,Y,,Y,,,
CTD_AI_MSH_LodgeWindow_20260626_1a.mov,CTD_AI_MSH_LodgeWipedOut03,101,Mount St. Helens Eruption,2026-06-26,PAUL/IAN,Krea; Chat GPT,Y,,Y,,,
CTD_AI_MSH_LodgeWipedOut_20260626_1a.mov,CTD_AI_MSH_LodgeWipedOut03,101,Mount St. Helens Eruption,2026-06-26,PAUL/IAN,Krea; Chat GPT,Y,,Y,,,
CTD_AI_MSH_LodgeWipedOut_20260626_1b.mov,CTD_AI_MSH_LodgeWipedOut03,101,Mount St. Helens Eruption,2026-06-26,PAUL/IAN,Krea; Chat GPT,Y,,Y,,,
CTD_AI_MSH_LodgeWipedOut_20260626_1c.mov,CTD_AI_MSH_LodgeWipedOut03,101,Mount St. Helens Eruption,2026-06-26,PAUL/IAN,Krea; Chat GPT,Y,,Y,,,
CTD_AI_MSH_LodgeWipedOut_20260626_2a.mov,CTD_AI_MSH_LodgeWipedOut03,101,Mount St. Helens Eruption,2026-06-26,PAUL/IAN,Krea; Chat GPT,Y,,Y,,,
CTD_AI_MSH_LodgeWipedOut_20260626_2b.mov,CTD_AI_MSH_LodgeWipedOut03,101,Mount St. Helens Eruption,2026-06-26,PAUL/IAN,Krea; Chat GPT,Y,,Y,,,
CTD_AI_MSH_LodgeWipedOut_20260626_2c.mov,CTD_AI_MSH_LodgeWipedOut03,101,Mount St. Helens Eruption,2026-06-26,PAUL/IAN,Krea; Chat GPT,Y,,Y,,,
CTD_AI_MSH_LodgeWipedOut_20260626_2d.mov,CTD_AI_MSH_LodgeWipedOut03,101,Mount St. Helens Eruption,2026-06-26,PAUL/IAN,Krea; Chat GPT,Y,,Y,,,
CTD_AI_TXC_BagExplosion_20260626_1b.mov,CTD_AI_TXC_Explosion01,101,Texas City Disaster,2026-06-26,PAUL/IAN,Krea; Chat GPT,Y,Re-spin Completed,Y,,,
CTD_AI_TXC_BagExplosion_20260626_2a.mov,CTD_AI_TXC_Explosion01,101,Texas City Disaster,2026-06-26,PAUL/IAN,Krea; Chat GPT,Y,,Y,,,
CTD_AI_TXC_BagExplosion_20260626_3a.mov,CTD_AI_TXC_Explosion01,101,Texas City Disaster,2026-06-26,PAUL/IAN,Krea; Chat GPT,Y,,Y,,,
CTD_AI_TXC_BoatExplode_20260626_1a.mov,CTD_AI_TXC_Explosion01,101,Texas City Disaster,2026-06-26,PAUL/IAN,Krea; Chat GPT,Y,,Y,,,
CTD_AI_TXC_BoatExplode_20260626_1b.mov,CTD_AI_TXC_Explosion01,101,Texas City Disaster,2026-06-26,PAUL/IAN,Krea; Chat GPT,Y,,Y,,,
CTD_AI_TXC_BoatExplode_20260626_1c.mov,CTD_AI_TXC_Explosion01,101,Texas City Disaster,2026-06-26,PAUL/IAN,Krea; Chat GPT,Y,,Y,,,
CTD_AI_TXC_FightingFire03_20260626_1a.mov,CTD_AI_TXC_FightingFire03,101,Texas City Disaster,2026-06-26,PAUL/IAN,Krea; Chat GPT,Y,,Y,,,
CTD_AI_TXC_FightingFire03_20260626_1b.mov,CTD_AI_TXC_FightingFire03,101,Texas City Disaster,2026-06-26,PAUL/IAN,Krea; Chat GPT,Y,,Y,,,
CTD_AI_TXC_FightingFire03_20260626_1c.mov,CTD_AI_TXC_FightingFire03,101,Texas City Disaster,2026-06-26,PAUL/IAN,Krea; Chat GPT,Y,,Y,,,
CTD_AI_TXC_MovingBags_20260626_1a.mov,CTD_AI_TXC_BurningInShip01,101,Texas City Disaster,2026-06-26,PAUL/IAN,Krea; Chat GPT,Y,,Y,,,
CTD_AI_TXC_MovingBags_20260626_1b.mov,CTD_AI_TXC_BurningInShip01,101,Texas City Disaster,2026-06-26,PAUL/IAN,Krea; Chat GPT,Y,,Y,,,
CTD_AI_TXC_MovingBags_20260626_2a.mov,CTD_AI_TXC_BurningInShip01,101,Texas City Disaster,2026-06-26,PAUL/IAN,Krea; Chat GPT,Y,,Y,,,
CTD_AI_TXC_MovingBags_20260626_3a.mov,CTD_AI_TXC_BurningInShip01,101,Texas City Disaster,2026-06-26,PAUL/IAN,Krea; Chat GPT,Y,,Y,,,
CTD_AI_TXC_NEWBoatExplosion_20260626_1a.mov,CTD_TXC_FertilizerExplodes,101,Texas City Disaster,2026-06-26,PAUL/IAN,Krea; Chat GPT,Y,,Y,,,
CTD_AI_TXC_NEWBoatExplosion_20260626_1b.mov,CTD_TXC_FertilizerExplodes,101,Texas City Disaster,2026-06-26,PAUL/IAN,Krea; Chat GPT,Y,,Y,,,
CTD_AI_FDN_Reactorexplosion_202600629_5e,CTD_AI_FDN_Reactor2Explosion01,101,Fukushima Nuclear Disaster,2026-06-29,PAUL/IAN,Krea; Chat GPT,Y,,Y,,,
CTD_AI_FDN_Reactorexplosion_20260629_19a,CTD_AI_FDN_Reactor2Explosion01,101,Fukushima Nuclear Disaster,2026-06-29,PAUL/IAN,Krea; Chat GPT,Y,,Y,,,
CTD_AI_FDN_Reactorexplosion_20260629_19b,CTD_AI_FDN_Reactor2Explosion01,101,Fukushima Nuclear Disaster,2026-06-29,PAUL/IAN,Krea; Chat GPT,Y,,Y,,,
CTD_AI_FDN_Reactorexplosion_20260629_24a,CTD_AI_FDN_Reactor2Explosion01,101,Fukushima Nuclear Disaster,2026-06-29,PAUL/IAN,Krea; Chat GPT,Y,,Y,,,
CTD_AI_FDN_Reactorexplosion_20260629_24b,CTD_AI_FDN_Reactor2Explosion01,101,Fukushima Nuclear Disaster,2026-06-29,PAUL/IAN,Krea; Chat GPT,Y,,Y,,,
CTD_AI_FDN_Reactorexplosion_20260629_24c,CTD_AI_FDN_Reactor2Explosion01,101,Fukushima Nuclear Disaster,2026-06-29,PAUL/IAN,Krea; Chat GPT,Y,,Y,,,
CTD_AI_FDN_Reactorexplosion_20260629_7b,CTD_AI_FDN_Reactor2Explosion01,101,Fukushima Nuclear Disaster,2026-06-29,PAUL/IAN,Krea; Chat GPT,Y,,Y,,,
CTD_AI_FDN_Reactorexplosion_20260629_7c,CTD_AI_FDN_Reactor2Explosion01,101,Fukushima Nuclear Disaster,2026-06-29,PAUL/IAN,Krea; Chat GPT,Y,,Y,,,
CTD_AI_FDN_Reactorexplosion_20260629_7d,CTD_AI_FDN_Reactor2Explosion01,101,Fukushima Nuclear Disaster,2026-06-29,PAUL/IAN,Krea; Chat GPT,Y,,Y,,,
CTD_AI_FDN_Reactorexplosion_20260629_7e,CTD_AI_FDN_Reactor2Explosion01,101,Fukushima Nuclear Disaster,2026-06-29,PAUL/IAN,Krea; Chat GPT,Y,,Y,,,
CTD_AI_FDN_Reactorexplosion_20260629_7f,CTD_AI_FDN_Reactor2Explosion01,101,Fukushima Nuclear Disaster,2026-06-29,PAUL/IAN,Krea; Chat GPT,Y,,Y,,,
CTD_AI_FDN_Reactorexplosion_20260629_9a,CTD_AI_FDN_Reactor2Explosion01,101,Fukushima Nuclear Disaster,2026-06-29,PAUL/IAN,Krea; Chat GPT,Y,,Y,,,
CTD_AI_FDN_Reactorexplosion_20260629_9b,CTD_AI_FDN_Reactor2Explosion01,101,Fukushima Nuclear Disaster,2026-06-29,PAUL/IAN,Krea; Chat GPT,Y,,Y,,,
CTD_AI_FDN_Reactorexplosion_20260629_9c,CTD_AI_FDN_Reactor2Explosion01,101,Fukushima Nuclear Disaster,2026-06-29,PAUL/IAN,Krea; Chat GPT,Y,,Y,,,
CTD_AI_FDN_Reactorexplosion_20260629_9d,CTD_AI_FDN_Reactor2Explosion01,101,Fukushima Nuclear Disaster,2026-06-29,PAUL/IAN,Krea; Chat GPT,Y,,Y,,,
CTD_AI_HIN_CaptainPOV_20260629_1a.mov,CTD_AI_HIN_CaptainPOV,101,Hindenburg,2026-06-29,PAUL/IAN,Krea; Chat GPT,Y,Re-spin Completed,Y,,,
CTD_AI_HIN_CaptainPOV_20260629_1b.mov,CTD_AI_HIN_CaptainPOV,101,Hindenburg,2026-06-29,PAUL/IAN,Krea; Chat GPT,Y,,Y,,,
CTD_AI_HIN_CaptainPOV_20260629_1c.mov,CTD_AI_HIN_CaptainPOV,101,Hindenburg,2026-06-29,PAUL/IAN,Krea; Chat GPT,Y,,Y,,,
CTD_AI_HIN_GassingUp_20260629_1a.mov,CTD_AI_HIN_GassingUp,101,Hindenburg,2026-06-29,PAUL/IAN,Krea; Chat GPT,Y,Re-spin Completed,Y,,,
CTD_AI_HIN_GassingUp_20260629_1b.mov,CTD_AI_HIN_GassingUp,101,Hindenburg,2026-06-29,PAUL/IAN,Krea; Chat GPT,Y,,Y,,,
CTD_AI_HIN_GassingUp_20260629_1c.mov,CTD_AI_HIN_GassingUp,101,Hindenburg,2026-06-29,PAUL/IAN,Krea; Chat GPT,Y,,Y,,,
CTD_AI_HIN_GassingUp_20260629_1d.mov,CTD_AI_HIN_GassingUp,101,Hindenburg,2026-06-29,PAUL/IAN,Krea; Chat GPT,Y,,Y,,,
CTD_AI_HIN_GassingUp_20260629_1e.mov,CTD_AI_HIN_GassingUp,101,Hindenburg,2026-06-29,PAUL/IAN,Krea; Chat GPT,Y,,Y,,,
CTD_AI_HIN_GassingUp_20260629_2a.mov,CTD_AI_HIN_GassingUp,101,Hindenburg,2026-06-29,PAUL/IAN,Krea; Chat GPT,Y,Re-spin Completed,Y,,,
CTD_AI_HIN_GassingUp_20260629_2b.mov,CTD_AI_HIN_GassingUp,101,Hindenburg,2026-06-29,PAUL/IAN,Krea; Chat GPT,Y,,Y,,,
CTD_AI_HIN_GassingUp_20260629_2c.mov,CTD_AI_HIN_GassingUp,101,Hindenburg,2026-06-29,PAUL/IAN,Krea; Chat GPT,Y,,Y,,,
CTD_AI_HIN_GassingUp_20260629_2d.mov,CTD_AI_HIN_GassingUp,101,Hindenburg,2026-06-29,PAUL/IAN,Krea; Chat GPT,Y,,Y,,,
CTD_AI_HIN_GassingUp_20260629_2e.mov,CTD_AI_HIN_GassingUp,101,Hindenburg,2026-06-29,PAUL/IAN,Krea; Chat GPT,Y,Re-spin Completed,Y,,,
CTD_AI_HIN_HinConstruction_20260629_2a.mov,CTD_AI_HIN_HinConstruction,101,Hindenburg,2026-06-29,PAUL/IAN,Krea; Chat GPT,Y,Re-spin Completed,Y,,,
CTD_AI_HIN_HinConstruction_20260629_2b.mov,CTD_AI_HIN_HinConstruction,101,Hindenburg,2026-06-29,PAUL/IAN,Krea; Chat GPT,Y,,Y,,,
CTD_AI_HIN_HinConstruction_20260629_2d.mov,CTD_AI_HIN_HinConstruction,101,Hindenburg,2026-06-29,PAUL/IAN,Krea; Chat GPT,Y,,Y,,,
CTD_AI_HIN_HinConstruction_20260629_2e.mov,CTD_AI_HIN_HinConstruction,101,Hindenburg,2026-06-29,PAUL/IAN,Krea; Chat GPT,Y,,Y,,,
CTD_AI_HIN_HinConstruction_20260629_2f.mov,CTD_AI_HIN_HinConstruction,101,Hindenburg,2026-06-29,PAUL/IAN,Krea; Chat GPT,Y,Re-spin Completed,Y,,,
CTD_AI_HIN_HinConstruction_20260629_3a.mov,CTD_AI_HIN_HinConstruction,101,Hindenburg,2026-06-29,PAUL/IAN,Krea; Chat GPT,Y,Re-spin Completed,Y,,,
CTD_AI_HIN_MooringTower_20260629_1a.mov,CTD_AI_HIN_MooringTower,101,Hindenburg,2026-06-29,PAUL/IAN,Krea; Chat GPT,Y,Re-spin Completed,Y,,,
CTD_AI_HIN_MooringTower_20260629_1b.mov,CTD_AI_HIN_MooringTower,101,Hindenburg,2026-06-29,PAUL/IAN,Krea; Chat GPT,Y,,Y,,,
CTD_AI_HIN_MooringTower_20260629_1c.mov,CTD_AI_HIN_MooringTower,101,Hindenburg,2026-06-29,PAUL/IAN,Krea; Chat GPT,Y,,Y,,,
CTD_AI_HIN_MooringTower_20260629_1d.mov,CTD_AI_HIN_MooringTower,101,Hindenburg,2026-06-29,PAUL/IAN,Krea; Chat GPT,Y,,Y,,,
CTD_AI_HIN_StormClouds_20260629_2a.mov,CTD_AI_HIN_StormClouds,101,Hindenburg,2026-06-29,PAUL/IAN,Krea; Chat GPT,Y,Re-spin Completed,Y,,,
CTD_AI_HIN_StormClouds_20260629_2b.mov,CTD_AI_HIN_StormClouds,101,Hindenburg,2026-06-29,PAUL/IAN,Krea; Chat GPT,Y,,Y,,,
CTD_AI_HIN_StormClouds_20260629_2c.mov,CTD_AI_HIN_StormClouds,101,Hindenburg,2026-06-29,PAUL/IAN,Krea; Chat GPT,Y,Re-spin Completed,Y,,,
CTD_AI_HIN_StormClouds_20260629_2d.mov,CTD_AI_HIN_StormClouds,101,Hindenburg,2026-06-29,PAUL/IAN,Krea; Chat GPT,Y,,Y,,,
CTD_AI_HIN_StormClouds_20260629_2e.mov,CTD_AI_HIN_StormClouds,101,Hindenburg,2026-06-29,PAUL/IAN,Krea; Chat GPT,Y,,Y,,,
CTD_AI_HIN_StormClouds_20260629_2f.mov,CTD_AI_HIN_StormClouds,101,Hindenburg,2026-06-29,PAUL/IAN,Krea; Chat GPT,Y,,Y,,,
CTD_AI_HIN_StormClouds_20260629_2g.mov,CTD_AI_HIN_StormClouds,101,Hindenburg,2026-06-29,PAUL/IAN,Krea; Chat GPT,Y,,Y,,,
CTD_AI_447_DebrisClose_20260702_1a.mov,CTD_AI_447_AircraftCrashes01,101,Air France Flight 447,2026-07-02,PAUL/IAN,Chat GPT; Krea,Y,,Y,,,
CTD_AI_447_DebrisClose_20260702_1b.mov,CTD_AI_447_AircraftCrashes01,101,Air France Flight 447,2026-07-02,PAUL/IAN,Chat GPT; Krea,Y,,Y,,,
CTD_AI_447_DebrisClose_20260702_2a.mov,CTD_AI_447_AircraftCrashes01,101,Air France Flight 447,2026-07-02,PAUL/IAN,Chat GPT; Krea,Y,,Y,,,
CTD_AI_447_DebrisClose_20260702_3a.mov,CTD_AI_447_AircraftCrashes01,101,Air France Flight 447,2026-07-02,PAUL/IAN,Chat GPT; Krea,Y,,Y,,,
CTD_AI_447_PlaneCrashHold_20260702_1a.mov,CTD_AI_447_AircraftCrashes01,101,Air France Flight 447,2026-07-02,PAUL/IAN,Chat GPT; Krea,Y,,Y,,,
CTD_AI_447_PlaneCrashLuggage_20260702_1a.mov,CTD_AI_447_AircraftCrashes01,101,Air France Flight 447,2026-07-02,PAUL/IAN,Chat GPT; Krea,Y,,Y,,,
CTD_AI_447_PlaneCrashSeat_20260702_1a.mov,CTD_AI_447_AircraftCrashes01,101,Air France Flight 447,2026-07-02,PAUL/IAN,Chat GPT; Krea,Y,,Y,,,
CTD_AI_CHF_CycloneVillage_20260701_1a.mov,CTD_AI_CHF_CycloneVillage,101,China Floods,2026-07-02,james,,,,Y,,,
CTD_AI_CHF_CycloneVillage_20260701_1b.mov,CTD_AI_CHF_CycloneVillage,101,China Floods,2026-07-02,james,,,,Y,,,
CTD_AI_CHF_CycloneVillage_20260701_2a.mov,CTD_AI_CHF_CycloneVillage,101,China Floods,2026-07-02,james,Krea; Chat GPT,,,Y,,,
CTD_AI_CHF_DikeBreaking_20260701_1a.mov,CTD_AI_CHF_DikeBreaking,101,China Floods,2026-07-02,james,,,Re-spin Completed,Y,,,
CTD_AI_CHF_DikeBreaking_20260701_1b.mov,CTD_AI_CHF_DikeBreaking,101,China Floods,2026-07-02,james,,Y,,Y,,,
CTD_AI_CHF_DikeBreaking_20260701_2a.mov,CTD_AI_CHF_DikeBreaking,101,China Floods,2026-07-02,james,,,,Y,,,
CTD_AI_CHF_DikeBreaking_20260701_3a.mov,CTD_AI_CHF_DikeBreaking,101,China Floods,2026-07-02,james,,,,Y,,,
CTD_AI_CHF_DikeBreaking_20260701_4a.mov,CTD_AI_CHF_DikeBreaking,101,China Floods,2026-07-02,james,,,,Y,,,
CTD_AI_CHF_DikeBreaking_20260701_5a.mov,CTD_AI_CHF_DikeBreaking,101,China Floods,2026-07-02,james,Krea; Chat GPT,,Re-spin Completed,Y,,,
CTD_AI_CHF_DikeBreaking_20260701_6a.mov,CTD_AI_CHF_DikeBreaking,101,China Floods,2026-07-02,james,Krea; Chat GPT,,,Y,,,
CTD_AI_CHF_DikeBreaking_20260701_6b.mov,CTD_AI_CHF_DikeBreaking,101,China Floods,2026-07-02,james,Krea; Chat GPT,,,Y,,,
CTD_AI_CHF_DikeBreaking_20260701_7a.mov,CTD_AI_CHF_DikeBreaking,101,China Floods,2026-07-02,james,Krea; Chat GPT,,,Y,,,
CTD_AI_CHF_DikeBreaking_20260701_7b.mov,CTD_AI_CHF_DikeBreaking,101,China Floods,2026-07-02,james,,,,Y,,,
CTD_AI_CHF_DikeBreaking_20260701_8b.mov,CTD_AI_CHF_DikeBreaking,101,China Floods,2026-07-02,james,,,,Y,,,
CTD_AI_CHF_DikeBreaking_20260701_9aa.mov,CTD_AI_CHF_DikeBreaking,101,China Floods,2026-07-02,james,Krea; Chat GPT,,,Y,,,
CTD_AI_CHF_FarmlandFloods_20260701_1a.mov,CTD_AI_CHF_FarmlandFloods,101,China Floods,2026-07-02,james,Krea; Chat GPT,,,Y,,,
CTD_AI_CHF_FarmlandFloods_20260701_1b.mov,CTD_AI_CHF_FarmlandFloods,101,China Floods,2026-07-02,james,,,,Y,,,
CTD_AI_CHF_FarmlandFloods_20260701_2a.mov,CTD_AI_CHF_FarmlandFloods,101,China Floods,2026-07-02,james,,,,Y,,,
CTD_AI_CHF_FarmlandFloods_20260701_2b.mov,CTD_AI_CHF_FarmlandFloods,101,China Floods,2026-07-02,james,,,,Y,,,
CTD_AI_CHF_StormHits_FloodPeople_20260701_1a.mov,CTD_AI_CHF_FarmlandFloods,101,China Floods,2026-07-02,james,,,,Y,,,
CTD_AI_CHF_StormHits_FloodPeople_20260701_1b.mov,CTD_AI_CHF_FarmlandFloods,101,China Floods,2026-07-02,james,,,,Y,,,
CTD_AI_CHF_StormHits_FloodPeople_20260701_2a.mov,CTD_AI_CHF_FarmlandFloods,101,China Floods,2026-07-02,james,Krea; Chat GPT,,,Y,,,
CTD_AI_CHF_StormHits_FloodPeople_20260701_2b.mov,CTD_AI_CHF_FarmlandFloods,101,China Floods,2026-07-02,james,,,,Y,,,
CTD_AI_CHF_StormHits_FloodPeople_20260701_3a.mov,CTD_AI_CHF_FarmlandFloods,101,China Floods,2026-07-02,james,,,,Y,,,
CTD_AI_CHF_StormHits_FloodPeople_20260701_3b.mov,CTD_AI_CHF_FarmlandFloods,101,China Floods,2026-07-02,james,Krea; Chat GPT,,,Y,,,
CTD_AI_CHF_StormHits_FloodPeople_20260701_3c.mov,CTD_AI_CHF_FarmlandFloods,101,China Floods,2026-07-02,james,,,,Y,,,
CTD_AI_CHF_StormHits_FloodPeople_20260701_3d.mov,CTD_AI_CHF_FarmlandFloods,101,China Floods,2026-07-02,james,,,,Y,,,
CTD_AI_CHF_StormHits_FloodPeople_20260701_3e.mov,CTD_AI_CHF_FarmlandFloods,101,China Floods,2026-07-02,james,,,,Y,,,
CTD_AI_CHF_StormHits_FloodPeople_20260701_3f.mov,CTD_AI_CHF_FarmlandFloods,101,China Floods,2026-07-02,james,,,,Y,,,
CTD_AI_CHF_WallOfWater_20260701_1a.mov,CTD_AI_CHF_WallOfWater,101,China Floods,2026-07-02,james,,,,Y,,,
CTD_AI_CHF_WallOfWater_20260701_1b.mov,CTD_AI_CHF_WallOfWater,101,China Floods,2026-07-02,james,,,,Y,,,
CTD_AI_CHF_WallOfWater_20260701_2a.mov,CTD_AI_CHF_WallOfWater,101,China Floods,2026-07-02,james,,,,Y,,,
CTD_AI_CHF_WallOfWater_20260701_2b.mov,CTD_AI_CHF_WallOfWater,101,China Floods,2026-07-02,james,,,,Y,,,
CTD_AI_CHF_WallOfWater_20260701_2c.mov,CTD_AI_CHF_WallOfWater,101,China Floods,2026-07-02,james,,,,Y,,,
CTD_AI_CHF_WallOfWater_20260701_2d.mov,CTD_AI_CHF_WallOfWater,101,China Floods,2026-07-02,james,,,,Y,,,
CTD_AI_CHF_WallOfWater_20260701_3a.mov,CTD_AI_CHF_WallOfWater,101,China Floods,2026-07-02,james,,,,Y,,,
CTD_AI_CHF_WallOfWater_20260701_3b.mov,CTD_AI_CHF_WallOfWater,101,China Floods,2026-07-02,james,,,,Y,,,
CTD_AI_CHF_WallOfWater_20260701_3c.mov,CTD_AI_CHF_WallOfWater,101,China Floods,2026-07-02,james,,,,Y,,,
CTD_AI_CHF_WallOfWater_20260701_4a.mov,CTD_AI_CHF_WallOfWater,101,China Floods,2026-07-02,james,Krea; Chat GPT,,,Y,,,
CTD_AI_CHF_WallOfWater_20260701_5a.mov,CTD_AI_CHF_WallOfWater,101,China Floods,2026-07-02,james,Krea; Chat GPT,,,Y,,,
CTD_AI_CHF_WinterVillage_20260701_1a.mov,CTD_AI_CHF_WinterVillage,101,China Floods,2026-07-02,james,Krea; Chat GPT,,,Y,,,
CTD_AI_CHF_WinterVillage_20260701_2a.mov,CTD_AI_CHF_WinterVillage,101,China Floods,2026-07-02,james,,,,Y,,,
CTD_AI_CHF_WinterVillage_20260701_2b.mov,CTD_AI_CHF_WinterVillage,101,China Floods,2026-07-02,james,,,,Y,,,
CTD_AI_CHF_WinterVillage_20260701_3a.mov,CTD_AI_CHF_WinterVillage,101,China Floods,2026-07-02,james,Krea; Chat GPT,,,Y,,,
CTD_AI_CHF_WinterVillage_20260701_4a.mov,CTD_AI_CHF_WinterVillage,101,China Floods,2026-07-02,james,Krea; Chat GPT,,,Y,,,
CTD_AI_CHF_WinterVillage_20260701_5a.mov,CTD_AI_CHF_WinterVillage,101,China Floods,2026-07-02,james,Krea; Chat GPT,,,Y,,,
CTD_AI_CHF_WinterVillage_20260701_5b.mov,CTD_AI_CHF_WinterVillage,101,China Floods,2026-07-02,james,Krea; Chat GPT,,,Y,,,
CTD_AI_FDN_ControlRoomFlashPress_20260702_1a.mov,CTD_AI_FDN_DarkControlRoom01,101,Fukushima Nuclear Disaster,2026-07-02,PAUL/IAN,Chat GPT; Krea,Y,,Y,,,
CTD_AI_FDN_ControlRoomFlashPress_20260702_1b.mov,CTD_AI_FDN_DarkControlRoom01,101,Fukushima Nuclear Disaster,2026-07-02,PAUL/IAN,Chat GPT; Krea,Y,,Y,,,
CTD_AI_FDN_ControlRoomFlashPress_20260702_1c.mov,CTD_AI_FDN_DarkControlRoom01,101,Fukushima Nuclear Disaster,2026-07-02,PAUL/IAN,Chat GPT; Krea,Y,,Y,,,
CTD_AI_FDN_ControlRoomFlashPress_20260702_2a.mov,CTD_AI_FDN_DarkControlRoom01,101,Fukushima Nuclear Disaster,2026-07-02,PAUL/IAN,Chat GPT; Krea,Y,,Y,,,
CTD_AI_FDN_ControlRoomFlashPress_20260702_2b.mov,CTD_AI_FDN_DarkControlRoom01,101,Fukushima Nuclear Disaster,2026-07-02,PAUL/IAN,Chat GPT; Krea,Y,,Y,,,
CTD_AI_FDN_EarthQuakeControlRoomLightsOut_20260702_1a.mov,CTD_AI_FDN_GeneratorsFlood03,101,Fukushima Nuclear Disaster,2026-07-02,PAUL/IAN,Chat GPT; Krea,Y,,Y,,,
CTD_AI_FDN_EarthQuakeControlRoomLightsOut_20260702_1b.mov,CTD_AI_FDN_GeneratorsFlood03,101,Fukushima Nuclear Disaster,2026-07-02,PAUL/IAN,Chat GPT; Krea,Y,,Y,,,
CTD_AI_FDN_EarthQuakeControlRoomLightsOut_20260702_1c.mov,CTD_AI_FDN_GeneratorsFlood03,101,Fukushima Nuclear Disaster,2026-07-02,PAUL/IAN,Chat GPT; Krea,Y,,Y,,,
CTD_AI_FDN_EarthQuakeControlRoomMonitors_20260702_1a.mov,CTD_AI_FDN_GeneratorsFlood03,101,Fukushima Nuclear Disaster,2026-07-02,PAUL/IAN,Chat GPT; Krea,Y,,Y,,,
CTD_AI_FDN_EarthQuakeControlRoomMonitors_20260702_1b.mov,CTD_AI_FDN_GeneratorsFlood03,101,Fukushima Nuclear Disaster,2026-07-02,PAUL/IAN,Chat GPT; Krea,Y,,Y,,,
CTD_AI_FDN_FiremanHose_20260702_2a.mov,CTD_AI_FDN_RunningOut02,101,Fukushima Nuclear Disaster,2026-07-02,PAUL/IAN,Chat GPT; Krea,Y,,Y,,,
CTD_AI_FDN_FiremanHose_20260702_2b.mov,CTD_AI_FDN_RunningOut02,101,Fukushima Nuclear Disaster,2026-07-02,PAUL/IAN,Chat GPT; Krea,Y,,Y,,,
CTD_AI_FDN_FiremanHose_20260702_3c.mov,CTD_AI_FDN_RunningOut02,101,Fukushima Nuclear Disaster,2026-07-02,PAUL/IAN,Chat GPT; Krea,Y,,Y,,,
CTD_AI_FDN_FiremanHose_20260702_3d.mov,CTD_AI_FDN_RunningOut02,101,Fukushima Nuclear Disaster,2026-07-02,PAUL/IAN,Chat GPT; Krea,Y,,Y,,,
CTD_AI_FDN_ReactorExplodes_20260702_1a.mov,CTD_AI_FDN_Reactor3Explosion01,101,Fukushima Nuclear Disaster,2026-07-02,PAUL/IAN,Chat GPT; Krea,Y,,Y,,,
CTD_AI_FDN_ReactorExplodes_20260702_1b.mov,CTD_AI_FDN_Reactor3Explosion01,101,Fukushima Nuclear Disaster,2026-07-02,PAUL/IAN,Chat GPT; Krea,Y,,Y,,,
CTD_AI_FDN_ReactorExplodes_20260702_1d.mov,CTD_AI_FDN_Reactor3Explosion01,101,Fukushima Nuclear Disaster,2026-07-02,PAUL/IAN,Chat GPT; Krea,Y,,Y,,,
CTD_AI_FDN_ReactorExplodes_20260702_2b.mov,CTD_AI_FDN_Reactor3Explosion01,101,Fukushima Nuclear Disaster,2026-07-02,PAUL/IAN,Chat GPT; Krea,Y,,Y,,,
CTD_AI_FDN_ReactorExplodes_20260702_2c.mov,CTD_AI_FDN_Reactor3Explosion01,101,Fukushima Nuclear Disaster,2026-07-02,PAUL/IAN,Chat GPT; Krea,Y,PAUSE,Y,,,
CTD_AI_FDN_ReactorExplodes_20260702_2d.mov,CTD_AI_FDN_Reactor3Explosion01,101,Fukushima Nuclear Disaster,2026-07-02,PAUL/IAN,Chat GPT; Krea,Y,,Y,,,
CTD_AI_FDN_Reactorexplosion_20260702_7a.mov,CTD_AI_FDN_Reactor2Explosion01,101,Fukushima Nuclear Disaster,2026-07-02,PAUL/IAN,Chat GPT; Krea,Y,,Y,,,
CTD_AI_FDN_Reactorexplosion_20260702_7b.mov,CTD_AI_FDN_Reactor2Explosion01,101,Fukushima Nuclear Disaster,2026-07-02,PAUL/IAN,Chat GPT; Krea,Y,,Y,,,
CTD_AI_FDN_Reactorexplosion_20260702_7c.mov,CTD_AI_FDN_Reactor2Explosion01,101,Fukushima Nuclear Disaster,2026-07-02,PAUL/IAN,Chat GPT; Krea,Y,,Y,,,
CTD_AI_FDN_Reactorexplosion_20260702_7d.mov,CTD_AI_FDN_Reactor2Explosion01,101,Fukushima Nuclear Disaster,2026-07-02,PAUL/IAN,Chat GPT; Krea,Y,,Y,,,
CTD_AI_FDN_Reactorexplosion_20260702_7e.mov,CTD_AI_FDN_Reactor2Explosion01,101,Fukushima Nuclear Disaster,2026-07-02,PAUL/IAN,Chat GPT; Krea,Y,,Y,,,
CTD_AI_FDN_Reactorexplosion_20260702_7f.mov,CTD_AI_FDN_Reactor2Explosion01,101,Fukushima Nuclear Disaster,2026-07-02,PAUL/IAN,Chat GPT; Krea,Y,,Y,,,
CTD_AI_FDN_Reactorexplosion_20260702_7g.mov,CTD_AI_FDN_Reactor2Explosion01,101,Fukushima Nuclear Disaster,2026-07-02,PAUL/IAN,Chat GPT; Krea,Y,,Y,,,
CTD_AI_TXC_WaveImpact_20260702_2a.mov,CTD_AI_TXC_Wave15ft02,101,Texas City Disaster,2026-07-02,PAUL/IAN,Chat GPT; Krea,Y,,Y,,,
CTD_AI_TXC_WaveImpact_20260702_3a.mov,CTD_AI_TXC_Wave15ft02,101,Texas City Disaster,2026-07-02,PAUL/IAN,Chat GPT; Krea,Y,,Y,,,
CTD_AI_TXC_WaveImpact_20260702_3b.mov,CTD_AI_TXC_Wave15ft02,101,Texas City Disaster,2026-07-02,PAUL/IAN,Chat GPT; Krea,Y,,Y,,,
CTD_AI_447_Bear_20260703_1a.mov,CTD_AI_447_NoseUpward01,101,Air France Flight 447,2026-07-03,PAUL/IAN,Chat GPT; Krea,Y,Re-spin Completed,Y,,,
CTD_AI_447_Bear_20260703_1b.mov,CTD_AI_447_NoseUpward01,101,Air France Flight 447,2026-07-03,PAUL/IAN,Chat GPT; Krea,Y,,Y,,,
CTD_AI_447_FlightControls_20260703_1d.mov,CTD_AI_447_Stall02,101,Air France Flight 447,2026-07-03,PAUL/IAN,Chat GPT; Krea,Y,,Y,,,
CTD_AI_447_FlightControls_20260703_1e.mov,CTD_AI_447_Stall02,101,Air France Flight 447,2026-07-03,PAUL/IAN,Chat GPT; Krea,Y,,Y,,,
CTD_AI_447_FlightControls_20260703_1f.mov,CTD_AI_447_Stall02,101,Air France Flight 447,2026-07-03,PAUL/IAN,Chat GPT; Krea,Y,,Y,,,
CTD_AI_447_HailCloud_20260703_1a.mov,CTD_AI_447_WindshieldCloud01,101,Air France Flight 447,2026-07-03,PAUL/IAN,Chat GPT; Krea,Y,Re-spin Completed,Y,,,
CTD_AI_447_HailCloud_20260703_1b.mov,CTD_AI_447_WindshieldCloud01,101,Air France Flight 447,2026-07-03,PAUL/IAN,Chat GPT; Krea,Y,Re-spin Completed,Y,,,
CTD_AI_447_HailCloud_20260703_1c.mov,CTD_AI_447_WindshieldCloud01,101,Air France Flight 447,2026-07-03,PAUL/IAN,Chat GPT; Krea,Y,,Y,,,
CTD_AI_447_HailCloud_20260703_1d.mov,CTD_AI_447_WindshieldCloud01,101,Air France Flight 447,2026-07-03,PAUL/IAN,Chat GPT; Krea,Y,,Y,,,
CTD_AI_447_HailCloud_20260703_1e.mov,CTD_AI_447_WindshieldCloud01,101,Air France Flight 447,2026-07-03,PAUL/IAN,Chat GPT; Krea,Y,,Y,,,
CTD_AI_447_HailCloud_20260703_1f.mov,CTD_AI_447_WindshieldCloud01,101,Air France Flight 447,2026-07-03,PAUL/IAN,Chat GPT; Krea,Y,,Y,,,
CTD_AI_447_HailCloud_20260703_1g.mov,CTD_AI_447_WindshieldCloud01,101,Air France Flight 447,2026-07-03,PAUL/IAN,Chat GPT; Krea,Y,,Y,,,
CTD_AI_447_HailCloud_20260703_1h.mov,CTD_AI_447_WindshieldCloud01,101,Air France Flight 447,2026-07-03,PAUL/IAN,Chat GPT; Krea,Y,,Y,,,
CTD_AI_447_HailCloud_20260703_1i.mov,CTD_AI_447_WindshieldCloud01,101,Air France Flight 447,2026-07-03,PAUL/IAN,Chat GPT; Krea,Y,,Y,,,
CTD_AI_447_Planecrash_20260703_1d.mov,CTD_AI_447_AircraftCrashes01,101,Air France Flight 447,2026-07-03,PAUL/IAN,Chat GPT; Krea,Y,,Y,,,
CTD_AI_447_Planecrash_20260703_1e.mov,CTD_AI_447_AircraftCrashes01,101,Air France Flight 447,2026-07-03,PAUL/IAN,Chat GPT; Krea,Y,,Y,,,
CTD_AI_447_Planecrash_20260703_1f.mov,CTD_AI_447_AircraftCrashes01,101,Air France Flight 447,2026-07-03,PAUL/IAN,Chat GPT; Krea,Y,,Y,,,
CTD_AI_447_RightStickPull_20260703_2a.mov,CTD_AI_447_BoninControls02,101,Air France Flight 447,2026-07-03,PAUL/IAN,Chat GPT; Krea,Y,,Y,,,
CTD_AI_447_StormyWindow_20260703_1b.mov,CTD_AI_447_PlaneFalls02,101,Air France Flight 447,2026-07-03,PAUL/IAN,Chat GPT; Krea,Y,,Y,,,
CTD_AI_447_StormyWindow_20260703_1c.mov,CTD_AI_447_PlaneFalls02,101,Air France Flight 447,2026-07-03,PAUL/IAN,Chat GPT; Krea,Y,,Y,,,
CTD_AI_447_StormyWindow_20260703_2a.mov,CTD_AI_447_PlaneFalls02,101,Air France Flight 447,2026-07-03,PAUL/IAN,Chat GPT; Krea,Y,,Y,,,
CTD_AI_447_WideCockpit_20260703_1a.mov,CTD_AI_447_BoninFlying01,101,Air France Flight 447,2026-07-03,PAUL/IAN,Chat GPT; Krea,Y,Re-spin Completed,Y,,,
CTD_AI_447_WideCockpit_20260703_1b.mov,CTD_AI_447_BoninFlying01,101,Air France Flight 447,2026-07-03,PAUL/IAN,Chat GPT; Krea,Y,,Y,,,
CTD_AI_447_WideCockpit_20260703_1c.mov,CTD_AI_447_BoninFlying01,101,Air France Flight 447,2026-07-03,PAUL/IAN,Chat GPT; Krea,Y,,Y,,,
CTD_AI_447_WideCockpit_20260703_2a.mov,CTD_AI_447_BoninFlying01,101,Air France Flight 447,2026-07-03,PAUL/IAN,Chat GPT; Krea,Y,,Y,,,
CTD_AI_447_WideCockpit_20260703_2b.mov,CTD_AI_447_BoninFlying01,101,Air France Flight 447,2026-07-03,PAUL/IAN,Chat GPT; Krea,Y,,Y,,,
CTD_AI_447_WideCockpit_20260703_2c.mov,CTD_AI_447_BoninFlying01,101,Air France Flight 447,2026-07-03,PAUL/IAN,Chat GPT; Krea,Y,,Y,,,
CTD_AI_447_WideCockpit_20260703_2d.mov,CTD_AI_447_BoninFlying01,101,Air France Flight 447,2026-07-03,PAUL/IAN,Chat GPT; Krea,Y,,Y,,,
CTD_AI_447_WideCockpit_20260703_2e.mov,CTD_AI_447_BoninFlying01,101,Air France Flight 447,2026-07-03,PAUL/IAN,Chat GPT; Krea,Y,,Y,,,
CTD_AI_447_Window_20260703_1a.mov,CTD_AI_447_GEN_01,101,Air France Flight 447,2026-07-03,PAUL/IAN,Chat GPT; Krea,Y,,Y,,,
CTD_AI_447_Window_20260703_1b.mov,CTD_AI_447_GEN_01,101,Air France Flight 447,2026-07-03,PAUL/IAN,Chat GPT; Krea,Y,,Y,,,
CTD_AI_447_Window_20260703_1c.mov,CTD_AI_447_GEN_01,101,Air France Flight 447,2026-07-03,PAUL/IAN,Chat GPT; Krea,Y,,Y,,,
CTD_AI_FDN_GeneratorFlood_20260703_1a.mov,CTD_AI_FDN_GeneratorsFlood01,101,Fukushima Nuclear Disaster,2026-07-03,PAUL/IAN,Chat GPT; Krea,Y,,Y,,,
CTD_AI_FDN_GeneratorFlood_20260703_1b.mov,CTD_AI_FDN_GeneratorsFlood01,101,Fukushima Nuclear Disaster,2026-07-03,PAUL/IAN,Chat GPT; Krea,Y,,Y,,,
CTD_AI_FDN_GeneratorFlood_20260703_1c.mov,CTD_AI_FDN_GeneratorsFlood01,101,Fukushima Nuclear Disaster,2026-07-03,PAUL/IAN,Chat GPT; Krea,Y,,Y,,,
CTD_AI_FDN_GeneratorFlood_20260703_1d.mov,CTD_AI_FDN_GeneratorsFlood01,101,Fukushima Nuclear Disaster,2026-07-03,PAUL/IAN,Chat GPT; Krea,Y,,Y,,,
CTD_AI_FDN_Reactor_20260703_2a.mov,CTD_AI_FDN_Reactor,101,Fukushima Nuclear Disaster,2026-07-03,PAUL/IAN,Chat GPT; Krea,Y,,Y,,,
CTD_AI_FDN_Reactor_20260703_2b.mov,CTD_AI_FDN_Reactor,101,Fukushima Nuclear Disaster,2026-07-03,PAUL/IAN,Chat GPT; Krea,Y,,Y,,,
CTD_AI_FDN_Reactor_20260703_2c.mov,CTD_AI_FDN_Reactor,101,Fukushima Nuclear Disaster,2026-07-03,PAUL/IAN,Chat GPT; Krea,Y,,Y,,,
CTD_AI_FDN_Reactor_20260703_2d.mov,CTD_AI_FDN_Reactor,101,Fukushima Nuclear Disaster,2026-07-03,PAUL/IAN,Chat GPT; Krea,Y,,Y,,,
CTD_AI_FDN_Reactor_20260703_2e.mov,CTD_AI_FDN_Reactor,101,Fukushima Nuclear Disaster,2026-07-03,PAUL/IAN,Chat GPT; Krea,Y,,Y,,,
CTD_AI_FDN_Reactor_20260703_2f.mov,CTD_AI_FDN_Reactor,101,Fukushima Nuclear Disaster,2026-07-03,PAUL/IAN,Chat GPT; Krea,Y,,Y,,,
CTD_AI_FDN_Reactorexplosion_20260703_30a.mov,CTD_AI_FDN_Reactor2Explosion01,101,Fukushima Nuclear Disaster,2026-07-03,PAUL/IAN,Chat GPT; Krea,Y,,Y,,,
CTD_AI_FDN_Reactorexplosion_20260703_30b.mov,CTD_AI_FDN_Reactor2Explosion01,101,Fukushima Nuclear Disaster,2026-07-03,PAUL/IAN,Chat GPT; Krea,Y,,Y,,,
CTD_AI_FDN_Reactorexplosion_20260703_30c.mov,CTD_AI_FDN_Reactor2Explosion01,101,Fukushima Nuclear Disaster,2026-07-03,PAUL/IAN,Chat GPT; Krea,Y,,Y,,,
CTD_AI_FDN_Reactorexplosion_20260703_30d.mov,CTD_AI_FDN_Reactor2Explosion01,101,Fukushima Nuclear Disaster,2026-07-03,PAUL/IAN,Chat GPT; Krea,Y,,Y,,,
CTD_AI_FDN_Reactorexplosion_20260703_30e.mov,CTD_AI_FDN_Reactor2Explosion01,101,Fukushima Nuclear Disaster,2026-07-03,PAUL/IAN,Chat GPT; Krea,Y,,Y,,,
CTD_AI_FDN_Reactorexplosion_20260703_6a.mov,CTD_AI_FDN_Reactor2Explosion01,101,Fukushima Nuclear Disaster,2026-07-03,PAUL/IAN,Chat GPT; Krea,Y,PAUSE,Y,,,
CTD_AI_FDN_Reactorexplosion_20260703_6b.mov,CTD_AI_FDN_Reactor2Explosion01,101,Fukushima Nuclear Disaster,2026-07-03,PAUL/IAN,Chat GPT; Krea,Y,,Y,,,
CTD_AI_FDN_Reactorexplosion_20260703_6c.mov,CTD_AI_FDN_Reactor2Explosion01,101,Fukushima Nuclear Disaster,2026-07-03,PAUL/IAN,Chat GPT; Krea,Y,PAUSE,Y,,,
CTD_AI_FDN_Reactorexplosion_20260703_6d.mov,CTD_AI_FDN_Reactor2Explosion01,101,Fukushima Nuclear Disaster,2026-07-03,PAUL/IAN,Chat GPT; Krea,Y,,Y,,,
CTD_AI_FDN_Reactorexplosion_20260703_6e.mov,CTD_AI_FDN_Reactor2Explosion01,101,Fukushima Nuclear Disaster,2026-07-03,PAUL/IAN,Chat GPT; Krea,Y,,Y,,,
CTD_AI_FDN_Reactorexplosion_20260703_6g.mov,CTD_AI_FDN_Reactor2Explosion01,101,Fukushima Nuclear Disaster,2026-07-03,PAUL/IAN,Chat GPT; Krea,Y,,Y,,,
CTD_AI_FDN_Reactorexplosion_20260703_7a.mov,CTD_AI_FDN_Reactor2Explosion01,101,Fukushima Nuclear Disaster,2026-07-03,PAUL/IAN,Chat GPT; Krea,Y,,Y,,,
CTD_AI_FDN_Reactorexplosion_20260703_7b.mov,CTD_AI_FDN_Reactor2Explosion01,101,Fukushima Nuclear Disaster,2026-07-03,PAUL/IAN,Chat GPT; Krea,Y,,Y,,,
CTD_AI_FDN_Reactorexplosion_20260703_7c.mov,CTD_AI_FDN_Reactor2Explosion01,101,Fukushima Nuclear Disaster,2026-07-03,PAUL/IAN,Chat GPT; Krea,Y,,Y,,,
CTD_AI_447_CUPitotTube_20260706_1a.mov,CTD_AI_447_PitotTubes,101,Air France Flight 447,2026-07-06,james,,,,Y,,,
CTD_AI_447_CUPitotTube_20260706_1b.mov,CTD_AI_447_PitotTubes,101,Air France Flight 447,2026-07-06,james,Krea; Chat GPT,,,Y,,,
CTD_AI_447_Debris_20260706_1a.mov,CTD_AI_447_GEN_01,101,Air France Flight 447,2026-07-06,james,Krea; Chat GPT,,,Y,,,
CTD_AI_447_Debris_20260706_2a.mov,CTD_AI_447_GEN_01,101,Air France Flight 447,2026-07-06,james,Krea; Chat GPT,,,Y,,,
CTD_AI_447_Debris_20260706_3a.mov,CTD_AI_447_GEN_01,101,Air France Flight 447,2026-07-06,james,,,,Y,,,
CTD_AI_447_Stage01_20260709_1a.mov,CTD_AI_447_GEN_01,101,Air France Flight 447,2026-07-06,james,,,,Y,,,
CTD_AI_447_Stage01_20260709_1b.mov,CTD_AI_447_GEN_01,101,Air France Flight 447,2026-07-06,james,Chat GPT; Krea,,,Y,,,
CTD_AI_447_Stage01_20260709_1c.mov,CTD_AI_447_GEN_01,101,Air France Flight 447,2026-07-06,james,,,,Y,,,
CTD_AI_447_Stage01_20260709_2a.mov,CTD_AI_447_GEN_01,101,Air France Flight 447,2026-07-06,james,,,,Y,,,
CTD_AI_447_Stage01_20260709_3a.mov,CTD_AI_447_GEN_01,101,Air France Flight 447,2026-07-06,james,,,,Y,,,
CTD_AI_447_Stage01_20260709_4a.mov,CTD_AI_447_GEN_01,101,Air France Flight 447,2026-07-06,james,Krea; Chat GPT,,,Y,,,
CTD_AI_447_Stage02_20260709_10a.mov,CTD_AI_447_GEN_01,101,Air France Flight 447,2026-07-06,james,,,,Y,,,
CTD_AI_447_Stage02_20260709_11a.mov,CTD_AI_447_GEN_01,101,Air France Flight 447,2026-07-06,james,Krea; Chat GPT,,,Y,,,
CTD_AI_447_Stage02_20260709_12a.mov,CTD_AI_447_GEN_01,101,Air France Flight 447,2026-07-06,james,Krea; Chat GPT,,,Y,,,
CTD_AI_447_Stage02_20260709_13a.mov,CTD_AI_447_GEN_01,101,Air France Flight 447,2026-07-06,james,Krea; Chat GPT,,,Y,,,
CTD_AI_447_Stage02_20260709_14a.mov,CTD_AI_447_GEN_01,101,Air France Flight 447,2026-07-06,james,,,,Y,,,
CTD_AI_447_Stage02_20260709_15a.mov,CTD_AI_447_GEN_01,101,Air France Flight 447,2026-07-06,james,Krea; Chat GPT,,,Y,,,
CTD_AI_447_Stage02_20260709_1a.mov,CTD_AI_447_GEN_01,101,Air France Flight 447,2026-07-06,james,Krea; Chat GPT,,,Y,,,
CTD_AI_447_Stage02_20260709_1b.mov,CTD_AI_447_GEN_01,101,Air France Flight 447,2026-07-06,james,,,,Y,,,
CTD_AI_447_Stage02_20260709_2b.mov,CTD_AI_447_GEN_01,101,Air France Flight 447,2026-07-06,james,,,,Y,,,
CTD_AI_447_Stage02_20260709_2c.mov,CTD_AI_447_GEN_01,101,Air France Flight 447,2026-07-06,james,Krea; Chat GPT,,,Y,,,
CTD_AI_447_Stage02_20260709_3a.mov,CTD_AI_447_GEN_01,101,Air France Flight 447,2026-07-06,james,,,,Y,,,
CTD_AI_447_Stage02_20260709_4a.mov,CTD_AI_447_GEN_01,101,Air France Flight 447,2026-07-06,james,,,,Y,,,
CTD_AI_447_Stage02_20260709_5a.mov,CTD_AI_447_GEN_01,101,Air France Flight 447,2026-07-06,james,,,,Y,,,
CTD_AI_447_Stage02_20260709_6a.mov,CTD_AI_447_GEN_01,101,Air France Flight 447,2026-07-06,james,,,,Y,,,
CTD_AI_447_Stage02_20260709_7a.mov,CTD_AI_447_GEN_01,101,Air France Flight 447,2026-07-06,james,,,,Y,,,
CTD_AI_447_Stage02_20260709_7b.mov,CTD_AI_447_GEN_01,101,Air France Flight 447,2026-07-06,james,,,,Y,,,
CTD_AI_447_Stage02_20260709_8a.mov,CTD_AI_447_GEN_01,101,Air France Flight 447,2026-07-06,james,,,,Y,,,
CTD_AI_447_Stage02_20260709_9a.mov,CTD_AI_447_GEN_01,101,Air France Flight 447,2026-07-06,james,Krea; Chat GPT,,,Y,,,
CTD_AI_447_Stage02_20260709_9b.mov,CTD_AI_447_GEN_01,101,Air France Flight 447,2026-07-06,james,Krea; Chat GPT,,,Y,,,
CTD_AI_447_Stage03_20260709_1a.mov,CTD_AI_447_GEN_01,101,Air France Flight 447,2026-07-06,james,,,,Y,,,
CTD_AI_447_Stage03_20260709_2a.mov,CTD_AI_447_GEN_01,101,Air France Flight 447,2026-07-06,james,,,,Y,,,
CTD_AI_447_Stage03_20260709_3a.mov,CTD_AI_447_GEN_01,101,Air France Flight 447,2026-07-06,james,Krea; Chat GPT,,,Y,,,
CTD_AI_447_Stage03_20260709_4a.mov,CTD_AI_447_GEN_01,101,Air France Flight 447,2026-07-06,james,,,,Y,,,
CTD_AI_447_Stage03_20260709_5a.mov,CTD_AI_447_GEN_01,101,Air France Flight 447,2026-07-06,james,,,,Y,,,
CTD_AI_447_Stage04_20260709_1a.mov,CTD_AI_447_GEN_01,101,Air France Flight 447,2026-07-06,james,Krea; Chat GPT,,,Y,,,
CTD_AI_447_Stage04_20260709_2a.mov,CTD_AI_447_GEN_01,101,Air France Flight 447,2026-07-06,james,,,,Y,,,
CTD_AI_447_Stage04_20260709_3a.mov,CTD_AI_447_GEN_01,101,Air France Flight 447,2026-07-06,james,Krea; Chat GPT,,,Y,,,
CTD_AI_447_Stage04_20260709_4a.mov,CTD_AI_447_GEN_01,101,Air France Flight 447,2026-07-06,james,,,,Y,,,
CTD_AI_447_Stage05_20260709_1a.mov,CTD_AI_447_GEN_01,101,Air France Flight 447,2026-07-06,james,Krea; Chat GPT,,,Y,,,
CTD_AI_447_Stage05_20260709_2a.mov,CTD_AI_447_GEN_01,101,Air France Flight 447,2026-07-06,james,Krea; Chat GPT,,,Y,,,
CTD_AI_447_Stage05_20260709_3a.mov,CTD_AI_447_GEN_01,101,Air France Flight 447,2026-07-06,james,Krea; Chat GPT,,,Y,,,
CTD_AI_447_Stage05_20260709_4a.mov,CTD_AI_447_GEN_01,101,Air France Flight 447,2026-07-06,james,Krea; Chat GPT,,,Y,,,
CTD_AI_447_Stage05_20260709_5a.mov,CTD_AI_447_GEN_01,101,Air France Flight 447,2026-07-06,james,,,,Y,,,
CTD_AI_447_Stage05_20260709_5b.mov,CTD_AI_447_GEN_01,101,Air France Flight 447,2026-07-06,james,Krea; Chat GPT,,,Y,,,
CTD_AI_447_Stage05_20260709_6a.mov,CTD_AI_447_GEN_01,101,Air France Flight 447,2026-07-06,james,,,,Y,,,
CTD_AI_447_Stage05_20260709_8a.mov,CTD_AI_447_GEN_01,101,Air France Flight 447,2026-07-06,james,,,,Y,,,
CTD_AI_447_Stage06_20260709_1a.mov,CTD_AI_447_GEN_01,101,Air France Flight 447,2026-07-06,james,,,Re-spin Completed,Y,,,
CTD_AI_447_Stage06_20260709_1b.mov,CTD_AI_447_GEN_01,101,Air France Flight 447,2026-07-06,james,,,Re-spin Completed,Y,,,
CTD_AI_447_Stage06_20260709_2a.mov,CTD_AI_447_GEN_01,101,Air France Flight 447,2026-07-06,james,,,,Y,,,
CTD_AI_447_Window_20260709_1a.mov,CTD_AI_447_GEN_01,101,Air France Flight 447,2026-07-06,james,,,,Y,,,
CTD_AI_447_Window_20260709_1b.mov,CTD_AI_447_GEN_01,101,Air France Flight 447,2026-07-06,james,,,,Y,,,
CTD_AI_TXC_HatchFireHose_20260706_1a.mov,CTD_AI_TXC_GEN,101,Texas City Disaster,2026-07-06,james,,,,Y,,,
CTD_AI_TXC_HatchFireHose_20260706_2a.mov,CTD_AI_TXC_GEN,101,Texas City Disaster,2026-07-06,james,Krea; Chat GPT,,,Y,,,
CTD_AI_TXC_HatchFireHose_20260706_3a.mov,CTD_AI_TXC_GEN,101,Texas City Disaster,2026-07-06,james,Chat GPT; Krea,,,Y,,,
CTD_AI_FDN_Reatorexplosion_20260707_1a.mov,CTD_AI_FDN_Reactor1Explosion01,101,Fukushima Nuclear Disaster,2026-07-07,SM,Chat GPT; Krea,Y,,Y,,,
CTD_AI_FDN_Reatorexplosion_20260707_1b.mov,CTD_AI_FDN_Reactor1Explosion01,101,Fukushima Nuclear Disaster,2026-07-07,SM,Chat GPT; Krea,Y,,Y,,,
CTD_AI_FDN_Reatorexplosion_20260707_1c.mov,CTD_AI_FDN_Reactor1Explosion01,101,Fukushima Nuclear Disaster,2026-07-07,SM,Chat GPT; Krea,Y,,Y,,,
CTD_AI_FDN_Reatorexplosion_20260707_1d.mov,CTD_AI_FDN_Reactor1Explosion01,101,Fukushima Nuclear Disaster,2026-07-07,SM,Chat GPT; Krea,Y,,Y,,,
CTD_AI_FDN_Reatorexplosion_20260707_1e.mov,CTD_AI_FDN_Reactor1Explosion01,101,Fukushima Nuclear Disaster,2026-07-07,SM,Chat GPT; Krea,Y,,Y,,,
CTD_AI_FDN_Reatorexplosion_20260707_1f.mov,CTD_AI_FDN_Reactor1Explosion01,101,Fukushima Nuclear Disaster,2026-07-07,SM,Chat GPT; Krea,Y,,Y,,,
CTD_AI_FDN_Reatorexplosion_20260707_1g.mov,CTD_AI_FDN_Reactor1Explosion01,101,Fukushima Nuclear Disaster,2026-07-07,SM,Chat GPT; Krea,Y,,Y,,,
CTD_AI_FDN_Reatorexplosion_20260707_1h.mov,CTD_AI_FDN_Reactor1Explosion01,101,Fukushima Nuclear Disaster,2026-07-07,SM,Chat GPT; Krea,Y,,Y,,,
CTD_AI_FDN_Reatorexplosion_20260707_1i.mov,CTD_AI_FDN_Reactor1Explosion01,101,Fukushima Nuclear Disaster,2026-07-07,SM,Chat GPT; Krea,Y,,Y,,,
CTD_AI_FDN_Reatorexplosion_20260707_1j.mov,CTD_AI_FDN_Reactor1Explosion01,101,Fukushima Nuclear Disaster,2026-07-07,SM,Chat GPT; Krea,Y,,Y,,,
CTD_AI_FDN_Reatorexplosion_20260707_1k.mov,CTD_AI_FDN_Reactor1Explosion01,101,Fukushima Nuclear Disaster,2026-07-07,SM,Chat GPT; Krea,Y,,Y,,,
CTD_AI_FDN_Reatorexplosion_20260707_1l.mov,CTD_AI_FDN_Reactor1Explosion01,101,Fukushima Nuclear Disaster,2026-07-07,SM,Chat GPT; Krea,Y,,Y,,,
CTD_AI_FDN_Reatorexplosion_20260707_1m.mov,CTD_AI_FDN_Reactor1Explosion01,101,Fukushima Nuclear Disaster,2026-07-07,SM,Chat GPT; Krea,Y,,Y,,,
CTD_AI_FDN_Reatorexplosion_20260707_1n.mov,CTD_AI_FDN_Reactor1Explosion01,101,Fukushima Nuclear Disaster,2026-07-07,SM,Chat GPT; Krea,Y,,Y,,,
CTD_AI_FDN_Reatorexplosion_20260707_1o.mov,CTD_AI_FDN_Reactor1Explosion01,101,Fukushima Nuclear Disaster,2026-07-07,SM,Chat GPT; Krea,Y,,Y,,,
CTD_AI_FDN_Reatorexplosion_20260707_1p.mov,CTD_AI_FDN_Reactor1Explosion01,101,Fukushima Nuclear Disaster,2026-07-07,SM,Chat GPT; Krea,Y,,Y,,,
CTD_AI_FDN_Reatorexplosion_20260707_1q.mov,CTD_AI_FDN_Reactor1Explosion01,101,Fukushima Nuclear Disaster,2026-07-07,SM,Chat GPT; Krea,Y,,Y,,,
CTD_AI_FDN_Reatorexplosion_20260707_1r.mov,CTD_AI_FDN_Reactor1Explosion01,101,Fukushima Nuclear Disaster,2026-07-07,SM,Chat GPT; Krea,Y,,Y,,,
CTD_AI_FDN_Reatorexplosion_20260707_1s.mov,CTD_AI_FDN_Reactor1Explosion01,101,Fukushima Nuclear Disaster,2026-07-07,SM,Chat GPT; Krea,Y,,Y,,,
CTD_AI_FDN_Reatorexplosion_20260707_1t.mov,CTD_AI_FDN_Reactor1Explosion01,101,Fukushima Nuclear Disaster,2026-07-07,SM,Chat GPT; Krea,Y,,Y,,,
CTD_AI_FDN_Reatorexplosion_20260707_1u.mov,CTD_AI_FDN_Reactor1Explosion01,101,Fukushima Nuclear Disaster,2026-07-07,SM,Chat GPT; Krea,Y,,Y,,,
CTD_AI_FDN_Reatorexplosion_20260707_1v.mov,CTD_AI_FDN_Reactor1Explosion01,101,Fukushima Nuclear Disaster,2026-07-07,SM,Chat GPT; Krea,Y,,Y,,,
CTD_AI_447_AircraftCrashes01_20260708_1a.mov,CTD_AI_447_AircraftCrashes01,101,Air France Flight 447,2026-07-08,james,Krea; Chat GPT,,Re-spin Completed,Y,,,
CTD_AI_447_AircraftCrashes01_20260708_1d.mov,CTD_AI_447_AircraftCrashes01,101,Air France Flight 447,2026-07-08,james,,,,Y,,,
CTD_AI_447_AircraftCrashes01_20260708_1e.mov,CTD_AI_447_AircraftCrashes01,101,Air France Flight 447,2026-07-08,james,,,,Y,,,
CTD_AI_447_AircraftCrashes01_20260708_1f.mov,CTD_AI_447_AircraftCrashes01,101,Air France Flight 447,2026-07-08,james,Krea; Chat GPT,,,Y,,,
CTD_AI_447_AircraftCrashes01_20260708_1g.mov,CTD_AI_447_AircraftCrashes01,101,Air France Flight 447,2026-07-08,james,,,,Y,,,
CTD_AI_447_AircraftCrashes01_20260708_1h.mov,CTD_AI_447_AircraftCrashes01,101,Air France Flight 447,2026-07-08,james,,,,Y,,,
CTD_AI_447_AircraftCrashes01_20260708_1i.mov,CTD_AI_447_AircraftCrashes01,101,Air France Flight 447,2026-07-08,james,Chat GPT; Krea,,,Y,,,
CTD_AI_447_AircraftCrashes01_20260708_1j.mov,CTD_AI_447_AircraftCrashes01,101,Air France Flight 447,2026-07-08,james,Krea; Chat GPT,,,Y,,,
CTD_AI_447_AircraftCrashes01_20260708_1k.mov,CTD_AI_447_AircraftCrashes01,101,Air France Flight 447,2026-07-08,james,,,Re-spin Completed,Y,,,
CTD_AI_447_AircraftCrashes01_20260708_1l.mov,CTD_AI_447_AircraftCrashes01,101,Air France Flight 447,2026-07-08,james,,,,Y,,,
CTD_AI_447_AircraftCrashes01_20260708_1m.mov,CTD_AI_447_AircraftCrashes01,101,Air France Flight 447,2026-07-08,james,,,,Y,,,
CTD_AI_447_AircraftCrashes01_20260708_1n.mov,CTD_AI_447_AircraftCrashes01,101,Air France Flight 447,2026-07-08,james,,,,Y,,,
CTD_AI_447_CloudPLANE_20260708_1a.mov,CTD_AI_447_WindshieldCloud01,101,Air France Flight 447,2026-07-08,james,,,,Y,,,
CTD_AI_447_CloudPLANE_20260708_1b.mov,CTD_AI_447_WindshieldCloud01,101,Air France Flight 447,2026-07-08,james,,,,Y,,,
CTD_AI_447_CloudPLANE_20260708_1c.mov,CTD_AI_447_WindshieldCloud01,101,Air France Flight 447,2026-07-08,james,Krea; Chat GPT,,,Y,,,
CTD_AI_447_CloudPLANE_20260708_1d.mov,CTD_AI_447_WindshieldCloud01,101,Air France Flight 447,2026-07-08,james,,,,Y,,,
CTD_AI_447_CloudPLATE_20260708_1a.mov,CTD_AI_447_WindshieldCloud01,101,Air France Flight 447,2026-07-08,james,,,,Y,,,
CTD_AI_447_CloudPLATE_20260708_1b.mov,CTD_AI_447_WindshieldCloud01,101,Air France Flight 447,2026-07-08,james,,,,Y,,,
CTD_AI_447_Stage06_20260708_1a.mov,CTD_AI_447_GEN_01,101,Air France Flight 447,2026-07-08,james,,,,Y,,,
CTD_AI_447_Stage06_20260708_1b.mov,CTD_AI_447_GEN_01,101,Air France Flight 447,2026-07-08,james,Krea; Chat GPT,,,Y,,,
CTD_AI_447_Stage06_20260708_1c.mov,CTD_AI_447_GEN_01,101,Air France Flight 447,2026-07-08,james,,,,Y,,,
CTD_AI_447_Stage06_20260708_1d.mov,CTD_AI_447_GEN_01,101,Air France Flight 447,2026-07-08,james,Krea; Chat GPT,,,Y,,,
CTD_AI_447_Stage06_20260708_1e.mov,CTD_AI_447_GEN_01,101,Air France Flight 447,2026-07-08,james,,,,Y,,,
CTD_AI_447_Stage06_20260708_1f.mov,CTD_AI_447_GEN_01,101,Air France Flight 447,2026-07-08,james,,,,Y,,,
CTD_AI_447_WindshieldCloud01_20260708_1a.mov,CTD_AI_447_WindshieldCloud01,101,Air France Flight 447,2026-07-08,james,,,,Y,,,
CTD_AI_447_WindshieldCloud01_20260708_1b.mov,CTD_AI_447_WindshieldCloud01,101,Air France Flight 447,2026-07-08,james,,,,Y,,,
CTD_AI_447_WindshieldCloud01_20260708_1c.mov,CTD_AI_447_WindshieldCloud01,101,Air France Flight 447,2026-07-08,james,Krea; Chat GPT,,,Y,,,
CTD_AI_447_WindshieldCloud01_20260708_1d.mov,CTD_AI_447_WindshieldCloud01,101,Air France Flight 447,2026-07-08,james,,,,Y,,,
CTD_AI_447_WindshieldCloud01_20260708_1e.mov,CTD_AI_447_WindshieldCloud01,101,Air France Flight 447,2026-07-08,james,,,,Y,,,
CTD_AI_447_WindshieldCloud01_20260708_1g.mov,CTD_AI_447_WindshieldCloud01,101,Air France Flight 447,2026-07-08,james,,,,Y,,,
CTD_AI_447_WindshieldCloud01_20260708_1h.mov,CTD_AI_447_WindshieldCloud01,101,Air France Flight 447,2026-07-08,james,Krea; Chat GPT,,,Y,,,
CTD_AI_447_WindshieldCloud01_20260708_1i.mov,CTD_AI_447_WindshieldCloud01,101,Air France Flight 447,2026-07-08,james,,,,Y,,,
CTD_AI_447_WindshieldCloud01_20260708_1j.mov,CTD_AI_447_WindshieldCloud01,101,Air France Flight 447,2026-07-08,james,,,,Y,,,
CTD_AI_447_WindshieldCloud01_20260708_1k.mov,CTD_AI_447_WindshieldCloud01,101,Air France Flight 447,2026-07-08,james,,,,Y,,,
CTD_AI_447_WindshieldCloud01_20260708_1l.mov,CTD_AI_447_WindshieldCloud01,101,Air France Flight 447,2026-07-08,james,,,,Y,,,
CTD_AI_447_AtmosOcclusionCLOUDS_20260709_10a.mov,CTD_AI_447_GEN_01,101,Air France Flight 447,2026-07-09,james,,,,Y,,,
CTD_AI_447_AtmosOcclusionCLOUDS_20260709_11a.mov,CTD_AI_447_GEN_01,101,Air France Flight 447,2026-07-09,james,,,,Y,,,
CTD_AI_447_AtmosOcclusionCLOUDS_20260709_1a.mov,CTD_AI_447_GEN_01,101,Air France Flight 447,2026-07-09,james,,,,Y,,,
CTD_AI_447_AtmosOcclusionCLOUDS_20260709_2a.mov,CTD_AI_447_GEN_01,101,Air France Flight 447,2026-07-09,james,,,,Y,,,
CTD_AI_447_AtmosOcclusionCLOUDS_20260709_3a.mov,CTD_AI_447_GEN_01,101,Air France Flight 447,2026-07-09,james,,,,Y,,,
CTD_AI_447_AtmosOcclusionCLOUDS_20260709_4a.mov,CTD_AI_447_GEN_01,101,Air France Flight 447,2026-07-09,james,,,,Y,,,
CTD_AI_447_AtmosOcclusionCLOUDS_20260709_5a.mov,CTD_AI_447_GEN_01,101,Air France Flight 447,2026-07-09,james,,,,Y,,,
CTD_AI_447_AtmosOcclusionCLOUDS_20260709_6a.mov,CTD_AI_447_GEN_01,101,Air France Flight 447,2026-07-09,james,,,,Y,,,
CTD_AI_447_AtmosOcclusionCLOUDS_20260709_7a.mov,CTD_AI_447_GEN_01,101,Air France Flight 447,2026-07-09,james,,,,Y,,,
CTD_AI_447_AtmosOcclusionCLOUDS_20260709_8a.mov,CTD_AI_447_GEN_01,101,Air France Flight 447,2026-07-09,james,,,,Y,,,
CTD_AI_447_AtmosOcclusionCLOUDS_20260709_9a.mov,CTD_AI_447_GEN_01,101,Air France Flight 447,2026-07-09,james,,,,Y,,,
CTD_AI_447_AtmosOcclusionRAIN_20260709_1A.mov,CTD_AI_447_GEN_01,101,Air France Flight 447,2026-07-09,james,,,,Y,,,
CTD_AI_447_AtmosOcclusionRAIN_20260709_2a.mov,CTD_AI_447_GEN_01,101,Air France Flight 447,2026-07-09,james,,,,Y,,,
CTD_AI_447_AtmosOcclusionRAIN_20260709_3a.mov,CTD_AI_447_GEN_01,101,Air France Flight 447,2026-07-09,james,,,,Y,,,
CTD_AI_447_AtmosOcclusionRAIN_20260709_4a.mov,CTD_AI_447_GEN_01,101,Air France Flight 447,2026-07-09,james,,,,Y,,,
CTD_AI_447_AtmosOcclusionRAIN_20260709_5a.mov,CTD_AI_447_GEN_01,101,Air France Flight 447,2026-07-09,james,,,,Y,,,
CTD_AI_447_AtmosOcclusionRAIN_20260709_6a.mov,CTD_AI_447_GEN_01,101,Air France Flight 447,2026-07-09,james,,,,Y,,,
CTD_AI_447_AtmosOcclusionRAIN_20260709_7a.mov,CTD_AI_447_GEN_01,101,Air France Flight 447,2026-07-09,james,,,,Y,,,
CTD_AI_HIN_CaptainPOV_20260709_1a.mov,CTD_AI_HIN_CaptainPOV,101,Hindenburg,2026-07-09,WS,,Y,,Y,,,
CTD_AI_HIN_CaptainPOV_20260709_1b.mov,CTD_AI_HIN_CaptainPOV,101,Hindenburg,2026-07-09,WS,,Y,,Y,,,
CTD_AI_HIN_CaptainPOV_20260709_1c.mov,CTD_AI_HIN_CaptainPOV,101,Hindenburg,2026-07-09,WS,,Y,,Y,,,
CTD_AI_HIN_CaptainPOV_20260709_1d.mov,CTD_AI_HIN_CaptainPOV,101,Hindenburg,2026-07-09,WS,,Y,,Y,,,
CTD_AI_HIN_CaptainPOV_20260709_1e.mov,CTD_AI_HIN_CaptainPOV,101,Hindenburg,2026-07-09,WS,,Y,,Y,,,
CTD_AI_HIN_CaptainPOV_20260709_1f.mov,CTD_AI_HIN_CaptainPOV,101,Hindenburg,2026-07-09,WS,,Y,,Y,,,
CTD_AI_HIN_CaptainPOV_20260709_1k.mov,CTD_AI_HIN_CaptainPOV,101,Hindenburg,2026-07-09,WS,,Y,,Y,,,
CTD_AI_HIN_CaptainPOV_20260709_1m.mov,CTD_AI_HIN_CaptainPOV,101,Hindenburg,2026-07-09,WS,,Y,,Y,,,
CTD_AI_HIN_CaptainPOV_20260709_1n.mov,CTD_AI_HIN_CaptainPOV,101,Hindenburg,2026-07-09,WS,,Y,,Y,,,
CTD_AI_HIN_CaptainPOV_20260709_1o.mov,CTD_AI_HIN_CaptainPOV,101,Hindenburg,2026-07-09,WS,,Y,,Y,,,
CTD_AI_HIN_CaptainPOV_20260709_2a.mov,CTD_AI_HIN_CaptainPOV,101,Hindenburg,2026-07-09,WS,,Y,,Y,,,
CTD_AI_HIN_CaptainPOV_20260709_2b.mov,CTD_AI_HIN_CaptainPOV,101,Hindenburg,2026-07-09,WS,,Y,,Y,,,
CTD_AI_HIN_CaptainPOV_20260709_3a.mov,CTD_AI_HIN_CaptainPOV,101,Hindenburg,2026-07-09,WS,,Y,,Y,,,
CTD_AI_HIN_GassingUp_20260709_1a.mov,CTD_AI_HIN_GassingUp,101,Hindenburg,2026-07-09,WS,,Y,,Y,,,
CTD_AI_HIN_GassingUp_20260709_1b.mov,CTD_AI_HIN_GassingUp,101,Hindenburg,2026-07-09,WS,,Y,,Y,,,
CTD_AI_HIN_GassingUp_20260709_1c.mov,CTD_AI_HIN_GassingUp,101,Hindenburg,2026-07-09,WS,,Y,,Y,,,
CTD_AI_HIN_GassingUp_20260709_2a.mov,CTD_AI_HIN_GassingUp,101,Hindenburg,2026-07-09,WS,,Y,,Y,,,
CTD_AI_HIN_GassingUp_20260709_3a.mov,CTD_AI_HIN_GassingUp,101,Hindenburg,2026-07-09,WS,,Y,,Y,,,
CTD_AI_HIN_HinConstruction_20260709_1a.mov,CTD_AI_HIN_HinConstruction,101,Hindenburg,2026-07-09,WS,,Y,,Y,,,
CTD_AI_HIN_HinConstruction_20260709_1b.mov,CTD_AI_HIN_HinConstruction,101,Hindenburg,2026-07-09,WS,,Y,,Y,,,
CTD_AI_HIN_HinConstruction_20260709_2a.mov,CTD_AI_HIN_HinConstruction,101,Hindenburg,2026-07-09,WS,,Y,,Y,,,
CTD_AI_HIN_HinConstruction_20260709_2b.mov,CTD_AI_HIN_HinConstruction,101,Hindenburg,2026-07-09,WS,,Y,,Y,,,
CTD_AI_HIN_HinConstruction_20260709_3a.mov,CTD_AI_HIN_HinConstruction,101,Hindenburg,2026-07-09,WS,,Y,,Y,,,
CTD_AI_HIN_MooringTower_20260709_1a.mov,CTD_AI_HIN_MooringTower,101,Hindenburg,2026-07-09,WS,,Y,,Y,,,
CTD_AI_HIN_MooringTower_20260709_1b.mov,CTD_AI_HIN_MooringTower,101,Hindenburg,2026-07-09,WS,,Y,,Y,,,
CTD_AI_HIN_StormClouds_20260709_1a.mov,CTD_AI_HIN_StormClouds,101,Hindenburg,2026-07-09,WS,,Y,,Y,,,
CTD_AI_HIN_StormClouds_20260709_1b.mov,CTD_AI_HIN_StormClouds,101,Hindenburg,2026-07-09,WS,,Y,,Y,,,
CTD_AI_HIN_StormClouds_20260709_1c.mov,CTD_AI_HIN_StormClouds,101,Hindenburg,2026-07-09,WS,,Y,,Y,,,
CTD_AI_HIN_StormClouds_20260709_3a.mov,CTD_AI_HIN_StormClouds,101,Hindenburg,2026-07-09,WS,,Y,,Y,,,
CTD_AI_HIN_StormClouds_20260709_3b.mov,CTD_AI_HIN_StormClouds,101,Hindenburg,2026-07-09,WS,,Y,,Y,,,
CTD_AI_HIN_StormClouds_20260709_3c.mov,CTD_AI_HIN_StormClouds,101,Hindenburg,2026-07-09,WS,,Y,,Y,,,
CTD_AI_HIN_CaptainPOV_20260710_1a.mov,CTD_AI_HIN_CaptainPOV,101,Hindenburg,2026-07-10,WS,,Y,,Y,,,
CTD_AI_HIN_CaptainPOV_20260710_1b.mov,CTD_AI_HIN_CaptainPOV,101,Hindenburg,2026-07-10,WS,,Y,,Y,,,
CTD_AI_HIN_CaptainPOV_20260710_1c.mov,CTD_AI_HIN_CaptainPOV,101,Hindenburg,2026-07-10,WS,,Y,,Y,,,
CTD_AI_HIN_MooringLines_20260710_1a.mov,CTD_AI_HIN_ThrowingRopes,101,Hindenburg,2026-07-10,WS,,Y,,Y,,,
CTD_AI_HIN_MooringLines_20260710_1b.mov,CTD_AI_HIN_ThrowingRopes,101,Hindenburg,2026-07-10,WS,,Y,Re-spin Completed,Y,,,
CTD_AI_HIN_MooringLines_20260710_1c.mov,CTD_AI_HIN_ThrowingRopes,101,Hindenburg,2026-07-10,WS,,Y,,Y,,,
CTD_AI_HIN_MooringLines_20260710_2a.mov,CTD_AI_HIN_ThrowingRopes,101,Hindenburg,2026-07-10,WS,,Y,,Y,,,
CTD_AI_HIN_MooringLines_20260710_2b.mov,CTD_AI_HIN_ThrowingRopes,101,Hindenburg,2026-07-10,WS,,Y,,Y,,,
CTD_AI_HIN_MooringLines_20260710_2c.mov,CTD_AI_HIN_ThrowingRopes,101,Hindenburg,2026-07-10,WS,,Y,,Y,,,
CTD_AI_CCS_ControlRoom01_20260715_1a.mov,CTD_AI_FDN_DarkControlRoom01,101,Fukushima Nuclear Disaster,2026-07-16,james,,,,Y,,,
CTD_AI_CCS_ControlRoom01_20260715_2a.mov,CTD_AI_FDN_DarkControlRoom01,101,Fukushima Nuclear Disaster,2026-07-16,james,,,,Y,,,
CTD_AI_CCS_ControlRoom01_20260715_2b.mov,CTD_AI_FDN_DarkControlRoom01,101,Fukushima Nuclear Disaster,2026-07-16,james,,,,Y,,,
CTD_AI_CCS_ControlRoom01_20260715_3a.mov,CTD_AI_FDN_DarkControlRoom01,101,Fukushima Nuclear Disaster,2026-07-16,james,,,,Y,,,
CTD_AI_CCS_ControlRoom01_20260715_4a.mov,CTD_AI_FDN_DarkControlRoom01,101,Fukushima Nuclear Disaster,2026-07-16,james,,,,Y,,,
CTD_AI_CCS_ControlRoom01_20260715_5a.mov,CTD_AI_FDN_DarkControlRoom01,101,Fukushima Nuclear Disaster,2026-07-16,james,,,,Y,,,
CTD_AI_CCS_ControlRoom01_20260715_5b.mov,CTD_AI_FDN_DarkControlRoom01,101,Fukushima Nuclear Disaster,2026-07-16,james,,,,Y,,,
CTD_AI_CCS_ControlRoom01_20260715_5c.mov,CTD_AI_FDN_DarkControlRoom01,101,Fukushima Nuclear Disaster,2026-07-16,james,,,,Y,,,
CTD_AI_CCS_ControlRoom01_20260715_6a.mov,CTD_AI_FDN_DarkControlRoom01,101,Fukushima Nuclear Disaster,2026-07-16,james,,,,Y,,,
CTD_AI_CCS_ControlRoom01_20260715_7a.mov,CTD_AI_FDN_DarkControlRoom01,101,Fukushima Nuclear Disaster,2026-07-16,james,,,,Y,,,
CTD_AI_447_AircraftCrashes01_20260723_1a.mov,CTD_AI_447_AircraftCrashes01,101,Air France Flight 447,2026-07-23,james,Krea; Chat GPT,,,Y,,,
CTD_AI_447_AircraftCrashes01_20260723_1b.mov,CTD_AI_447_AircraftCrashes01,101,Air France Flight 447,2026-07-23,james,,,,Y,,,
CTD_AI_447_AircraftCrashes01_20260723_1c.mov,CTD_AI_447_AircraftCrashes01,101,Air France Flight 447,2026-07-23,james,,Y,,Y,,,
CTD_AI_447_AircraftCrashes01_20260723_1e.mov,CTD_AI_447_AircraftCrashes01,101,Air France Flight 447,2026-07-23,james,,,,Y,,,
CTD_AI_447_AircraftCrashes01_20260723_1f.mov,CTD_AI_447_AircraftCrashes01,101,Air France Flight 447,2026-07-23,james,,,,Y,,,
CTD_AI_447_AircraftCrashes01_20260723_1g.mov,CTD_AI_447_AircraftCrashes01,101,Air France Flight 447,2026-07-23,james,Krea; Chat GPT,,,Y,,,
CTD_AI_447_AircraftCrashes01_20260723_1h.mov,CTD_AI_447_AircraftCrashes01,101,Air France Flight 447,2026-07-23,james,,,,Y,,,
CTD_AI_447_AircraftCrashes01_20260723_2a.mov,CTD_AI_447_AircraftCrashes01,101,Air France Flight 447,2026-07-23,james,,,,Y,,,
CTD_AI_447_AircraftCrashes01_20260723_2aa.mov,CTD_AI_447_AircraftCrashes01,101,Air France Flight 447,2026-07-23,james,,,,Y,,,
CTD_AI_447_BoninFlying01_20260723_1a.mov,CTD_AI_447_BoninFlying01,101,Air France Flight 447,2026-07-23,james,,,,Y,,,
CTD_AI_447_BoninFlying01_20260723_1b.mov,CTD_AI_447_BoninFlying01,101,Air France Flight 447,2026-07-23,james,,,,Y,,,
CTD_AI_447_BoninFlying01_20260723_2a.mov,CTD_AI_447_BoninFlying01,101,Air France Flight 447,2026-07-23,james,,,,Y,,,
CTD_AI_447_BoninFlying01_20260723_2b.mov,CTD_AI_447_BoninFlying01,101,Air France Flight 447,2026-07-23,james,,,,Y,,,
CTD_AI_447_BoninFlying01_20260723_2c.mov,CTD_AI_447_BoninFlying01,101,Air France Flight 447,2026-07-23,james,,,,Y,,,
CTD_AI_447_NoseUpward01_20260723_1a.mov,CTD_AI_447_NoseUpward01,101,Air France Flight 447,2026-07-23,james,,,,Y,,,
CTD_AI_447_NoseUpward01_20260723_1b.mov,CTD_AI_447_NoseUpward01,101,Air France Flight 447,2026-07-23,james,,,,Y,,,
CTD_AI_447_WindshieldCloud01_20260723_1a.mov,CTD_AI_447_WindshieldCloud01,101,Air France Flight 447,2026-07-23,james,,,,Y,,,
CTD_AI_447_WindshieldCloud01_20260723_1b.mov,CTD_AI_447_WindshieldCloud01,101,Air France Flight 447,2026-07-23,james,,,,Y,,,
CTD_AI_447_WindshieldCloud01_20260723_1c.mov,CTD_AI_447_WindshieldCloud01,101,Air France Flight 447,2026-07-23,james,,,,Y,,,
CTD_AI_CHF_DikeBreaking_2026023_1a.mov,CTD_AI_CHF_DikeBreaking,101,China Floods,2026-07-23,james,Krea; Chat GPT,Y,,Y,,,
CTD_AI_CHF_DikeBreaking_2026023_1b.mov,CTD_AI_CHF_DikeBreaking,101,China Floods,2026-07-23,james,,Y,,Y,,,
CTD_AI_CHF_DikeBreaking_2026023_5a.mov,CTD_AI_CHF_DikeBreaking,101,China Floods,2026-07-23,james,,Y,,Y,,,
CTD_AI_CHF_DikeBreaking_2026023_5b.mov,CTD_AI_CHF_DikeBreaking,101,China Floods,2026-07-23,james,Krea; Chat GPT,Y,,Y,,,
CTD_AI_HIN_GassingUp_20260723_1a.mov,CTD_AI_HIN_GassingUp,101,Hindenburg,2026-07-23,james,Krea; Chat GPT,,,Y,,,
CTD_AI_HIN_GassingUp_20260723_1b.mov,CTD_AI_HIN_GassingUp,101,Hindenburg,2026-07-23,james,,,,Y,,,
CTD_AI_HIN_GassingUp_20260723_1c.mov,CTD_AI_HIN_GassingUp,101,Hindenburg,2026-07-23,james,Krea; Chat GPT,,,Y,,,
CTD_AI_HIN_GassingUp_20260723_1d.mov,CTD_AI_HIN_GassingUp,101,Hindenburg,2026-07-23,james,,,,Y,,,
CTD_AI_HIN_GassingUp_20260723_1e.mov,CTD_AI_HIN_GassingUp,101,Hindenburg,2026-07-23,james,,,,Y,,,
CTD_AI_HIN_ThrowingRopes_20260723_1a.mov,CTD_AI_HIN_ThrowingRopes,101,Hindenburg,2026-07-23,james,,,,Y,,,
CTD_AI_HIN_ThrowingRopes_20260723_1b.mov,CTD_AI_HIN_ThrowingRopes,101,Hindenburg,2026-07-23,james,,,,Y,,,
CTD_AI_HIN_ThrowingRopes_20260723_2b.mov,CTD_AI_HIN_ThrowingRopes,101,Hindenburg,2026-07-23,james,,,,Y,,,
CTD_AI_HIN_ThrowingRopes_20260723_3a.mov,CTD_AI_HIN_ThrowingRopes,101,Hindenburg,2026-07-23,james,,,,Y,,,
CTD_AI_HIN_ThrowingRopes_20260723_3b.mov,CTD_AI_HIN_ThrowingRopes,101,Hindenburg,2026-07-23,james,,,,Y,,,
CTD_AI_HIN_ThrowingRopes_20260723_3c.mov,CTD_AI_HIN_ThrowingRopes,101,Hindenburg,2026-07-23,james,,,,Y,,,
CTD_AI_HIN_CaptainPOV_20260804_1a.mov,CTD_AI_HIN_CaptainPOV,101,Hindenburg,2026-08-04,WS,,Y,,Y,,,
CTD_AI_HIN_CaptainPOV_20260804_1b.mov,CTD_AI_HIN_CaptainPOV,101,Hindenburg,2026-08-04,WS,,Y,,Y,,,
CTD_AI_HIN_CaptainPOV_20260804_2a.mov,CTD_AI_HIN_CaptainPOV,101,Hindenburg,2026-08-04,WS,,Y,,Y,,,
CTD_AI_HIN_CaptainPOV_20260804_3a.mov,CTD_AI_HIN_CaptainPOV,101,Hindenburg,2026-08-04,WS,,Y,,Y,,,
CTD_AI_HIN_CaptainPOV_20260804_3b.mov,CTD_AI_HIN_CaptainPOV,101,Hindenburg,2026-08-04,WS,,Y,,Y,,,
CTD_AI_HIN_CaptainPOV_20260804_3c.mov,CTD_AI_HIN_CaptainPOV,101,Hindenburg,2026-08-04,WS,,Y,,Y,,,
CTD_AI_HIN_CaptainPOV_20260804_3d.mov,CTD_AI_HIN_CaptainPOV,101,Hindenburg,2026-08-04,WS,,Y,,Y,,,
CTD_AI_KAR_MidwestFarm_20260525_1a.mov,CTD_AI_KAR_GEN,102,Krakatoa Eruption,2026-05-25,SM,Chat GPT; Krea,Y,,Y,,,
CTD_AI_KAR_MidwestFarm_20260525_1b.mov,CTD_AI_KAR_GEN,102,Krakatoa Eruption,2026-05-25,SM,Chat GPT; Krea,Y,,Y,,,
CTD_AI_KAR_MidwestFarm_20260525_1d.mov,CTD_AI_KAR_GEN,102,Krakatoa Eruption,2026-05-25,SM,Chat GPT; Krea,Y,,Y,,,
CTD_AI_KAR_ShipConsumed_20260525_1a.mov,CTD_AI_KAR_NorhamCastleEnveloped,102,Krakatoa Eruption,2026-05-25,SM,Chat GPT; Krea,,,Y,,,
CTD_AI_KAR_ShipConsumed_20260525_1b.mov,CTD_AI_KAR_NorhamCastleEnveloped,102,Krakatoa Eruption,2026-05-25,SM,Chat GPT; Krea,,,Y,,,
CTD_AI_KAR_ShipConsumed_20260525_1c.mov,CTD_AI_KAR_NorhamCastleEnveloped,102,Krakatoa Eruption,2026-05-25,SM,Chat GPT; Krea,,,Y,,,
CTD_AI_KAR_ShipConsumed_20260525_1d.mov,CTD_AI_KAR_NorhamCastleEnveloped,102,Krakatoa Eruption,2026-05-25,SM,Chat GPT; Krea,,,Y,,,
CTD_AI_KAR_ShipConsumed_20260525_1e.mov,CTD_AI_KAR_NorhamCastleEnveloped,102,Krakatoa Eruption,2026-05-25,SM,Chat GPT; Krea,,,Y,,,
CTD_AI_OTI_ImplosionRealTime_20260525_1a.mov,CTD_AI_OTI_RealTimeImplosion,102,OceanGate Titan Implosion,2026-05-25,SM,Chat GPT; Krea,,,Y,,,
CTD_AI_OTI_ImplosionRealTime_20260525_1b.mov,CTD_AI_OTI_RealTimeImplosion,102,OceanGate Titan Implosion,2026-05-25,SM,Chat GPT; Krea,,,Y,,,
CTD_AI_OTI_ImplosionRealTime_20260525_1c.mov,CTD_AI_OTI_RealTimeImplosion,102,OceanGate Titan Implosion,2026-05-25,SM,Chat GPT; Krea,,,Y,,,
CTD_AI_OTI_ImplosionRealTime_20260525_1d.mov,CTD_AI_OTI_RealTimeImplosion,102,OceanGate Titan Implosion,2026-05-25,SM,Chat GPT; Krea,,,Y,,,
CTD_AI_OTI_ImplosionRealTime_20260525_2a.mov,CTD_AI_OTI_RealTimeImplosion,102,OceanGate Titan Implosion,2026-05-25,SM,Chat GPT; Krea,,,Y,,,
CTD_AI_OTI_ImplosionRealTime_20260525_3a.mov,CTD_AI_OTI_RealTimeImplosion,102,OceanGate Titan Implosion,2026-05-25,SM,Chat GPT; Krea,,,Y,,,
CTD_AI_OTI_ImplosionRealTime_20260525_3b.mov,CTD_AI_OTI_RealTimeImplosion,102,OceanGate Titan Implosion,2026-05-25,SM,Chat GPT; Krea,,,Y,,,
CTD_AI_OTI_ImplosionRealTime_20260525_4a.mov,CTD_AI_OTI_RealTimeImplosion,102,OceanGate Titan Implosion,2026-05-25,SM,Chat GPT; Krea,,,Y,,,
CTD_AI_OTI_ImplosionRealTime_20260525_4b.mov,CTD_AI_OTI_RealTimeImplosion,102,OceanGate Titan Implosion,2026-05-25,SM,Chat GPT; Krea,Y,Re-spin Completed,Y,,,
CTD_AI_OTI_ImplosionRealTime_20260525_4c.mov,CTD_AI_OTI_RealTimeImplosion,102,OceanGate Titan Implosion,2026-05-25,SM,Chat GPT; Krea,,,Y,,,
CTD_AI_OTI_ImplosionRealTime_20260525_4d.mov,CTD_AI_OTI_RealTimeImplosion,102,OceanGate Titan Implosion,2026-05-25,SM,Chat GPT; Krea,Y,Re-spin Completed,Y,,,
CTD_AI_OTI_ImplosionRealTime_20260525_4e.mov,CTD_AI_OTI_RealTimeImplosion,102,OceanGate Titan Implosion,2026-05-25,SM,Chat GPT; Krea,,,Y,,,
CTD_AI_OTI_ImplosionRealTime_20260525_4f.mov,CTD_AI_OTI_RealTimeImplosion,102,OceanGate Titan Implosion,2026-05-25,SM,Chat GPT; Krea,,,Y,,,
CTD_AI_OTI_ImplosionSlowMo_20260525_1a.mov,CTD_AI_OTI_SloMoImplosion,102,OceanGate Titan Implosion,2026-05-25,SM,Chat GPT; Krea,,,Y,,,
CTD_AI_OTI_ImplosionSlowMo_20260525_1b.mov,CTD_AI_OTI_SloMoImplosion,102,OceanGate Titan Implosion,2026-05-25,SM,Chat GPT; Krea,,,Y,,,
CTD_AI_OTI_ImplosionSlowMo_20260525_1c.mov,CTD_AI_OTI_SloMoImplosion,102,OceanGate Titan Implosion,2026-05-25,SM,Chat GPT; Krea,,,Y,,,
CTD_AI_OTI_ImplosionSlowMo_20260525_1d.mov,CTD_AI_OTI_SloMoImplosion,102,OceanGate Titan Implosion,2026-05-25,SM,Chat GPT; Krea,,,Y,,,
CTD_AI_OTI_TitanDescends_20260525_1a.mov,CTD_AI_OTI_DescentIntoDarkness,102,OceanGate Titan Implosion,2026-05-25,SM,Chat GPT; Krea,,,Y,,,
CTD_AI_OTI_TitanDescends_20260525_1b.mov,CTD_AI_OTI_DescentIntoDarkness,102,OceanGate Titan Implosion,2026-05-25,SM,Chat GPT; Krea,,,Y,,,
CTD_AI_OTI_TitanDescends_20260525_1c.mov,CTD_AI_OTI_DescentIntoDarkness,102,OceanGate Titan Implosion,2026-05-25,SM,Chat GPT; Krea,,,Y,,,
CTD_AI_OTI_TitanDescends_20260525_1e.mov,CTD_AI_OTI_DescentIntoDarkness,102,OceanGate Titan Implosion,2026-05-25,SM,Chat GPT; Krea,Y,Re-spin Completed,Y,,,
CTD_AI_OTI_TitanDescends_20260525_3a.mov,CTD_AI_OTI_DescentIntoDarkness,102,OceanGate Titan Implosion,2026-05-25,SM,Chat GPT; Krea,,,Y,,,
CTD_AI_OTI_TitanDescends_20260525_3b.mov,CTD_AI_OTI_DescentIntoDarkness,102,OceanGate Titan Implosion,2026-05-25,SM,Chat GPT; Krea,,,Y,,,
CTD_AI_OTI_TitanDescends_20260525_3c.mov,CTD_AI_OTI_DescentIntoDarkness,102,OceanGate Titan Implosion,2026-05-25,SM,Chat GPT; Krea,,,Y,,,
CTD_AI_OTI_TitanDescends_20260525_3d.mov,CTD_AI_OTI_DescentIntoDarkness,102,OceanGate Titan Implosion,2026-05-25,SM,Chat GPT; Krea,,,Y,,,
CTD_AI_BMF_MolassesHitsStreet_20260526_1a.mov,CTD_AI_BMF_MolassesHitsStreet,102,Boston Molasses Flood,2026-05-26,WS,Chat GPT; Krea,,,Y,,,
CTD_AI_BMF_MolassesHitsStreet_20260526_1b.mov,CTD_AI_BMF_MolassesHitsStreet,102,Boston Molasses Flood,2026-05-26,WS,Chat GPT; Krea,,,Y,,,
CTD_AI_BMF_MolassesHitsStreet_20260526_2a.mov,CTD_AI_BMF_MolassesHitsStreet,102,Boston Molasses Flood,2026-05-26,WS,Chat GPT; Krea,,,Y,,,
CTD_AI_BMF_MolassesHitsStreet_20260526_2b.mov,CTD_AI_BMF_MolassesHitsStreet,102,Boston Molasses Flood,2026-05-26,WS,Chat GPT; Krea,,,Y,,,
CTD_AI_BMF_MolassesPumpedIn_20260526_1a.mov,CTD_AI_BMF_MolassesPumpedIn,102,Boston Molasses Flood,2026-05-26,WS,Chat GPT; Krea,,,Y,,,
CTD_AI_BMF_MolassesPumpedIn_20260526_1b.mov,CTD_AI_BMF_MolassesPumpedIn,102,Boston Molasses Flood,2026-05-26,WS,Chat GPT; Krea,,Re-spin Completed,Y,,,
CTD_AI_BMF_MolassesTankLeaks_20260526_1a.mov,CTD_AI_BMF_MolassesTankLeaks,102,Boston Molasses Flood,2026-05-26,WS,Chat GPT; Krea,,,Y,,,
CTD_AI_BMF_MolassesTankLeaks_20260526_2a.mov,CTD_AI_BMF_MolassesTankLeaks,102,Boston Molasses Flood,2026-05-26,WS,Chat GPT; Krea,,Re-spin Completed,Y,,,
CTD_AI_BMF_TankCalm_20260526_1a.mov,CTD_AI_BMF_GEN,102,Boston Molasses Flood,2026-05-26,WS,Chat GPT; Krea,,,Y,,,
CTD_AI_BMF_TankCalm_20260526_1b.mov,CTD_AI_BMF_GEN,102,Boston Molasses Flood,2026-05-26,WS,Chat GPT; Krea,,,Y,,,
CTD_AI_BMF_TankRuptures_20260526_1a.mov,CTD_AI_BMF_TankRuptures,102,Boston Molasses Flood,2026-05-26,WS,Chat GPT; Krea,,Re-spin Completed,Y,,,
CTD_AI_BMF_TankRuptures_20260526_2a.mov,CTD_AI_BMF_TankRuptures,102,Boston Molasses Flood,2026-05-26,WS,Chat GPT; Krea,,,Y,,,
CTD_AI_BMF_TorrentOfMolasses_20260526_1a.mov,CTD_AI_BMF_TorrentOfMolasses,102,Boston Molasses Flood,2026-05-26,WS,Chat GPT; Krea,,Re-spin Completed,Y,,,
CTD_AI_BMF_TorrentOfMolasses_20260526_2a.mov,CTD_AI_BMF_TorrentOfMolasses,102,Boston Molasses Flood,2026-05-26,WS,Chat GPT; Krea,,,Y,,,
CTD_AI_BMF_TorrentOfMolasses_20260526_3a.mov,CTD_AI_BMF_TorrentOfMolasses,102,Boston Molasses Flood,2026-05-26,WS,Chat GPT; Krea,,Re-spin Completed,Y,,,
CTD_AI_BMF_TrolleyComingAtIsaac_20260526_1a.mov,CTD_AI_BMF_TrolleyComingAtIsaac,102,Boston Molasses Flood,2026-05-26,WS,Chat GPT; Krea,,Re-spin Completed,Y,,,
CTD_AI_BMF_TrolleyComingAtIsaac_20260526_1b.mov,CTD_AI_BMF_TrolleyComingAtIsaac,102,Boston Molasses Flood,2026-05-26,WS,Chat GPT; Krea,,Re-spin Requested,Y,,,
CTD_AI_HKA_FloodwallsInstalled_20260525_1A.mov,CTD_AI_HKA_FloodwallsInstalled,102,Hurricane Katrina,2026-05-26,JJ,Chat GPT; Krea,,,Y,,,
CTD_AI_HKA_FloodwallsInstalled_20260525_1B.mov,CTD_AI_HKA_FloodwallsInstalled,102,Hurricane Katrina,2026-05-26,JJ,Chat GPT; Krea,,,Y,,,
CTD_AI_HKA_FloodwallsInstalled_20260525_1C.mov,CTD_AI_HKA_FloodwallsInstalled,102,Hurricane Katrina,2026-05-26,JJ,Chat GPT; Krea,,,Y,,,
CTD_AI_HKA_FloodwallsInstalled_20260525_1D.mov,CTD_AI_HKA_FloodwallsInstalled,102,Hurricane Katrina,2026-05-26,JJ,Chat GPT; Krea,,,Y,,,
CTD_AI_HKA_LeveeBreaks_20260525_2A.mov,CTD_AI_HKA_LeveeBreaks,102,Hurricane Katrina,2026-05-26,JJ,Chat GPT; Krea,Y,Re-spin Completed,Y,,,
CTD_AI_HKA_LeveeBreaks_20260525_2B.mov,CTD_AI_HKA_LeveeBreaks,102,Hurricane Katrina,2026-05-26,JJ,Chat GPT; Krea,Y,Re-spin Completed,Y,,,
CTD_AI_HKA_LeveeBreaks_20260525_2C.mov,CTD_AI_HKA_LeveeBreaks,102,Hurricane Katrina,2026-05-26,JJ,Chat GPT; Krea,Y,Re-spin Completed,Y,,,
CTD_AI_HKA_WaterErodingLevee_20260525_1A.mov,CTD_AI_HKA_WaterErodingLevee,102,Hurricane Katrina,2026-05-26,JJ,Chat GPT; Krea,Y,Re-spin Completed,Y,,,
CTD_AI_HKA_WaterErodingLevee_20260525_1B.mov,CTD_AI_HKA_WaterErodingLevee,102,Hurricane Katrina,2026-05-26,JJ,Chat GPT; Krea,,Re-spin Completed,Y,,,
CTD_AI_LPE_FirefighterHand_20260526_1A.mov,CTD_AI_LPE_FirefighterHand,102,Loma Prieta Earthquake,2026-05-26,JJ,Chat GPT; Krea,,,Y,,,
CTD_AI_LPE_FirefighterHand_20260526_1B.mov,CTD_AI_LPE_FirefighterHand,102,Loma Prieta Earthquake,2026-05-26,JJ,Chat GPT; Krea,,,Y,,,
CTD_AI_LPE_FirefighterHand_20260526_1C.mov,CTD_AI_LPE_FirefighterHand,102,Loma Prieta Earthquake,2026-05-26,JJ,Chat GPT; Krea,,,Y,,,
CTD_AI_LPE_FirefighterHand_20260526_1D.mov,CTD_AI_LPE_FirefighterHand,102,Loma Prieta Earthquake,2026-05-26,JJ,Chat GPT; Krea,,,Y,,,
CTD_AI_LPE_TimPinnedInTruck_20260526_1A.mov,CTD_AI_LPE_TimPinnedInTruck,102,Loma Prieta Earthquake,2026-05-26,JJ,Chat GPT; Krea,,,Y,,,
CTD_AI_LPE_TimPinnedInTruck_20260526_1B.mov,CTD_AI_LPE_TimPinnedInTruck,102,Loma Prieta Earthquake,2026-05-26,JJ,Chat GPT; Krea,,,Y,,,
CTD_AI_LPE_ViaductCollapses_20260526_1A.mov,CTD_AI_LPE_ViaductCollapses,102,Loma Prieta Earthquake,2026-05-26,JJ,Chat GPT; Krea,,Re-spin Completed,Y,,,
CTD_AI_LPE_ViaductCollapses_20260526_1B.mov,CTD_AI_LPE_ViaductCollapses,102,Loma Prieta Earthquake,2026-05-26,JJ,Chat GPT; Krea,,,Y,,,
CTD_AI_LPE_ViaductCollapses_20260526_1C.mov,CTD_AI_LPE_ViaductCollapses,102,Loma Prieta Earthquake,2026-05-26,JJ,Chat GPT; Krea,,Re-spin Completed,Y,,,
CTD_AI_TAD_FlowerShopExplosion_20260525_1A.mov,CTD_AI_TAD_FlowerShopExplosion,102,Tenerife Airport Disaster,2026-05-26,JJ,Chat GPT; Krea,,,Y,,,
CTD_AI_TAD_FlowerShopExplosion_20260525_1B.mov,CTD_AI_TAD_FlowerShopExplosion,102,Tenerife Airport Disaster,2026-05-26,JJ,Chat GPT; Krea,,Re-spin Completed,Y,,,
CTD_AI_TAD_FlowerShopExplosion_20260525_1C.mov,CTD_AI_TAD_FlowerShopExplosion,102,Tenerife Airport Disaster,2026-05-26,JJ,Chat GPT; Krea,,Re-spin Completed,Y,,,
CTD_AI_TAD_HandOnThrottle_20260525.mov,CTD_AI_TAD_HandOnThrottle,102,Tenerife Airport Disaster,2026-05-26,JJ,Chat GPT; Krea,,Re-spin Completed,Y,,,
CTD_AI_TAD_KLMCatchesPanAm_20260525_1A.mov,CTD_AI_TAD_KLMCatchesPanAm,102,Tenerife Airport Disaster,2026-05-26,JJ,Chat GPT; Krea,,Re-spin Completed,Y,,,
CTD_AI_TAD_KLMFlightTaxis_20260525.mov,CTD_AI_TAD_KLMFlightTaxis,102,Tenerife Airport Disaster,2026-05-26,JJ,Chat GPT; Krea,,Re-spin Completed,Y,,,
CTD_AI_TAD_KLMInFog_20260525.mov,CTD_AI_TAD_KLMInFog,102,Tenerife Airport Disaster,2026-05-26,JJ,Chat GPT; Krea,,Re-spin Completed,Y,,,
CTD_AI_TAD_KLMPANAMJETSPARKED_20260525.mov,CTD_AI_TAD_KLMPANAMJETSPARKED,102,Tenerife Airport Disaster,2026-05-26,JJ,Chat GPT; Krea,,Re-spin Completed,Y,,,
CTD_AI_TAD_KLMTakeoffPosition_20260525.mov,CTD_AI_TAD_KLMTakeoffPosition,102,Tenerife Airport Disaster,2026-05-26,JJ,Chat GPT; Krea,,Re-spin Completed,Y,,,
CTD_AI_TAD_POVStrike_20260526_1B.mov,CTD_AI_TAD_PanAmInFog,102,Tenerife Airport Disaster,2026-05-26,JJ,Chat GPT; Krea,,,Y,,,
CTD_AI_TAD_PanAmBehindKLM_20260526.mov,CTD_AI_TAD_PanAmBehindKLM,102,Tenerife Airport Disaster,2026-05-26,JJ,Chat GPT; Krea,,Re-spin Completed,Y,,,
CTD_AI_TAD_PanAmInFog_20260526.mov,CTD_AI_TAD_PanAmInFog,102,Tenerife Airport Disaster,2026-05-26,JJ,Chat GPT; Krea,,Re-spin Completed,Y,,,
CTD_AI_TAD_PlanesBurning_20260526_1A.mov,CTD_AI_TAD_PlanesBurning,102,Tenerife Airport Disaster,2026-05-26,JJ,Chat GPT; Krea,,Re-spin Completed,Y,,,
CTD_AI_TAD_PlanesBurning_20260526_1B.mov,CTD_AI_TAD_PlanesBurning,102,Tenerife Airport Disaster,2026-05-26,JJ,Chat GPT; Krea,,,Y,,,
CTD_AI_TAD_TarmacInFog_20260526.mov,CTD_AI_TAD_TarmacInFog,102,Tenerife Airport Disaster,2026-05-26,JJ,Chat GPT; Krea,,Re-spin Completed,Y,,,
CTD_AI_KAR_Orbit_20260527_1a.mov,CTD_AI_KAR_AshBlocksSun,102,Krakatoa Eruption,2026-05-27,SM,Chat GPT; Krea,,,Y,,,
CTD_AI_KAR_Orbit_20260527_1b.mov,CTD_AI_KAR_AshBlocksSun,102,Krakatoa Eruption,2026-05-27,SM,Chat GPT; Krea,Y,,Y,,,
CTD_AI_KAR_Orbit_20260527_1c.mov,CTD_AI_KAR_AshBlocksSun,102,Krakatoa Eruption,2026-05-27,SM,Chat GPT; Krea,,,Y,,,
CTD_AI_KAR_Orbit_20260527_1d.mov,CTD_AI_KAR_AshBlocksSun,102,Krakatoa Eruption,2026-05-27,SM,Chat GPT; Krea,,,Y,,,
CTD_AI_KAR_Orbit_20260527_1e.mov,CTD_AI_KAR_AshBlocksSun,102,Krakatoa Eruption,2026-05-27,SM,Chat GPT; Krea,,,Y,,,
CTD_AI_KAR_Orbit_20260527_1f.mov,CTD_AI_KAR_AshBlocksSun,102,Krakatoa Eruption,2026-05-27,SM,Chat GPT; Krea,Y,,Y,,,
CTD_AI_KAR_Orbit_20260527_1g.mov,CTD_AI_KAR_AshBlocksSun,102,Krakatoa Eruption,2026-05-27,SM,Chat GPT; Krea,,,Y,,,
CTD_AI_KAR_Orbit_20260527_1h.mov,CTD_AI_KAR_AshBlocksSun,102,Krakatoa Eruption,2026-05-27,SM,Chat GPT; Krea,,,Y,,,
CTD_AI_KAR_Orbit_20260527_1i.mov,CTD_AI_KAR_AshBlocksSun,102,Krakatoa Eruption,2026-05-27,SM,Chat GPT; Krea,,,Y,,,
CTD_AI_KAR_PovEruption_20260527_1a.mov,CTD_AI_KAR_BlowsUp,102,Krakatoa Eruption,2026-05-27,SM,Chat GPT; Krea,,,Y,,,
CTD_AI_KAR_PovEruption_20260527_1b.mov,CTD_AI_KAR_BlowsUp,102,Krakatoa Eruption,2026-05-27,SM,Chat GPT; Krea,,,Y,,,
CTD_AI_KAR_PovEruption_20260527_1c.mov,CTD_AI_KAR_BlowsUp,102,Krakatoa Eruption,2026-05-27,SM,Chat GPT; Krea,,,Y,,,
CTD_AI_KAR_PovEruption_20260527_1d.mov,CTD_AI_KAR_BlowsUp,102,Krakatoa Eruption,2026-05-27,SM,Chat GPT; Krea,,,Y,,,
CTD_AI_KAR_PovEruption_20260527_2b.mov,CTD_AI_KAR_BlowsUp,102,Krakatoa Eruption,2026-05-27,SM,Chat GPT; Krea,,,Y,,,
CTD_AI_KAR_PovEruption_20260527_2c.mov,CTD_AI_KAR_BlowsUp,102,Krakatoa Eruption,2026-05-27,SM,Chat GPT; Krea,,,Y,,,
CTD_AI_KAR_PovEruption_20260527_2d.mov,CTD_AI_KAR_BlowsUp,102,Krakatoa Eruption,2026-05-27,SM,Chat GPT; Krea,,,Y,,,
CTD_AI_KAR_Tsunami_20260527_1a.mov,CTD_AI_KAR_ShockwaveAndTsunami,102,Krakatoa Eruption,2026-05-27,SM,Chat GPT; Krea,,,Y,,,
CTD_AI_KAR_doublebursteruption_20260527_1a.mov,CTD_AI_KAR_KrakatoaExplodes,102,Krakatoa Eruption,2026-05-27,SM,Chat GPT; Krea,,,Y,,,
CTD_AI_KAR_doublebursteruption_20260527_1c.mov,CTD_AI_KAR_KrakatoaExplodes,102,Krakatoa Eruption,2026-05-27,SM,Chat GPT; Krea,,,Y,,,
CTD_AI_KAR_doublebursteruption_20260527_1d.mov,CTD_AI_KAR_KrakatoaExplodes,102,Krakatoa Eruption,2026-05-27,SM,Chat GPT; Krea,,,Y,,,
CTD_AI_KAR_doublebursteruption_20260527_1f.mov,CTD_AI_KAR_KrakatoaExplodes,102,Krakatoa Eruption,2026-05-27,SM,Chat GPT; Krea,,,Y,,,
CTD_AI_KAR_doublebursteruption_20260527_1g.mov,CTD_AI_KAR_KrakatoaExplodes,102,Krakatoa Eruption,2026-05-27,SM,Chat GPT; Krea,,,Y,,,
CTD_AI_KAR_volcanoorbit_20260527_1a.mov,CTD_AI_KAR_AncientKrakatoa,102,Krakatoa Eruption,2026-05-27,SM,Chat GPT; Krea,,,Y,,,
CTD_AI_KAR_volcanoorbit_20260527_1b.mov,CTD_AI_KAR_AncientKrakatoa,102,Krakatoa Eruption,2026-05-27,SM,Chat GPT; Krea,,,Y,,,
CTD_AI_KAR_volcanoorbit_20260527_1c.mov,CTD_AI_KAR_AncientKrakatoa,102,Krakatoa Eruption,2026-05-27,SM,Chat GPT; Krea,,,Y,,,
CTD_AI_OTI_Ascend&Shutter_20260527_1a.mov,CTD_AI_OTI_TitanShudders,102,OceanGate Titan Implosion,2026-05-27,SM,Chat GPT; Krea,,,Y,,,
CTD_AI_OTI_Ascend&Shutter_20260527_1b.mov,CTD_AI_OTI_TitanShudders,102,OceanGate Titan Implosion,2026-05-27,SM,Chat GPT; Krea,,,Y,,,
CTD_AI_OTI_BottomWeights_20260527_1a.mov,CTD_AI_OTI_PipeWeights,102,OceanGate Titan Implosion,2026-05-27,SM,Chat GPT; Krea,,,Y,,,
CTD_AI_OTI_BottomWeights_20260527_1b.mov,CTD_AI_OTI_PipeWeights,102,OceanGate Titan Implosion,2026-05-27,SM,Chat GPT; Krea,,,Y,,,
CTD_AI_OTI_BottomWeights_20260527_2a.mov,CTD_AI_OTI_PipeWeights,102,OceanGate Titan Implosion,2026-05-27,SM,Chat GPT; Krea,,,Y,,,
CTD_AI_OTI_BottomWeights_20260527_2c.mov,CTD_AI_OTI_PipeWeights,102,OceanGate Titan Implosion,2026-05-27,SM,Chat GPT; Krea,,,Y,,,
CTD_AI_OTI_BottomWeights_20260527_3a.mov,CTD_AI_OTI_PipeWeights,102,OceanGate Titan Implosion,2026-05-27,SM,Chat GPT; Krea,,,Y,,,
CTD_AI_OTI_BottomWeights_20260527_3b.mov,CTD_AI_OTI_PipeWeights,102,OceanGate Titan Implosion,2026-05-27,SM,Chat GPT; Krea,,,Y,,,
CTD_AI_OTI_BottomWeights_20260527_3c.mov,CTD_AI_OTI_PipeWeights,102,OceanGate Titan Implosion,2026-05-27,SM,Chat GPT; Krea,,,Y,,,
CTD_AI_OTI_BottomWeights_20260527_3d.mov,CTD_AI_OTI_PipeWeights,102,OceanGate Titan Implosion,2026-05-27,SM,Chat GPT; Krea,,,Y,,,
CTD_AI_OTI_BottomWeights_20260527_3e.mov,CTD_AI_OTI_PipeWeights,102,OceanGate Titan Implosion,2026-05-27,SM,Chat GPT; Krea,,,Y,,,
CTD_AI_OTI_BottomWeights_20260527_3f.mov,CTD_AI_OTI_PipeWeights,102,OceanGate Titan Implosion,2026-05-27,SM,Chat GPT; Krea,,,Y,,,
CTD_AI_OTI_BottomWeights_20260527_3g.mov,CTD_AI_OTI_PipeWeights,102,OceanGate Titan Implosion,2026-05-27,SM,Chat GPT; Krea,,,Y,,,
CTD_AI_OTI_BottomWeights_20260527_3h.mov,CTD_AI_OTI_PipeWeights,102,OceanGate Titan Implosion,2026-05-27,SM,Chat GPT; Krea,,,Y,,,
CTD_AI_OTI_BottomWeights_20260527_3i.mov,CTD_AI_OTI_PipeWeights,102,OceanGate Titan Implosion,2026-05-27,SM,Chat GPT; Krea,,,Y,,,
CTD_AI_OTI_BottomWeights_20260527_3j.mov,CTD_AI_OTI_PipeWeights,102,OceanGate Titan Implosion,2026-05-27,SM,Chat GPT; Krea,,,Y,,,
CTD_AI_OTI_BottomWeights_20260527_4a.mov,CTD_AI_OTI_PipeWeights,102,OceanGate Titan Implosion,2026-05-27,SM,Chat GPT; Krea,,,Y,,,
CTD_AI_OTI_BottomWeights_20260527_5a.mov,CTD_AI_OTI_PipeWeights,102,OceanGate Titan Implosion,2026-05-27,SM,Chat GPT; Krea,,,Y,,,
CTD_AI_OTI_BottomWeights_20260527_5b.mov,CTD_AI_OTI_PipeWeights,102,OceanGate Titan Implosion,2026-05-27,SM,Chat GPT; Krea,,,Y,,,
CTD_AI_OTI_BottomWeights_20260527_5c.mov,CTD_AI_OTI_PipeWeights,102,OceanGate Titan Implosion,2026-05-27,SM,Chat GPT; Krea,,,Y,,,
CTD_AI_OTI_titan&titanic_20260527_1a.mov,CTD_AI_OTI_TitanicTour,102,OceanGate Titan Implosion,2026-05-27,SM,Chat GPT; Krea,,,Y,,,
CTD_AI_OTI_titan&titanic_20260527_1b.mov,CTD_AI_OTI_TitanicTour,102,OceanGate Titan Implosion,2026-05-27,SM,Chat GPT; Krea,,,Y,,,
CTD_AI_OTI_titan&titanic_20260527_1c.mov,CTD_AI_OTI_TitanicTour,102,OceanGate Titan Implosion,2026-05-27,SM,Chat GPT; Krea,,,Y,,,
CTD_AI_OTI_titan&titanic_20260527_2a.mov,CTD_AI_OTI_TitanicTour,102,OceanGate Titan Implosion,2026-05-27,SM,Chat GPT; Krea,,,Y,,,
CTD_AI_OTI_titan&titanic_20260527_2b.mov,CTD_AI_OTI_TitanicTour,102,OceanGate Titan Implosion,2026-05-27,SM,Chat GPT; Krea,,,Y,,,
CTD_AI_OTI_titan&titanic_20260527_2c.mov,CTD_AI_OTI_TitanicTour,102,OceanGate Titan Implosion,2026-05-27,SM,Chat GPT; Krea,,,Y,,,
CTD_AI_OTI_titan&titanic_20260527_2d.mov,CTD_AI_OTI_TitanicTour,102,OceanGate Titan Implosion,2026-05-27,SM,Chat GPT; Krea,,,Y,,,
CTD_AI_OTI_titan&titanic_20260527_2e.mov,CTD_AI_OTI_TitanicTour,102,OceanGate Titan Implosion,2026-05-27,SM,Chat GPT; Krea,,,Y,,,
CTD_AI_OTI_titan&titanic_20260527_2g.mov,CTD_AI_OTI_TitanicTour,102,OceanGate Titan Implosion,2026-05-27,SM,Chat GPT; Krea,,,Y,,,
CTD_AI_OTI_titan&titanic_20260527_3a.mov,CTD_AI_OTI_TitanicTour,102,OceanGate Titan Implosion,2026-05-27,SM,Chat GPT; Krea,,,Y,,,
CTD_AI_PAO_BollandsBlast_20260527.mov,CTD_AI_PAO_BollandsBlast,102,Piper Alpha Oil Rig Disaster,2026-05-27,JJ,Chat GPT; Krea,,Re-spin Completed,Y,,,
CTD_AI_PAO_BollandsLooksAtRig_20260527._1B.mov,CTD_AI_PAO_BollandsLooksAtRig,102,Piper Alpha Oil Rig Disaster,2026-05-27,JJ,Chat GPT; Krea,,,Y,,,
CTD_AI_PAO_BoltingBlindFlange_20260527.mov,CTD_AI_PAO_BoltingBlindFlange1,102,Piper Alpha Oil Rig Disaster,2026-05-27,JJ,Chat GPT; Krea,,Re-spin Completed,Y,,,
CTD_AI_PAO_ClipboardWithPen_20260527.mov,CTD_AI_PAO_ClipboardWithPen,102,Piper Alpha Oil Rig Disaster,2026-05-27,JJ,Chat GPT; Krea,,Re-spin Completed,Y,,,
CTD_AI_PAO_DavidJumps_20260527.mov,CTD_AI_PAO_DavidJumps,102,Piper Alpha Oil Rig Disaster,2026-05-27,JJ,Chat GPT; Krea,,Re-spin Completed,Y,,,
CTD_AI_PAO_DavidLooksAtRig_20260527.mov,CTD_AI_PAO_DavidLooksAtRig,102,Piper Alpha Oil Rig Disaster,2026-05-27,JJ,Chat GPT; Krea,,Re-spin Completed,Y,,,
CTD_AI_PAO_DavidLooksAtWater_20260527.mov,CTD_AI_PAO_DavidLooksAtWater,102,Piper Alpha Oil Rig Disaster,2026-05-27,JJ,Chat GPT; Krea,Y,Re-spin Completed,Y,,,
CTD_AI_PAO_FinalCollapse_20260527_1A.mov,CTD_AI_PAO_FinalCollapse,102,Piper Alpha Oil Rig Disaster,2026-05-27,JJ,Chat GPT; Krea,,Re-spin Completed,Y,,,
CTD_AI_PAO_FinalCollapse_20260527_1B.mov,CTD_AI_PAO_FinalCollapse,102,Piper Alpha Oil Rig Disaster,2026-05-27,JJ,Chat GPT; Krea,,,Y,,,
CTD_AI_PAO_FinalCollapse_20260527_1C.mov,CTD_AI_PAO_FinalCollapse,102,Piper Alpha Oil Rig Disaster,2026-05-27,JJ,Chat GPT; Krea,,,Y,,,
CTD_AI_PAO_FireConsumesRadio_20260527.mov,CTD_AI_PAO_FireConsumesRadio,102,Piper Alpha Oil Rig Disaster,2026-05-27,JJ,Chat GPT; Krea,,Re-spin Completed,Y,,,
CTD_AI_PAO_FlangeFlyingOff_20260527.mov,CTD_AI_PAO_FlangeFlyingOff,102,Piper Alpha Oil Rig Disaster,2026-05-27,JJ,Chat GPT; Krea,,,Y,,,
CTD_AI_PAO_HandOnButton_20260527.mov,CTD_AI_PAO_HandOnButton,102,Piper Alpha Oil Rig Disaster,2026-05-27,JJ,Chat GPT; Krea,,,Y,,,
CTD_AI_PAO_PiperAlphaExplodes_20260527.mov,CTD_AI_PAO_PiperAlphaExplodes,102,Piper Alpha Oil Rig Disaster,2026-05-27,JJ,Chat GPT; Krea,,Re-spin Completed,Y,,,
CTD_AI_PAO_PiperAlpha_20260527.mov,CTD_AI_PAO_PiperAlpha,102,Piper Alpha Oil Rig Disaster,2026-05-27,JJ,Chat GPT; Krea,,Re-spin Completed,Y,,,
CTD_AI_PAO_PipesBurst_20260527.mov,CTD_AI_PAO_PipesBurst,102,Piper Alpha Oil Rig Disaster,2026-05-27,JJ,Chat GPT; Krea,,Re-spin Requested,Y,Y,,
CTD_AI_PAO_BollandsLooksAtRig_20260529_1a.mov,CTD_AI_PAO_BollandsLooksAtRig,102,Piper Alpha Oil Rig Disaster,2026-05-29,WS,Chat GPT; Krea,,,Y,,,
CTD_AI_PAO_BollandsLooksAtRig_20260529_2a.mov,CTD_AI_PAO_BollandsLooksAtRig,102,Piper Alpha Oil Rig Disaster,2026-05-29,WS,Chat GPT; Krea,,,Y,,,
CTD_AI_PAO_BollandsLooksAtRig_20260529_3a.mov,CTD_AI_PAO_BollandsLooksAtRig,102,Piper Alpha Oil Rig Disaster,2026-05-29,WS,Chat GPT; Krea,,Re-spin Completed,Y,,,
CTD_AI_PAO_BollandsLooksAtRig_20260529_3b.mov,CTD_AI_PAO_BollandsLooksAtRig,102,Piper Alpha Oil Rig Disaster,2026-05-29,WS,Chat GPT; Krea,,,Y,,,
CTD_AI_PAO_HandOnButton_20260529_1a.mov,CTD_AI_PAO_HandOnButton,102,Piper Alpha Oil Rig Disaster,2026-05-29,WS,Chat GPT; Krea,,,Y,,,
CTD_AI_PAO_HandOnButton_20260529_1b.mov,CTD_AI_PAO_HandOnButton,102,Piper Alpha Oil Rig Disaster,2026-05-29,WS,Chat GPT; Krea,,,Y,,,
CTD_AI_PAO_PumpA_20260529_1a.mov,CTD_AI_PAO_PumpA,102,Piper Alpha Oil Rig Disaster,2026-05-29,WS,Chat GPT; Krea,,,Y,,,
CTD_AI_PAO_PumpA_20260529_1b.mov,CTD_AI_PAO_PumpA,102,Piper Alpha Oil Rig Disaster,2026-05-29,WS,Chat GPT; Krea,,Re-spin Completed,Y,,,
CTD_AI_PAO_RadioRoomFire_20260529_1a.mov,CTD_AI_PAO_RadioRoomFire,102,Piper Alpha Oil Rig Disaster,2026-05-29,WS,Chat GPT; Krea,,,Y,,,
CTD_AI_PAO_RadioRoomFire_20260529_2a.mov,CTD_AI_PAO_RadioRoomFire,102,Piper Alpha Oil Rig Disaster,2026-05-29,WS,Chat GPT; Krea,,,Y,,,
CTD_AI_PAO_SinkingIntoWater_20260529_1a.mov,CTD_AI_PAO_SinkingIntoWater,102,Piper Alpha Oil Rig Disaster,2026-05-29,WS,Chat GPT; Krea,,,Y,,,
CTD_AI_PAO_SinkingIntoWater_20260529_1b.mov,CTD_AI_PAO_SinkingIntoWater,102,Piper Alpha Oil Rig Disaster,2026-05-29,WS,Chat GPT; Krea,,,Y,,,
CTD_AI_PAO_SinkingIntoWater_20260529_2a.mov,CTD_AI_PAO_SinkingIntoWater,102,Piper Alpha Oil Rig Disaster,2026-05-29,WS,Chat GPT; Krea,,,Y,,,
CTD_AI_PAO_SinkingIntoWater_20260529_2b.mov,CTD_AI_PAO_SinkingIntoWater,102,Piper Alpha Oil Rig Disaster,2026-05-29,WS,Chat GPT; Krea,,,Y,,,
CTD_AI_PAO_SinkingIntoWater_20260529_3a.mov,CTD_AI_PAO_SinkingIntoWater,102,Piper Alpha Oil Rig Disaster,2026-05-29,WS,Chat GPT; Krea,,,Y,,,
CTD_AI_BMF_IsaacGrabsLadder_20260615_1a.mov,CTD_AI_BMF_IsaacGrabsLadder,102,Boston Molasses Flood,2026-06-15,WS,Chat GPT; Krea,,,Y,,,
CTD_AI_BMF_IsaacGrabsLadder_20260615_1b.mov,CTD_AI_BMF_IsaacGrabsLadder,102,Boston Molasses Flood,2026-06-15,WS,Chat GPT; Krea,,,Y,,,
CTD_AI_BMF_IsaacGrabsLadder_20260615_1c.mov,CTD_AI_BMF_IsaacGrabsLadder,102,Boston Molasses Flood,2026-06-15,WS,Chat GPT; Krea,,,Y,,,
CTD_AI_BMF_IsaacGrabsLadder_20260615_1d.mov,CTD_AI_BMF_IsaacGrabsLadder,102,Boston Molasses Flood,2026-06-15,WS,Chat GPT; Krea,,,Y,,,
CTD_AI_BMF_IsaacGrabsLadder_20260615_1e.mov,CTD_AI_BMF_IsaacGrabsLadder,102,Boston Molasses Flood,2026-06-15,WS,Chat GPT; Krea,,,Y,,,
CTD_AI_BMF_IsaacGrabsLadder_20260615_1f.mov,CTD_AI_BMF_IsaacGrabsLadder,102,Boston Molasses Flood,2026-06-15,WS,Chat GPT; Krea,,,Y,,,
CTD_AI_BMF_IsaacGrabsLadder_20260615_2a.mov,CTD_AI_BMF_IsaacGrabsLadder,102,Boston Molasses Flood,2026-06-15,WS,Chat GPT; Krea,,Re-spin Completed,Y,,,
CTD_AI_KAR_KrakatoaShudders_20260615_1a.mov,CTD_AI_KAR_KrakatoaShudders,102,Krakatoa Eruption,2026-06-15,WS,Chat GPT; Krea,,,Y,,,
CTD_AI_KAR_KrakatoaShudders_20260615_1b.mov,CTD_AI_KAR_KrakatoaShudders,102,Krakatoa Eruption,2026-06-15,WS,Chat GPT; Krea,,,Y,,,
CTD_AI_KAR_KrakatoaShudders_20260615_2a.mov,CTD_AI_KAR_KrakatoaShudders,102,Krakatoa Eruption,2026-06-15,WS,Chat GPT; Krea,,,Y,,,
CTD_AI_KAR_KrakatoaShudders_20260615_2b.mov,CTD_AI_KAR_KrakatoaShudders,102,Krakatoa Eruption,2026-06-15,WS,Chat GPT; Krea,,,Y,,,
CTD_AI_KAR_PrelimExplosins_20260615_1a.mov,CTD_AI_KAR_PrelimExplosins,102,Krakatoa Eruption,2026-06-15,WS,Chat GPT; Krea,,,Y,,,
CTD_AI_KAR_PrelimExplosins_20260615_1b.mov,CTD_AI_KAR_PrelimExplosins,102,Krakatoa Eruption,2026-06-15,WS,Chat GPT; Krea,Y,,Y,,,
CTD_AI_KAR_ScorcedLandscape_20260615_1a.mov,CTD_AI_KAR_ScorcedLandscape,102,Krakatoa Eruption,2026-06-15,WS,Chat GPT; Krea,,,Y,,,
CTD_AI_KAR_ScorcedLandscape_20260615_1b.mov,CTD_AI_KAR_ScorcedLandscape,102,Krakatoa Eruption,2026-06-15,WS,Chat GPT; Krea,,,Y,,,
CTD_AI_KAR_ScorcedLandscape_20260615_1c.mov,CTD_AI_KAR_ScorcedLandscape,102,Krakatoa Eruption,2026-06-15,WS,Chat GPT; Krea,,,Y,,,
CTD_AI_LPE_TimPulledOut_20260615_1a.mov,CTD_AI_LPE_TimPulledOut,102,Loma Prieta Earthquake,2026-06-15,WS,Chat GPT; Krea,,,Y,,,
CTD_AI_LPE_TimPulledOut_20260615_1b.mov,CTD_AI_LPE_TimPulledOut,102,Loma Prieta Earthquake,2026-06-15,WS,Chat GPT; Krea,,,Y,,,
CTD_AI_OTI_TitanDetaches_20260615_1a.mov,CTD_AI_OTI_TITAN_LAUNCH2,102,OceanGate Titan Implosion,2026-06-15,SM,Chat GPT; Krea,,,Y,,,
CTD_AI_OTI_TitanDetaches_20260615_1b.mov,CTD_AI_OTI_TITAN_LAUNCH2,102,OceanGate Titan Implosion,2026-06-15,SM,Chat GPT; Krea,,,Y,,,
CTD_AI_OTI_TitanDragged_20260615_1a.mov,CTD_AI_OTI_TITAN_POLAR_PRINCE_TOW1a,102,OceanGate Titan Implosion,2026-06-15,SM,Chat GPT; Krea,,,Y,,,
CTD_AI_OTI_TitanDragged_20260615_1b.mov,CTD_AI_OTI_TITAN_POLAR_PRINCE_TOW1a,102,OceanGate Titan Implosion,2026-06-15,SM,Chat GPT; Krea,,,Y,,,
CTD_AI_OTI_TitanDragged_20260615_1c.mov,CTD_AI_OTI_TITAN_POLAR_PRINCE_TOW1a,102,OceanGate Titan Implosion,2026-06-15,SM,Chat GPT; Krea,,,Y,,,
CTD_AI_OTI_TitanOnboard_20260615_1a.mov,CTD_AI_OTI_TITAN_HULL_PROBLEM1,102,OceanGate Titan Implosion,2026-06-15,SM,Chat GPT; Krea,,,Y,,,
CTD_AI_OTI_TitanOnboard_20260615_1b.mov,CTD_AI_OTI_TITAN_HULL_PROBLEM1,102,OceanGate Titan Implosion,2026-06-15,SM,Chat GPT; Krea,,Re-spin Completed,Y,,,
CTD_AI_OTI_TitanOnboard_20260615_1e.mov,CTD_AI_OTI_TITAN_HULL_PROBLEM1,102,OceanGate Titan Implosion,2026-06-15,SM,Chat GPT; Krea,,,Y,,,
CTD_AI_OTI_TitanSubCarbon_20260615_1a.mov,CTD_AI_OTI_TITAN_UNDERWATER2,102,OceanGate Titan Implosion,2026-06-15,WS,Chat GPT; Krea,,,Y,,,
CTD_AI_OTI_TitanToursTitanic3_20260615_1a.mov,CTD_AI_OTI_TITAN_TOURS_TITANIC3,102,OceanGate Titan Implosion,2026-06-15,WS,Chat GPT; Krea,,,Y,,,
CTD_AI_OTI_TitanToursTitanic3_20260615_2a.mov,CTD_AI_OTI_TITAN_TOURS_TITANIC3,102,OceanGate Titan Implosion,2026-06-15,WS,Chat GPT; Krea,,,Y,,,
CTD_AI_OTI_TitanToursTitanic3_20260615_2b.mov,CTD_AI_OTI_TITAN_TOURS_TITANIC3,102,OceanGate Titan Implosion,2026-06-15,WS,Chat GPT; Krea,,Re-spin Completed,Y,,,
CTD_AI_OTI_TitanUnderwater1_20260615_1a.mov,CTD_AI_OTI_TITAN_UNDERWATER1,102,OceanGate Titan Implosion,2026-06-15,WS,Chat GPT; Krea,,,Y,,,
CTD_AI_OTI_TitanUnderwater2_20260615_1a.mov,CTD_AI_OTI_TITAN_UNDERWATER2,102,OceanGate Titan Implosion,2026-06-15,WS,Chat GPT; Krea,,,Y,,,
CTD_AI_OTI_TitanUnderwater2_20260615_2a.mov,CTD_AI_OTI_TITAN_UNDERWATER2,102,OceanGate Titan Implosion,2026-06-15,WS,Chat GPT; Krea,,,Y,,,
CTD_AI_OTI_TitanUnderwater2_20260615_2b.mov,CTD_AI_OTI_TITAN_UNDERWATER2,102,OceanGate Titan Implosion,2026-06-15,WS,Chat GPT; Krea,,Re-spin Completed,Y,,,
CTD_AI_OTI_TitanUnderwater2_20260615_3a.mov,CTD_AI_OTI_TITAN_UNDERWATER2,102,OceanGate Titan Implosion,2026-06-15,WS,Chat GPT; Krea,,Re-spin Completed,Y,,,
CTD_AI_OTI_TitanicSinks1_20260615_1a.mov,CTD_AI_OTI_TITANIC_SINKS1,102,OceanGate Titan Implosion,2026-06-15,WS,Chat GPT; Krea,,,Y,,,
CTD_AI_OTI_TitanicSinks1_20260615_1b.mov,CTD_AI_OTI_TITANIC_SINKS1,102,OceanGate Titan Implosion,2026-06-15,WS,Chat GPT; Krea,,,Y,,,
CTD_AI_OTI_TitanicSinks2_20260615_1a.mov,CTD_AI_OTI_TITANIC_SINKS2,102,OceanGate Titan Implosion,2026-06-15,WS,Chat GPT; Krea,,,Y,,,
CTD_AI_OTI_TitanicSinks2_20260615_1b.mov,CTD_AI_OTI_TITANIC_SINKS2,102,OceanGate Titan Implosion,2026-06-15,WS,Chat GPT; Krea,,,Y,,,
CTD_AI_OTI_TitanicSinks2_20260615_1c.mov,CTD_AI_OTI_TITANIC_SINKS2,102,OceanGate Titan Implosion,2026-06-15,WS,Chat GPT; Krea,,,Y,,,
CTD_AI_OTI_TitanicSinks3_20260615_1a.mov,CTD_AI_OTI_TITANIC_SINKS3,102,OceanGate Titan Implosion,2026-06-15,WS,Chat GPT; Krea,,,Y,,,
CTD_AI_OTI_TitanicSinks3_20260615_2a.mov,CTD_AI_OTI_TITANIC_SINKS3,102,OceanGate Titan Implosion,2026-06-15,WS,Chat GPT; Krea,,,Y,,,
CTD_AI_PAO_BollandsEscapes1_20260615.mov,CTD_AI_PAO_BollandsEscapes1,102,Piper Alpha Oil Rig Disaster,2026-06-15,JJ,Chat GPT; Krea,,,Y,,,
CTD_AI_PAO_BollandsEscapes3_20260615.mov,CTD_AI_PAO_BollandsEscapes3,102,Piper Alpha Oil Rig Disaster,2026-06-15,JJ,Chat GPT; Krea,,,Y,,,
CTD_AI_PAO_BollandsOnRope1A_20260615.mov,CTD_AI_PAO_BollandsOnRope1,102,Piper Alpha Oil Rig Disaster,2026-06-15,JJ,Chat GPT; Krea,,Re-spin Completed,Y,,,
CTD_AI_PAO_BollandsOnRope1B_20260615.mov,CTD_AI_PAO_BollandsOnRope1,102,Piper Alpha Oil Rig Disaster,2026-06-15,JJ,Chat GPT; Krea,,,Y,,,
CTD_AI_PAO_BollandsOnRope2_20260615.mov,CTD_AI_PAO_BollandsOnRope2,102,Piper Alpha Oil Rig Disaster,2026-06-15,JJ,Chat GPT; Krea,,,Y,,,
CTD_AI_PAO_BoltingBlindFlange2_20260615.mov,CTD_AI_PAO_BoltingBlindFlange2,102,Piper Alpha Oil Rig Disaster,2026-06-15,JJ,Chat GPT; Krea,,Re-spin Completed,Y,,,
CTD_AI_PAO_CafeteriaBurns1_20260615.mov,CTD_AI_PAO_CafeteriaBurns1,102,Piper Alpha Oil Rig Disaster,2026-06-15,JJ,Chat GPT; Krea,,Re-spin Completed,Y,,,
CTD_AI_PAO_CafeteriaBurns2_20260615.mov,CTD_AI_PAO_CafeteriaBurns2,102,Piper Alpha Oil Rig Disaster,2026-06-15,JJ,Chat GPT; Krea,,Re-spin Completed,Y,,,
CTD_AI_PAO_CafeteriaBurns3_20260615.mov,CTD_AI_PAO_CafeteriaBurns3,102,Piper Alpha Oil Rig Disaster,2026-06-15,JJ,Chat GPT; Krea,,,Y,,,
CTD_AI_PAO_Endofshift_20260615.mov,CTD_AI_PAO_Endofshift,102,Piper Alpha Oil Rig Disaster,2026-06-15,JJ,Chat GPT; Krea,Y,,Y,,,
CTD_AI_PAO_FlangeFlyingOffRedux_20260615.mov,CTD_AI_PAO_FlangeFlyingOffRedux,102,Piper Alpha Oil Rig Disaster,2026-06-15,JJ,Chat GPT; Krea,,,Y,,,
CTD_AI_PAO_KinradeToHelipad_20260615.mov,CTD_AI_PAO_KinradeToHelipad,102,Piper Alpha Oil Rig Disaster,2026-06-15,JJ,Chat GPT; Krea,,Re-spin Completed,Y,,,
CTD_AI_PAO_Maintenance1_20260615.mov,CTD_AI_PAO_Maintenance1,102,Piper Alpha Oil Rig Disaster,2026-06-15,JJ,Chat GPT; Krea,,,Y,,,
CTD_AI_PAO_RadioRoomPhone1_20260615.mov,CTD_AI_PAO_RadioRoomPhone1,102,Piper Alpha Oil Rig Disaster,2026-06-15,JJ,Chat GPT; Krea,,,Y,,,
CTD_AI_OTI_HandBracing_20260616_1a.mov,CTD_AI_OTI_TitanShudders,102,OceanGate Titan Implosion,2026-06-16,SM,Chat GPT; Krea,,Re-spin Completed,Y,,,
CTD_AI_OTI_HandBracing_20260616_1b..mov,CTD_AI_OTI_TitanShudders,102,OceanGate Titan Implosion,2026-06-16,SM,Chat GPT; Krea,Y,Re-spin Completed,Y,,,
CTD_AI_OTI_HandGrabbingHandle_20260616_1a.mov,CTD_AI_OTI_HandGripsBar,102,OceanGate Titan Implosion,2026-06-16,SM,Chat GPT; Krea,,,Y,,,
CTD_AI_OTI_HandGrabbingHandle_20260616_1b.mov,CTD_AI_OTI_HandGripsBar,102,OceanGate Titan Implosion,2026-06-16,SM,Chat GPT; Krea,,,Y,,,
CTD_AI_OTI_InsideTitan_20260616_1a.mov,CTD_AI_OTI_TITAN_INTERIOR1,102,OceanGate Titan Implosion,2026-06-16,SM,Chat GPT; Krea,,,Y,,,
CTD_AI_OTI_InsideTitan_20260616_1b.mov,CTD_AI_OTI_TITAN_INTERIOR1,102,OceanGate Titan Implosion,2026-06-16,SM,Chat GPT; Krea,,Re-spin Completed,Y,Y,,
CTD_AI_OTI_Titanondeck_20260616_1a.mov,CTD_AI_OTI_TITAN_INTERIOR1,102,OceanGate Titan Implosion,2026-06-16,SM,Chat GPT; Krea,,Re-spin Completed,Y,,,
CTD_AI_PAO_Maintenance2_20260616_1a.mov,CTD_AI_PAO_Maintenance2,102,Piper Alpha Oil Rig Disaster,2026-06-16,WS,Chat GPT; Krea,,Re-spin Completed,Y,,,
CTD_AI_PAO_Maintenance2_20260616_1b.mov,CTD_AI_PAO_Maintenance2,102,Piper Alpha Oil Rig Disaster,2026-06-16,WS,Chat GPT; Krea,,,Y,,,
CTD_AI_PAO_RadioRoomPhone2_20260616_1a.mov,CTD_AI_PAO_RadioRoomPhone2,102,Piper Alpha Oil Rig Disaster,2026-06-16,WS,Chat GPT; Krea,,,Y,,,
CTD_AI_PAO_RadioRoomPhone2_20260616_1b.mov,CTD_AI_PAO_RadioRoomPhone2,102,Piper Alpha Oil Rig Disaster,2026-06-16,WS,Chat GPT; Krea,,,Y,,,
CTD_AI_PAO_RadioRoomPhone2_20260616_2a.mov,CTD_AI_PAO_RadioRoomPhone2,102,Piper Alpha Oil Rig Disaster,2026-06-16,WS,Chat GPT; Krea,,Re-spin Completed,Y,,,
CTD_AI_PAO_RadioRoomPhone2_20260616_2b.mov,CTD_AI_PAO_RadioRoomPhone2,102,Piper Alpha Oil Rig Disaster,2026-06-16,WS,Chat GPT; Krea,,,Y,,,
CTD_AI_PAO_RadioRoomPhone3_20260616_1a.mov,CTD_AI_PAO_RadioRoomPhone3,102,Piper Alpha Oil Rig Disaster,2026-06-16,WS,Chat GPT; Krea,,Re-spin Completed,Y,,,
CTD_AI_PAO_RunToCafeteria_20260616_1a.mov,CTD_AI_PAO_RunToCafeteria,102,Piper Alpha Oil Rig Disaster,2026-06-16,WS,Chat GPT; Krea,,Re-spin Completed,Y,,,
CTD_AI_PAO_RunToCafeteria_20260616_2a.mov,CTD_AI_PAO_RunToCafeteria,102,Piper Alpha Oil Rig Disaster,2026-06-16,WS,Chat GPT; Krea,,,Y,,,
CTD_AI_PAO_RunToCafeteria_20260616_3a.mov,CTD_AI_PAO_RunToCafeteria,102,Piper Alpha Oil Rig Disaster,2026-06-16,WS,Chat GPT; Krea,,,Y,,,
CTD_AI_PAO_RunToCafeteria_20260616_3b.mov,CTD_AI_PAO_RunToCafeteria,102,Piper Alpha Oil Rig Disaster,2026-06-16,WS,Chat GPT; Krea,,,Y,,,
CTD_AI_PAO_ToolboxDrop_20260616_1a.mov,CTD_AI_PAO_Toolboxdrop,102,Piper Alpha Oil Rig Disaster,2026-06-16,WS,Chat GPT; Krea,,,Y,,,
CTD_AI_PAO_ToolboxDrop_20260616_1b.mov,CTD_AI_PAO_Toolboxdrop,102,Piper Alpha Oil Rig Disaster,2026-06-16,WS,Chat GPT; Krea,,,Y,,,
CTD_AI_PAO_ToolboxDrop_20260616_1c.mov,CTD_AI_PAO_Toolboxdrop,102,Piper Alpha Oil Rig Disaster,2026-06-16,WS,Chat GPT; Krea,,,Y,,,
CTD_AI_PAO_ToolboxDrop_20260616_2a.mov,CTD_AI_PAO_Toolboxdrop,102,Piper Alpha Oil Rig Disaster,2026-06-16,WS,Chat GPT; Krea,,Re-spin Completed,Y,,,
CTD_AI_KAR_LegendaryKrakatoa_20260617_1a.mov,CTD_AI_KAR_LegendaryKrakatoa,102,Krakatoa Eruption,2026-06-17,SM,Chat GPT; Krea,,,Y,,,
CTD_AI_KAR_LegendaryKrakatoa_20260617_1b.mov,CTD_AI_KAR_LegendaryKrakatoa,102,Krakatoa Eruption,2026-06-17,SM,Chat GPT; Krea,,,Y,,,
CTD_AI_KAR_LegendaryKrakatoa_20260617_1c.mov,CTD_AI_KAR_LegendaryKrakatoa,102,Krakatoa Eruption,2026-06-17,SM,Chat GPT; Krea,,,Y,,,
CTD_AI_KAR_LegendaryKrakatoa_20260617_2a.mov,CTD_AI_KAR_LegendaryKrakatoa,102,Krakatoa Eruption,2026-06-17,SM,Chat GPT; Krea,,,Y,,,
CTD_AI_KAR_LegendaryKrakatoa_20260617_2b.mov,CTD_AI_KAR_LegendaryKrakatoa,102,Krakatoa Eruption,2026-06-17,SM,Chat GPT; Krea,,,Y,,,
CTD_AI_KAR_LegendaryKrakatoa_20260617_2c.mov,CTD_AI_KAR_LegendaryKrakatoa,102,Krakatoa Eruption,2026-06-17,SM,Chat GPT; Krea,,,Y,,,
CTD_AI_KAR_LegendaryKrakatoa_20260617_2d.mov,CTD_AI_KAR_LegendaryKrakatoa,102,Krakatoa Eruption,2026-06-17,SM,Chat GPT; Krea,,,Y,,,
CTD_AI_KAR_LegendaryKrakatoa_20260617_2e.mov,CTD_AI_KAR_LegendaryKrakatoa,102,Krakatoa Eruption,2026-06-17,SM,Chat GPT; Krea,,,Y,,,
CTD_AI_KAR_NorhamCastleEnveloped2_20260617_1a.mov,CTD_AI_KAR_NorhamCastleEnveloped2,102,Krakatoa Eruption,2026-06-17,SM,Chat GPT; Krea,,,Y,,,
CTD_AI_KAR_NorhamCastleEnveloped2_20260617_1b.mov,CTD_AI_KAR_NorhamCastleEnveloped2,102,Krakatoa Eruption,2026-06-17,SM,Chat GPT; Krea,,,Y,,,
CTD_AI_KAR_NorhamCastleEnveloped2_20260617_1c.mov,CTD_AI_KAR_NorhamCastleEnveloped2,102,Krakatoa Eruption,2026-06-17,SM,Chat GPT; Krea,,,Y,,,
CTD_AI_KAR_NorhamCastleEnveloped2_20260617_1d.mov,CTD_AI_KAR_NorhamCastleEnveloped2,102,Krakatoa Eruption,2026-06-17,SM,Chat GPT; Krea,,,Y,,,
CTD_AI_KAR_NorhamCastleEnveloped2_20260617_1f.mov,CTD_AI_KAR_NorhamCastleEnveloped2,102,Krakatoa Eruption,2026-06-17,SM,Chat GPT; Krea,,,Y,,,
CTD_AI_KAR_NorhamCastleEnveloped2_20260617_1g.mov,CTD_AI_KAR_NorhamCastleEnveloped2,102,Krakatoa Eruption,2026-06-17,SM,Chat GPT; Krea,,,Y,,,
CTD_AI_KAR_ShockwaveAndTsunami3_20260617_1a.mov,CTD_AI_KAR_ShockwaveAndTsunami3,102,Krakatoa Eruption,2026-06-17,SM,Chat GPT; Krea,,,Y,,,
CTD_AI_KAR_ShockwaveAndTsunami3_20260617_1b.mov,CTD_AI_KAR_ShockwaveAndTsunami3,102,Krakatoa Eruption,2026-06-17,SM,Chat GPT; Krea,,,Y,,,
CTD_AI_KAR_ShockwaveAndTsunami3_20260617_1d.mov,CTD_AI_KAR_ShockwaveAndTsunami3,102,Krakatoa Eruption,2026-06-17,SM,Chat GPT; Krea,,,Y,,,
CTD_AI_KAR_ShockwaveAndTsunami3_20260617_1e.mov,CTD_AI_KAR_ShockwaveAndTsunami3,102,Krakatoa Eruption,2026-06-17,SM,Chat GPT; Krea,,,Y,,,
CTD_AI_KAR_SundaStrait2_20260617_1a.mov,CTD_AI_KAR_SundaStrait2,102,Krakatoa Eruption,2026-06-17,SM,Chat GPT; Krea,,,Y,,,
CTD_AI_KAR_SundaStrait2_20260617_1b.mov,CTD_AI_KAR_SundaStrait2,102,Krakatoa Eruption,2026-06-17,SM,Chat GPT; Krea,,,Y,,,
CTD_AI_KAR_SundaStrait2_20260617_1c.mov,CTD_AI_KAR_SundaStrait2,102,Krakatoa Eruption,2026-06-17,SM,Chat GPT; Krea,,,Y,,,
CTD_AI_KAR_SundaStrait2_20260617_1d.mov,CTD_AI_KAR_SundaStrait2,102,Krakatoa Eruption,2026-06-17,SM,Chat GPT; Krea,,,Y,,,
CTD_AI_KAR_SundaStrait3_20260617_1b.mov,CTD_AI_KAR_SundaStrait2,102,Krakatoa Eruption,2026-06-17,SM,Chat GPT; Krea,,,Y,,,
CTD_AI_KAR_SundaStrait3_20260617_1c.mov,CTD_AI_KAR_SundaStrait2,102,Krakatoa Eruption,2026-06-17,SM,Chat GPT; Krea,,,Y,,,
CTD_AI_KAR_SundaStrait3_20260617_1d.mov,CTD_AI_KAR_SundaStrait2,102,Krakatoa Eruption,2026-06-17,SM,Chat GPT; Krea,,,Y,,,
CTD_AI_OTI_TITAN_HULL2_20260617_1a.mov,CTD_AI_OTI_TITAN_HULL2,102,OceanGate Titan Implosion,2026-06-17,WS,,Y,Re-spin Completed,Y,,,
CTD_AI_OTI_TITAN_HULL_PROBLEM3_20260617_1a.mov,CTD_AI_OTI_TITAN_HULL_PROBLEM3,102,OceanGate Titan Implosion,2026-06-17,WS,,,,Y,,,
CTD_AI_OTI_TITAN_HULL_PROBLEM3_20260617_1b.mov,CTD_AI_OTI_TITAN_HULL_PROBLEM3,102,OceanGate Titan Implosion,2026-06-17,WS,,,,Y,,,
CTD_AI_OTI_TITAN_INTRO1_20260617_1a.mov,CTD_AI_OTI_TITAN_INTRO1,102,OceanGate Titan Implosion,2026-06-17,WS,,Y,Re-spin Completed,Y,,,
CTD_AI_OTI_TITAN_INTRO1_20260617_1b.mov,CTD_AI_OTI_TITAN_INTRO1,102,OceanGate Titan Implosion,2026-06-17,WS,,,,Y,,,
CTD_AI_OTI_TITAN_INTRO2_20260617_1a.mov,CTD_AI_OTI_TITAN_INTRO2,102,OceanGate Titan Implosion,2026-06-17,WS,,,Re-spin Completed,Y,,,
CTD_AI_OTI_TITAN_INTRO2_20260617_2a.mov,CTD_AI_OTI_TITAN_INTRO2,102,OceanGate Titan Implosion,2026-06-17,WS,,,,Y,,,
CTD_AI_OTI_TITAN_LAUNCH1_20260617_1a.mov,CTD_AI_OTI_TITAN_LAUNCH1,102,OceanGate Titan Implosion,2026-06-17,WS,,,Re-spin Completed,Y,,,
CTD_AI_OTI_TITAN_LAUNCH1_20260617_1b.mov,CTD_AI_OTI_TITAN_LAUNCH1,102,OceanGate Titan Implosion,2026-06-17,WS,,,,Y,,,
CTD_AI_OTI_TITAN_LAUNCH1_20260617_1c.mov,CTD_AI_OTI_TITAN_LAUNCH1,102,OceanGate Titan Implosion,2026-06-17,WS,,,,Y,,,
CTD_AI_OTI_TITAN_LAUNCH1_20260617_2a.mov,CTD_AI_OTI_TITAN_LAUNCH1,102,OceanGate Titan Implosion,2026-06-17,WS,,,,Y,,,
CTD_AI_OTI_TITAN_TOURS_TITANIC1_20260617_1a.mov,CTD_AI_OTI_TITAN_TOURS_TITANIC1,102,OceanGate Titan Implosion,2026-06-17,WS,,,,Y,,,
CTD_AI_OTI_TITAN_TOURS_TITANIC1_20260617_1b.mov,CTD_AI_OTI_TITAN_TOURS_TITANIC1,102,OceanGate Titan Implosion,2026-06-17,WS,,,,Y,,,
CTD_AI_OTI_TITAN_TOURS_TITANIC1_20260617_2a.mov,CTD_AI_OTI_TITAN_TOURS_TITANIC1,102,OceanGate Titan Implosion,2026-06-17,WS,,,,Y,,,
CTD_AI_OTI_TitanSnaggedInWreck_20260617_1a.mov,CTD_AI_OTI_TitanSnaggedInWreck,102,OceanGate Titan Implosion,2026-06-17,WS,,,,Y,,,
CTD_AI_OTI_TitanSnaggedInWreck_20260617_1b.mov,CTD_AI_OTI_TitanSnaggedInWreck,102,OceanGate Titan Implosion,2026-06-17,WS,,,,Y,,,
CTD_AI_OTI_TitanSnaggedInWreck_20260617_1c.mov,CTD_AI_OTI_TitanSnaggedInWreck,102,OceanGate Titan Implosion,2026-06-17,WS,,,Re-spin Completed,Y,,,
CTD_AI_OTI_TitanSnaggedInWreck_20260617_1d.mov,CTD_AI_OTI_TitanSnaggedInWreck,102,OceanGate Titan Implosion,2026-06-17,WS,,,,Y,,,
CTD_AI_PAO_RunToCafeteria_20260617_1a.mov,CTD_AI_PAO_RunToCafeteria,102,Piper Alpha Oil Rig Disaster,2026-06-17,WS,,,,Y,,,
CTD_AI_PAO_RunToCafeteria_20260617_2a.mov,CTD_AI_PAO_RunToCafeteria,102,Piper Alpha Oil Rig Disaster,2026-06-17,WS,,,,Y,,,
CTD_AI_PAO_RunToCafeteria_20260617_2b.mov,CTD_AI_PAO_RunToCafeteria,102,Piper Alpha Oil Rig Disaster,2026-06-17,WS,,,,Y,,,
CTD_AI_PAO_RunToCafeteria_20260617_3a.mov,CTD_AI_PAO_RunToCafeteria,102,Piper Alpha Oil Rig Disaster,2026-06-17,WS,,,,Y,,,
CTD_AI_PAO_RunToCafeteria_20260617_3b.mov,CTD_AI_PAO_RunToCafeteria,102,Piper Alpha Oil Rig Disaster,2026-06-17,WS,,,,Y,,,
CTD_AI_PAO_RunToCafeteria_20260617_4a.mov,CTD_AI_PAO_RunToCafeteria,102,Piper Alpha Oil Rig Disaster,2026-06-17,WS,,,,Y,,,
CTD_AI_PAO_RunToCafeteria_20260617_5a.mov,CTD_AI_PAO_RunToCafeteria,102,Piper Alpha Oil Rig Disaster,2026-06-17,WS,,,,Y,,,
CTD_AI_PAO_RunToCafeteria_20260617_5b.mov,CTD_AI_PAO_RunToCafeteria,102,Piper Alpha Oil Rig Disaster,2026-06-17,WS,,,,Y,,,
CTD_AI_BMF_BadRivets_20260619_1a.mov,CTD_AI_BMF_BadRivets,102,Boston Molasses Flood,2026-06-19,WS,Chat GPT; Krea,,,Y,,,
CTD_AI_BMF_BadRivets_20260619_1b.mov,CTD_AI_BMF_BadRivets,102,Boston Molasses Flood,2026-06-19,WS,Chat GPT; Krea,,,Y,,,
CTD_AI_BMF_BadRivets_20260619_1c.mov,CTD_AI_BMF_BadRivets,102,Boston Molasses Flood,2026-06-19,WS,Chat GPT; Krea,,,Y,,,
CTD_AI_BMF_BadRivets_20260619_1d.mov,CTD_AI_BMF_BadRivets,102,Boston Molasses Flood,2026-06-19,WS,Chat GPT; Krea,,,Y,,,
CTD_AI_BMF_BadRivets_20260619_1e.mov,CTD_AI_BMF_BadRivets,102,Boston Molasses Flood,2026-06-19,WS,Chat GPT; Krea,,,Y,,,
CTD_AI_BMF_BadRivets_20260619_2a.mov,CTD_AI_BMF_BadRivets,102,Boston Molasses Flood,2026-06-19,WS,Chat GPT; Krea,,,Y,,,
CTD_AI_BMF_BadRivets_20260619_2b.mov,CTD_AI_BMF_BadRivets,102,Boston Molasses Flood,2026-06-19,WS,Chat GPT; Krea,,,Y,,,
CTD_AI_BMF_BostonWarming01_20260619_1a.mov,CTD_AI_BMF_BostonWarming01,102,Boston Molasses Flood,2026-06-19,Marty,Chat GPT; Krea,,Re-spin Completed,Y,,,
CTD_AI_BMF_BostonWarming01_20260619_1b.mov,CTD_AI_BMF_BostonWarming01,102,Boston Molasses Flood,2026-06-19,WS,Chat GPT; Krea,,,Y,,,
CTD_AI_BMF_BostonWarming02_20260619_1a.mov,CTD_AI_BMF_BostonWarming02,102,Boston Molasses Flood,2026-06-19,Marty,Chat GPT; Krea,,Re-spin Completed,Y,,,
CTD_AI_BMF_BostonWarming02_20260619_1b.mov,CTD_AI_BMF_BostonWarming02,102,Boston Molasses Flood,2026-06-19,WS,Chat GPT; Krea,,,Y,,,
CTD_AI_BMF_ImposingTank01_20260619_1a.mov,CTD_AI_BMF_ImposingTank01,102,Boston Molasses Flood,2026-06-19,WS,Chat GPT; Krea,,,Y,,,
CTD_AI_BMF_ImposingTank01_20260619_1b.mov,CTD_AI_BMF_ImposingTank01,102,Boston Molasses Flood,2026-06-19,WS,Chat GPT; Krea,,,Y,,,
CTD_AI_BMF_ImposingTank01_20260619_1c.mov,CTD_AI_BMF_ImposingTank01,102,Boston Molasses Flood,2026-06-19,WS,Chat GPT; Krea,,,Y,,,
CTD_AI_BMF_ImposingTank01_20260619_1d.mov,CTD_AI_BMF_ImposingTank01,102,Boston Molasses Flood,2026-06-19,WS,Chat GPT; Krea,,,Y,,,
CTD_AI_BMF_ImposingTank01_20260619_2a.mov,CTD_AI_BMF_ImposingTank01,102,Boston Molasses Flood,2026-06-19,WS,Chat GPT; Krea,,,Y,,,
CTD_AI_BMF_ImposingTank01_20260619_2b.mov,CTD_AI_BMF_ImposingTank01,102,Boston Molasses Flood,2026-06-19,WS,Chat GPT; Krea,,Re-spin Completed,Y,,,
CTD_AI_BMF_ImposingTank02_20260619_1a.mov,CTD_AI_BMF_ImposingTank03,102,Boston Molasses Flood,2026-06-19,WS,Chat GPT; Krea,,,Y,,,
CTD_AI_BMF_ImposingTank02_20260619_1b.mov,CTD_AI_BMF_ImposingTank03,102,Boston Molasses Flood,2026-06-19,WS,Chat GPT; Krea,,,Y,,,
CTD_AI_BMF_InsideTankFilled_20260619_1a.mov,CTD_AI_BMF_InsideTankFilled,102,Boston Molasses Flood,2026-06-19,WS,Chat GPT; Krea,,,Y,,,
CTD_AI_BMF_InsideTankFilled_20260619_1b.mov,CTD_AI_BMF_InsideTankFilled,102,Boston Molasses Flood,2026-06-19,WS,Chat GPT; Krea,,,Y,,,
CTD_AI_BMF_InsideTankFilled_20260619_1c.mov,CTD_AI_BMF_InsideTankFilled,102,Boston Molasses Flood,2026-06-19,WS,Chat GPT; Krea,,Re-spin Completed,Y,,,
CTD_AI_BMF_InsideTankFilled_20260619_2a.mov,CTD_AI_BMF_InsideTankFilled,102,Boston Molasses Flood,2026-06-19,WS,Chat GPT; Krea,,,Y,,,
CTD_AI_BMF_InsideTankFilled_20260619_2b.mov,CTD_AI_BMF_InsideTankFilled,102,Boston Molasses Flood,2026-06-19,WS,Chat GPT; Krea,,,Y,,,
CTD_AI_BMF_MolassesBubblesBig_20260619_1a.mov,CTD_AI_BMF_MolassesBubblesBig,102,Boston Molasses Flood,2026-06-19,WS,Chat GPT; Krea,,,Y,,,
CTD_AI_BMF_MolassesBubblesBig_20260619_1b.mov,CTD_AI_BMF_MolassesBubblesBig,102,Boston Molasses Flood,2026-06-19,Marty,Chat GPT; Krea,,Re-spin Completed,Y,,,
CTD_AI_BMF_MolassesBubblesBig_20260619_1c.mov,CTD_AI_BMF_MolassesBubblesBig,102,Boston Molasses Flood,2026-06-19,WS,Chat GPT; Krea,,,Y,,,
CTD_AI_BMF_MolassesBubbles_20260619_1a.mov,CTD_AI_BMF_MolassesBubbles,102,Boston Molasses Flood,2026-06-19,WS,Chat GPT; Krea,,,Y,,,
CTD_AI_BMF_MolassesBubbles_20260619_1b.mov,CTD_AI_BMF_MolassesBubbles,102,Boston Molasses Flood,2026-06-19,WS,Chat GPT; Krea,,,Y,,,
CTD_AI_BMF_MolassesBubbles_20260619_1c.mov,CTD_AI_BMF_MolassesBubbles,102,Boston Molasses Flood,2026-06-19,WS,Chat GPT; Krea,,,Y,,,
CTD_AI_BMF_MolassesPipe01_20260619_1a.mov,CTD_AI_BMF_MolassesPipe01,102,Boston Molasses Flood,2026-06-19,WS,Chat GPT; Krea,,,Y,,,
CTD_AI_BMF_MolassesPipe02_20260619_1a.mov,CTD_AI_BMF_MolassesPipe02,102,Boston Molasses Flood,2026-06-19,WS,Chat GPT; Krea,,,Y,,,
CTD_AI_BMF_MolassesPipe02_20260619_1b.mov,CTD_AI_BMF_MolassesPipe02,102,Boston Molasses Flood,2026-06-19,WS,Chat GPT; Krea,,,Y,,,
CTD_AI_BMF_RivetsLoosen_20260619_1a.mov,CTD_AI_BMF_RivetsLoosen,102,Boston Molasses Flood,2026-06-19,WS,Chat GPT; Krea,,Re-spin Completed,Y,,,
CTD_AI_BMF_RivetsRumble_20260619_1a.mov,CTD_AI_BMF_RivetsRumble,102,Boston Molasses Flood,2026-06-19,WS,Chat GPT; Krea,,,Y,,,
CTD_AI_BMF_RivetsRumble_20260619_1b.mov,CTD_AI_BMF_RivetsRumble,102,Boston Molasses Flood,2026-06-19,WS,Chat GPT; Krea,,,Y,,,
CTD_AI_BMF_RivetsRumble_20260619_2a.mov,CTD_AI_BMF_RivetsRumble,102,Boston Molasses Flood,2026-06-19,WS,Chat GPT; Krea,,,Y,,,
CTD_AI_BMF_RivetsRumble_20260619_2b.mov,CTD_AI_BMF_RivetsRumble,102,Boston Molasses Flood,2026-06-19,WS,Chat GPT; Krea,,,Y,,,
CTD_AI_BMF_TankHarbour02_20260619_1a.mov,CTD_AI_BMF_TankHarbour02,102,Boston Molasses Flood,2026-06-19,WS,Chat GPT; Krea,,,Y,,,
CTD_AI_BMF_TankHarbour02_20260619_2a.mov,CTD_AI_BMF_TankHarbour02,102,Boston Molasses Flood,2026-06-19,WS,Chat GPT; Krea,,,Y,,,
CTD_AI_BMF_TankNeighbourhood01_20260619_1a.mov,CTD_AI_BMF_TankNeighbourhood01,102,Boston Molasses Flood,2026-06-19,WS,Chat GPT; Krea,,,Y,,,
CTD_AI_BMF_TankNeighbourhood01_20260619_1b.mov,CTD_AI_BMF_TankNeighbourhood01,102,Boston Molasses Flood,2026-06-19,WS,Chat GPT; Krea,,,Y,,,
CTD_AI_BMF_TankNeighbourhood01_20260619_1c.mov,CTD_AI_BMF_TankNeighbourhood01,102,Boston Molasses Flood,2026-06-19,WS,Chat GPT; Krea,,,Y,,,
CTD_AI_BMF_TankNeighbourhood02_20260619_1a.mov,CTD_AI_BMF_TankNeighbourhood02,102,Boston Molasses Flood,2026-06-19,WS,Chat GPT; Krea,,,Y,,,
CTD_AI_BMF_TankNeighbourhood02_20260619_1b.mov,CTD_AI_BMF_TankNeighbourhood02,102,Boston Molasses Flood,2026-06-19,WS,Chat GPT; Krea,,Re-spin Completed,Y,,,
CTD_AI_HKA_IndustriaCanalRisingWaters1A.mov,CTD_AI_HKA_IndustriaCanalRisingWaters1,102,Hurricane Katrina,2026-06-19,JJ,Krea; Chat GPT,,Re-spin Completed,Y,,,
CTD_AI_HKA_IndustriaCanalRisingWaters1B.mov,CTD_AI_HKA_IndustriaCanalRisingWaters1,102,Hurricane Katrina,2026-06-19,JJ,Krea; Chat GPT,,,Y,,,
CTD_AI_HKA_IndustriaCanalRisingWaters1C.mov,CTD_AI_HKA_IndustriaCanalRisingWaters1,102,Hurricane Katrina,2026-06-19,JJ,Krea; Chat GPT,,Re-spin Completed,Y,,,
CTD_AI_HKA_IndustriaCanalRisingWaters2A.mov,CTD_AI_HKA_IndustriaCanalRisingWaters2,102,Hurricane Katrina,2026-06-19,JJ,Krea; Chat GPT,,,Y,,,
CTD_AI_HKA_IndustrialCanalFlyover.mov,CTD_AI_HKA_IndustrialCanalFlyover,102,Hurricane Katrina,2026-06-19,JJ,Krea; Chat GPT,,Re-spin Completed,Y,,,
CTD_AI_HKA_IndustrialCanalTopped1A.mov,CTD_AI_HKA_IndustrialCanalTopped1,102,Hurricane Katrina,2026-06-19,JJ,Krea; Chat GPT,,,Y,,,
CTD_AI_HKA_IndustrialCanalTopped1B.mov,CTD_AI_HKA_IndustrialCanalTopped1,102,Hurricane Katrina,2026-06-19,JJ,Krea; Chat GPT,,,Y,,,
CTD_AI_HKA_IndustrialCanalTopped2A.mov,CTD_AI_HKA_IndustrialCanalTopped2,102,Hurricane Katrina,2026-06-19,JJ,Krea; Chat GPT,,Re-spin Completed,Y,,,
CTD_AI_HKA_IndustrialCanalTopped2B.mov,CTD_AI_HKA_IndustrialCanalTopped2,102,Hurricane Katrina,2026-06-19,JJ,Krea; Chat GPT,,,Y,,,
CTD_AI_HKA_IndustrialCanalTopped2C.mov,CTD_AI_HKA_IndustrialCanalTopped2,102,Hurricane Katrina,2026-06-19,JJ,Krea; Chat GPT,,Re-spin Completed,Y,,,
CTD_AI_OTI_DescentIntoDarkness_20260620_1a.mov,CTD_AI_OTI_DescentIntoDarkness,102,OceanGate Titan Implosion,2026-06-20,SM,Chat GPT; Krea,,,Y,,,
CTD_AI_OTI_DescentIntoDarkness_20260620_1b.mov,CTD_AI_OTI_DescentIntoDarkness,102,OceanGate Titan Implosion,2026-06-20,SM,Chat GPT; Krea,,,Y,,,
CTD_AI_OTI_DescentIntoDarkness_20260620_1c.mov,CTD_AI_OTI_DescentIntoDarkness,102,OceanGate Titan Implosion,2026-06-20,SM,Chat GPT; Krea,,,Y,,,
CTD_AI_OTI_DescentIntoDarkness_20260620_1d.mov,CTD_AI_OTI_DescentIntoDarkness,102,OceanGate Titan Implosion,2026-06-20,SM,Chat GPT; Krea,,,Y,,,
CTD_AI_OTI_ImplosionClose_20260620_1b.mov,CTD_AI_OTI_ImplosionClose,102,OceanGate Titan Implosion,2026-06-20,SM,Chat GPT; Krea,,,Y,,,
CTD_AI_OTI_ImplosionClose_20260620_1c.mov,CTD_AI_OTI_ImplosionClose,102,OceanGate Titan Implosion,2026-06-20,SM,Chat GPT; Krea,,,Y,,,
CTD_AI_OTI_ImplosionClose_20260626_1a.mov,CTD_AI_OTI_ImplosionClose,102,OceanGate Titan Implosion,2026-06-20,SM,Chat GPT; Krea,,,Y,,,
CTD_AI_OTI_TITAN_ASCEND_BANG1_20260620_1a.mov,CTD_AI_OTI_TITAN_ASCEND_BANG2,102,OceanGate Titan Implosion,2026-06-20,SM,Chat GPT; Krea,,,Y,,,
CTD_AI_OTI_TITAN_ASCEND_BANG1_20260620_2a.mov,CTD_AI_OTI_TITAN_ASCEND_BANG2,102,OceanGate Titan Implosion,2026-06-20,SM,Chat GPT; Krea,,,Y,,,
CTD_AI_OTI_TITAN_ASCEND_BANG1_20260620_2b.mov,CTD_AI_OTI_TITAN_ASCEND_BANG2,102,OceanGate Titan Implosion,2026-06-20,SM,Chat GPT; Krea,,,Y,,,
CTD_AI_OTI_TITAN_ASCEND_BANG1_20260620_2c.mov,CTD_AI_OTI_TITAN_ASCEND_BANG2,102,OceanGate Titan Implosion,2026-06-20,SM,Chat GPT; Krea,,,Y,,,
CTD_AI_OTI_TITAN_ASCEND_BANG1_20260620_2d.mov,CTD_AI_OTI_TITAN_ASCEND_BANG2,102,OceanGate Titan Implosion,2026-06-20,SM,Chat GPT; Krea,,,Y,,,
CTD_AI_OTI_TITAN_ASCEND_BANG1_20260620_2e.mov,CTD_AI_OTI_TITAN_ASCEND_BANG2,102,OceanGate Titan Implosion,2026-06-20,SM,Chat GPT; Krea,,,Y,,,
CTD_AI_OTI_TITAN_ASCEND_BANG1_20260620_3a.mov,CTD_AI_OTI_TITAN_ASCEND_BANG2,102,OceanGate Titan Implosion,2026-06-20,SM,Chat GPT; Krea,,,Y,,,
CTD_AI_OTI_TITAN_ASCEND_BANG1_20260620_3b.mov,CTD_AI_OTI_TITAN_ASCEND_BANG2,102,OceanGate Titan Implosion,2026-06-20,SM,Chat GPT; Krea,,,Y,,,
CTD_AI_OTI_TITAN_ASCEND_BANG1_20260620_3c.mov,CTD_AI_OTI_TITAN_ASCEND_BANG2,102,OceanGate Titan Implosion,2026-06-20,SM,Chat GPT; Krea,,,Y,,,
CTD_AI_OTI_TITAN_ASCEND_BANG2_20260620_1a.mov,CTD_AI_OTI_TITAN_ASCEND_BANG2,102,OceanGate Titan Implosion,2026-06-20,SM,Chat GPT; Krea,,,Y,,,
CTD_AI_OTI_TITAN_ASCEND_BANG2_20260620_1d.mov,CTD_AI_OTI_TITAN_ASCEND_BANG2,102,OceanGate Titan Implosion,2026-06-20,SM,Chat GPT; Krea,,,Y,,,
CTD_AI_OTI_TITAN_ASCEND_BANG2_20260620_1e.mov,CTD_AI_OTI_TITAN_ASCEND_BANG2,102,OceanGate Titan Implosion,2026-06-20,SM,Chat GPT; Krea,,,Y,,,
CTD_AI_OTI_TITAN_HULL1_20260620_1a.mov,CTD_AI_OTI_TITAN_HULL1,102,OceanGate Titan Implosion,2026-06-20,SM,Chat GPT; Krea,,,Y,,,
CTD_AI_OTI_TITAN_HULL1_20260620_1b.mov,CTD_AI_OTI_TITAN_HULL1,102,OceanGate Titan Implosion,2026-06-20,SM,Chat GPT; Krea,,,Y,,,
CTD_AI_OTI_TITAN_HULL1_20260620_1c.mov,CTD_AI_OTI_TITAN_HULL1,102,OceanGate Titan Implosion,2026-06-20,SM,Chat GPT; Krea,,,Y,,,
CTD_AI_OTI_TITAN_HULL1_20260620_2a.mov,CTD_AI_OTI_TITAN_HULL1,102,OceanGate Titan Implosion,2026-06-20,SM,Chat GPT; Krea,,,Y,,,
CTD_AI_OTI_TITAN_HULL1_20260620_3a.mov,CTD_AI_OTI_TITAN_HULL1,102,OceanGate Titan Implosion,2026-06-20,SM,Chat GPT; Krea,,,Y,,,
CTD_AI_OTI_TITAN_HULL1_20260620_3b.mov,CTD_AI_OTI_TITAN_HULL1,102,OceanGate Titan Implosion,2026-06-20,SM,Chat GPT; Krea,,,Y,,,
CTD_AI_OTI_TITAN_HULL_PROBLEM2_20260620_1a.mov,CTD_AI_OTI_TITAN_HULL_PROBLEM2,102,OceanGate Titan Implosion,2026-06-20,SM,Chat GPT; Krea,,,Y,,,
CTD_AI_OTI_TITAN_HULL_PROBLEM2_20260620_1b.mov,CTD_AI_OTI_TITAN_HULL_PROBLEM2,102,OceanGate Titan Implosion,2026-06-20,SM,Chat GPT; Krea,,,Y,,,
CTD_AI_OTI_TITAN_LAUNCH3_20260620_1a.mov,CTD_AI_OTI_TITAN_LAUNCH3,102,OceanGate Titan Implosion,2026-06-20,SM,Chat GPT; Krea,,,Y,,,
CTD_AI_OTI_TITAN_LAUNCH3_20260620_1b.mov,CTD_AI_OTI_TITAN_LAUNCH3,102,OceanGate Titan Implosion,2026-06-20,SM,Chat GPT; Krea,,,Y,,,
CTD_AI_OTI_TITAN_LAUNCH3_20260620_1e.mov,CTD_AI_OTI_TITAN_LAUNCH3,102,OceanGate Titan Implosion,2026-06-20,SM,Chat GPT; Krea,,,Y,,,
CTD_AI_OTI_TITAN_LAUNCH3_20260620_1f.mov,CTD_AI_OTI_TITAN_LAUNCH3,102,OceanGate Titan Implosion,2026-06-20,SM,Chat GPT; Krea,,,Y,,,
CTD_AI_OTI_TITAN_LAUNCH3_20260620_1g.mov,CTD_AI_OTI_TITAN_LAUNCH3,102,OceanGate Titan Implosion,2026-06-20,SM,Chat GPT; Krea,,,Y,,,
CTD_AI_OTI_TITAN_LAUNCH3_20260620_2a.mov,CTD_AI_OTI_TITAN_LAUNCH3,102,OceanGate Titan Implosion,2026-06-20,SM,Chat GPT; Krea,,,Y,,,
CTD_AI_BMF_IsaacGrabsLadder_20260621_1a.mov,CTD_AI_BMF_IsaacGrabsLadder,102,Boston Molasses Flood,2026-06-21,WS,Krea; Chat GPT,Y,,Y,,,
CTD_AI_BMF_IsaacGrabsLadder_20260621_1b.mov,CTD_AI_BMF_IsaacGrabsLadder,102,Boston Molasses Flood,2026-06-21,WS,Krea; Chat GPT,Y,,Y,,,
CTD_AI_BMF_IsaacGrabsLadder_20260621_1c.mov,CTD_AI_BMF_IsaacGrabsLadder,102,Boston Molasses Flood,2026-06-21,WS,Krea; Chat GPT,Y,,Y,,,
CTD_AI_BMF_IsaacGrabsLadder_20260621_1d.mov,CTD_AI_BMF_IsaacGrabsLadder,102,Boston Molasses Flood,2026-06-21,WS,Krea; Chat GPT,Y,,Y,,,
CTD_AI_BMF_MolassesPumpedIn_20260621_1a.mov,CTD_AI_BMF_MolassesPumpedIn,102,Boston Molasses Flood,2026-06-21,WS,Krea; Chat GPT,Y,,Y,,,
CTD_AI_BMF_MolassesPumpedIn_20260621_1b.mov,CTD_AI_BMF_MolassesPumpedIn,102,Boston Molasses Flood,2026-06-21,WS,Krea; Chat GPT,Y,,Y,,,
CTD_AI_BMF_MolassesPumpedIn_20260621_2a.mov,CTD_AI_BMF_MolassesPumpedIn,102,Boston Molasses Flood,2026-06-21,WS,Krea; Chat GPT,Y,Re-spin Completed,Y,,,
CTD_AI_BMF_MolassesPumpedIn_20260621_2b.mov,CTD_AI_BMF_MolassesPumpedIn,102,Boston Molasses Flood,2026-06-21,WS,Krea; Chat GPT,Y,,Y,,,
CTD_AI_BMF_MolassesTankLeaks_20260621_1a.mov,CTD_AI_BMF_MolassesTankLeaks,102,Boston Molasses Flood,2026-06-21,WS,Krea; Chat GPT,Y,,Y,,,
CTD_AI_BMF_MolassesTankLeaks_20260621_1b.mov,CTD_AI_BMF_MolassesTankLeaks,102,Boston Molasses Flood,2026-06-21,WS,Krea; Chat GPT,Y,,Y,,,
CTD_AI_BMF_MolassesTankLeaks_20260621_1c.mov,CTD_AI_BMF_MolassesTankLeaks,102,Boston Molasses Flood,2026-06-21,WS,Krea; Chat GPT,Y,,Y,,,
CTD_AI_BMF_MolassesTankLeaks_20260621_2a.mov,CTD_AI_BMF_MolassesTankLeaks,102,Boston Molasses Flood,2026-06-21,WS,Krea; Chat GPT,Y,,Y,,,
CTD_AI_BMF_MolassesTankLeaks_20260621_2b.mov,CTD_AI_BMF_MolassesTankLeaks,102,Boston Molasses Flood,2026-06-21,WS,Krea; Chat GPT,Y,,Y,,,
CTD_AI_BMF_MolassesTankLeaks_20260621_3a.mov,CTD_AI_BMF_MolassesTankLeaks,102,Boston Molasses Flood,2026-06-21,WS,Krea; Chat GPT,Y,,Y,,,
CTD_AI_BMF_MolassesTankLeaks_20260621_3b.mov,CTD_AI_BMF_MolassesTankLeaks,102,Boston Molasses Flood,2026-06-21,WS,Krea; Chat GPT,Y,,Y,,,
CTD_AI_BMF_TankRuptures_20260621_1a.mov,CTD_AI_BMF_TankRuptures,102,Boston Molasses Flood,2026-06-21,WS,Krea; Chat GPT,Y,Re-spin Completed,Y,,,
CTD_AI_BMF_TankRuptures_20260621_1b.mov,CTD_AI_BMF_TankRuptures,102,Boston Molasses Flood,2026-06-21,WS,Krea; Chat GPT,Y,,Y,,,
CTD_AI_BMF_TankRuptures_20260621_2a.mov,CTD_AI_BMF_TankRuptures,102,Boston Molasses Flood,2026-06-21,WS,Krea; Chat GPT,Y,,Y,,,
CTD_AI_BMF_TankRuptures_20260621_2b.mov,CTD_AI_BMF_TankRuptures,102,Boston Molasses Flood,2026-06-21,WS,Krea; Chat GPT,Y,Re-spin Completed,Y,,,
CTD_AI_BMF_TankRuptures_20260621_2c.mov,CTD_AI_BMF_TankRuptures,102,Boston Molasses Flood,2026-06-21,WS,Krea; Chat GPT,Y,,Y,,,
CTD_AI_BMF_TankRuptures_20260621_2d.mov,CTD_AI_BMF_TankRuptures,102,Boston Molasses Flood,2026-06-21,WS,Krea; Chat GPT,Y,,Y,,,
CTD_AI_BMF_TankRuptures_20260621_2e.mov,CTD_AI_BMF_TankRuptures,102,Boston Molasses Flood,2026-06-21,WS,Krea; Chat GPT,Y,,Y,,,
CTD_AI_BMF_TankRuptures_20260621_3a.mov,CTD_AI_BMF_TankRuptures,102,Boston Molasses Flood,2026-06-21,WS,Krea; Chat GPT,Y,,Y,,,
CTD_AI_BMF_TankRuptures_20260621_4a.mov,CTD_AI_BMF_TankRuptures,102,Boston Molasses Flood,2026-06-21,WS,Krea; Chat GPT,Y,Re-spin Completed,Y,,,
CTD_AI_BMF_TankRuptures_20260621_4b.mov,CTD_AI_BMF_TankRuptures,102,Boston Molasses Flood,2026-06-21,WS,Krea; Chat GPT,Y,,Y,,,
CTD_AI_BMF_TorrentOfMolasses_20260621_1a.mov,CTD_AI_BMF_TorrentOfMolasses,102,Boston Molasses Flood,2026-06-21,WS,Krea; Chat GPT,Y,,Y,,,
CTD_AI_BMF_TorrentOfMolasses_20260621_1b.mov,CTD_AI_BMF_TorrentOfMolasses,102,Boston Molasses Flood,2026-06-21,WS,Krea; Chat GPT,Y,,Y,,,
CTD_AI_BMF_TorrentOfMolasses_20260621_2a.mov,CTD_AI_BMF_TorrentOfMolasses,102,Boston Molasses Flood,2026-06-21,WS,Krea; Chat GPT,Y,,Y,,,
CTD_AI_BMF_TorrentOfMolasses_20260621_2b.mov,CTD_AI_BMF_TorrentOfMolasses,102,Boston Molasses Flood,2026-06-21,WS,Krea; Chat GPT,Y,Re-spin Completed,Y,,,
CTD_AI_BMF_TorrentOfMolasses_20260621_3a.mov,CTD_AI_BMF_TorrentOfMolasses,102,Boston Molasses Flood,2026-06-21,WS,Krea; Chat GPT,Y,,Y,,,
CTD_AI_BMF_TorrentOfMolasses_20260621_4a.mov,CTD_AI_BMF_TorrentOfMolasses,102,Boston Molasses Flood,2026-06-21,WS,Krea; Chat GPT,Y,,Y,,,
CTD_AI_BMF_TorrentOfMolasses_20260621_5a.mov,CTD_AI_BMF_TorrentOfMolasses,102,Boston Molasses Flood,2026-06-21,WS,Krea; Chat GPT,Y,,Y,,,
CTD_AI_BMF_TorrentOfMolasses_20260621_6a.mov,CTD_AI_BMF_TorrentOfMolasses,102,Boston Molasses Flood,2026-06-21,WS,Krea; Chat GPT,Y,Re-spin Completed,Y,,,
CTD_AI_BMF_TrolleyComingAtIsaac_20260621_1a.mov,CTD_AI_BMF_TrolleyComingAtIsaac,102,Boston Molasses Flood,2026-06-21,WS,Krea; Chat GPT,Y,,Y,,,
CTD_AI_BMF_TrolleyComingAtIsaac_20260621_1b.mov,CTD_AI_BMF_TrolleyComingAtIsaac,102,Boston Molasses Flood,2026-06-21,Marty,Krea; Chat GPT,Y,Re-spin Requested,Y,,,
CTD_AI_BMF_TrolleyComingAtIsaac_20260621_1c.mov,CTD_AI_BMF_TrolleyComingAtIsaac,102,Boston Molasses Flood,2026-06-21,WS,Krea; Chat GPT,Y,,Y,,,
CTD_AI_BMF_TrolleyComingAtIsaac_20260621_1d.mov,CTD_AI_BMF_TrolleyComingAtIsaac,102,Boston Molasses Flood,2026-06-21,WS,Krea; Chat GPT,Y,,Y,,,
CTD_AI_BMF_TrolleyComingAtIsaac_20260621_2a.mov,CTD_AI_BMF_TrolleyComingAtIsaac,102,Boston Molasses Flood,2026-06-21,Marty,Krea; Chat GPT,Y,Re-spin Completed,Y,,,
CTD_AI_BMF_TrolleyComingAtIsaac_20260621_2b.mov,CTD_AI_BMF_TrolleyComingAtIsaac,102,Boston Molasses Flood,2026-06-21,WS,Krea; Chat GPT,Y,,Y,,,
CTD_AI_BMF_TrolleyComingAtIsaac_20260621_2c.mov,CTD_AI_BMF_TrolleyComingAtIsaac,102,Boston Molasses Flood,2026-06-21,WS,Krea; Chat GPT,Y,,Y,,,
CTD_AI_HKA_IndustriaCanalRisingWaters_20260622_1a.mov,CTD_AI_HKA_IndustriaCanalRisingWaters1,102,Hurricane Katrina,2026-06-22,WS,Krea; Chat GPT,Y,,Y,,,
CTD_AI_HKA_IndustriaCanalRisingWaters_20260622_1b.mov,CTD_AI_HKA_IndustriaCanalRisingWaters1,102,Hurricane Katrina,2026-06-22,WS,Krea; Chat GPT,Y,Re-spin Completed,Y,,,
CTD_AI_HKA_IndustrialCanalFlyover_20260622_1a.mov,CTD_AI_HKA_IndustrialCanalFlyover,102,Hurricane Katrina,2026-06-22,WS,Krea; Chat GPT,Y,Re-spin Completed,Y,,,
CTD_AI_HKA_IndustrialCanalFlyover_20260622_1b.mov,CTD_AI_HKA_IndustrialCanalFlyover,102,Hurricane Katrina,2026-06-22,WS,Krea; Chat GPT,Y,,Y,,,
CTD_AI_HKA_IndustrialCanalTopped_20260622_1a.mov,CTD_AI_HKA_IndustrialCanalTopped2,102,Hurricane Katrina,2026-06-22,WS,Krea; Chat GPT,Y,,Y,,,
CTD_AI_HKA_IndustrialCanalTopped_20260622_1b.mov,CTD_AI_HKA_IndustrialCanalTopped2,102,Hurricane Katrina,2026-06-22,WS,Krea; Chat GPT,Y,Re-spin Completed,Y,,,
CTD_AI_HKA_LeveeBreaks_20260622_1a.mov,CTD_AI_HKA_LeveeBreaks,102,Hurricane Katrina,2026-06-22,WS,Krea; Chat GPT,Y,,Y,,,
CTD_AI_HKA_LeveeBreaks_20260622_1b.mov,CTD_AI_HKA_LeveeBreaks,102,Hurricane Katrina,2026-06-22,WS,Krea; Chat GPT,Y,,Y,,,
CTD_AI_HKA_LeveeBreaks_20260622_2A.mov,CTD_AI_HKA_LeveeBreaks,102,Hurricane Katrina,2026-06-22,WS,Krea; Chat GPT,Y,Re-spin Completed,Y,,,
CTD_AI_HKA_LeveeBreaks_20260622_2b.mov,CTD_AI_HKA_LeveeBreaks,102,Hurricane Katrina,2026-06-22,WS,Krea; Chat GPT,Y,,Y,,,
CTD_AI_HKA_LeveeBreaks_20260622_3a.mov,CTD_AI_HKA_LeveeBreaks,102,Hurricane Katrina,2026-06-22,WS,Krea; Chat GPT,Y,,Y,,,
CTD_AI_HKA_LeveeBreaks_20260622_3b.mov,CTD_AI_HKA_LeveeBreaks,102,Hurricane Katrina,2026-06-22,WS,Krea; Chat GPT,Y,,Y,,,
CTD_AI_HKA_WaterErodingLevee_20260622_1a.mov,CTD_AI_HKA_WaterErodingLevee,102,Hurricane Katrina,2026-06-22,WS,Krea; Chat GPT,Y,Re-spin Completed,Y,,,
CTD_AI_HKA_WaterErodingLevee_20260622_1b.mov,CTD_AI_HKA_WaterErodingLevee,102,Hurricane Katrina,2026-06-22,WS,Krea; Chat GPT,Y,,Y,,,
CTD_AI_TAD_JustBeforeImpact01_20260623_1a.mov,CTD_AI_TAD_JustBeforeImpact01,102,Tenerife Airport Disaster,2026-06-23,WS,,,,Y,,,
CTD_AI_TAD_JustBeforeImpact01_20260623_1b.mov,CTD_AI_TAD_JustBeforeImpact01,102,Tenerife Airport Disaster,2026-06-23,WS,,,,Y,,,
CTD_AI_TAD_JustBeforeImpact01_20260623_2a.mov,CTD_AI_TAD_JustBeforeImpact01,102,Tenerife Airport Disaster,2026-06-23,WS,,,,Y,,,
CTD_AI_TAD_JustBeforeImpact01_20260623_2b.mov,CTD_AI_TAD_JustBeforeImpact01,102,Tenerife Airport Disaster,2026-06-23,WS,,,,Y,,,
CTD_AI_TAD_JustBeforeImpact01_20260623_2c.mov,CTD_AI_TAD_JustBeforeImpact01,102,Tenerife Airport Disaster,2026-06-23,WS,,,,Y,,,
CTD_AI_TAD_JustBeforeImpact01_20260623_3a.mov,CTD_AI_TAD_JustBeforeImpact01,102,Tenerife Airport Disaster,2026-06-23,WS,,,,Y,,,
CTD_AI_TAD_JustBeforeImpact01_20260623_3b.mov,CTD_AI_TAD_JustBeforeImpact01,102,Tenerife Airport Disaster,2026-06-23,WS,,,,Y,,,
CTD_AI_TAD_JustBeforeImpact01_20260623_4a.mov,CTD_AI_TAD_JustBeforeImpact01,102,Tenerife Airport Disaster,2026-06-23,WS,,,,Y,,,
CTD_AI_TAD_JustBeforeImpact01_20260623_5a.mov,CTD_AI_TAD_JustBeforeImpact01,102,Tenerife Airport Disaster,2026-06-23,WS,,,,Y,,,
CTD_AI_TAD_JustBeforeImpact01_20260623_5b.mov,CTD_AI_TAD_JustBeforeImpact01,102,Tenerife Airport Disaster,2026-06-23,WS,,,,Y,,,
CTD_AI_TAD_JustBeforeImpact01_20260623_5c.mov,CTD_AI_TAD_JustBeforeImpact01,102,Tenerife Airport Disaster,2026-06-23,WS,,,,Y,,,
CTD_AI_TAD_JustBeforeImpact02_20260623_1a.mov,CTD_AI_TAD_JustBeforeImpact02,102,Tenerife Airport Disaster,2026-06-23,WS,,,,Y,,,
CTD_AI_TAD_JustBeforeImpact02_20260623_1b.mov,CTD_AI_TAD_JustBeforeImpact02,102,Tenerife Airport Disaster,2026-06-23,WS,,,,Y,,,
CTD_AI_TAD_JustBeforeImpact02_20260623_1c.mov,CTD_AI_TAD_JustBeforeImpact02,102,Tenerife Airport Disaster,2026-06-23,WS,,,,Y,,,
CTD_AI_TAD_KLMCockpit_20260623_1a.mov,CTD_AI_TAD_KLMCockpit,102,Tenerife Airport Disaster,2026-06-23,WS,,,Re-spin Completed,Y,Y,,
CTD_AI_TAD_KLMCockpit_20260623_2a.mov,CTD_AI_TAD_KLMCockpit,102,Tenerife Airport Disaster,2026-06-23,WS,,,Re-spin Completed,Y,,,
CTD_AI_TAD_KLMCockpit_20260623_2b.mov,CTD_AI_TAD_KLMCockpit,102,Tenerife Airport Disaster,2026-06-23,WS,,,,Y,,,
CTD_AI_TAD_KLMCockpit_20260623_3a.mov,CTD_AI_TAD_KLMCockpit,102,Tenerife Airport Disaster,2026-06-23,WS,,,,Y,,,
CTD_AI_TAD_KLMCockpit_20260623_3b.mov,CTD_AI_TAD_KLMCockpit,102,Tenerife Airport Disaster,2026-06-23,WS,,,,Y,,,
CTD_AI_TAD_KLMCockpit_20260623_3c.mov,CTD_AI_TAD_KLMCockpit,102,Tenerife Airport Disaster,2026-06-23,WS,,,,Y,,,
CTD_AI_TAD_KLMCrash_20260623_1a.mov,CTD_AI_TAD_KLMCrash,102,Tenerife Airport Disaster,2026-06-23,WS,,,,Y,,,
CTD_AI_TAD_KLMCrash_20260623_1b.mov,CTD_AI_TAD_KLMCrash,102,Tenerife Airport Disaster,2026-06-23,WS,,,,Y,,,
CTD_AI_TAD_KLMCrash_20260623_1c.mov,CTD_AI_TAD_KLMCrash,102,Tenerife Airport Disaster,2026-06-23,WS,,,,Y,,,
CTD_AI_TAD_KLMCrash_20260623_1d.mov,CTD_AI_TAD_KLMCrash,102,Tenerife Airport Disaster,2026-06-23,WS,,,,Y,,,
CTD_AI_TAD_KLMCrash_20260623_2a.mov,CTD_AI_TAD_KLMCrash,102,Tenerife Airport Disaster,2026-06-23,WS,,,,Y,,,
CTD_AI_TAD_KLMCrash_20260623_2b.mov,CTD_AI_TAD_KLMCrash,102,Tenerife Airport Disaster,2026-06-23,WS,,,,Y,,,
CTD_AI_TAD_KLMCrash_20260623_3a.mov,CTD_AI_TAD_KLMCrash,102,Tenerife Airport Disaster,2026-06-23,WS,,,,Y,,,
CTD_AI_TAD_KLMCrash_20260623_3b.mov,CTD_AI_TAD_KLMCrash,102,Tenerife Airport Disaster,2026-06-23,WS,,,,Y,,,
CTD_AI_TAD_KLMCrash_20260623_3c.mov,CTD_AI_TAD_KLMCrash,102,Tenerife Airport Disaster,2026-06-23,WS,,,,Y,,,
CTD_AI_TAD_KLMCrash_20260623_4a.mov,CTD_AI_TAD_KLMCrash,102,Tenerife Airport Disaster,2026-06-23,WS,,,,Y,,,
CTD_AI_TAD_KLMCrash_20260623_5a.mov,CTD_AI_TAD_KLMCrash,102,Tenerife Airport Disaster,2026-06-23,WS,,,,Y,,,
CTD_AI_TAD_KLMCrash_20260623_5b.mov,CTD_AI_TAD_KLMCrash,102,Tenerife Airport Disaster,2026-06-23,WS,,,,Y,,,
CTD_AI_TAD_KLMCrash_20260623_5c.mov,CTD_AI_TAD_KLMCrash,102,Tenerife Airport Disaster,2026-06-23,WS,,,,Y,,,
CTD_AI_TAD_KLMCrash_20260623_6a.mov,CTD_AI_TAD_KLMCrash,102,Tenerife Airport Disaster,2026-06-23,WS,,,,Y,,,
CTD_AI_LPE_DriverPovCypressViaduct_20260624_1a.mov,CTD_AI_LPE_DriverPovCypressViaduct,102,Loma Prieta Earthquake,2026-06-24,WS,Krea; Chat GPT,,,Y,,,
CTD_AI_LPE_DriverPovCypressViaduct_20260624_1b.mov,CTD_AI_LPE_DriverPovCypressViaduct,102,Loma Prieta Earthquake,2026-06-24,WS,Krea; Chat GPT,,,Y,,,
CTD_AI_LPE_DriverPovCypressViaduct_20260624_2a.mov,CTD_AI_LPE_DriverPovCypressViaduct,102,Loma Prieta Earthquake,2026-06-24,WS,Krea; Chat GPT,,,Y,,,
CTD_AI_LPE_DriverPovCypressViaduct_20260624_2b.mov,CTD_AI_LPE_DriverPovCypressViaduct,102,Loma Prieta Earthquake,2026-06-24,WS,Krea; Chat GPT,,,Y,,,
CTD_AI_LPE_DriverPovCypressViaduct_20260624_2c.mov,CTD_AI_LPE_DriverPovCypressViaduct,102,Loma Prieta Earthquake,2026-06-24,WS,Krea; Chat GPT,,,Y,,,
CTD_AI_LPE_JawsOfLife_20260624_1a.mov,CTD_AI_JawsOfLife,102,Loma Prieta Earthquake,2026-06-24,WS,Krea; Chat GPT,,,Y,,,
CTD_AI_LPE_JawsOfLife_20260624_1b.mov,CTD_AI_JawsOfLife,102,Loma Prieta Earthquake,2026-06-24,WS,Krea; Chat GPT,,,Y,,,
CTD_AI_LPE_JawsOfLife_20260624_1c.mov,CTD_AI_JawsOfLife,102,Loma Prieta Earthquake,2026-06-24,WS,Krea; Chat GPT,,Re-spin Completed,Y,Y,,
CTD_AI_LPE_KeysInIgnition01_20260624_1a.mov,CTD_AI_LPE_KeysInIgnition1,102,Loma Prieta Earthquake,2026-06-24,WS,Krea; Chat GPT,,,Y,,,
CTD_AI_LPE_KeysInIgnition01_20260624_2a.mov,CTD_AI_LPE_KeysInIgnition1,102,Loma Prieta Earthquake,2026-06-24,WS,Krea; Chat GPT,,,Y,,,
CTD_AI_LPE_KeysInIgnition01_20260624_2b.mov,CTD_AI_LPE_KeysInIgnition1,102,Loma Prieta Earthquake,2026-06-24,WS,Krea; Chat GPT,,,Y,,,
CTD_AI_LPE_KeysInIgnition02_20260624_1a.mov,CTD_AI_LPE_KeysInIgnition2,102,Loma Prieta Earthquake,2026-06-24,WS,Krea; Chat GPT,,,Y,,,
CTD_AI_LPE_KeysInIgnition02_20260624_1b.mov,CTD_AI_LPE_KeysInIgnition2,102,Loma Prieta Earthquake,2026-06-24,WS,Krea; Chat GPT,,,Y,,,
CTD_AI_LPE_KeysInIgnition02_20260624_2a.mov,CTD_AI_LPE_KeysInIgnition2,102,Loma Prieta Earthquake,2026-06-24,WS,Krea; Chat GPT,,,Y,,,
CTD_AI_LPE_KeysInIgnition02_20260624_2b.mov,CTD_AI_LPE_KeysInIgnition2,102,Loma Prieta Earthquake,2026-06-24,WS,Krea; Chat GPT,,,Y,,,
CTD_AI_LPE_KeysInIgnition02_20260624_3a.mov,CTD_AI_LPE_KeysInIgnition2,102,Loma Prieta Earthquake,2026-06-24,WS,Krea; Chat GPT,,,Y,,,
CTD_AI_LPE_KeysInIgnition02_20260624_3b.mov,CTD_AI_LPE_KeysInIgnition2,102,Loma Prieta Earthquake,2026-06-24,WS,Krea; Chat GPT,,,Y,,,
CTD_AI_LPE_KeysInIgnition02_20260624_4a.mov,CTD_AI_LPE_KeysInIgnition2,102,Loma Prieta Earthquake,2026-06-24,WS,Krea; Chat GPT,,,Y,,,
CTD_AI_LPE_KeysInIgnition02_20260624_4b.mov,CTD_AI_LPE_KeysInIgnition2,102,Loma Prieta Earthquake,2026-06-24,WS,Krea; Chat GPT,,,Y,,,
CTD_AI_LPE_LibraryShelvesCollapse_20260624_1a.mov,CTD_AI_LPE_LibraryShelvesCollapse,102,Loma Prieta Earthquake,2026-06-24,SM,Krea; Chat GPT,,,Y,,,
CTD_AI_LPE_LibraryShelvesCollapse_20260624_1b.mov,CTD_AI_LPE_LibraryShelvesCollapse,102,Loma Prieta Earthquake,2026-06-24,SM,Krea; Chat GPT,,,Y,,,
CTD_AI_LPE_LibraryShelvesCollapse_20260624_1c.mov,CTD_AI_LPE_LibraryShelvesCollapse,102,Loma Prieta Earthquake,2026-06-24,SM,Krea; Chat GPT,,,Y,,,
CTD_AI_LPE_LibraryShelvesCollapse_20260624_2a.mov,CTD_AI_LPE_LibraryShelvesCollapse,102,Loma Prieta Earthquake,2026-06-24,SM,Krea; Chat GPT,,,Y,,,
CTD_AI_LPE_LibraryShelvesCollapse_20260624_2b.mov,CTD_AI_LPE_LibraryShelvesCollapse,102,Loma Prieta Earthquake,2026-06-24,SM,Krea; Chat GPT,,,Y,,,
CTD_AI_LPE_LibraryShelvesCollapse_20260624_2c.mov,CTD_AI_LPE_LibraryShelvesCollapse,102,Loma Prieta Earthquake,2026-06-24,SM,Krea; Chat GPT,,,Y,,,
CTD_AI_LPE_LibraryShelvesCollapse_20260624_2d.mov,CTD_AI_LPE_LibraryShelvesCollapse,102,Loma Prieta Earthquake,2026-06-24,SM,Krea; Chat GPT,,,Y,,,
CTD_AI_LPE_LibraryShelvesCollapse_20260624_2e.mov,CTD_AI_LPE_LibraryShelvesCollapse,102,Loma Prieta Earthquake,2026-06-24,SM,Krea; Chat GPT,,,Y,,,
CTD_AI_LPE_SanFranciscoChandelier_20260624_1a.mov,CTD_AI_LPE_SanFranciscoHouseFallsOnCar,102,Loma Prieta Earthquake,2026-06-24,SM,Krea; Chat GPT,,,Y,,,
CTD_AI_LPE_SanFranciscoHouseFallsOnCar_20260624_1a.mov,CTD_AI_LPE_SanFranciscoHouseFallsOnCar,102,Loma Prieta Earthquake,2026-06-24,SM,Krea; Chat GPT,,,Y,,,
CTD_AI_LPE_SanFranciscoHouseFallsOnCar_20260624_1b.mov,CTD_AI_LPE_SanFranciscoHouseFallsOnCar,102,Loma Prieta Earthquake,2026-06-24,SM,Krea; Chat GPT,,,Y,,,
CTD_AI_LPE_SanFranciscoHouseFallsOnCar_20260624_1c.mov,CTD_AI_LPE_SanFranciscoHouseFallsOnCar,102,Loma Prieta Earthquake,2026-06-24,SM,Krea; Chat GPT,,,Y,,,
CTD_AI_LPE_SanFranciscoHouseFallsOnCar_20260624_1d.mov,CTD_AI_LPE_SanFranciscoHouseFallsOnCar,102,Loma Prieta Earthquake,2026-06-24,SM,Krea; Chat GPT,,,Y,,,
CTD_AI_LPE_SanFranciscoHouseFallsOnCar_20260624_1e.mov,CTD_AI_LPE_SanFranciscoHouseFallsOnCar,102,Loma Prieta Earthquake,2026-06-24,SM,Krea; Chat GPT,,,Y,,,
CTD_AI_LPE_SanFranciscoHouseFallsOnCar_20260624_1f.mov,CTD_AI_LPE_SanFranciscoHouseFallsOnCar,102,Loma Prieta Earthquake,2026-06-24,SM,Krea; Chat GPT,,,Y,,,
CTD_AI_LPE_SanFranciscoHouseFallsOnCar_20260624_1g.mov,CTD_AI_LPE_SanFranciscoHouseFallsOnCar,102,Loma Prieta Earthquake,2026-06-24,SM,Krea; Chat GPT,,,Y,,,
CTD_AI_LPE_SanFranciscoHouseFallsOnCar_20260624_1i.mov,CTD_AI_LPE_SanFranciscoHouseFallsOnCar,102,Loma Prieta Earthquake,2026-06-24,SM,Krea; Chat GPT,,,Y,,,
CTD_AI_LPE_SanFranciscoHouseFallsOnCar_20260624_1j.mov,CTD_AI_LPE_SanFranciscoHouseFallsOnCar,102,Loma Prieta Earthquake,2026-06-24,SM,Krea; Chat GPT,,,Y,,,
CTD_AI_LPE_SanFranciscoHouseFallsOnCar_20260624_2a.mov,CTD_AI_LPE_SanFranciscoHouseFallsOnCar,102,Loma Prieta Earthquake,2026-06-24,SM,Krea; Chat GPT,,,Y,,,
CTD_AI_LPE_SanFranciscoHouseFallsOnCar_20260624_2b.mov,CTD_AI_LPE_SanFranciscoHouseFallsOnCar,102,Loma Prieta Earthquake,2026-06-24,SM,Krea; Chat GPT,,,Y,,,
CTD_AI_LPE_SanFranciscoHouseFallsOnCar_20260624_3a.mov,CTD_AI_LPE_SanFranciscoHouseFallsOnCar,102,Loma Prieta Earthquake,2026-06-24,SM,Krea; Chat GPT,,,Y,,,
CTD_AI_LPE_SanFranciscoHouseFallsOnCar_20260624_3b.mov,CTD_AI_LPE_SanFranciscoHouseFallsOnCar,102,Loma Prieta Earthquake,2026-06-24,SM,Krea; Chat GPT,,,Y,,,
CTD_AI_LPE_SanFranciscoHouseFallsOnCar_20260624_3c.mov,CTD_AI_LPE_SanFranciscoHouseFallsOnCar,102,Loma Prieta Earthquake,2026-06-24,SM,Krea; Chat GPT,,,Y,,,
CTD_AI_LPE_SanFranciscoHouseFallsOnCar_20260624_3d.mov,CTD_AI_LPE_SanFranciscoHouseFallsOnCar,102,Loma Prieta Earthquake,2026-06-24,SM,Krea; Chat GPT,,,Y,,,
CTD_AI_LPE_SanFranciscoHouseFallsOnCar_20260624_3e.mov,CTD_AI_LPE_SanFranciscoHouseFallsOnCar,102,Loma Prieta Earthquake,2026-06-24,SM,Krea; Chat GPT,,,Y,,,
CTD_AI_LPE_SanFranciscoHouseFallsOnCar_20260624_3g.mov,CTD_AI_LPE_SanFranciscoHouseFallsOnCar,102,Loma Prieta Earthquake,2026-06-24,SM,Krea; Chat GPT,,,Y,,,
CTD_AI_LPE_SanFranciscoHouseFallsOnCar_20260624_3i.mov,CTD_AI_LPE_SanFranciscoHouseFallsOnCar,102,Loma Prieta Earthquake,2026-06-24,SM,Krea; Chat GPT,,,Y,,,
CTD_AI_LPE_SanFranciscoHouseFallsOnCar_20260624_5a.mov,CTD_AI_LPE_SanFranciscoHouseFallsOnCar,102,Loma Prieta Earthquake,2026-06-24,SM,Krea; Chat GPT,,,Y,,,
CTD_AI_LPE_SanFranciscoHouseFallsOnCar_20260624_6c.mov,CTD_AI_LPE_SanFranciscoHouseFallsOnCar,102,Loma Prieta Earthquake,2026-06-24,SM,Krea; Chat GPT,,,Y,,,
CTD_AI_LPE_SanFranciscoHouseFallsOnCar_20260624_6d.mov,CTD_AI_LPE_SanFranciscoHouseFallsOnCar,102,Loma Prieta Earthquake,2026-06-24,SM,Krea; Chat GPT,,,Y,,,
CTD_AI_LPE_SanFranciscoHouseFallsOnCar_20260625_5b.mov,CTD_AI_LPE_SanFranciscoHouseFallsOnCar,102,Loma Prieta Earthquake,2026-06-24,SM,Krea; Chat GPT,,,Y,,,
CTD_AI_LPE_SanFranciscoHouseFallsOnCar_20260625_5c.mov,CTD_AI_LPE_SanFranciscoHouseFallsOnCar,102,Loma Prieta Earthquake,2026-06-24,SM,Krea; Chat GPT,,,Y,,,
CTD_AI_LPE_SanFranciscoHouseFallsOnCar_20260625_6a.mov,CTD_AI_LPE_SanFranciscoHouseFallsOnCar,102,Loma Prieta Earthquake,2026-06-24,SM,Krea; Chat GPT,,,Y,,,
CTD_AI_LPE_SanFranciscoHouseFallsOnCar_20260625_6b.mov,CTD_AI_LPE_SanFranciscoHouseFallsOnCar,102,Loma Prieta Earthquake,2026-06-24,SM,Krea; Chat GPT,,,Y,,,
CTD_AI_LPE_SanFranciscoHousingRowCollapses_2026-624_1a.mov,CTD_AI_LPE_SanFranciscoHousingRowCollapses,102,Loma Prieta Earthquake,2026-06-24,SM,Krea; Chat GPT,,,Y,,,
CTD_AI_LPE_SanFranciscoHousingRowCollapses_2026-624_1e.mov,CTD_AI_LPE_SanFranciscoHousingRowCollapses,102,Loma Prieta Earthquake,2026-06-24,SM,Krea; Chat GPT,,Re-spin Completed,Y,Y,,
CTD_AI_LPE_SanFranciscoHousingRowCollapses_2026-624_2b.mov,CTD_AI_LPE_SanFranciscoHousingRowCollapses,102,Loma Prieta Earthquake,2026-06-24,SM,Krea; Chat GPT,,,Y,,,
CTD_AI_LPE_SanFranciscoHousingRowCollapses_2026-624_2c.mov,CTD_AI_LPE_SanFranciscoHousingRowCollapses,102,Loma Prieta Earthquake,2026-06-24,SM,Krea; Chat GPT,,,Y,,,
CTD_AI_LPE_SanFranciscoHousingRowCollapses_2026-624_2d.mov,CTD_AI_LPE_SanFranciscoHousingRowCollapses,102,Loma Prieta Earthquake,2026-06-24,SM,Krea; Chat GPT,,,Y,,,
CTD_AI_LPE_SanFranciscoHousingRowCollapses_20260624_1b.mov,CTD_AI_LPE_SanFranciscoHousingRowCollapses,102,Loma Prieta Earthquake,2026-06-24,SM,Krea; Chat GPT,,,Y,,,
CTD_AI_LPE_SanFranciscoHousingRowCollapses_20260624_1c.mov,CTD_AI_LPE_SanFranciscoHousingRowCollapses,102,Loma Prieta Earthquake,2026-06-24,SM,Krea; Chat GPT,,,Y,,,
CTD_AI_LPE_SanFranciscoHousingRowCollapses_20260624_1d.mov,CTD_AI_LPE_SanFranciscoHousingRowCollapses,102,Loma Prieta Earthquake,2026-06-24,SM,Krea; Chat GPT,,,Y,,,
CTD_AI_LPE_SanFranciscoRowCollapses_20260624_7a.mov,CTD_AI_LPE_SanFranciscoHousingRowCollapses,102,Loma Prieta Earthquake,2026-06-24,SM,Krea; Chat GPT,,,Y,,,
CTD_AI_LPE_SanFranciscoStreetBuckles_20260624_1a.mov,CTD_AI_LPE_SanFranciscoStreetBuckles,102,Loma Prieta Earthquake,2026-06-24,SM,Krea; Chat GPT,,Re-spin Completed,Y,,,
CTD_AI_LPE_OfficeCeilingCollapse_20260626_1a.mov,CTD_AI_LPE_OfficeCeilingCollapse,102,Loma Prieta Earthquake,2026-06-26,WS,Krea; Chat GPT,,,Y,,,
CTD_AI_LPE_OfficeCeilingCollapse_20260626_1b.mov,CTD_AI_LPE_OfficeCeilingCollapse,102,Loma Prieta Earthquake,2026-06-26,WS,Krea; Chat GPT,,,Y,,,
CTD_AI_LPE_OfficeCeilingCollapse_20260626_1c.mov,CTD_AI_LPE_OfficeCeilingCollapse,102,Loma Prieta Earthquake,2026-06-26,WS,Krea; Chat GPT,,Re-spin Completed,Y,,,
CTD_AI_LPE_OfficeCeilingCollapse_20260626_2a.mov,CTD_AI_LPE_OfficeCeilingCollapse,102,Loma Prieta Earthquake,2026-06-26,WS,Krea; Chat GPT,,,Y,,,
CTD_AI_LPE_OfficeCeilingCollapse_20260626_2b.mov,CTD_AI_LPE_OfficeCeilingCollapse,102,Loma Prieta Earthquake,2026-06-26,WS,Krea; Chat GPT,,,Y,,,
CTD_AI_LPE_OfficeCeilingCollapse_20260626_2c.mov,CTD_AI_LPE_OfficeCeilingCollapse,102,Loma Prieta Earthquake,2026-06-26,WS,Krea; Chat GPT,,,Y,,,
CTD_AI_LPE_OfficeCeilingCollapse_20260626_3a.mov,CTD_AI_LPE_OfficeCeilingCollapse,102,Loma Prieta Earthquake,2026-06-26,WS,Krea; Chat GPT,,,Y,,,
CTD_AI_LPE_OfficeCeilingCollapse_20260626_3b.mov,CTD_AI_LPE_OfficeCeilingCollapse,102,Loma Prieta Earthquake,2026-06-26,WS,Krea; Chat GPT,,,Y,,,
CTD_AI_LPE_OfficeCeilingCollapse_20260626_4a.mov,CTD_AI_LPE_OfficeCeilingCollapse,102,Loma Prieta Earthquake,2026-06-26,WS,Krea; Chat GPT,,,Y,,,
CTD_AI_LPE_OfficeCeilingCollapse_20260626_4b.mov,CTD_AI_LPE_OfficeCeilingCollapse,102,Loma Prieta Earthquake,2026-06-26,WS,Krea; Chat GPT,,,Y,,,
CTD_AI_LPE_SanFranciscoStreetlightSways_20260626_1a.mov,CTD_AI_LPE_SanFranciscoStreetlightSways,102,Loma Prieta Earthquake,2026-06-26,WS,Krea; Chat GPT,,,Y,,,
CTD_AI_LPE_SanFranciscoStreetlightSways_20260626_1b.mov,CTD_AI_LPE_SanFranciscoStreetlightSways,102,Loma Prieta Earthquake,2026-06-26,WS,Krea; Chat GPT,,Re-spin Completed,Y,,,
CTD_AI_LPE_TimDiscovered_20260626_1a.mov,CTD_AI_LPE_TimDiscovered,102,Loma Prieta Earthquake,2026-06-26,WS,Krea; Chat GPT,,,Y,,,
CTD_AI_LPE_TimDiscovered_20260626_1b.mov,CTD_AI_LPE_TimDiscovered,102,Loma Prieta Earthquake,2026-06-26,WS,Krea; Chat GPT,,,Y,,,
CTD_AI_LPE_TimDiscovered_20260626_1c.mov,CTD_AI_LPE_TimDiscovered,102,Loma Prieta Earthquake,2026-06-26,WS,Krea; Chat GPT,,,Y,,,
CTD_AI_LPE_TimDiscovered_20260626_1d.mov,CTD_AI_LPE_TimDiscovered,102,Loma Prieta Earthquake,2026-06-26,WS,Krea; Chat GPT,,,Y,,,
CTD_AI_LPE_TimReached_20260626_1a.mov,CTD_AI_LPE_TimReached,102,Loma Prieta Earthquake,2026-06-26,WS,Krea; Chat GPT,,,Y,,,
CTD_AI_LPE_TimReached_20260626_1b.mov,CTD_AI_LPE_TimReached,102,Loma Prieta Earthquake,2026-06-26,WS,Krea; Chat GPT,,,Y,,,
CTD_AI_LPE_TimReached_20260626_1c.mov,CTD_AI_LPE_TimReached,102,Loma Prieta Earthquake,2026-06-26,WS,Krea; Chat GPT,,,Y,,,
CTD_AI_LPE_TimReached_20260626_2a.mov,CTD_AI_LPE_TimReached,102,Loma Prieta Earthquake,2026-06-26,WS,Krea; Chat GPT,,,Y,,,
CTD_AI_LPE_TimReached_20260626_2b.mov,CTD_AI_LPE_TimReached,102,Loma Prieta Earthquake,2026-06-26,WS,Krea; Chat GPT,,,Y,,,
CTD_AI_LPE_TimReached_20260626_2c.mov,CTD_AI_LPE_TimRescued,102,Loma Prieta Earthquake,2026-06-26,WS,Krea; Chat GPT,,,Y,,,
CTD_AI_LPE_TimRescued_20260626_1a.mov,CTD_AI_LPE_TimRescued,102,Loma Prieta Earthquake,2026-06-26,WS,Krea; Chat GPT,,,Y,,,
CTD_AI_LPE_TimRescued_20260626_1b.mov,CTD_AI_LPE_TimRescued,102,Loma Prieta Earthquake,2026-06-26,WS,Krea; Chat GPT,,,Y,,,
CTD_AI_OTI_ImplosionRealTime_20260626_1a.mov,CTD_AI_OTI_RealTimeImplosion,102,OceanGate Titan Implosion,2026-06-26,SM,Krea; Chat GPT,Y,,Y,,,
CTD_AI_OTI_ImplosionRealTime_20260626_1b.mov,CTD_AI_OTI_RealTimeImplosion,102,OceanGate Titan Implosion,2026-06-26,SM,Krea; Chat GPT,Y,,Y,,,
CTD_AI_OTI_ImplosionRealTime_20260626_1c.mov,CTD_AI_OTI_RealTimeImplosion,102,OceanGate Titan Implosion,2026-06-26,SM,Krea; Chat GPT,Y,,Y,,,
CTD_AI_OTI_ImplosionRealTime_20260626_2a.mov,CTD_AI_OTI_RealTimeImplosion,102,OceanGate Titan Implosion,2026-06-26,SM,Krea; Chat GPT,Y,,Y,,,
CTD_AI_OTI_ImplosionRealTime_20260626_2b.mov,CTD_AI_OTI_RealTimeImplosion,102,OceanGate Titan Implosion,2026-06-26,SM,Krea; Chat GPT,Y,,Y,,,
CTD_AI_OTI_ImplosionRealTime_20260626_2c.mov,CTD_AI_OTI_RealTimeImplosion,102,OceanGate Titan Implosion,2026-06-26,SM,Krea; Chat GPT,Y,,Y,,,
CTD_AI_OTI_ImplosionRealTime_20260626_3a.mov,CTD_AI_OTI_RealTimeImplosion,102,OceanGate Titan Implosion,2026-06-26,SM,Krea; Chat GPT,Y,,Y,,,
CTD_AI_OTI_ImplosionRealTime_20260626_3b.mov,CTD_AI_OTI_RealTimeImplosion,102,OceanGate Titan Implosion,2026-06-26,SM,Krea; Chat GPT,Y,,Y,,,
CTD_AI_OTI_ImplosionRealTime_20260626_3c.mov,CTD_AI_OTI_RealTimeImplosion,102,OceanGate Titan Implosion,2026-06-26,SM,Krea; Chat GPT,Y,,Y,,,
CTD_AI_OTI_ImplosionRealTime_20260626_4a.mov,CTD_AI_OTI_RealTimeImplosion,102,OceanGate Titan Implosion,2026-06-26,SM,Krea; Chat GPT,Y,,Y,,,
CTD_AI_OTI_ImplosionRealTime_20260626_4b.mov,CTD_AI_OTI_RealTimeImplosion,102,OceanGate Titan Implosion,2026-06-26,SM,Krea; Chat GPT,Y,,Y,,,
CTD_AI_OTI_ImplosionRealTime_20260626_5a.mov,CTD_AI_OTI_RealTimeImplosion,102,OceanGate Titan Implosion,2026-06-26,SM,Krea; Chat GPT,Y,,Y,,,
CTD_AI_OTI_ImplosionRealTime_20260626_5b.mov,CTD_AI_OTI_RealTimeImplosion,102,OceanGate Titan Implosion,2026-06-26,SM,Krea; Chat GPT,Y,,Y,,,
CTD_AI_OTI_ImplosionRealTime_20260626_5c.mov,CTD_AI_OTI_RealTimeImplosion,102,OceanGate Titan Implosion,2026-06-26,SM,Krea; Chat GPT,Y,,Y,,,
CTD_AI_OTI_ImplosionRealTime_20260626_5d.mov,CTD_AI_OTI_RealTimeImplosion,102,OceanGate Titan Implosion,2026-06-26,SM,Krea; Chat GPT,Y,,Y,,,
CTD_AI_OTI_ImplosionRealTime_20260626_5e.mov,CTD_AI_OTI_RealTimeImplosion,102,OceanGate Titan Implosion,2026-06-26,SM,Krea; Chat GPT,Y,,Y,,,
CTD_AI_TAD_JustBeforeImpact03_20260629_1a.mov,CTD_AI_TAD_JustBeforeImpact03,102,Tenerife Airport Disaster,2026-06-29,WS,Krea; Chat GPT,,,Y,,,
CTD_AI_TAD_JustBeforeImpact03_20260629_1b.mov,CTD_AI_TAD_JustBeforeImpact03,102,Tenerife Airport Disaster,2026-06-29,WS,Krea; Chat GPT,,,Y,,,
CTD_AI_TAD_JustBeforeImpact03_20260629_1c.mov,CTD_AI_TAD_JustBeforeImpact03,102,Tenerife Airport Disaster,2026-06-29,WS,Krea; Chat GPT,,,Y,,,
CTD_AI_TAD_JustBeforeImpact03_20260629_1d.mov,CTD_AI_TAD_JustBeforeImpact03,102,Tenerife Airport Disaster,2026-06-29,WS,Krea; Chat GPT,,,Y,,,
CTD_AI_TAD_LosRodeosEstablisher_20260629_1a.mov,CTD_AI_TAD_LosRodeosEstablisher,102,Tenerife Airport Disaster,2026-06-29,WS,Krea; Chat GPT,,,Y,,,
CTD_AI_TAD_LosRodeosEstablisher_20260629_2a.mov,CTD_AI_TAD_LosRodeosEstablisher,102,Tenerife Airport Disaster,2026-06-29,WS,Krea; Chat GPT,,Re-spin Completed,Y,,,
CTD_AI_TAD_LosRodeosEstablisher_20260629_2b.mov,CTD_AI_TAD_LosRodeosEstablisher,102,Tenerife Airport Disaster,2026-06-29,WS,Krea; Chat GPT,,,Y,,,
CTD_AI_TAD_PamAmFlames_20260629_1a.mov,CTD_AI_TAD_PamAmFlames,102,Tenerife Airport Disaster,2026-06-29,WS,Krea; Chat GPT,,,Y,,,
CTD_AI_TAD_PamAmFlames_20260629_2a.mov,CTD_AI_TAD_PamAmFlames,102,Tenerife Airport Disaster,2026-06-29,WS,Krea; Chat GPT,,,Y,,,
CTD_AI_TAD_PamAmFlames_20260629_3a.mov,CTD_AI_TAD_PamAmFlames,102,Tenerife Airport Disaster,2026-06-29,WS,Krea; Chat GPT,,,Y,,,
CTD_AI_TAD_PamAmFlames_20260629_3b.mov,CTD_AI_TAD_PamAmFlames,102,Tenerife Airport Disaster,2026-06-29,WS,Krea; Chat GPT,,,Y,,,
CTD_AI_TAD_PanAmMissingExit01_20260629_1a.mov,CTD_AI_TAD_PanAmMissingExit01,102,Tenerife Airport Disaster,2026-06-29,WS,Krea; Chat GPT,,,Y,,,
CTD_AI_TAD_PanAmMissingExit01_20260629_2a.mov,CTD_AI_TAD_PanAmMissingExit01,102,Tenerife Airport Disaster,2026-06-29,WS,Krea; Chat GPT,,,Y,,,
CTD_AI_TAD_PanAmMissingExit02_20260629_1a.mov,CTD_AI_TAD_PanAmMissingExit02,102,Tenerife Airport Disaster,2026-06-29,WS,Krea; Chat GPT,,,Y,,,
CTD_AI_TAD_PanAmMissingExit02_20260629_1b.mov,CTD_AI_TAD_PanAmMissingExit02,102,Tenerife Airport Disaster,2026-06-29,WS,Krea; Chat GPT,,Re-spin Completed,Y,,,
CTD_AI_TAD_TowerBeforeTakeOff01_20260629_1a.mov,CTD_AI_TAD_TowerBeforeTakeOff01,102,Tenerife Airport Disaster,2026-06-29,WS,Krea; Chat GPT,,,Y,,,
CTD_AI_TAD_TowerBeforeTakeOff01_20260629_1b.mov,CTD_AI_TAD_TowerBeforeTakeOff01,102,Tenerife Airport Disaster,2026-06-29,WS,Krea; Chat GPT,,Re-spin Completed,Y,,,
CTD_AI_TAD_TowerBeforeTakeOff01_20260629_1c.mov,CTD_AI_TAD_TowerBeforeTakeOff01,102,Tenerife Airport Disaster,2026-06-29,WS,Krea; Chat GPT,,,Y,,,
CTD_AI_TAD_TowerCoveredInFog_20260629_1a.mov,CTD_AI_TAD_TowerCoveredInFog,102,Tenerife Airport Disaster,2026-06-29,WS,Krea; Chat GPT,,Re-spin Completed,Y,,,
CTD_AI_TAD_TowerCoveredInFog_20260629_1b.mov,CTD_AI_TAD_TowerCoveredInFog,102,Tenerife Airport Disaster,2026-06-29,WS,Krea; Chat GPT,,,Y,,,
CTD_AI_BMF_TankNeighbourhood03_20260630_1a.mov,CTD_AI_BMF_TankNeighbourhood03,102,Boston Molasses Flood,2026-06-30,WS,Krea; Chat GPT,,Re-spin Completed,Y,,,
CTD_AI_BMF_TankNeighbourhood03_20260630_1b.mov,CTD_AI_BMF_TankNeighbourhood03,102,Boston Molasses Flood,2026-06-30,WS,Krea; Chat GPT,,,Y,,,
CTD_AI_HKA_FloodComesThroughWindow_20260630_1a.mov,CTD_AI_HKA_FloodComesThroughWindow,102,Hurricane Katrina,2026-06-30,WS,Krea; Chat GPT,,Re-spin Completed,Y,,,
CTD_AI_HKA_FloodComesThroughWindow_20260630_2a.mov,CTD_AI_HKA_FloodComesThroughWindow,102,Hurricane Katrina,2026-06-30,WS,Krea; Chat GPT,,,Y,,,
CTD_AI_HKA_FloodComesThroughWindow_20260630_2b.mov,CTD_AI_HKA_FloodComesThroughWindow,102,Hurricane Katrina,2026-06-30,WS,Krea; Chat GPT,,,Y,,,
CTD_AI_HKA_FloodComesThroughWindow_20260630_2c.mov,CTD_AI_HKA_FloodComesThroughWindow,102,Hurricane Katrina,2026-06-30,WS,Krea; Chat GPT,,,Y,,,
CTD_AI_HKA_FloodComesThroughWindow_20260630_3a.mov,CTD_AI_HKA_FloodComesThroughWindow,102,Hurricane Katrina,2026-06-30,WS,Krea; Chat GPT,,,Y,,,
CTD_AI_HKA_FloodDestroysHouses_20260630_1a.mov,CTD_AI_HKA_FloodDestroysHouses,102,Hurricane Katrina,2026-06-30,WS,Krea; Chat GPT,,Re-spin Completed,Y,,,
CTD_AI_HKA_FloodDestroysHouses_20260630_1b.mov,CTD_AI_HKA_FloodDestroysHouses,102,Hurricane Katrina,2026-06-30,WS,Krea; Chat GPT,,Re-spin Completed,Y,,,
CTD_AI_HKA_FloodDestroysHouses_20260630_1c.mov,CTD_AI_HKA_FloodDestroysHouses,102,Hurricane Katrina,2026-06-30,WS,Krea; Chat GPT,,,Y,,,
CTD_AI_HKA_FloodDestroysHouses_20260630_1d.mov,CTD_AI_HKA_FloodDestroysHouses,102,Hurricane Katrina,2026-06-30,WS,Krea; Chat GPT,,Re-spin Completed,Y,,,
CTD_AI_LPE_CypressViaductCollapse01_20260630_1a.mov,CTD_AI_LPE_CypressViaductCollapse01,102,Loma Prieta Earthquake,2026-06-30,WS,Krea; Chat GPT,,,Y,,,
CTD_AI_LPE_CypressViaductCollapse01_20260630_1b.mov,CTD_AI_LPE_CypressViaductCollapse01,102,Loma Prieta Earthquake,2026-06-30,WS,Krea; Chat GPT,,,Y,,,
CTD_AI_LPE_CypressViaductCollapse02_20260630_1a.mov,CTD_AI_LPE_CypressViaductCollapse02,102,Loma Prieta Earthquake,2026-06-30,WS,Krea; Chat GPT,,,Y,,,
CTD_AI_LPE_CypressViaductCollapse02_20260630_2a.mov,CTD_AI_LPE_CypressViaductCollapse02,102,Loma Prieta Earthquake,2026-06-30,WS,Krea; Chat GPT,,Re-spin Completed,Y,Y,,
CTD_AI_LPE_CypressViaductCollapse02_20260630_2b.mov,CTD_AI_LPE_CypressViaductCollapse02,102,Loma Prieta Earthquake,2026-06-30,WS,Krea; Chat GPT,,,Y,,,
CTD_AI_OTI_TITAN_INTERIOR2_20260630_1a.mov,CTD_AI_OTI_TITAN_INTERIOR2,102,OceanGate Titan Implosion,2026-06-30,WS,Krea; Chat GPT,,,Y,,,
CTD_AI_OTI_TITAN_INTERIOR2_20260630_1b.mov,CTD_AI_OTI_TITAN_INTERIOR2,102,OceanGate Titan Implosion,2026-06-30,WS,Krea; Chat GPT,,,Y,,,
CTD_AI_OTI_TITAN_INTERIOR2_20260630_1c.mov,CTD_AI_OTI_TITAN_INTERIOR2,102,OceanGate Titan Implosion,2026-06-30,WS,Krea; Chat GPT,,,Y,,,
CTD_AI_OTI_TITAN_INTRO3_20260630_1a.mov,CTD_AI_OTI_TITAN_INTRO3,102,OceanGate Titan Implosion,2026-06-30,WS,Krea; Chat GPT,,,Y,,,
CTD_AI_OTI_TITAN_INTRO3_20260630_1b.mov,CTD_AI_OTI_TITAN_INTRO3,102,OceanGate Titan Implosion,2026-06-30,WS,Krea; Chat GPT,,,Y,,,
CTD_AI_OTI_TITAN_INTRO3_20260630_1c.mov,CTD_AI_OTI_TITAN_INTRO3,102,OceanGate Titan Implosion,2026-06-30,WS,Krea; Chat GPT,,,Y,,,
CTD_AI_OTI_TITAN_INTRO3_20260630_2a.mov,CTD_AI_OTI_TITAN_INTRO3,102,OceanGate Titan Implosion,2026-06-30,WS,Krea; Chat GPT,,,Y,,,
CTD_AI_OTI_TITAN_INTRO3_20260630_2b.mov,CTD_AI_OTI_TITAN_INTRO3,102,OceanGate Titan Implosion,2026-06-30,WS,Krea; Chat GPT,,,Y,,,
CTD_AI_OTI_TITAN_INTRO3_20260630_2c.mov,CTD_AI_OTI_TITAN_INTRO3,102,OceanGate Titan Implosion,2026-06-30,WS,Krea; Chat GPT,,,Y,,,
CTD_AI_OTI_TITAN_TOURS_TITANIC2_20260630_1a.mov,CTD_AI_OTI_TITAN_TOURS_TITANIC2,102,OceanGate Titan Implosion,2026-06-30,WS,Krea; Chat GPT,,,Y,,,
CTD_AI_OTI_TITAN_TOURS_TITANIC2_20260630_1b.mov,CTD_AI_OTI_TITAN_TOURS_TITANIC2,102,OceanGate Titan Implosion,2026-06-30,WS,Krea; Chat GPT,,,Y,,,
CTD_AI_OTI_TitanDebris1_20260630_1a.mov,CTD_AI_OTI_TitanDebris1,102,OceanGate Titan Implosion,2026-06-30,WS,Krea; Chat GPT,,,Y,,,
CTD_AI_OTI_TitanDebris1_20260630_1b.mov,CTD_AI_OTI_TitanDebris1,102,OceanGate Titan Implosion,2026-06-30,WS,Krea; Chat GPT,,Re-spin Completed,Y,,,
CTD_AI_OTI_TitanDebris2_20260630_1a.mov,CTD_AI_OTI_TitanDebris2,102,OceanGate Titan Implosion,2026-06-30,WS,Krea; Chat GPT,,,Y,,,
CTD_AI_OTI_TitanDebris2_20260630_2a.mov,CTD_AI_OTI_TitanDebris2,102,OceanGate Titan Implosion,2026-06-30,WS,Krea; Chat GPT,,,Y,,,
CTD_AI_OTI_TitanDebris2_20260630_2b.mov,CTD_AI_OTI_TitanDebris2,102,OceanGate Titan Implosion,2026-06-30,WS,Krea; Chat GPT,,,Y,,,
CTD_AI_OTI_TitanDebris2_20260630_2c.mov,CTD_AI_OTI_TitanDebris2,102,OceanGate Titan Implosion,2026-06-30,WS,Krea; Chat GPT,,,Y,,,
CTD_AI_BMF_MolassesPumpedIn_20260714_1a.mov,CTD_AI_BMF_MolassesPumpedIn,102,Boston Molasses Flood,2026-07-14,WS,,Y,,Y,,,
CTD_AI_BMF_MolassesPumpedIn_20260714_1b.mov,CTD_AI_BMF_MolassesPumpedIn,102,Boston Molasses Flood,2026-07-14,WS,,Y,,Y,,,
CTD_AI_BMF_MolassesPumpedIn_20260714_1c.mov,CTD_AI_BMF_MolassesPumpedIn,102,Boston Molasses Flood,2026-07-14,WS,,Y,,Y,,,
CTD_AI_BMF_TankRuptures_20260714_1a.mov,CTD_AI_BMF_TankRuptures,102,Boston Molasses Flood,2026-07-14,WS,,Y,,Y,,,
CTD_AI_BMF_TankRuptures_20260714_1b.mov,CTD_AI_BMF_TankRuptures,102,Boston Molasses Flood,2026-07-14,WS,,Y,,Y,,,
CTD_AI_BMF_TankRuptures_20260714_1c.mov,CTD_AI_BMF_TankRuptures,102,Boston Molasses Flood,2026-07-14,WS,,Y,,Y,,,
CTD_AI_BMF_TorrentOfMolasses_20260714_1a.mov,CTD_AI_BMF_TorrentOfMolasses,102,Boston Molasses Flood,2026-07-14,WS,,Y,,Y,,,
CTD_AI_BMF_TorrentOfMolasses_20260714_2a.mov,CTD_AI_BMF_TorrentOfMolasses,102,Boston Molasses Flood,2026-07-14,WS,,Y,,Y,,,
CTD_AI_BMF_TorrentOfMolasses_20260714_2b.mov,CTD_AI_BMF_TorrentOfMolasses,102,Boston Molasses Flood,2026-07-14,WS,,Y,,Y,,,
CTD_AI_BMF_TorrentOfMolasses_20260714_3a.mov,CTD_AI_BMF_TorrentOfMolasses,102,Boston Molasses Flood,2026-07-14,WS,,Y,,Y,,,
CTD_AI_BMF_TorrentOfMolasses_20260714_3b.mov,CTD_AI_BMF_TorrentOfMolasses,102,Boston Molasses Flood,2026-07-14,WS,,Y,,Y,,,
CTD_AI_BMF_TorrentOfMolasses_20260714_3c.mov,CTD_AI_BMF_TorrentOfMolasses,102,Boston Molasses Flood,2026-07-14,WS,,Y,,Y,,,
CTD_AI_BMF_TorrentOfMolasses_20260714_4a.mov,CTD_AI_BMF_TorrentOfMolasses,102,Boston Molasses Flood,2026-07-14,WS,,Y,,Y,,,
CTD_AI_BMF_TorrentOfMolasses_20260714_5a.mov,CTD_AI_BMF_TorrentOfMolasses,102,Boston Molasses Flood,2026-07-14,WS,,Y,,Y,,,
CTD_AI_BMF_TorrentOfMolasses_20260714_5b.mov,CTD_AI_BMF_TorrentOfMolasses,102,Boston Molasses Flood,2026-07-14,WS,,Y,,Y,,,
CTD_AI_BMF_TorrentOfMolasses_20260714_5c.mov,CTD_AI_BMF_TorrentOfMolasses,102,Boston Molasses Flood,2026-07-14,WS,,Y,,Y,,,
CTD_AI_BMF_TorrentOfMolasses_20260714_5d.mov,CTD_AI_BMF_TorrentOfMolasses,102,Boston Molasses Flood,2026-07-14,WS,,Y,,Y,,,
CTD_AI_BMF_TorrentOfMolasses_20260714_6a.mov,CTD_AI_BMF_TorrentOfMolasses,102,Boston Molasses Flood,2026-07-14,WS,,Y,,Y,,,
CTD_AI_BMF_TorrentOfMolasses_20260714_6b.mov,CTD_AI_BMF_TorrentOfMolasses,102,Boston Molasses Flood,2026-07-14,WS,,Y,,Y,,,
CTD_AI_BMF_TorrentOfMolasses_20260714_6c.mov,CTD_AI_BMF_TorrentOfMolasses,102,Boston Molasses Flood,2026-07-14,WS,,Y,,Y,,,
CTD_AI_BMF_TorrentOfMolasses_20260714_6d.mov,CTD_AI_BMF_TorrentOfMolasses,102,Boston Molasses Flood,2026-07-14,WS,,Y,,Y,,,
CTD_AI_BMF_TorrentOfMolasses_20260714_6e.mov,CTD_AI_BMF_TorrentOfMolasses,102,Boston Molasses Flood,2026-07-14,WS,,Y,,Y,,,
CTD_AI_BMF_TorrentOfMolasses_20260714_6f.mov,CTD_AI_BMF_TorrentOfMolasses,102,Boston Molasses Flood,2026-07-14,WS,,Y,,Y,,,
CTD_AI_BMF_ImposingTank01_20260715_1a.mov,CTD_AI_BMF_ImposingTank01,102,Boston Molasses Flood,2026-07-15,WS,Chat GPT; Krea,Y,,Y,,,
CTD_AI_BMF_ImposingTank01_20260715_2a.mov,CTD_AI_BMF_ImposingTank01,102,Boston Molasses Flood,2026-07-15,WS,Chat GPT; Krea,Y,,Y,,,
CTD_AI_BMF_MolassesPumpedIn_20260715_1a.mov,CTD_AI_BMF_MolassesPumpedIn,102,Boston Molasses Flood,2026-07-15,WS,Chat GPT; Krea,Y,,Y,,,
CTD_AI_BMF_RivetsLoosen_20260715_1a.mov,CTD_AI_BMF_RivetsLoosen,102,Boston Molasses Flood,2026-07-15,WS,Chat GPT; Krea,Y,,Y,,,
CTD_AI_BMF_RivetsLoosen_20260715_1b.mov,CTD_AI_BMF_RivetsLoosen,102,Boston Molasses Flood,2026-07-15,WS,Chat GPT; Krea,Y,,Y,,,
CTD_AI_BMF_RivetsLoosen_20260715_1c.mov,CTD_AI_BMF_RivetsLoosen,102,Boston Molasses Flood,2026-07-15,WS,Chat GPT; Krea,Y,,Y,,,
CTD_AI_BMF_TankRupturesPOV_20260715_1a.mov,CTD_AI_BMF_TankRuptures,102,Boston Molasses Flood,2026-07-15,WS,Chat GPT; Krea,Y,,Y,,,
CTD_AI_BMF_TankRupturesPOV_20260715_1b.mov,CTD_AI_BMF_TankRuptures,102,Boston Molasses Flood,2026-07-15,WS,Chat GPT; Krea,Y,,Y,,,
CTD_AI_BMF_TankRupturesPOV_20260715_1c.mov,CTD_AI_BMF_TankRuptures,102,Boston Molasses Flood,2026-07-15,WS,Chat GPT; Krea,Y,,Y,,,
CTD_AI_BMF_TankRupturesPOV_20260715_1d.mov,CTD_AI_BMF_TankRuptures,102,Boston Molasses Flood,2026-07-15,WS,Chat GPT; Krea,Y,,Y,,,
CTD_AI_BMF_TankRupturesPOV_20260715_1e.mov,CTD_AI_BMF_TankRuptures,102,Boston Molasses Flood,2026-07-15,WS,Chat GPT; Krea,Y,,Y,,,
CTD_AI_BMF_TankRupturesPOV_20260715_1f.mov,CTD_AI_BMF_TankRuptures,102,Boston Molasses Flood,2026-07-15,WS,Chat GPT; Krea,Y,,Y,,,
CTD_AI_BMF_TankRupturesPOV_20260715_1g.mov,CTD_AI_BMF_TankRuptures,102,Boston Molasses Flood,2026-07-15,WS,Chat GPT; Krea,Y,,Y,,,
CTD_AI_BMF_TankRupturesPOV_20260715_1h.mov,CTD_AI_BMF_TankRuptures,102,Boston Molasses Flood,2026-07-15,WS,Chat GPT; Krea,Y,,Y,,,
CTD_AI_BMF_TankRuptures_20260715_1a.mov,CTD_AI_BMF_TankRuptures,102,Boston Molasses Flood,2026-07-15,WS,Chat GPT; Krea,Y,,Y,,,
CTD_AI_BMF_TankRuptures_20260715_1b.mov,CTD_AI_BMF_TankRuptures,102,Boston Molasses Flood,2026-07-15,WS,Chat GPT; Krea,Y,,Y,,,
CTD_AI_BMF_TankRuptures_20260715_1c.mov,CTD_AI_BMF_TankRuptures,102,Boston Molasses Flood,2026-07-15,WS,Chat GPT; Krea,Y,,Y,,,
CTD_AI_BMF_TankRuptures_20260715_2a.mov,CTD_AI_BMF_TankRuptures,102,Boston Molasses Flood,2026-07-15,WS,Chat GPT; Krea,Y,,Y,,,
CTD_AI_OTI_PolarPrinceAtSea_20260716_1a.mov,CTD_AI_OTI_PolarPrinceAtSea,102,OceanGate Titan Implosion,2026-07-16,WS,,,,Y,,,
CTD_AI_OTI_PolarPrinceBow_20260716_1a.mov,CTD_AI_OTI_PolarPrinceBow,102,OceanGate Titan Implosion,2026-07-16,WS,,,,Y,,,
CTD_AI_OTI_PolarPrinceBow_20260716_1b.mov,CTD_AI_OTI_PolarPrinceBow,102,OceanGate Titan Implosion,2026-07-16,WS,,,,Y,,,
CTD_AI_OTI_PolarPrinceSearch_20260716_1a.mov,CTD_AI_OTI_PolarPrinceSearch,102,OceanGate Titan Implosion,2026-07-16,WS,,,Re-spin Completed,Y,,,
CTD_AI_OTI_PolarPrinceSearch_20260716_2a.mov,CTD_AI_OTI_PolarPrinceSearch,102,OceanGate Titan Implosion,2026-07-16,WS,,,,Y,,,
CTD_AI_OTI_TITAN_INTRO1_20260716_1a.mov,CTD_AI_OTI_TITAN_INTRO1,102,OceanGate Titan Implosion,2026-07-16,WS,,Y,Re-spin Completed,Y,,,
CTD_AI_OTI_TITAN_INTRO1_20260716_1b.mov,CTD_AI_OTI_TITAN_INTRO1,102,OceanGate Titan Implosion,2026-07-16,WS,,Y,,Y,,,
CTD_AI_OTI_TITAN_INTRO1_20260716_1c.mov,CTD_AI_OTI_TITAN_INTRO1,102,OceanGate Titan Implosion,2026-07-16,WS,,Y,,Y,,,
CTD_AI_OTI_TITAN_INTRO1_20260716_2a.mov,CTD_AI_OTI_TITAN_INTRO1,102,OceanGate Titan Implosion,2026-07-16,WS,,Y,,Y,,,
CTD_AI_OTI_TITAN_INTRO1_20260716_2b.mov,CTD_AI_OTI_TITAN_INTRO1,102,OceanGate Titan Implosion,2026-07-16,WS,,Y,,Y,,,
CTD_AI_OTI_TitanDescends_20260716_1a.mov,CTD_AI_OTI_DescentIntoDarkness,102,OceanGate Titan Implosion,2026-07-16,WS,,Y,,Y,,,
CTD_AI_OTI_TitanDescends_20260716_1b.mov,CTD_AI_OTI_DescentIntoDarkness,102,OceanGate Titan Implosion,2026-07-16,WS,,Y,,Y,,,
CTD_AI_OTI_HandBracing_20260717_1a.mov,CTD_AI_OTI_TitanShudders,102,OceanGate Titan Implosion,2026-07-17,WS,Krea; Chat GPT,Y,,Y,,,
CTD_AI_OTI_HandBracing_20260717_1b.mov,CTD_AI_OTI_TitanShudders,102,OceanGate Titan Implosion,2026-07-17,WS,Krea; Chat GPT,Y,,Y,,,
CTD_AI_OTI_HandBracing_20260717_1c.mov,CTD_AI_OTI_TitanShudders,102,OceanGate Titan Implosion,2026-07-17,WS,Krea; Chat GPT,Y,,Y,,,
CTD_AI_OTI_TITAN_HULL2_20260717_1a.mov,CTD_AI_OTI_TITAN_HULL2,102,OceanGate Titan Implosion,2026-07-17,WS,Krea; Chat GPT,Y,,Y,,,
CTD_AI_OTI_TITAN_HULL2_20260717_1b.mov,CTD_AI_OTI_TITAN_HULL2,102,OceanGate Titan Implosion,2026-07-17,WS,Krea; Chat GPT,Y,,Y,,,
CTD_AI_OTI_TITAN_INTRO2_20260717_1a.mov,CTD_AI_OTI_TITAN_INTRO2,102,OceanGate Titan Implosion,2026-07-17,WS,Krea; Chat GPT,Y,,Y,,,
CTD_AI_OTI_TITAN_INTRO2_20260717_1b.mov,CTD_AI_OTI_TITAN_INTRO2,102,OceanGate Titan Implosion,2026-07-17,WS,Krea; Chat GPT,Y,,Y,,,
CTD_AI_OTI_TITAN_INTRO2_20260717_1c.mov,CTD_AI_OTI_TITAN_INTRO2,102,OceanGate Titan Implosion,2026-07-17,WS,Krea; Chat GPT,Y,,Y,,,
CTD_AI_OTI_TITAN_LAUNCH1_20260717_1a.mov,CTD_AI_OTI_TITAN_LAUNCH1,102,OceanGate Titan Implosion,2026-07-17,WS,Krea; Chat GPT,Y,,Y,,,
CTD_AI_OTI_TITAN_LAUNCH1_20260717_1b.mov,CTD_AI_OTI_TITAN_LAUNCH1,102,OceanGate Titan Implosion,2026-07-17,WS,Krea; Chat GPT,Y,,Y,,,
CTD_AI_OTI_TITAN_LAUNCH1_20260717_2a.mov,CTD_AI_OTI_TITAN_LAUNCH1,102,OceanGate Titan Implosion,2026-07-17,WS,Krea; Chat GPT,Y,,Y,,,
CTD_AI_OTI_TitanDebris1_20260717_1a.mov,CTD_AI_OTI_TitanDebris1,102,OceanGate Titan Implosion,2026-07-17,WS,Krea; Chat GPT,Y,,Y,,,
CTD_AI_OTI_TitanDebris1_20260717_1b.mov,CTD_AI_OTI_TitanDebris1,102,OceanGate Titan Implosion,2026-07-17,WS,Krea; Chat GPT,Y,,Y,,,
CTD_AI_OTI_TitanDebris1_20260717_2a.mov,CTD_AI_OTI_TitanDebris1,102,OceanGate Titan Implosion,2026-07-17,WS,Krea; Chat GPT,Y,,Y,,,
CTD_AI_OTI_TitanDebris1_20260717_2b.mov,CTD_AI_OTI_TitanDebris1,102,OceanGate Titan Implosion,2026-07-17,WS,Krea; Chat GPT,Y,,Y,,,
CTD_AI_OTI_TitanDebris1_20260717_3a.mov,CTD_AI_OTI_TitanDebris1,102,OceanGate Titan Implosion,2026-07-17,WS,Krea; Chat GPT,Y,,Y,,,
CTD_AI_OTI_TitanDebris1_20260717_3b.mov,CTD_AI_OTI_TitanDebris1,102,OceanGate Titan Implosion,2026-07-17,WS,Krea; Chat GPT,Y,,Y,,,
CTD_AI_OTI_TitanDescends_20260717_1a.mov,CTD_AI_OTI_DescentIntoDarkness,102,OceanGate Titan Implosion,2026-07-17,WS,Krea; Chat GPT,Y,,Y,,,
CTD_AI_OTI_TitanDescends_20260717_2a.mov,CTD_AI_OTI_DescentIntoDarkness,102,OceanGate Titan Implosion,2026-07-17,WS,Krea; Chat GPT,Y,Re-spin Completed,Y,,,
CTD_AI_OTI_TitanDescends_20260717_2b.mov,CTD_AI_OTI_DescentIntoDarkness,102,OceanGate Titan Implosion,2026-07-17,WS,Krea; Chat GPT,Y,,Y,,,
CTD_AI_OTI_TitanUnderwater2_20260717_1a.mov,CTD_AI_OTI_TITAN_UNDERWATER2,102,OceanGate Titan Implosion,2026-07-17,WS,Krea; Chat GPT,Y,,Y,,,
CTD_AI_OTI_TitanUnderwater2_20260717_1b.mov,CTD_AI_OTI_TITAN_UNDERWATER2,102,OceanGate Titan Implosion,2026-07-17,WS,Krea; Chat GPT,Y,,Y,,,
CTD_AI_OTI_TitanUnderwater2_20260717_1c.mov,CTD_AI_OTI_TITAN_UNDERWATER2,102,OceanGate Titan Implosion,2026-07-17,WS,Krea; Chat GPT,Y,,Y,,,
CTD_AI_OTI_TitanUnderwater2_20260717_2a.mov,CTD_AI_OTI_TITAN_UNDERWATER2,102,OceanGate Titan Implosion,2026-07-17,WS,Krea; Chat GPT,Y,,Y,,,
CTD_AI_OTI_Titanondeck_20260717_1a.mov,CTD_AI_OTI_TITAN_INTERIOR1,102,OceanGate Titan Implosion,2026-07-17,WS,Krea; Chat GPT,Y,,Y,,,
CTD_AI_OTI_Titanondeck_20260717_1b.mov,CTD_AI_OTI_TITAN_INTERIOR1,102,OceanGate Titan Implosion,2026-07-17,WS,Krea; Chat GPT,Y,,Y,,,
CTD_AI_OTI_Titanondeck_20260717_1c.mov,CTD_AI_OTI_TITAN_INTERIOR1,102,OceanGate Titan Implosion,2026-07-17,WS,Krea; Chat GPT,Y,,Y,,,
CTD_AI_OTI_Titanondeck_20260717_1d.mov,CTD_AI_OTI_TITAN_INTERIOR1,102,OceanGate Titan Implosion,2026-07-17,WS,Krea; Chat GPT,Y,,Y,,,
CTD_AI_OTI_Titanondeck_20260717_1e.mov,CTD_AI_OTI_TITAN_INTERIOR1,102,OceanGate Titan Implosion,2026-07-17,WS,Krea; Chat GPT,Y,,Y,,,
CTD_AI_PAO_BollandsBlast_20260720_RESPIN.mov,CTD_AI_PAO_BollandsBlast,102,Piper Alpha Oil Rig Disaster,2026-07-20,JJ,Krea; Chat GPT,Y,,Y,,,
CTD_AI_PAO_BoltingBlindFlange2a_20260720_RESPIN.mov,CTD_AI_PAO_BoltingBlindFlange2,102,Piper Alpha Oil Rig Disaster,2026-07-20,JJ,Krea; Chat GPT,Y,,Y,,,
CTD_AI_PAO_BoltingBlindFlange2b_20260720_RESPIN.mov,CTD_AI_PAO_BoltingBlindFlange2,102,Piper Alpha Oil Rig Disaster,2026-07-20,JJ,Krea; Chat GPT,Y,,Y,,,
CTD_AI_PAO_BoltingBlindFlange2c_20260720_RESPIN.mov,CTD_AI_PAO_BoltingBlindFlange2,102,Piper Alpha Oil Rig Disaster,2026-07-20,JJ,Krea; Chat GPT,Y,Re-spin Completed,Y,,,
CTD_AI_PAO_BoltingBlindFlange2d_20260720_RESPIN.mov,CTD_AI_PAO_BoltingBlindFlange2,102,Piper Alpha Oil Rig Disaster,2026-07-20,JJ,Krea; Chat GPT,Y,Re-spin Requested,Y,,,
CTD_AI_PAO_BoltingBlindFlange_20260720_RESPIN.mov,CTD_AI_PAO_BoltingBlindFlange1,102,Piper Alpha Oil Rig Disaster,2026-07-20,JJ,Krea; Chat GPT,Y,Re-spin Completed,Y,,,
CTD_AI_PAO_CafeteriaBurns2_20260615_RESPIN.mov,CTD_AI_PAO_CafeteriaBurns2,102,Piper Alpha Oil Rig Disaster,2026-07-20,JJ,Krea; Chat GPT,Y,,Y,,,
CTD_AI_PAO_PiperAlphaExplodes_20260720_RESPIN_A.mov,CTD_AI_PAO_PiperAlphaExplodes,102,Piper Alpha Oil Rig Disaster,2026-07-20,JJ,Krea; Chat GPT,Y,Re-spin Requested,Y,,,
CTD_AI_PAO_PiperAlphaExplodes_20260720_RESPIN_B.mov,CTD_AI_PAO_PiperAlphaExplodes,102,Piper Alpha Oil Rig Disaster,2026-07-20,JJ,Krea; Chat GPT,Y,Re-spin Requested,Y,Y,,
CTD_AI_PAO_PiperAlphaExplodes_20260720_RESPIN_C.mov,CTD_AI_PAO_PiperAlphaExplodes,102,Piper Alpha Oil Rig Disaster,2026-07-20,JJ,Krea; Chat GPT,Y,,Y,,,
CTD_AI_PAO_PiperAlphaExplodes_20260720_RESPIN_D.mov,CTD_AI_PAO_PiperAlphaExplodes,102,Piper Alpha Oil Rig Disaster,2026-07-20,JJ,Krea; Chat GPT,Y,,Y,,,
CTD_AI_PAO_PiperAlphaExplodes_20260720_RESPIN_E.mov,CTD_AI_PAO_PiperAlphaExplodes,102,Piper Alpha Oil Rig Disaster,2026-07-20,JJ,Krea; Chat GPT,Y,Re-spin Requested,Y,,,
CTD_AI_BMF_BostonWarming01_202607021_1a.mov,CTD_AI_BMF_BostonWarming01,102,Boston Molasses Flood,2026-07-21,Marty,Krea; Chat GPT,Y,,Y,,,
CTD_AI_BMF_BostonWarming01_202607021_1b_CU.mov,CTD_AI_BMF_BostonWarming01,102,Boston Molasses Flood,2026-07-21,Marty,Krea; Chat GPT,Y,,Y,,,
CTD_AI_BMF_BostonWarming02_202607021_1a.mov,CTD_AI_BMF_BostonWarming02,102,Boston Molasses Flood,2026-07-21,Marty,Krea; Chat GPT,Y,Re-spin Completed,Y,,,
CTD_AI_BMF_BostonWarming02_202607021_1b.mov,CTD_AI_BMF_BostonWarming02,102,Boston Molasses Flood,2026-07-21,Marty,Krea; Chat GPT,Y,,Y,,,
CTD_AI_BMF_BostonWarming02_202607021_1c.mov,CTD_AI_BMF_BostonWarming02,102,Boston Molasses Flood,2026-07-21,Marty,Krea; Chat GPT,Y,,Y,,,
CTD_AI_BMF_InsideTankFilled_20260721_1a.mov,CTD_AI_BMF_InsideTankFilled,102,Boston Molasses Flood,2026-07-21,WS,Krea; Chat GPT,Y,,Y,,,
CTD_AI_BMF_InsideTankFilled_20260721_1b.mov,CTD_AI_BMF_InsideTankFilled,102,Boston Molasses Flood,2026-07-21,WS,Krea; Chat GPT,Y,,Y,,,
CTD_AI_BMF_InsideTankFilled_20260721_1c.mov,CTD_AI_BMF_InsideTankFilled,102,Boston Molasses Flood,2026-07-21,WS,Krea; Chat GPT,Y,,Y,,,
CTD_AI_BMF_MolassesBubblesBig_202607021_1a.mov,CTD_AI_BMF_MolassesBubblesBig,102,Boston Molasses Flood,2026-07-21,Marty,Krea; Chat GPT,Y,,Y,,,
CTD_AI_BMF_MolassesBubblesBig_202607021_1b.mov,CTD_AI_BMF_MolassesBubblesBig,102,Boston Molasses Flood,2026-07-21,Marty,Krea; Chat GPT,Y,,Y,,,
CTD_AI_BMF_TankNeighbourhood02_20260721_1a.mov,CTD_AI_BMF_TankNeighbourhood02,102,Boston Molasses Flood,2026-07-21,WS,Krea; Chat GPT,Y,,Y,,,
CTD_AI_BMF_TankNeighbourhood02_20260721_1b.mov,CTD_AI_BMF_TankNeighbourhood02,102,Boston Molasses Flood,2026-07-21,WS,Krea; Chat GPT,Y,,Y,,,
CTD_AI_BMF_TankNeighbourhood02_20260721_1c.mov,CTD_AI_BMF_TankNeighbourhood02,102,Boston Molasses Flood,2026-07-21,WS,Krea; Chat GPT,Y,,Y,,,
CTD_AI_BMF_TankNeighbourhood03_20260721_1a.mov,CTD_AI_BMF_TankNeighbourhood03,102,Boston Molasses Flood,2026-07-21,WS,Krea; Chat GPT,Y,,Y,,,
CTD_AI_BMF_TrolleyComingAtIsaac_202607021_1a.mov,CTD_AI_BMF_TrolleyComingAtIsaac,102,Boston Molasses Flood,2026-07-21,Marty,Krea; Chat GPT,Y,,Y,,,
CTD_AI_BMF_TrolleyComingAtIsaac_202607021_1b.mov,CTD_AI_BMF_TrolleyComingAtIsaac,102,Boston Molasses Flood,2026-07-21,Marty,Krea; Chat GPT,Y,,Y,,,
CTD_AI_BMF_TrolleyComingAtIsaac_202607021_1c.mov,CTD_AI_BMF_TrolleyComingAtIsaac,102,Boston Molasses Flood,2026-07-21,Marty,Krea; Chat GPT,Y,,Y,,,
CTD_AI_BMF_TrolleyComingAtIsaac_202607021_1d.mov,CTD_AI_BMF_TrolleyComingAtIsaac,102,Boston Molasses Flood,2026-07-21,Marty,Krea; Chat GPT,Y,,Y,,,
CTD_AI_OTI_HandBracing_20260721_1a.mov,CTD_AI_OTI_TitanShudders,102,OceanGate Titan Implosion,2026-07-21,WS,Krea; Chat GPT,Y,,Y,,,
CTD_AI_OTI_HandBracing_20260721_1b.mov,CTD_AI_OTI_TitanShudders,102,OceanGate Titan Implosion,2026-07-21,WS,Krea; Chat GPT,Y,Re-spin Completed,Y,,,
CTD_AI_PAO_DavidLooksAtRig_20260721_RESPIN.mov,CTD_AI_PAO_DavidLooksAtRig,102,Piper Alpha Oil Rig Disaster,2026-07-21,JJ,Krea; Chat GPT,Y,,Y,,,
CTD_AI_PAO_DavidLooksAtWater_20260721_RESPIN.mov,CTD_AI_PAO_DavidLooksAtWater,102,Piper Alpha Oil Rig Disaster,2026-07-21,JJ,Krea; Chat GPT,Y,Re-spin Completed,Y,,,
CTD_AI_PAO_FinalCollapse_20260721_1A_RESPIN.mov,CTD_AI_PAO_FinalCollapse,102,Piper Alpha Oil Rig Disaster,2026-07-21,JJ,Krea; Chat GPT,Y,Re-spin Completed,Y,,,
CTD_AI_PAO_FireConsumesRadio_20260721_RESPIN.mov,CTD_AI_PAO_FireConsumesRadio,102,Piper Alpha Oil Rig Disaster,2026-07-21,JJ,Krea; Chat GPT,Y,,Y,,,
CTD_AI_PAO_FireConsumesRadio_2_20260721_RESPIN.mov,CTD_AI_PAO_FireConsumesRadio,102,Piper Alpha Oil Rig Disaster,2026-07-21,JJ,Krea; Chat GPT,Y,Re-spin Requested,Y,Y,,
CTD_AI_PAO_KinradeToHelipad_20260721_RESPIN.mov,CTD_AI_PAO_KinradeToHelipad,102,Piper Alpha Oil Rig Disaster,2026-07-21,JJ,Krea; Chat GPT,Y,Re-spin Completed,Y,,,
CTD_AI_TAD_HandOnThrottle_20260721_1a.mov,CTD_AI_TAD_HandOnThrottle,102,Tenerife Airport Disaster,2026-07-21,WS,Krea; Chat GPT,Y,,Y,,,
CTD_AI_TAD_HandOnThrottle_20260721_1b.mov,CTD_AI_TAD_HandOnThrottle,102,Tenerife Airport Disaster,2026-07-21,WS,Krea; Chat GPT,Y,,Y,,,
CTD_AI_TAD_KLMFlightTaxis_20260721_1a.mov,CTD_AI_TAD_KLMFlightTaxis,102,Tenerife Airport Disaster,2026-07-21,WS,Krea; Chat GPT,Y,,Y,,,
CTD_AI_TAD_KLMFlightTaxis_20260721_2a.mov,CTD_AI_TAD_KLMFlightTaxis,102,Tenerife Airport Disaster,2026-07-21,WS,Krea; Chat GPT,Y,,Y,,,
CTD_AI_TAD_KLMFlightTaxis_20260721_2b.mov,CTD_AI_TAD_KLMFlightTaxis,102,Tenerife Airport Disaster,2026-07-21,WS,Krea; Chat GPT,Y,,Y,,,
CTD_AI_TAD_KLMFlightTaxis_20260721_2c.mov,CTD_AI_TAD_KLMFlightTaxis,102,Tenerife Airport Disaster,2026-07-21,WS,Krea; Chat GPT,Y,,Y,,,
CTD_AI_TAD_KLMFlightTaxis_20260721_3a.mov,CTD_AI_TAD_KLMFlightTaxis,102,Tenerife Airport Disaster,2026-07-21,WS,Krea; Chat GPT,Y,,Y,,,
CTD_AI_TAD_PanAmBehindKLM_20260721_1a.mov,CTD_AI_TAD_PanAmBehindKLM,102,Tenerife Airport Disaster,2026-07-21,WS,Krea; Chat GPT,Y,,Y,,,
CTD_AI_TAD_PanAmBehindKLM_20260721_2a.mov,CTD_AI_TAD_PanAmBehindKLM,102,Tenerife Airport Disaster,2026-07-21,WS,Krea; Chat GPT,Y,,Y,,,
CTD_AI_TAD_PanAmBehindKLM_20260721_2b.mov,CTD_AI_TAD_PanAmBehindKLM,102,Tenerife Airport Disaster,2026-07-21,WS,Krea; Chat GPT,Y,,Y,,,
CTD_AI_TAD_PanAmBehindKLM_20260721_2c.mov,CTD_AI_TAD_PanAmBehindKLM,102,Tenerife Airport Disaster,2026-07-21,WS,Krea; Chat GPT,Y,,Y,,,
CTD_AI_TAD_PanAmBehindKLM_20260721_2d.mov,CTD_AI_TAD_PanAmBehindKLM,102,Tenerife Airport Disaster,2026-07-21,WS,Krea; Chat GPT,Y,,Y,,,
CTD_AI_TAD_PanAmBehindKLM_20260721_2e.mov,CTD_AI_TAD_PanAmBehindKLM,102,Tenerife Airport Disaster,2026-07-21,WS,Krea; Chat GPT,Y,,Y,,,
CTD_AI_TAD_PanAmBehindKLM_20260721_3a.mov,CTD_AI_TAD_PanAmBehindKLM,102,Tenerife Airport Disaster,2026-07-21,WS,Krea; Chat GPT,Y,,Y,,,
CTD_AI_TAD_PanAmBehindKLM_20260721_3b.mov,CTD_AI_TAD_PanAmBehindKLM,102,Tenerife Airport Disaster,2026-07-21,WS,Krea; Chat GPT,Y,,Y,,,
CTD_AI_TAD_PanAmBehindKLM_20260721_4a.mov,CTD_AI_TAD_PanAmBehindKLM,102,Tenerife Airport Disaster,2026-07-21,WS,Krea; Chat GPT,Y,,Y,,,
CTD_AI_TAD_PanAmBehindKLM_20260721_4b.mov,CTD_AI_TAD_PanAmBehindKLM,102,Tenerife Airport Disaster,2026-07-21,WS,Krea; Chat GPT,Y,,Y,,,
CTD_AI_PAO_Alarm01_20260722.mov,CTD_AI_PAO_Alarm01,102,Piper Alpha Oil Rig Disaster,2026-07-22,JJ,Krea; Chat GPT,,Re-spin Completed,Y,,,
CTD_AI_PAO_Alarm02_20260722.mov,CTD_AI_PAO_Alarm02,102,Piper Alpha Oil Rig Disaster,2026-07-22,JJ,Krea; Chat GPT,,,Y,,,
CTD_AI_PAO_Alarm03_20260722.mov,CTD_AI_PAO_Alarm03,102,Piper Alpha Oil Rig Disaster,2026-07-22,JJ,Krea; Chat GPT,,,Y,,,
CTD_AI_PAO_BollandsEscapes2_20260722.mov,CTD_AI_PAO_BollandsEscapes2,102,Piper Alpha Oil Rig Disaster,2026-07-22,JJ,Krea; Chat GPT,,,Y,,,
CTD_AI_PAO_BollandsRope_20260722_1.mov,CTD_AI_PAO_BollandsRope,102,Piper Alpha Oil Rig Disaster,2026-07-22,JJ,Krea; Chat GPT,,,Y,,,
CTD_AI_PAO_BollandsRope_20260722_2.mov,CTD_AI_PAO_BollandsRope,102,Piper Alpha Oil Rig Disaster,2026-07-22,JJ,Krea; Chat GPT,,,Y,,,
CTD_AI_PAO_CoffeeCup_20260722.mov,CTD_AI_PAO_CoffeeCup,102,Piper Alpha Oil Rig Disaster,2026-07-22,JJ,Krea; Chat GPT,,,Y,,,
CTD_AI_PAO_FeetRunningToCafeteria_20260722_1.mov,CTD_AI_PAO_FeetRunningToCafeteria,102,Piper Alpha Oil Rig Disaster,2026-07-22,JJ,Krea; Chat GPT,,,Y,,,
CTD_AI_PAO_FeetRunningToCafeteria_20260722_2.mov,CTD_AI_PAO_FeetRunningToCafeteria,102,Piper Alpha Oil Rig Disaster,2026-07-22,JJ,Krea; Chat GPT,,,Y,,,
CTD_AI_PAO_FireEntersRadioRoom_20260722_01A.mov,CTD_AI_PAO_FireEntersRadioRoom01,102,Piper Alpha Oil Rig Disaster,2026-07-22,JJ,Krea; Chat GPT,,,Y,,,
CTD_AI_PAO_FireEntersRadioRoom_20260722_01B.mov,CTD_AI_PAO_FireEntersRadioRoom01,102,Piper Alpha Oil Rig Disaster,2026-07-22,JJ,Krea; Chat GPT,,,Y,,,
CTD_AI_PAO_FireEntersRadioRoom_20260722_01C.mov,CTD_AI_PAO_FireEntersRadioRoom01,102,Piper Alpha Oil Rig Disaster,2026-07-22,JJ,Krea; Chat GPT,,,Y,,,
CTD_AI_PAO_FireEntersRadioRoom_20260722_02A.mov,CTD_AI_PAO_FireEntersRadioRoom02,102,Piper Alpha Oil Rig Disaster,2026-07-22,JJ,Krea; Chat GPT,,,Y,,,
CTD_AI_PAO_FireEntersRadioRoom_20260722_02B.mov,CTD_AI_PAO_FireEntersRadioRoom02,102,Piper Alpha Oil Rig Disaster,2026-07-22,JJ,Krea; Chat GPT,,,Y,,,
CTD_AI_PAO_FirstExplosion_20260722_01.mov,CTD_AI_PAO_FirstExplosion01,102,Piper Alpha Oil Rig Disaster,2026-07-22,JJ,Krea; Chat GPT,,,Y,,,
CTD_AI_TAD_FlowerShopExplosion_20260722_1a.mov,CTD_AI_TAD_FlowerShopExplosion,102,Tenerife Airport Disaster,2026-07-22,WS,,Y,,Y,,,
CTD_AI_TAD_FlowerShopExplosion_20260722_2a.mov,CTD_AI_TAD_FlowerShopExplosion,102,Tenerife Airport Disaster,2026-07-22,WS,,Y,,Y,,,
CTD_AI_TAD_FlowerShopExplosion_20260722_2b.mov,CTD_AI_TAD_FlowerShopExplosion,102,Tenerife Airport Disaster,2026-07-22,WS,,Y,,Y,,,
CTD_AI_TAD_FlowerShopExplosion_20260722_2c.mov,CTD_AI_TAD_FlowerShopExplosion,102,Tenerife Airport Disaster,2026-07-22,WS,,Y,,Y,,,
CTD_AI_TAD_FlowerShopExplosion_20260722_3a.mov,CTD_AI_TAD_FlowerShopExplosion,102,Tenerife Airport Disaster,2026-07-22,WS,,Y,,Y,,,
CTD_AI_TAD_FlowerShopExplosion_20260722_3c.mov,CTD_AI_TAD_FlowerShopExplosion,102,Tenerife Airport Disaster,2026-07-22,WS,,Y,,Y,,,
CTD_AI_TAD_FlowerShopExplosion_20260722_4a.mov,CTD_AI_TAD_FlowerShopExplosion,102,Tenerife Airport Disaster,2026-07-22,WS,,Y,,Y,,,
CTD_AI_TAD_FlowerShopExplosion_20260722_5a.mov,CTD_AI_TAD_FlowerShopExplosion,102,Tenerife Airport Disaster,2026-07-22,WS,,Y,,Y,,,
CTD_AI_TAD_FlowerShopExplosion_20260722_5b.mov,CTD_AI_TAD_FlowerShopExplosion,102,Tenerife Airport Disaster,2026-07-22,WS,,Y,,Y,,,
CTD_AI_TAD_FlowerShopExplosion_20260722_5c.mov,CTD_AI_TAD_FlowerShopExplosion,102,Tenerife Airport Disaster,2026-07-22,WS,,Y,,Y,,,
CTD_AI_TAD_FlowerShopExplosion_20260722_6a.mov,CTD_AI_TAD_FlowerShopExplosion,102,Tenerife Airport Disaster,2026-07-22,WS,,Y,,Y,,,
CTD_AI_TAD_FlowerShopExplosion_20260722_6b.mov,CTD_AI_TAD_FlowerShopExplosion,102,Tenerife Airport Disaster,2026-07-22,WS,,Y,,Y,,,
CTD_AI_TAD_FlowerShopExplosion_20260722_7a.mov,CTD_AI_TAD_FlowerShopExplosion,102,Tenerife Airport Disaster,2026-07-22,WS,,Y,,Y,,,
CTD_AI_TAD_KLMTakeoffPosition_20260722_1a.mov,CTD_AI_TAD_KLMTakeoffPosition,102,Tenerife Airport Disaster,2026-07-22,WS,,Y,,Y,,,
CTD_AI_TAD_KLMTakeoffPosition_20260722_1b.mov,CTD_AI_TAD_KLMTakeoffPosition,102,Tenerife Airport Disaster,2026-07-22,WS,,Y,,Y,,,
CTD_AI_TAD_KLMTakeoffPosition_20260722_1c.mov,CTD_AI_TAD_KLMTakeoffPosition,102,Tenerife Airport Disaster,2026-07-22,WS,,Y,,Y,,,
CTD_AI_TAD_KLMTakeoffPosition_20260722_2a.mov,CTD_AI_TAD_KLMTakeoffPosition,102,Tenerife Airport Disaster,2026-07-22,WS,,Y,,Y,,,
CTD_AI_TAD_KLMTakeoffPosition_20260722_3a.mov,CTD_AI_TAD_KLMTakeoffPosition,102,Tenerife Airport Disaster,2026-07-22,WS,,Y,,Y,,,
CTD_AI_TAD_KLMTakeoffPosition_20260722_3b.mov,CTD_AI_TAD_KLMTakeoffPosition,102,Tenerife Airport Disaster,2026-07-22,WS,,Y,,Y,,,
CTD_AI_TAD_KLMTakeoffPosition_20260722_3c.mov,CTD_AI_TAD_KLMTakeoffPosition,102,Tenerife Airport Disaster,2026-07-22,WS,,Y,,Y,,,
CTD_AI_TAD_KLMTakeoffPosition_20260722_3d.mov,CTD_AI_TAD_KLMTakeoffPosition,102,Tenerife Airport Disaster,2026-07-22,WS,,Y,,Y,,,
CTD_AI_TAD_KLMTakeoffPosition_20260722_3e.mov,CTD_AI_TAD_KLMTakeoffPosition,102,Tenerife Airport Disaster,2026-07-22,WS,,Y,,Y,,,
CTD_AI_TAD_TowerBeforeTakeOff01_20260722_1a.mov,CTD_AI_TAD_TowerBeforeTakeOff01,102,Tenerife Airport Disaster,2026-07-22,WS,,Y,,Y,,,
CTD_AI_TAD_TowerBeforeTakeOff01_20260722_1b.mov,CTD_AI_TAD_TowerBeforeTakeOff01,102,Tenerife Airport Disaster,2026-07-22,WS,,Y,,Y,,,
CTD_AI_TAD_TowerBeforeTakeOff01_20260722_1c.mov,CTD_AI_TAD_TowerBeforeTakeOff01,102,Tenerife Airport Disaster,2026-07-22,WS,,Y,,Y,,,
CTD_AI_TAD_TowerBeforeTakeOff01_20260722_2a.mov,CTD_AI_TAD_TowerBeforeTakeOff01,102,Tenerife Airport Disaster,2026-07-22,WS,,Y,,Y,,,
CTD_AI_TAD_TowerBeforeTakeOff01_20260722_2b.mov,CTD_AI_TAD_TowerBeforeTakeOff01,102,Tenerife Airport Disaster,2026-07-22,WS,,Y,,Y,,,
CTD_AI_TAD_TowerBeforeTakeOff01_20260722_3a.mov,CTD_AI_TAD_TowerBeforeTakeOff01,102,Tenerife Airport Disaster,2026-07-22,WS,,Y,,Y,,,
CTD_AI_TAD_TowerBeforeTakeOff01_20260722_3b.mov,CTD_AI_TAD_TowerBeforeTakeOff01,102,Tenerife Airport Disaster,2026-07-22,WS,,Y,,Y,,,
CTD_AI_TAD_TowerBeforeTakeOff01_20260722_4a.mov,CTD_AI_TAD_TowerBeforeTakeOff01,102,Tenerife Airport Disaster,2026-07-22,WS,,Y,,Y,,,
CTD_AI_TAD_TowerBeforeTakeOff01_20260722_4b.mov,CTD_AI_TAD_TowerBeforeTakeOff01,102,Tenerife Airport Disaster,2026-07-22,WS,,Y,,Y,,,
CTD_AI_TAD_TowerBeforeTakeOff01_20260722_4c.mov,CTD_AI_TAD_TowerBeforeTakeOff01,102,Tenerife Airport Disaster,2026-07-22,WS,,Y,,Y,,,
CTD_AI_TAD_TowerBeforeTakeOff01_20260722_4d.mov,CTD_AI_TAD_TowerBeforeTakeOff01,102,Tenerife Airport Disaster,2026-07-22,WS,,Y,,Y,,,
CTD_AI_TAD_TowerCoveredInFog_20260722_1a.mov,CTD_AI_TAD_TowerCoveredInFog,102,Tenerife Airport Disaster,2026-07-22,WS,,Y,,Y,,,
CTD_AI_TAD_TowerCoveredInFog_20260722_1b.mov,CTD_AI_TAD_TowerCoveredInFog,102,Tenerife Airport Disaster,2026-07-22,WS,,Y,,Y,,,
CTD_AI_TAD_TowerCoveredInFog_20260722_1c.mov,CTD_AI_TAD_TowerCoveredInFog,102,Tenerife Airport Disaster,2026-07-22,WS,,Y,,Y,,,
CTD_AI_TAD_TowerCoveredInFog_20260722_2a.mov,CTD_AI_TAD_TowerCoveredInFog,102,Tenerife Airport Disaster,2026-07-22,WS,,Y,,Y,,,
CTD_AI_HKA_FloodComesThroughWindow_20260723_1a.mov,CTD_AI_HKA_FloodComesThroughWindow,102,Hurricane Katrina,2026-07-23,Marty,Krea; Chat GPT,Y,,Y,,,
CTD_AI_HKA_FloodDestroysHouses_20260723_1a.mov,CTD_AI_HKA_FloodDestroysHouses,102,Hurricane Katrina,2026-07-23,Marty,Krea; Chat GPT,Y,,Y,,,
CTD_AI_HKA_FloodDestroysHouses_20260723_1b.mov,CTD_AI_HKA_FloodDestroysHouses,102,Hurricane Katrina,2026-07-23,Marty,Krea; Chat GPT,Y,,Y,,,
CTD_AI_HKA_FloodDestroysHouses_20260723_1c.mov,CTD_AI_HKA_FloodDestroysHouses,102,Hurricane Katrina,2026-07-23,Marty,Krea; Chat GPT,Y,,Y,,,
CTD_AI_HKA_FloodDestroysHouses_20260723_2a.mov,CTD_AI_HKA_FloodDestroysHouses,102,Hurricane Katrina,2026-07-23,Marty,Krea; Chat GPT,Y,,Y,,,
CTD_AI_HKA_FloodDestroysHouses_20260723_2b.mov,CTD_AI_HKA_FloodDestroysHouses,102,Hurricane Katrina,2026-07-23,Marty,Krea; Chat GPT,Y,,Y,,,
CTD_AI_HKA_FloodDestroysHouses_20260723_3a.mov,CTD_AI_HKA_FloodDestroysHouses,102,Hurricane Katrina,2026-07-23,Marty,Krea; Chat GPT,Y,,Y,,,
CTD_AI_HKA_IndustrialCanalFlyover_20260723_1b.mov,CTD_AI_HKA_IndustrialCanalFlyover,102,Hurricane Katrina,2026-07-23,Marty,Krea; Chat GPT,Y,,Y,,,
CTD_AI_HKA_IndustrialCanalFlyover__20260723_1a.mov,CTD_AI_HKA_IndustrialCanalFlyover,102,Hurricane Katrina,2026-07-23,Marty,Krea; Chat GPT,Y,,Y,,,
CTD_AI_HKA_LeveeBreaks_20260723_1a.mov,CTD_AI_HKA_LeveeBreaks,102,Hurricane Katrina,2026-07-23,Marty,Krea; Chat GPT,Y,,Y,,,
CTD_AI_PAO_FirstExplosion_20260723_02.mov,CTD_AI_PAO_FirstExplosion01,102,Piper Alpha Oil Rig Disaster,2026-07-23,JJ,,,,Y,,,
CTD_AI_PAO_OfficeChair_20260723_A.mov,CTD_AI_PAO_OfficeChair,102,Piper Alpha Oil Rig Disaster,2026-07-23,JJ,,,,Y,,,
CTD_AI_PAO_OfficeChair_20260723_B.mov,CTD_AI_PAO_OfficeChair,102,Piper Alpha Oil Rig Disaster,2026-07-23,JJ,,,,Y,,,
CTD_AI_PAO_PumpAOnButton_20260723_A.mov,CTD_AI_PAO_PumpAOnButton,102,Piper Alpha Oil Rig Disaster,2026-07-23,JJ,,,Re-spin Requested,Y,,,
CTD_AI_PAO_PumpAOnButton_20260723_B.mov,CTD_AI_PAO_PumpAOnButton,102,Piper Alpha Oil Rig Disaster,2026-07-23,JJ,,,,Y,,,
CTD_AI_PAO_Sprinkler_20260723_A.mov,CTD_AI_PAO_Sprinkler,102,Piper Alpha Oil Rig Disaster,2026-07-23,JJ,,,,Y,,,
CTD_AI_PAO_Sprinkler_20260723_B.mov,CTD_AI_PAO_Sprinkler,102,Piper Alpha Oil Rig Disaster,2026-07-23,JJ,,,,Y,,,
CTD_AI_PAO_Sprinkler_20260723_C.mov,CTD_AI_PAO_Sprinkler,102,Piper Alpha Oil Rig Disaster,2026-07-23,JJ,,,Re-spin Completed,Y,,,
CTD_AI_TAD_KLMCockpit_20260723_1a.mov,CTD_AI_TAD_KLMCockpit,102,Tenerife Airport Disaster,2026-07-23,WS,,Y,,Y,,,
CTD_AI_TAD_KLMCockpit_20260723_1b.mov,CTD_AI_TAD_KLMCockpit,102,Tenerife Airport Disaster,2026-07-23,WS,,Y,,Y,,,
CTD_AI_TAD_KLMCockpit_20260723_1c.mov,CTD_AI_TAD_KLMCockpit,102,Tenerife Airport Disaster,2026-07-23,WS,,Y,,Y,,,
CTD_AI_TAD_KLMCockpit_20260723_2a.mov,CTD_AI_TAD_KLMCockpit,102,Tenerife Airport Disaster,2026-07-23,WS,,Y,,Y,,,
CTD_AI_TAD_KLMCockpit_20260723_2b.mov,CTD_AI_TAD_KLMCockpit,102,Tenerife Airport Disaster,2026-07-23,WS,,Y,,Y,,,
CTD_AI_TAD_KLMCockpit_20260723_2c.mov,CTD_AI_TAD_KLMCockpit,102,Tenerife Airport Disaster,2026-07-23,WS,,Y,,Y,,,
CTD_AI_TAD_KLMCockpit_20260723_2d.mov,CTD_AI_TAD_KLMCockpit,102,Tenerife Airport Disaster,2026-07-23,WS,,Y,,Y,,,
CTD_AI_TAD_KLMPANAMJETSPARKED_20260723_1a.mov,CTD_AI_TAD_KLMPANAMJETSPARKED,102,Tenerife Airport Disaster,2026-07-23,WS,,Y,,Y,,,
CTD_AI_TAD_KLMPANAMJETSPARKED_20260723_1b.mov,CTD_AI_TAD_KLMPANAMJETSPARKED,102,Tenerife Airport Disaster,2026-07-23,WS,,Y,,Y,,,
CTD_AI_TAD_KLMPANAMJETSPARKED_20260723_2a.mov,CTD_AI_TAD_KLMPANAMJETSPARKED,102,Tenerife Airport Disaster,2026-07-23,WS,,Y,,Y,,,
CTD_AI_TAD_KLMPANAMJETSPARKED_20260723_2b.mov,CTD_AI_TAD_KLMPANAMJETSPARKED,102,Tenerife Airport Disaster,2026-07-23,WS,,Y,,Y,,,
CTD_AI_TAD_KLMPANAMJETSPARKED_20260723_2c.mov,CTD_AI_TAD_KLMPANAMJETSPARKED,102,Tenerife Airport Disaster,2026-07-23,WS,,Y,,Y,,,
CTD_AI_TAD_LosRodeosEstablisher_20260723_1a.mov,CTD_AI_TAD_LosRodeosEstablisher,102,Tenerife Airport Disaster,2026-07-23,WS,,Y,,Y,,,
CTD_AI_TAD_LosRodeosEstablisher_20260723_1b.mov,CTD_AI_TAD_LosRodeosEstablisher,102,Tenerife Airport Disaster,2026-07-23,WS,,Y,,Y,,,
CTD_AI_TAD_LosRodeosEstablisher_20260723_2a.mov,CTD_AI_TAD_LosRodeosEstablisher,102,Tenerife Airport Disaster,2026-07-23,WS,,Y,,Y,,,
CTD_AI_TAD_LosRodeosEstablisher_20260723_2b.mov,CTD_AI_TAD_LosRodeosEstablisher,102,Tenerife Airport Disaster,2026-07-23,WS,,Y,,Y,,,
CTD_AI_TAD_PanAmCockpit_20260723_1a.mov,CTD_AI_TAD_KLMCockpit,102,Tenerife Airport Disaster,2026-07-23,WS,,Y,,Y,,,
CTD_AI_TAD_PanAmCockpit_20260723_1b.mov,CTD_AI_TAD_KLMCockpit,102,Tenerife Airport Disaster,2026-07-23,WS,,Y,,Y,,,
CTD_AI_TAD_PanAmCockpit_20260723_1c.mov,CTD_AI_TAD_KLMCockpit,102,Tenerife Airport Disaster,2026-07-23,WS,,Y,,Y,,,
CTD_AI_TAD_PanAmCockpit_20260723_2a.mov,CTD_AI_TAD_KLMCockpit,102,Tenerife Airport Disaster,2026-07-23,WS,,Y,,Y,,,
CTD_AI_TAD_PlanesBurning_20260723_1a.mov,CTD_AI_TAD_PlanesBurning,102,Tenerife Airport Disaster,2026-07-23,WS,,Y,,Y,,,
CTD_AI_TAD_PlanesBurning_20260723_1b.mov,CTD_AI_TAD_PlanesBurning,102,Tenerife Airport Disaster,2026-07-23,WS,,Y,,Y,,,
CTD_AI_TAD_TarmacInFog_20260723_1a.mov,CTD_AI_TAD_TarmacInFog,102,Tenerife Airport Disaster,2026-07-23,WS,,Y,,Y,,,
CTD_AI_TAD_TarmacInFog_20260723_1b.mov,CTD_AI_TAD_TarmacInFog,102,Tenerife Airport Disaster,2026-07-23,WS,,Y,,Y,,,
CTD_AI_TAD_TarmacInFog_20260723_1c.mov,CTD_AI_TAD_TarmacInFog,102,Tenerife Airport Disaster,2026-07-23,WS,,Y,,Y,,,
CTD_AI_TAD_TowerCoveredInFog_20260723_1a.mov,CTD_AI_TAD_TowerCoveredInFog,102,Tenerife Airport Disaster,2026-07-23,WS,,Y,,Y,,,
CTD_AI_TAD_TowerCoveredInFog_20260723_1b.mov,CTD_AI_TAD_TowerCoveredInFog,102,Tenerife Airport Disaster,2026-07-23,WS,,Y,,Y,,,
CTD_AI_HKA_IndustrialCanalRisingWaters_20260724_1a.mov,CTD_AI_HKA_IndustriaCanalRisingWaters1,102,Hurricane Katrina,2026-07-24,Marty,Krea; Chat GPT,Y,,Y,,,
CTD_AI_HKA_IndustrialCanalRisingWaters_20260724_1b.mov,CTD_AI_HKA_IndustriaCanalRisingWaters1,102,Hurricane Katrina,2026-07-24,Marty,Krea; Chat GPT,Y,,Y,,,
CTD_AI_HKA_IndustrialCanalRisingWaters_20260724_2a.mov,CTD_AI_HKA_IndustriaCanalRisingWaters1,102,Hurricane Katrina,2026-07-24,Marty,Krea; Chat GPT,Y,,Y,,,
CTD_AI_HKA_IndustrialCanalRisingWaters_20260724_2b.mov,CTD_AI_HKA_IndustriaCanalRisingWaters1,102,Hurricane Katrina,2026-07-24,Marty,Krea; Chat GPT,Y,,Y,,,
CTD_AI_HKA_IndustrialCanalRisingWaters_20260724_3a.mov,CTD_AI_HKA_IndustriaCanalRisingWaters1,102,Hurricane Katrina,2026-07-24,Marty,Krea; Chat GPT,Y,,Y,,,
CTD_AI_HKA_IndustrialCanalTopped_20260724_1a.mov,CTD_AI_HKA_IndustrialCanalTopped2,102,Hurricane Katrina,2026-07-24,Marty,Krea; Chat GPT,Y,,Y,,,
CTD_AI_HKA_IndustrialCanalTopped_20260724_1b.mov,CTD_AI_HKA_IndustrialCanalTopped2,102,Hurricane Katrina,2026-07-24,Marty,Krea; Chat GPT,Y,,Y,,,
CTD_AI_HKA_WaterErodingLevee_20260724_1a.mov,CTD_AI_HKA_WaterErodingLevee,102,Hurricane Katrina,2026-07-24,Marty,Krea; Chat GPT,Y,,Y,,,
CTD_AI_HKA_WaterErodingLevee_20260724_1b.mov,CTD_AI_HKA_WaterErodingLevee,102,Hurricane Katrina,2026-07-24,Marty,Krea; Chat GPT,Y,,Y,,,
CTD_AI_HKA_WaterErodingLevee_20260724_2a.mov,CTD_AI_HKA_WaterErodingLevee,102,Hurricane Katrina,2026-07-24,Marty,Krea; Chat GPT,Y,,Y,,,
CTD_AI_HKA_WaterErodingLevee_20260724_2b.mov,CTD_AI_HKA_WaterErodingLevee,102,Hurricane Katrina,2026-07-24,Marty,Krea; Chat GPT,Y,,Y,,,
CTD_AI_HKA_WaterErodingLevee_20260724_2c.mov,CTD_AI_HKA_WaterErodingLevee,102,Hurricane Katrina,2026-07-24,Marty,Krea; Chat GPT,Y,,Y,,,
CTD_AI_HKA_9thWardFlood_20260727_1a.mov,CTD_AI_HKA_9thWardFlood,102,Hurricane Katrina,2026-07-27,SM,Krea; Nano Banana,,,Y,,,
CTD_AI_HKA_9thWardFlood_20260727_1b.mov,CTD_AI_HKA_9thWardFlood,102,Hurricane Katrina,2026-07-27,SM,Krea; Nano Banana,,,Y,,,
CTD_AI_HKA_9thWardFlood_20260727_1c.mov,CTD_AI_HKA_9thWardFlood,102,Hurricane Katrina,2026-07-27,SM,Krea; Nano Banana,,,Y,,,
CTD_AI_HKA_CarThroughHouse_20260727_1a.mov,CTD_AI_HKA_CarThroughHouse,102,Hurricane Katrina,2026-07-27,SM,Krea; Nano Banana,,,Y,,,
CTD_AI_HKA_CarThroughHouse_20260727_1b.mov,CTD_AI_HKA_CarThroughHouse,102,Hurricane Katrina,2026-07-27,SM,Krea; Nano Banana,,,Y,,,
CTD_AI_HKA_CarThroughHouse_20260727_1c.mov,CTD_AI_HKA_CarThroughHouse,102,Hurricane Katrina,2026-07-27,SM,Krea; Nano Banana,,,Y,,,
CTD_AI_HKA_CarThroughHouse_20260727_1d.mov,CTD_AI_HKA_CarThroughHouse,102,Hurricane Katrina,2026-07-27,SM,Krea; Nano Banana,,,Y,,,
CTD_AI_HKA_CarThroughHouse_20260727_1e.mov,CTD_AI_HKA_CarThroughHouse,102,Hurricane Katrina,2026-07-27,SM,Krea; Nano Banana,,,Y,,,
CTD_AI_HKA_CarThroughHouse_20260727_1f.mov,CTD_AI_HKA_CarThroughHouse,102,Hurricane Katrina,2026-07-27,SM,Krea; Nano Banana,,,Y,,,
CTD_AI_HKA_FloodWatersRising_20260727_1a.mov,CTD_AI_HKA_FloodWatersRising,102,Hurricane Katrina,2026-07-27,SM,Krea; Nano Banana,,,Y,,,
CTD_AI_HKA_FloodWatersRising_20260727_1b.mov,CTD_AI_HKA_FloodWatersRising,102,Hurricane Katrina,2026-07-27,SM,Krea; Nano Banana,,,Y,,,
CTD_AI_HKA_FloodWatersRising_20260727_1c.mov,CTD_AI_HKA_FloodWatersRising,102,Hurricane Katrina,2026-07-27,SM,Krea; Nano Banana,,,Y,,,
CTD_AI_HKA_WaterDemolishHouse_20260727_1a.mov,CTD_AI_HKA_WaterDemolishHouse,102,Hurricane Katrina,2026-07-27,SM,Krea; Nano Banana,,,Y,,,
CTD_AI_HKA_WaterDemolishHouse_20260727_1b.mov,CTD_AI_HKA_WaterDemolishHouse,102,Hurricane Katrina,2026-07-27,SM,Krea; Nano Banana,,,Y,,,
CTD_AI_HKA_WaterDemolishHouse_20260727_1c.mov,CTD_AI_HKA_WaterDemolishHouse,102,Hurricane Katrina,2026-07-27,SM,Krea; Nano Banana,,,Y,,,
CTD_AI_HKA_WaterDemolishHouse_20260727_1d.mov,CTD_AI_HKA_WaterDemolishHouse,102,Hurricane Katrina,2026-07-27,SM,Krea; Nano Banana,,,Y,,,
CTD_AI_HKA_WaterDemolishHouse_20260727_1e.mov,CTD_AI_HKA_WaterDemolishHouse,102,Hurricane Katrina,2026-07-27,SM,Krea; Nano Banana,,,Y,,,
CTD_AI_HKA_WaterDemolishHouse_20260727_1f.mov,CTD_AI_HKA_WaterDemolishHouse,102,Hurricane Katrina,2026-07-27,SM,Krea; Nano Banana,,,Y,,,
CTD_AI_HKA_WaterDemolishHouse_20260727_1g.mov,CTD_AI_HKA_WaterDemolishHouse,102,Hurricane Katrina,2026-07-27,SM,Krea; Nano Banana,,,Y,,,
CTD_AI_HKA_WaterDemolishHouse_20260727_1i.mov,CTD_AI_HKA_WaterDemolishHouse,102,Hurricane Katrina,2026-07-27,SM,Krea; Nano Banana,,,Y,,,
CTD_AI_LPE_OfficeCeilingCollapse_20260727_1a.mov,CTD_AI_LPE_OfficeCeilingCollapse,102,Loma Prieta Earthquake,2026-07-27,SM,Nano Banana; Kling; Krea,Y,,Y,,,
CTD_AI_LPE_OfficeCeilingCollapse_20260727_1b.mov,CTD_AI_LPE_OfficeCeilingCollapse,102,Loma Prieta Earthquake,2026-07-27,SM,Nano Banana; Kling; Krea,Y,,Y,,,
CTD_AI_LPE_OfficeCeilingCollapse_20260727_1c.mov,CTD_AI_LPE_OfficeCeilingCollapse,102,Loma Prieta Earthquake,2026-07-27,SM,Nano Banana; Kling; Krea,Y,,Y,,,
CTD_AI_LPE_SanFranciscoStreetBuckles_20260727_1a.mov,CTD_AI_LPE_SanFranciscoStreetBuckles,102,Loma Prieta Earthquake,2026-07-27,SM,Nano Banana; Kling; Krea,Y,,Y,,,
CTD_AI_LPE_SanFranciscoStreetBuckles_20260727_1b.mov,CTD_AI_LPE_SanFranciscoStreetBuckles,102,Loma Prieta Earthquake,2026-07-27,SM,Nano Banana; Kling; Krea,Y,,Y,,,
CTD_AI_LPE_SanFranciscoStreetBuckles_20260727_1c.mov,CTD_AI_LPE_SanFranciscoStreetBuckles,102,Loma Prieta Earthquake,2026-07-27,SM,Nano Banana; Kling; Krea,Y,,Y,,,
CTD_AI_LPE_SanFranciscoStreetBuckles_20260727_1d.mov,CTD_AI_LPE_SanFranciscoStreetBuckles,102,Loma Prieta Earthquake,2026-07-27,SM,Nano Banana; Kling; Krea,Y,,Y,,,
CTD_AI_LPE_SanFranciscoStreetBuckles_20260727_2a.mov,CTD_AI_LPE_SanFranciscoStreetBuckles,102,Loma Prieta Earthquake,2026-07-27,SM,Nano Banana; Kling; Krea,Y,,Y,,,
CTD_AI_LPE_SanFranciscoStreetlightSways_20260727_1a.mov,CTD_AI_LPE_SanFranciscoStreetlightSways,102,Loma Prieta Earthquake,2026-07-27,SM,Kling; Krea,Y,,Y,,,
CTD_AI_LPE_SanFranciscoStreetlightSways_20260727_1b.mov,CTD_AI_LPE_SanFranciscoStreetlightSways,102,Loma Prieta Earthquake,2026-07-27,SM,Kling; Krea,Y,,Y,,,
CTD_AI_LPE_SanFranciscoStreetlightSways_20260727_1c.mov,CTD_AI_LPE_SanFranciscoStreetlightSways,102,Loma Prieta Earthquake,2026-07-27,WS,Kling; Krea,Y,,Y,,,
CTD_AI_LPE_SanFranciscoStreetlightSways_20260727_1d.mov,CTD_AI_LPE_SanFranciscoStreetlightSways,102,Loma Prieta Earthquake,2026-07-27,WS,Kling; Krea,Y,,Y,,,
CTD_AI_LPE_ViaductCollapses_20260727_1a.mov,CTD_AI_LPE_ViaductCollapses,102,Loma Prieta Earthquake,2026-07-27,WS,Nano Banana; Krea,Y,,Y,,,
CTD_AI_LPE_ViaductCollapses_20260727_1b.mov,CTD_AI_LPE_ViaductCollapses,102,Loma Prieta Earthquake,2026-07-27,WS,Nano Banana; Krea,Y,,Y,,,
CTD_AI_LPE_ViaductCollapses_20260727_2a.mov,CTD_AI_LPE_ViaductCollapses,102,Loma Prieta Earthquake,2026-07-27,WS,Nano Banana; Krea,Y,Re-spin Completed,Y,Y,,
CTD_AI_LPE_ViaductCollapses_20260727_3a.mov,CTD_AI_LPE_ViaductCollapses,102,Loma Prieta Earthquake,2026-07-27,WS,Nano Banana; Krea,Y,,Y,,,
CTD_AI_LPE_ViaductCollapses_20260727_3b.mov,CTD_AI_LPE_ViaductCollapses,102,Loma Prieta Earthquake,2026-07-27,WS,Nano Banana; Krea,Y,,Y,,,
CTD_AI_LPE_ViaductCollapses_20260727_3c.mov,CTD_AI_LPE_ViaductCollapses,102,Loma Prieta Earthquake,2026-07-27,WS,Nano Banana; Krea,Y,,Y,,,
CTD_AI_LPE_ViaductCollapses_20260727_4a.mov,CTD_AI_LPE_ViaductCollapses,102,Loma Prieta Earthquake,2026-07-27,WS,Nano Banana; Krea,Y,Re-spin Completed,Y,Y,,
CTD_AI_LPE_ViaductCollapses_20260727_4b.mov,CTD_AI_LPE_ViaductCollapses,102,Loma Prieta Earthquake,2026-07-27,WS,Nano Banana; Krea,Y,,Y,,,
CTD_AI_OTI_TitanDragged_20260727_1a.mov,CTD_AI_OTI_TITAN_POLAR_PRINCE_TOW1a,102,OceanGate Titan Implosion,2026-07-27,WS,Nano Banana; Kling; Krea,Y,,Y,,,
CTD_AI_OTI_TitanDragged_20260727_1c.mov,CTD_AI_OTI_TITAN_POLAR_PRINCE_TOW1a,102,OceanGate Titan Implosion,2026-07-27,WS,Nano Banana; Kling; Krea,Y,,Y,,,
CTD_AI_OTI_TitanDragged_20260727_1d.mov,CTD_AI_OTI_TITAN_POLAR_PRINCE_TOW1a,102,OceanGate Titan Implosion,2026-07-27,WS,Nano Banana; Kling; Krea,Y,,Y,,,
CTD_AI_OTI_TitanDragged_20260727_1e.mov,CTD_AI_OTI_TITAN_POLAR_PRINCE_TOW1a,102,OceanGate Titan Implosion,2026-07-27,WS,Nano Banana; Kling; Krea,Y,,Y,,,
CTD_AI_OTI_TitanDragged_20260727_1f.mov,CTD_AI_OTI_TITAN_POLAR_PRINCE_TOW1a,102,OceanGate Titan Implosion,2026-07-27,WS,Nano Banana; Kling; Krea,Y,,Y,,,
CTD_AI_OTI_TitanDragged_20260727_2a.mov,CTD_AI_OTI_TITAN_POLAR_PRINCE_TOW1a,102,OceanGate Titan Implosion,2026-07-27,WS,Nano Banana; Kling; Krea,Y,Re-spin Requested,Y,,,
CTD_AI_PAO_BollandsLooksAtRig_20260727_3a.mov,CTD_AI_PAO_BollandsLooksAtRig,102,Piper Alpha Oil Rig Disaster,2026-07-27,JJ,Krea; Chat GPT,Y,,Y,,,
CTD_AI_PAO_BollandsOnRope1A_20260727.mov,CTD_AI_PAO_BollandsOnRope1,102,Piper Alpha Oil Rig Disaster,2026-07-27,JJ,Krea; Chat GPT,Y,,Y,,,
CTD_AI_PAO_CafeteriaBurns1_20260727.mov,CTD_AI_PAO_CafeteriaBurns1,102,Piper Alpha Oil Rig Disaster,2026-07-27,JJ,Krea; Chat GPT,Y,,Y,,,
CTD_AI_PAO_ClipboardWithPen_20260727.mov,CTD_AI_PAO_ClipboardWithPen,102,Piper Alpha Oil Rig Disaster,2026-07-27,JJ,Krea; Chat GPT,Y,Re-spin Completed,Y,,,
CTD_AI_PAO_DavidJumps_20260727.mov,CTD_AI_PAO_DavidJumps,102,Piper Alpha Oil Rig Disaster,2026-07-27,JJ,Krea; Chat GPT,Y,,Y,,,
CTD_AI_PAO_PumpA_20260727_1b.mov,CTD_AI_PAO_PumpA,102,Piper Alpha Oil Rig Disaster,2026-07-27,JJ,Krea; Chat GPT,Y,,Y,,,
CTD_AI_PAO_RadioRoomPhone2_20260727_2a.mov,CTD_AI_PAO_RadioRoomPhone3,102,Piper Alpha Oil Rig Disaster,2026-07-27,JJ,Krea; Chat GPT,Y,,Y,,,
CTD_AI_PAO_RadioRoomPhone3_20260727_1a.mov,CTD_AI_PAO_RadioRoomPhone3,102,Piper Alpha Oil Rig Disaster,2026-07-27,JJ,Krea; Chat GPT,Y,Re-spin Completed,Y,,,
CTD_AI_PAO_RunToCafeteria_20260727_1a.mov,CTD_AI_PAO_RunToCafeteria,102,Piper Alpha Oil Rig Disaster,2026-07-27,JJ,Krea; Chat GPT,Y,,Y,,,
CTD_AI_PAO_RunToCafeteria_20260727_1b.mov,CTD_AI_PAO_RunToCafeteria,102,Piper Alpha Oil Rig Disaster,2026-07-27,JJ,Krea; Chat GPT,Y,,Y,,,
CTD_AI_PAO_RunToCafeteria_20260727_1c.mov,CTD_AI_PAO_RunToCafeteria,102,Piper Alpha Oil Rig Disaster,2026-07-27,JJ,Krea; Chat GPT,Y,,Y,,,
CTD_AI_PAO_ToolboxDrop_20260727_2a.mov,CTD_AI_PAO_Toolboxdrop,102,Piper Alpha Oil Rig Disaster,2026-07-27,JJ,Krea; Chat GPT,Y,Re-spin Requested,Y,,,
CTD_AI_TAD_KLMCatchesPanAm_20260727_1a.mov,CTD_AI_TAD_KLMCatchesPanAm,102,Tenerife Airport Disaster,2026-07-27,WS,Kling; Krea,Y,,Y,,,
CTD_AI_TAD_KLMCatchesPanAm_20260727_1b.mov,CTD_AI_TAD_KLMCatchesPanAm,102,Tenerife Airport Disaster,2026-07-27,WS,Kling; Krea,Y,,Y,,,
CTD_AI_TAD_KLMCatchesPanAm_20260727_2a.mov,CTD_AI_TAD_KLMCatchesPanAm,102,Tenerife Airport Disaster,2026-07-27,WS,Kling; Krea,Y,,Y,,,
CTD_AI_TAD_KLMCatchesPanAm_20260727_2b.mov,CTD_AI_TAD_KLMCatchesPanAm,102,Tenerife Airport Disaster,2026-07-27,WS,Kling; Krea,Y,,Y,,,
CTD_AI_TAD_KLMCatchesPanAm_20260727_3a.mov,CTD_AI_TAD_KLMCatchesPanAm,102,Tenerife Airport Disaster,2026-07-27,WS,Kling; Krea,Y,,Y,,,
CTD_AI_TAD_PanAmInFog_20260727_1a.mov,CTD_AI_TAD_PanAmInFog,102,Tenerife Airport Disaster,2026-07-27,WS,Kling; Krea,Y,,Y,,,
CTD_AI_TAD_PanAmInFog_20260727_1b.mov,CTD_AI_TAD_PanAmInFog,102,Tenerife Airport Disaster,2026-07-27,WS,Kling; Krea,Y,,Y,,,
CTD_AI_TAD_PanAmInFog_20260727_1c.mov,CTD_AI_TAD_PanAmInFog,102,Tenerife Airport Disaster,2026-07-27,WS,Kling; Krea,Y,,Y,,,
CTD_AI_TAD_PanAmInFog_20260727_2a.mov,CTD_AI_TAD_PanAmInFog,102,Tenerife Airport Disaster,2026-07-27,WS,Kling; Krea,Y,Re-spin Completed,Y,,,
CTD_AI_OTI_PolarPrinceSearch_20260728_10a.mov,CTD_AI_OTI_PolarPrinceSearch,102,OceanGate Titan Implosion,2026-07-28,WS,Nano Banana; Kling,Y,,Y,,,
CTD_AI_OTI_PolarPrinceSearch_20260728_1a.mov,CTD_AI_OTI_PolarPrinceSearch,102,OceanGate Titan Implosion,2026-07-28,WS,Nano Banana; Kling,Y,,Y,,,
CTD_AI_OTI_PolarPrinceSearch_20260728_1b.mov,CTD_AI_OTI_PolarPrinceSearch,102,OceanGate Titan Implosion,2026-07-28,WS,Nano Banana; Kling,Y,,Y,,,
CTD_AI_OTI_PolarPrinceSearch_20260728_2a.mov,CTD_AI_OTI_PolarPrinceSearch,102,OceanGate Titan Implosion,2026-07-28,WS,Nano Banana; Kling,Y,,Y,,,
CTD_AI_OTI_PolarPrinceSearch_20260728_2b.mov,CTD_AI_OTI_PolarPrinceSearch,102,OceanGate Titan Implosion,2026-07-28,WS,Nano Banana; Kling,Y,,Y,,,
CTD_AI_OTI_PolarPrinceSearch_20260728_3a.mov,CTD_AI_OTI_PolarPrinceSearch,102,OceanGate Titan Implosion,2026-07-28,WS,Nano Banana; Kling,Y,,Y,,,
CTD_AI_OTI_PolarPrinceSearch_20260728_4a.mov,CTD_AI_OTI_PolarPrinceSearch,102,OceanGate Titan Implosion,2026-07-28,WS,Nano Banana; Kling,Y,,Y,,,
CTD_AI_OTI_PolarPrinceSearch_20260728_4b.mov,CTD_AI_OTI_PolarPrinceSearch,102,OceanGate Titan Implosion,2026-07-28,WS,Nano Banana; Kling,Y,,Y,,,
CTD_AI_OTI_PolarPrinceSearch_20260728_4c.mov,CTD_AI_OTI_PolarPrinceSearch,102,OceanGate Titan Implosion,2026-07-28,WS,Nano Banana; Kling,Y,,Y,,,
CTD_AI_OTI_PolarPrinceSearch_20260728_5a.mov,CTD_AI_OTI_PolarPrinceSearch,102,OceanGate Titan Implosion,2026-07-28,WS,Nano Banana; Kling,Y,,Y,,,
CTD_AI_OTI_PolarPrinceSearch_20260728_6a.mov,CTD_AI_OTI_PolarPrinceSearch,102,OceanGate Titan Implosion,2026-07-28,WS,Nano Banana; Kling,Y,,Y,,,
CTD_AI_OTI_PolarPrinceSearch_20260728_7a.mov,CTD_AI_OTI_PolarPrinceSearch,102,OceanGate Titan Implosion,2026-07-28,WS,Nano Banana; Kling,Y,,Y,,,
CTD_AI_OTI_PolarPrinceSearch_20260728_8a.mov,CTD_AI_OTI_PolarPrinceSearch,102,OceanGate Titan Implosion,2026-07-28,WS,Nano Banana; Kling,Y,,Y,,,
CTD_AI_OTI_PolarPrinceSearch_20260728_8b.mov,CTD_AI_OTI_PolarPrinceSearch,102,OceanGate Titan Implosion,2026-07-28,WS,Nano Banana; Kling,Y,,Y,,,
CTD_AI_OTI_PolarPrinceSearch_20260728_9a.mov,CTD_AI_OTI_PolarPrinceSearch,102,OceanGate Titan Implosion,2026-07-28,WS,Nano Banana; Kling,Y,,Y,,,
CTD_AI_PAO_Alarm01_20260728.mov,CTD_AI_PAO_Alarm01,102,Piper Alpha Oil Rig Disaster,2026-07-28,JJ,Krea; Chat GPT,Y,,Y,,,
CTD_AI_PAO_BoltingBlindFlange2c_20260728.mov,CTD_AI_PAO_BoltingBlindFlange2,102,Piper Alpha Oil Rig Disaster,2026-07-28,JJ,Krea; Chat GPT,Y,,Y,,,
CTD_AI_PAO_Maintenance2_20260728_1a.mov,CTD_AI_PAO_Maintenance2,102,Piper Alpha Oil Rig Disaster,2026-07-28,JJ,Krea; Chat GPT,Y,Re-spin Completed,Y,,,
CTD_AI_TAD_KLMInFog_20260728_1a.mov,CTD_AI_TAD_KLMInFog,102,Tenerife Airport Disaster,2026-07-28,WS,Nano Banana; Kling,Y,,Y,,,
CTD_AI_TAD_KLMInFog_20260728_1b.mov,CTD_AI_TAD_KLMInFog,102,Tenerife Airport Disaster,2026-07-28,WS,Nano Banana; Kling,Y,,Y,,,
CTD_AI_TAD_KLMInFog_20260728_1d.mov,CTD_AI_TAD_KLMInFog,102,Tenerife Airport Disaster,2026-07-28,WS,Nano Banana; Kling,Y,,Y,,,
CTD_AI_TAD_KLMInFog_20260728_1e.mov,CTD_AI_TAD_KLMInFog,102,Tenerife Airport Disaster,2026-07-28,WS,Nano Banana; Kling,Y,,Y,,,
CTD_AI_TAD_KLMInFog_20260728_2a.mov,CTD_AI_TAD_KLMInFog,102,Tenerife Airport Disaster,2026-07-28,WS,Nano Banana; Kling,Y,,Y,,,
CTD_AI_TAD_KLMInFog_20260728_2b.mov,CTD_AI_TAD_KLMInFog,102,Tenerife Airport Disaster,2026-07-28,WS,Nano Banana; Kling,Y,,Y,,,
CTD_AI_TAD_KLMInFog_20260728_2c.mov,CTD_AI_TAD_KLMInFog,102,Tenerife Airport Disaster,2026-07-28,WS,Nano Banana; Kling,Y,,Y,,,
CTD_AI_TAD_KLMInFog_20260728_3a.mov,CTD_AI_TAD_KLMInFog,102,Tenerife Airport Disaster,2026-07-28,WS,Nano Banana; Kling,Y,,Y,,,
CTD_AI_TAD_KLMInFog_20260728_3b.mov,CTD_AI_TAD_KLMInFog,102,Tenerife Airport Disaster,2026-07-28,WS,Nano Banana; Kling,Y,,Y,,,
CTD_AI_LPE_GloveCompartment_20260729_A1.mov,CTD_AI_LPE_GloveCompartment,102,Loma Prieta Earthquake,2026-07-29,JJ,Krea; Chat GPT,,,Y,,,
CTD_AI_LPE_GloveCompartment_20260729_A2.mov,CTD_AI_LPE_GloveCompartment,102,Loma Prieta Earthquake,2026-07-29,JJ,Krea; Chat GPT,,,Y,,,
CTD_AI_LPE_RearViewMirror_20260729_01A.mov,CTD_AI_LPE_RearViewMirror01,102,Loma Prieta Earthquake,2026-07-29,JJ,Krea; Chat GPT,,,Y,,,
CTD_AI_LPE_RearViewMirror_20260729_01B.mov,CTD_AI_LPE_RearViewMirror01,102,Loma Prieta Earthquake,2026-07-29,JJ,Krea; Chat GPT,,,Y,,,
CTD_AI_LPE_RearViewMirror_20260729_02A.mov,CTD_AI_LPE_RearViewMirror02,102,Loma Prieta Earthquake,2026-07-29,JJ,Krea; Chat GPT,,,Y,,,
CTD_AI_LPE_RowHouseInterior_20260729.mov,CTD_AI_LPE_RowHouseInterior,102,Loma Prieta Earthquake,2026-07-29,JJ,Krea; Chat GPT,,,Y,,,
CTD_AI_LPE_RowHouseWindowPOV_20260729.mov,CTD_AI_LPE_RowHouseWindowPOV,102,Loma Prieta Earthquake,2026-07-29,JJ,Krea; Chat GPT,,,Y,,,
CTD_AI_LPE_TimTrapped_20260729.mov,CTD_AI_LPE_TimTrapped,102,Loma Prieta Earthquake,2026-07-29,JJ,Krea; Chat GPT,,,Y,,,
CTD_AI_LPE_WindshieldReflection_20260729.mov,CTD_AI_LPE_WindshieldReflection,102,Loma Prieta Earthquake,2026-07-29,JJ,Krea; Chat GPT,,,Y,,,
CTD_AI_PAO_BoltingBlindFlange1_20260807_1a.mov,CTD_AI_PAO_BoltingBlindFlange1,102,Piper Alpha Oil Rig Disaster,2026-08-07,WS,,Y,,Y,,,
CTD_AI_PAO_BoltingBlindFlange1_20260807_1d.mov,CTD_AI_PAO_BoltingBlindFlange1,102,Piper Alpha Oil Rig Disaster,2026-08-07,WS,,Y,,Y,,,
CTD_AI_PAO_BoltingBlindFlange1_20260807_2a.mov,CTD_AI_PAO_BoltingBlindFlange1,102,Piper Alpha Oil Rig Disaster,2026-08-07,WS,,Y,,Y,,,
CTD_AI_PAO_BoltingBlindFlange1_20260807_2b.mov,CTD_AI_PAO_BoltingBlindFlange1,102,Piper Alpha Oil Rig Disaster,2026-08-07,WS,,Y,,Y,,,
CTD_AI_PAO_BoltingBlindFlange1_20260807_2c.mov,CTD_AI_PAO_BoltingBlindFlange1,102,Piper Alpha Oil Rig Disaster,2026-08-07,WS,,Y,,Y,,,
CTD_AI_PAO_BoltingBlindFlange2_20260807_1a.mov,CTD_AI_PAO_BoltingBlindFlange2,102,Piper Alpha Oil Rig Disaster,2026-08-07,WS,,Y,Re-spin Requested,Y,,,
CTD_AI_PAO_BoltingBlindFlange2_20260807_1b.mov,CTD_AI_PAO_BoltingBlindFlange2,102,Piper Alpha Oil Rig Disaster,2026-08-07,WS,,Y,,Y,,,
CTD_AI_PAO_ClipboardWithPen_20260807_1d.mov,CTD_AI_PAO_ClipboardWithPen,102,Piper Alpha Oil Rig Disaster,2026-08-07,WS,,Y,,Y,,,
CTD_AI_PAO_ClipboardWithPen_20260807_1e.mov,CTD_AI_PAO_ClipboardWithPen,102,Piper Alpha Oil Rig Disaster,2026-08-07,WS,,Y,,Y,,,
CTD_AI_PAO_DavidLooksAtWater_20260807_1a.mov,CTD_AI_PAO_DavidLooksAtWater,102,Piper Alpha Oil Rig Disaster,2026-08-07,WS,,Y,,Y,,,
CTD_AI_PAO_DavidLooksAtWater_20260807_2a.mov,CTD_AI_PAO_DavidLooksAtWater,102,Piper Alpha Oil Rig Disaster,2026-08-07,WS,,Y,,Y,,,
CTD_AI_PAO_DavidLooksAtWater_20260807_2b.mov,CTD_AI_PAO_DavidLooksAtWater,102,Piper Alpha Oil Rig Disaster,2026-08-07,WS,,Y,,Y,,,
CTD_AI_PAO_DavidLooksAtWater_20260807_3a.mov,CTD_AI_PAO_DavidLooksAtWater,102,Piper Alpha Oil Rig Disaster,2026-08-07,WS,,Y,,Y,,,
CTD_AI_PAO_DavidLooksAtWater_20260807_3b.mov,CTD_AI_PAO_DavidLooksAtWater,102,Piper Alpha Oil Rig Disaster,2026-08-07,WS,,Y,,Y,,,
CTD_AI_PAO_DavidLooksAtWater_20260807_3c.mov,CTD_AI_PAO_DavidLooksAtWater,102,Piper Alpha Oil Rig Disaster,2026-08-07,WS,,Y,,Y,,,
CTD_AI_PAO_DavidLooksAtWater_20260807_4a.mov,CTD_AI_PAO_DavidLooksAtWater,102,Piper Alpha Oil Rig Disaster,2026-08-07,WS,,Y,,Y,,,
CTD_AI_PAO_DavidLooksAtWater_20260807_4b.mov,CTD_AI_PAO_DavidLooksAtWater,102,Piper Alpha Oil Rig Disaster,2026-08-07,WS,,Y,,Y,,,
CTD_AI_PAO_DavidLooksAtWater_20260807_4c.mov,CTD_AI_PAO_DavidLooksAtWater,102,Piper Alpha Oil Rig Disaster,2026-08-07,WS,,Y,,Y,,,
CTD_AI_PAO_DavidLooksAtWater_20260807_5b.mov,CTD_AI_PAO_DavidLooksAtWater,102,Piper Alpha Oil Rig Disaster,2026-08-07,WS,,Y,,Y,,,
CTD_AI_PAO_FinalCollapse_20260807_1a.mov,CTD_AI_PAO_FinalCollapse,102,Piper Alpha Oil Rig Disaster,2026-08-07,WS,,Y,,Y,,,
CTD_AI_PAO_FinalCollapse_20260807_1b.mov,CTD_AI_PAO_FinalCollapse,102,Piper Alpha Oil Rig Disaster,2026-08-07,SM,,Y,,Y,,,
CTD_AI_PAO_KinradeToHelipad_20260807_1a.mov,CTD_AI_PAO_KinradeToHelipad,102,Piper Alpha Oil Rig Disaster,2026-08-07,SM,,Y,,Y,,,
CTD_AI_PAO_KinradeToHelipad_20260807_1b.mov,CTD_AI_PAO_KinradeToHelipad,102,Piper Alpha Oil Rig Disaster,2026-08-07,SM,,Y,,Y,,,
CTD_AI_PAO_KinradeToHelipad_20260807_1c.mov,CTD_AI_PAO_KinradeToHelipad,102,Piper Alpha Oil Rig Disaster,2026-08-07,SM,,Y,,Y,,,
CTD_AI_PAO_KinradeToHelipad_20260807_2a.mov,CTD_AI_PAO_KinradeToHelipad,102,Piper Alpha Oil Rig Disaster,2026-08-07,SM,,Y,,Y,,,
CTD_AI_PAO_KinradeToHelipad_20260807_2b.mov,CTD_AI_PAO_KinradeToHelipad,102,Piper Alpha Oil Rig Disaster,2026-08-07,SM,,Y,,Y,,,
CTD_AI_PAO_KinradeToHelipad_20260807_2c.mov,CTD_AI_PAO_KinradeToHelipad,102,Piper Alpha Oil Rig Disaster,2026-08-07,SM,,Y,,Y,,,
CTD_AI_PAO_Maintenance2_20260807_1a.mov,CTD_AI_PAO_Maintenance2,102,Piper Alpha Oil Rig Disaster,2026-08-07,SM,,Y,,Y,,,
CTD_AI_PAO_RadioRoomPhone3_20260807_1a.mov,CTD_AI_PAO_RadioRoomPhone3,102,Piper Alpha Oil Rig Disaster,2026-08-07,SM,,Y,,Y,,,
CTD_AI_PAO_RadioRoomPhone3_20260807_1b.mov,CTD_AI_PAO_RadioRoomPhone3,102,Piper Alpha Oil Rig Disaster,2026-08-07,SM,,Y,,Y,,,
CTD_AI_PAO_Sprinkler_20260807_1a.mov,CTD_AI_PAO_Sprinkler,102,Piper Alpha Oil Rig Disaster,2026-08-07,SM,,Y,,Y,,,
CTD_AI_PAO_Sprinkler_20260807_1b.mov,CTD_AI_PAO_Sprinkler,102,Piper Alpha Oil Rig Disaster,2026-08-07,SM,,Y,,Y,,,
CTD_AI_PAO_Sprinkler_20260807_2a.mov,CTD_AI_PAO_Sprinkler,102,Piper Alpha Oil Rig Disaster,2026-08-07,SM,,Y,,Y,,,
CTD_AI_PAO_Sprinkler_20260807_3a.mov,CTD_AI_PAO_Sprinkler,102,Piper Alpha Oil Rig Disaster,2026-08-07,SM,,Y,,Y,,,
CTD_AI_LPE_BuildingSway01_20260809_1a.mov,CTD_AI_LPE_BuildingSway01,102,Loma Prieta Earthquake,2026-08-09,SM,,,,Y,,,
CTD_AI_LPE_BuildingSway01_20260809_1b.mov,CTD_AI_LPE_BuildingSway01,102,Loma Prieta Earthquake,2026-08-09,SM,,,,Y,,,
CTD_AI_LPE_BuildingSway01_20260809_1c.mov,CTD_AI_LPE_BuildingSway01,102,Loma Prieta Earthquake,2026-08-09,SM,,,,Y,,,
CTD_AI_LPE_BuildingSway01_20260809_1d.mov,CTD_AI_LPE_BuildingSway01,102,Loma Prieta Earthquake,2026-08-09,SM,,,,Y,,,
CTD_AI_LPE_BuildingSway02_20260809_1a.mov,CTD_AI_LPE_BuildingSway02,102,Loma Prieta Earthquake,2026-08-09,SM,,,,Y,,,
CTD_AI_LPE_BuildingSway03_20260809_1a.mov,CTD_AI_LPE_BuildingSway03,102,Loma Prieta Earthquake,2026-08-09,SM,,,,Y,,,
CTD_AI_LPE_BuildingSway03_20260809_1b.mov,CTD_AI_LPE_BuildingSway03,102,Loma Prieta Earthquake,2026-08-09,SM,,,,Y,,,
CTD_AI_TAD_KLMInFog_20260809_4a.mov,CTD_AI_TAD_KLMInFog,102,Tenerife Airport Disaster,2026-08-09,SM,,,,Y,,,
CTD_AI_TAD_KLMInFog_20260809_4c.mov,CTD_AI_TAD_KLMInFog,102,Tenerife Airport Disaster,2026-08-09,SM,,,,Y,,,
CTD_AI_BMF_ImposingTank04_20260810_1a.mov,CTD_AI_BMF_ImposingTank04,102,Boston Molasses Flood,2026-08-10,SM,,,,Y,,,
CTD_AI_BMF_ImposingTank04_20260810_1b.mov,CTD_AI_BMF_ImposingTank04,102,Boston Molasses Flood,2026-08-10,SM,,,,Y,,,
CTD_AI_BMF_ImposingTank04_20260810_1c.mov,CTD_AI_BMF_ImposingTank04,102,Boston Molasses Flood,2026-08-10,SM,,,,Y,,,
CTD_AI_BMF_ImposingTank04_20260810_1d.mov,CTD_AI_BMF_ImposingTank04,102,Boston Molasses Flood,2026-08-10,SM,,,,Y,,,
CTD_AI_BMF_ImposingTank04_20260810_1e.mov,CTD_AI_BMF_ImposingTank04,102,Boston Molasses Flood,2026-08-10,SM,,,,Y,,,
CTD_AI_BMF_ImposingTank04_20260810_1f.mov,CTD_AI_BMF_ImposingTank04,102,Boston Molasses Flood,2026-08-10,SM,,,,Y,,,
CTD_AI_BMF_ImposingTank04_20260810_1g.mov,CTD_AI_BMF_ImposingTank04,102,Boston Molasses Flood,2026-08-10,SM,,,,Y,,,
CTD_AI_BMF_TankGroaning_20260810_1a.mov,CTD_AI_BMF_TankGroaning,102,Boston Molasses Flood,2026-08-10,SM,,,,Y,,,
CTD_AI_BMF_TankGroaning_20260810_1b.mov,CTD_AI_BMF_TankGroaning,102,Boston Molasses Flood,2026-08-10,SM,,,,Y,,,
CTD_AI_BMF_TankGroaning_20260810_1c.mov,CTD_AI_BMF_TankGroaning,102,Boston Molasses Flood,2026-08-10,SM,,,,Y,,,
CTD_AI_BMF_TankGroaning_20260810_1d.mov,CTD_AI_BMF_TankGroaning,102,Boston Molasses Flood,2026-08-10,SM,,,,Y,,,
CTD_AI_BMF_TankGroaning_20260810_1e.mov,CTD_AI_BMF_TankGroaning,102,Boston Molasses Flood,2026-08-10,SM,,,,Y,,,
CTD_AI_BMF_TankGroaning_20260810_1f.mov,CTD_AI_BMF_TankGroaning,102,Boston Molasses Flood,2026-08-10,SM,,,,Y,,,
CTD_AI_BMF_TankGroaning_20260810_1h.mov,CTD_AI_BMF_TankGroaning,102,Boston Molasses Flood,2026-08-10,SM,,,,Y,,,
CTD_AI_BMF_TankGroaning_20260810_1i.mov,CTD_AI_BMF_TankGroaning,102,Boston Molasses Flood,2026-08-10,SM,,,,Y,,,
CTD_AI_BMF_TankHarbour01_20260810_1a.mov,CTD_AI_BMF_TankHarbour01,102,Boston Molasses Flood,2026-08-10,SM,,,,Y,,,
CTD_AI_OTI_InsideTitan_20260810_1b.mov,CTD_AI_OTI_TITAN_INTERIOR1,102,OceanGate Titan Implosion,2026-08-10,KDK,Krea; Chat GPT,Y,,Y,,,
CTD_AI_OTI_TITAN_INTRO1_20260810_1a.mov,CTD_AI_OTI_TITAN_INTRO1,102,OceanGate Titan Implosion,2026-08-10,KDK,Krea; Chat GPT,Y,,Y,,,
CTD_AI_TAD_PanAmInFog_20260810_1a.mov,CTD_AI_TAD_PanAmInFog,102,Tenerife Airport Disaster,2026-08-10,WS,,Y,,Y,,,
CTD_AI_TAD_PanAmInFog_20260810_2a.mov,CTD_AI_TAD_PanAmInFog,102,Tenerife Airport Disaster,2026-08-10,WS,,Y,,Y,,,
CTD_AI_TAD_PanAmInFog_20260810_2b.mov,CTD_AI_TAD_PanAmInFog,102,Tenerife Airport Disaster,2026-08-10,WS,,Y,,Y,,,
CTD_AI_TAD_PanAmInFog_20260810_2c.mov,CTD_AI_TAD_PanAmInFog,102,Tenerife Airport Disaster,2026-08-10,WS,,Y,,Y,,,
CTD_AI_TAD_PanAmInFog_20260810_3a.mov,CTD_AI_TAD_PanAmInFog,102,Tenerife Airport Disaster,2026-08-10,WS,,Y,,Y,,,
CTD_AI_TAD_PanAmMissingExit02_20260810_1a.mov,CTD_AI_TAD_PanAmMissingExit02,102,Tenerife Airport Disaster,2026-08-10,WS,,Y,,Y,,,
CTD_AI_TAD_PanAmMissingExit02_20260810_1b.mov,CTD_AI_TAD_PanAmMissingExit02,102,Tenerife Airport Disaster,2026-08-10,WS,,Y,,Y,,,
CTD_AI_TAD_PanAmMissingExit02_20260810_2a.mov,CTD_AI_TAD_PanAmMissingExit02,102,Tenerife Airport Disaster,2026-08-10,WS,,Y,,Y,,,
CTD_AI_TAD_PanAmMissingExit02_20260810_3a.mov,CTD_AI_TAD_PanAmMissingExit02,102,Tenerife Airport Disaster,2026-08-10,WS,,Y,,Y,,,
CTD_AI_TAD_PanAmMissingExit02_20260810_3b.mov,CTD_AI_TAD_PanAmMissingExit02,102,Tenerife Airport Disaster,2026-08-10,WS,,Y,,Y,,,
CTD_AI_OTI_DescentIntoDarkness_20260811_1a.mov,CTD_AI_OTI_DescentIntoDarkness,102,OceanGate Titan Implosion,2026-08-11,WS,,Y,,Y,,,
CTD_AI_OTI_DescentIntoDarkness_20260811_1b.mov,CTD_AI_OTI_DescentIntoDarkness,102,OceanGate Titan Implosion,2026-08-11,WS,,Y,,Y,,,
CTD_AI_OTI_DescentIntoDarkness_20260811_1c.mov,CTD_AI_OTI_DescentIntoDarkness,102,OceanGate Titan Implosion,2026-08-11,WS,,Y,,Y,,,
CTD_AI_OTI_DescentIntoDarkness_20260811_1d.mov,CTD_AI_OTI_DescentIntoDarkness,102,OceanGate Titan Implosion,2026-08-11,WS,,Y,,Y,,,
CTD_AI_OTI_DescentIntoDarkness_20260811_2a.mov,CTD_AI_OTI_DescentIntoDarkness,102,OceanGate Titan Implosion,2026-08-11,WS,,Y,,Y,,,
CTD_AI_OTI_DescentIntoDarkness_20260811_2b.mov,CTD_AI_OTI_DescentIntoDarkness,102,OceanGate Titan Implosion,2026-08-11,WS,,Y,,Y,,,
CTD_AI_OTI_DescentIntoDarkness_20260811_2c.mov,CTD_AI_OTI_DescentIntoDarkness,102,OceanGate Titan Implosion,2026-08-11,WS,,Y,,Y,,,
CTD_AI_OTI_DescentIntoDarkness_20260811_3a.mov,CTD_AI_OTI_DescentIntoDarkness,102,OceanGate Titan Implosion,2026-08-11,WS,,Y,,Y,,,
CTD_AI_OTI_DescentIntoDarkness_20260811_3b.mov,CTD_AI_OTI_DescentIntoDarkness,102,OceanGate Titan Implosion,2026-08-11,WS,,Y,,Y,,,
CTD_AI_OTI_DescentIntoDarkness_20260811_4a.mov,CTD_AI_OTI_DescentIntoDarkness,102,OceanGate Titan Implosion,2026-08-11,WS,,Y,,Y,,,
CTD_AI_OTI_DescentIntoDarkness_20260811_4b.mov,CTD_AI_OTI_DescentIntoDarkness,102,OceanGate Titan Implosion,2026-08-11,WS,,Y,,Y,,,
CTD_AI_OTI_DescentIntoDarkness_20260811_5a.mov,CTD_AI_OTI_DescentIntoDarkness,102,OceanGate Titan Implosion,2026-08-11,WS,,Y,,Y,,,
CTD_AI_OTI_DescentIntoDarkness_20260811_5b.mov,CTD_AI_OTI_DescentIntoDarkness,102,OceanGate Titan Implosion,2026-08-11,WS,,Y,,Y,,,
CTD_AI_OTI_TitanShudders_20260811_1a.mov,CTD_AI_OTI_TitanShudders,102,OceanGate Titan Implosion,2026-08-11,WS,,Y,,Y,,,
CTD_AI_OTI_TitanShudders_20260811_1b.mov,CTD_AI_OTI_TitanShudders,102,OceanGate Titan Implosion,2026-08-11,WS,,Y,,Y,,,
CTD_AI_OTI_TitanShudders_20260811_1c.mov,CTD_AI_OTI_TitanShudders,102,OceanGate Titan Implosion,2026-08-11,WS,,Y,,Y,,,
CTD_AI_OTI_TitanShudders_20260811_1d.mov,CTD_AI_OTI_TitanShudders,102,OceanGate Titan Implosion,2026-08-11,WS,,Y,,Y,,,
CTD_AI_OTI_TitanShudders_20260811_1e.mov,CTD_AI_OTI_TitanShudders,102,OceanGate Titan Implosion,2026-08-11,WS,,Y,,Y,,,
CTD_AI_OTI_TitanShudders_20260811_1f.mov,CTD_AI_OTI_TitanShudders,102,OceanGate Titan Implosion,2026-08-11,WS,,Y,,Y,,,
CTD_AI_OTI_TitanShudders_20260811_1g.mov,CTD_AI_OTI_TitanShudders,102,OceanGate Titan Implosion,2026-08-11,WS,,Y,,Y,,,
CTD_AI_OTI_TitanShudders_20260811_2a.mov,CTD_AI_OTI_TitanShudders,102,OceanGate Titan Implosion,2026-08-11,WS,,Y,,Y,,,
CTD_AI_OTI_TitanShudders_20260811_3a.mov,CTD_AI_OTI_TitanShudders,102,OceanGate Titan Implosion,2026-08-11,WS,,Y,,Y,,,
CTD_AI_OTI_TitanShudders_20260811_4a.mov,CTD_AI_OTI_TitanShudders,102,OceanGate Titan Implosion,2026-08-11,WS,,Y,,Y,,,
CTD_AI_OTI_TitanShudders_20260811_5a.mov,CTD_AI_OTI_TitanShudders,102,OceanGate Titan Implosion,2026-08-11,WS,,Y,,Y,,,
CTD_AI_OTI_TitanShudders_20260811_5b.mov,CTD_AI_OTI_TitanShudders,102,OceanGate Titan Implosion,2026-08-11,WS,,Y,,Y,,,
CTD_AI_OTI_TitanShudders_20260811_6a.mov,CTD_AI_OTI_TitanShudders,102,OceanGate Titan Implosion,2026-08-11,WS,,Y,,Y,,,
CTD_AI_OTI_TitanShudders_20260811_6b.mov,CTD_AI_OTI_TitanShudders,102,OceanGate Titan Implosion,2026-08-11,WS,,Y,,Y,,,
CTD_AI_LPE_CypressViaductCollapse02_20260812_1a.mov,CTD_AI_LPE_CypressViaductCollapse02,102,Loma Prieta Earthquake,2026-08-12,SM,,Y,,Y,,,
CTD_AI_LPE_CypressViaductCollapse02_20260812_2a.mov,CTD_AI_LPE_CypressViaductCollapse02,102,Loma Prieta Earthquake,2026-08-12,SM,,Y,,Y,,,
CTD_AI_LPE_CypressViaductCollapse02_20260812_3a.mov,CTD_AI_LPE_CypressViaductCollapse02,102,Loma Prieta Earthquake,2026-08-12,SM,,Y,,Y,,,
CTD_AI_LPE_CypressViaductCollapse02_20260812_4a.mov,CTD_AI_LPE_CypressViaductCollapse02,102,Loma Prieta Earthquake,2026-08-12,SM,,Y,,Y,,,
CTD_AI_LPE_CypressViaductCollapse02_20260812_5a.mov,CTD_AI_LPE_CypressViaductCollapse02,102,Loma Prieta Earthquake,2026-08-12,SM,,Y,,Y,,,
CTD_AI_LPE_JawsOfLife_20260812_3a.mov,CTD_AI_JawsOfLife,102,Loma Prieta Earthquake,2026-08-12,SM,,Y,,Y,,,
CTD_AI_LPE_JawsOfLife_20260812_4a.mov,CTD_AI_JawsOfLife,102,Loma Prieta Earthquake,2026-08-12,SM,,Y,,Y,,,
CTD_AI_LPE_JawsOfLife_20260812_5a.mov,CTD_AI_JawsOfLife,102,Loma Prieta Earthquake,2026-08-12,SM,,Y,,Y,,,
CTD_AI_LPE_SanFranciscoHousingRowCollapses_20260812_10a.mov,CTD_AI_LPE_SanFranciscoHousingRowCollapses,102,Loma Prieta Earthquake,2026-08-12,SM,,Y,,Y,,,
CTD_AI_LPE_SanFranciscoHousingRowCollapses_20260812_11a.mov,CTD_AI_LPE_SanFranciscoHousingRowCollapses,102,Loma Prieta Earthquake,2026-08-12,SM,,Y,,Y,,,
CTD_AI_LPE_SanFranciscoHousingRowCollapses_20260812_1a.mov,CTD_AI_LPE_SanFranciscoHousingRowCollapses,102,Loma Prieta Earthquake,2026-08-12,SM,,Y,,Y,,,
CTD_AI_LPE_SanFranciscoHousingRowCollapses_20260812_2a.mov,CTD_AI_LPE_SanFranciscoHousingRowCollapses,102,Loma Prieta Earthquake,2026-08-12,SM,,Y,,Y,,,
CTD_AI_LPE_SanFranciscoHousingRowCollapses_20260812_3a.mov,CTD_AI_LPE_SanFranciscoHousingRowCollapses,102,Loma Prieta Earthquake,2026-08-12,SM,,Y,,Y,,,
CTD_AI_LPE_SanFranciscoHousingRowCollapses_20260812_4a.mov,CTD_AI_LPE_SanFranciscoHousingRowCollapses,102,Loma Prieta Earthquake,2026-08-12,SM,,Y,,Y,,,
CTD_AI_LPE_SanFranciscoHousingRowCollapses_20260812_5a.mov,CTD_AI_LPE_SanFranciscoHousingRowCollapses,102,Loma Prieta Earthquake,2026-08-12,SM,,Y,,Y,,,
CTD_AI_LPE_SanFranciscoHousingRowCollapses_20260812_6a.mov,CTD_AI_LPE_SanFranciscoHousingRowCollapses,102,Loma Prieta Earthquake,2026-08-12,SM,,Y,,Y,,,
CTD_AI_LPE_SanFranciscoHousingRowCollapses_20260812_7a.mov,CTD_AI_LPE_SanFranciscoHousingRowCollapses,102,Loma Prieta Earthquake,2026-08-12,SM,,Y,,Y,,,
CTD_AI_LPE_SanFranciscoHousingRowCollapses_20260812_8a.mov,CTD_AI_LPE_SanFranciscoHousingRowCollapses,102,Loma Prieta Earthquake,2026-08-12,SM,,Y,,Y,,,
CTD_AI_LPE_SanFranciscoHousingRowCollapses_20260812_9a.mov,CTD_AI_LPE_SanFranciscoHousingRowCollapses,102,Loma Prieta Earthquake,2026-08-12,SM,,Y,,Y,,,
CTD_AI_LPE_ViaductCollapses_20260812_1a.mov,CTD_AI_LPE_ViaductCollapses,102,Loma Prieta Earthquake,2026-08-12,SM,,Y,,Y,,,
CTD_AI_LPE_ViaductCollapses_20260812_2a.mov,CTD_AI_LPE_ViaductCollapses,102,Loma Prieta Earthquake,2026-08-12,SM,,Y,,Y,,,
CTD_AI_LPE_ViaductCollapses_20260812_3a.mov,CTD_AI_LPE_ViaductCollapses,102,Loma Prieta Earthquake,2026-08-12,SM,,Y,,Y,,,
CTD_AI_LPE_ViaductCollapses_20260812_4a.mov,CTD_AI_LPE_ViaductCollapses,102,Loma Prieta Earthquake,2026-08-12,SM,,Y,,Y,,,
CTD_AI_OTI_InsideTitan_20260812_1a.mov,CTD_AI_OTI_TITAN_INTERIOR1,102,OceanGate Titan Implosion,2026-08-12,WS,,Y,,Y,,,
CTD_AI_OTI_InsideTitan_20260812_1b.mov,CTD_AI_OTI_TITAN_INTERIOR1,102,OceanGate Titan Implosion,2026-08-12,WS,,Y,,Y,,,
CTD_AI_OTI_InsideTitan_20260812_1c.mov,CTD_AI_OTI_TITAN_INTERIOR1,102,OceanGate Titan Implosion,2026-08-12,WS,,Y,,Y,,,
CTD_AI_OTI_InsideTitan_20260812_1d.mov,CTD_AI_OTI_TITAN_INTERIOR1,102,OceanGate Titan Implosion,2026-08-12,WS,,Y,,Y,,,
CTD_AI_OTI_InsideTitan_20260812_1e.mov,CTD_AI_OTI_TITAN_INTERIOR1,102,OceanGate Titan Implosion,2026-08-12,WS,,Y,,Y,,,
CTD_AI_OTI_InsideTitan_20260812_1f.mov,CTD_AI_OTI_TITAN_INTERIOR1,102,OceanGate Titan Implosion,2026-08-12,WS,,Y,,Y,,,
CTD_AI_OTI_InsideTitan_20260812_1g.mov,CTD_AI_OTI_TITAN_INTERIOR1,102,OceanGate Titan Implosion,2026-08-12,WS,,Y,,Y,,,
CTD_AI_OTI_TitanSnaggedInWreck_20260812_1a.mov,CTD_AI_OTI_TitanSnaggedInWreck,102,OceanGate Titan Implosion,2026-08-12,WS,,Y,,Y,,,
CTD_AI_OTI_TitanSnaggedInWreck_20260812_1b.mov,CTD_AI_OTI_TitanSnaggedInWreck,102,OceanGate Titan Implosion,2026-08-12,WS,,Y,,Y,,,
CTD_AI_OTI_TitanSnaggedInWreck_20260812_1c.mov,CTD_AI_OTI_TitanSnaggedInWreck,102,OceanGate Titan Implosion,2026-08-12,WS,,Y,,Y,,,
CTD_AI_OTI_TitanSnaggedInWreck_20260812_1d.mov,CTD_AI_OTI_TitanSnaggedInWreck,102,OceanGate Titan Implosion,2026-08-12,WS,,Y,,Y,,,
CTD_AI_OTI_TitanSnaggedInWreck_20260812_2a.mov,CTD_AI_OTI_TitanSnaggedInWreck,102,OceanGate Titan Implosion,2026-08-12,WS,,Y,,Y,,,
CTD_AI_OTI_TitanSnaggedInWreck_20260812_2b.mov,CTD_AI_OTI_TitanSnaggedInWreck,102,OceanGate Titan Implosion,2026-08-12,WS,,Y,,Y,,,
CTD_AI_OTI_TitanSnaggedInWreck_20260812_3a.mov,CTD_AI_OTI_TitanSnaggedInWreck,102,OceanGate Titan Implosion,2026-08-12,WS,,Y,,Y,,,
CTD_AI_OTI_TitanSnaggedInWreck_20260812_3b.mov,CTD_AI_OTI_TitanSnaggedInWreck,102,OceanGate Titan Implosion,2026-08-12,WS,,Y,,Y,,,
CTD_AI_OTI_TitanSnaggedInWreck_20260812_4a.mov,CTD_AI_OTI_TitanSnaggedInWreck,102,OceanGate Titan Implosion,2026-08-12,WS,,Y,,Y,,,
CTD_AI_OTI_TitanToursTitanic3_20260812_1a.mov,CTD_AI_OTI_TITAN_TOURS_TITANIC3,102,OceanGate Titan Implosion,2026-08-12,WS,,Y,,Y,,,
CTD_AI_OTI_TitanToursTitanic3_20260812_2a.mov,CTD_AI_OTI_TITAN_TOURS_TITANIC3,102,OceanGate Titan Implosion,2026-08-12,WS,,Y,,Y,,,
CTD_AI_OTI_TitanToursTitanic3_20260812_3a.mov,CTD_AI_OTI_TITAN_TOURS_TITANIC3,102,OceanGate Titan Implosion,2026-08-12,WS,,Y,,Y,,,
CTD_AI_OTI_TitanToursTitanic3_20260812_3b.mov,CTD_AI_OTI_TITAN_TOURS_TITANIC3,102,OceanGate Titan Implosion,2026-08-12,WS,,Y,,Y,,,
CTD_AI_OTI_TitanToursTitanic3_20260812_4a.mov,CTD_AI_OTI_TITAN_TOURS_TITANIC3,102,OceanGate Titan Implosion,2026-08-12,WS,,Y,,Y,,,
CTD_AI_OTI_TitanToursTitanic3_20260812_4b.mov,CTD_AI_OTI_TITAN_TOURS_TITANIC3,102,OceanGate Titan Implosion,2026-08-12,WS,,Y,,Y,,,
CTD_AI_PAO_FireConsumesRadio_20260812_2a.mov,CTD_AI_PAO_FireConsumesRadio,102,Piper Alpha Oil Rig Disaster,2026-08-12,KDK,,,,Y,,,
CTD_AI_PAO_PiperAlphaExplodes_20260812_A1.mov,CTD_AI_PAO_PiperAlphaExplodes,102,Piper Alpha Oil Rig Disaster,2026-08-12,KDK,,,,Y,,,
CTD_AI_PAO_PiperAlphaExplodes_20260812_A2.mov,CTD_AI_PAO_PiperAlphaExplodes,102,Piper Alpha Oil Rig Disaster,2026-08-12,KDK,,,,Y,,,
CTD_AI_PAO_PiperAlphaExplodes_20260812_A3.mov,CTD_AI_PAO_PiperAlphaExplodes,102,Piper Alpha Oil Rig Disaster,2026-08-12,KDK,,,,Y,,,
CTD_AI_PAO_PiperAlphaExplodes_20260812_A4.mov,CTD_AI_PAO_PiperAlphaExplodes,102,Piper Alpha Oil Rig Disaster,2026-08-12,KDK,,,,Y,,,
CTD_AI_PAO_PiperAlphaExplodes_20260812_B1.mov,CTD_AI_PAO_PiperAlphaExplodes,102,Piper Alpha Oil Rig Disaster,2026-08-12,KDK,,,,Y,,,
CTD_AI_PAO_PiperAlphaExplodes_20260812_B10.mov,CTD_AI_PAO_PiperAlphaExplodes,102,Piper Alpha Oil Rig Disaster,2026-08-12,KDK,,,,Y,,,
CTD_AI_PAO_PiperAlphaExplodes_20260812_B11.mov,CTD_AI_PAO_PiperAlphaExplodes,102,Piper Alpha Oil Rig Disaster,2026-08-12,KDK,,,,Y,,,
CTD_AI_PAO_PiperAlphaExplodes_20260812_B12.mov,CTD_AI_PAO_PiperAlphaExplodes,102,Piper Alpha Oil Rig Disaster,2026-08-12,KDK,,,,Y,,,
CTD_AI_PAO_PiperAlphaExplodes_20260812_B13.mov,CTD_AI_PAO_PiperAlphaExplodes,102,Piper Alpha Oil Rig Disaster,2026-08-12,KDK,,,,Y,,,
CTD_AI_PAO_PiperAlphaExplodes_20260812_B14.mov,CTD_AI_PAO_PiperAlphaExplodes,102,Piper Alpha Oil Rig Disaster,2026-08-12,KDK,,,,Y,,,
CTD_AI_PAO_PiperAlphaExplodes_20260812_B15.mov,CTD_AI_PAO_PiperAlphaExplodes,102,Piper Alpha Oil Rig Disaster,2026-08-12,KDK,,,,Y,,,
CTD_AI_PAO_PiperAlphaExplodes_20260812_B16.mov,CTD_AI_PAO_PiperAlphaExplodes,102,Piper Alpha Oil Rig Disaster,2026-08-12,KDK,,,,Y,,,
CTD_AI_PAO_PiperAlphaExplodes_20260812_B2.mov,CTD_AI_PAO_PiperAlphaExplodes,102,Piper Alpha Oil Rig Disaster,2026-08-12,KDK,,,,Y,,,
CTD_AI_PAO_PiperAlphaExplodes_20260812_B3.mov,CTD_AI_PAO_PiperAlphaExplodes,102,Piper Alpha Oil Rig Disaster,2026-08-12,KDK,,,,Y,,,
CTD_AI_PAO_PiperAlphaExplodes_20260812_B4.mov,CTD_AI_PAO_PiperAlphaExplodes,102,Piper Alpha Oil Rig Disaster,2026-08-12,KDK,,,,Y,,,
CTD_AI_PAO_PiperAlphaExplodes_20260812_B5.mov,CTD_AI_PAO_PiperAlphaExplodes,102,Piper Alpha Oil Rig Disaster,2026-08-12,KDK,,,,Y,,,
CTD_AI_PAO_PiperAlphaExplodes_20260812_B6.mov,CTD_AI_PAO_PiperAlphaExplodes,102,Piper Alpha Oil Rig Disaster,2026-08-12,KDK,,,,Y,,,
CTD_AI_PAO_PiperAlphaExplodes_20260812_B7.mov,CTD_AI_PAO_PiperAlphaExplodes,102,Piper Alpha Oil Rig Disaster,2026-08-12,KDK,,,,Y,,,
CTD_AI_PAO_PiperAlphaExplodes_20260812_B8.mov,CTD_AI_PAO_PiperAlphaExplodes,102,Piper Alpha Oil Rig Disaster,2026-08-12,KDK,,,,Y,,,
CTD_AI_PAO_PiperAlphaExplodes_20260812_B9.mov,CTD_AI_PAO_PiperAlphaExplodes,102,Piper Alpha Oil Rig Disaster,2026-08-12,KDK,,,,Y,,,
CTD_AI_PAO_PiperAlphaExplodes_20260812_E1.mov,CTD_AI_PAO_PiperAlphaExplodes,102,Piper Alpha Oil Rig Disaster,2026-08-12,KDK,,,,Y,,,
CTD_AI_PAO_PiperAlphaExplodes_20260812_E2.mov,CTD_AI_PAO_PiperAlphaExplodes,102,Piper Alpha Oil Rig Disaster,2026-08-12,KDK,,,,Y,,,
CTD_AI_PAO_PiperAlphaExplodes_20260812_E3.mov,CTD_AI_PAO_PiperAlphaExplodes,102,Piper Alpha Oil Rig Disaster,2026-08-12,KDK,,,,Y,,,
CTD_AI_PAO_PiperAlphaExplodes_20260812_E4.mov,CTD_AI_PAO_PiperAlphaExplodes,102,Piper Alpha Oil Rig Disaster,2026-08-12,KDK,,,,Y,,,
CTD_AI_PAO_PiperAlphaExplodes_20260812_E5.mov,CTD_AI_PAO_PiperAlphaExplodes,102,Piper Alpha Oil Rig Disaster,2026-08-12,KDK,,,,Y,,,
CTD_AI_PAO_PiperAlphaExplodes_20260812_E6.mov,CTD_AI_PAO_PiperAlphaExplodes,102,Piper Alpha Oil Rig Disaster,2026-08-12,KDK,,,,Y,,,
CTD_AI_PAO_PipesBurst_20260812_1.mov,CTD_AI_PAO_PipesBurst,102,Piper Alpha Oil Rig Disaster,2026-08-12,KDK,,,,Y,,,
CTD_AI_PAO_PipesBurst_20260812_2.mov,CTD_AI_PAO_PipesBurst,102,Piper Alpha Oil Rig Disaster,2026-08-12,KDK,,,,Y,,,
CTD_AI_PAO_PipesBurst_20260812_3.mov,CTD_AI_PAO_PipesBurst,102,Piper Alpha Oil Rig Disaster,2026-08-12,KDK,,,,Y,,,
CTD_AI_PAO_PipesBurst_20260812_4.mov,CTD_AI_PAO_PipesBurst,102,Piper Alpha Oil Rig Disaster,2026-08-12,KDK,,,,Y,,,
CTD_AI_PAO_PipesBurst_20260812_5.mov,CTD_AI_PAO_PipesBurst,102,Piper Alpha Oil Rig Disaster,2026-08-12,KDK,,,,Y,,,
CTD_AI_PAO_PumpAOnButton_20260812_A1.mov,CTD_AI_PAO_PumpAOnButton,102,Piper Alpha Oil Rig Disaster,2026-08-12,KDK,,,,Y,,,
CTD_AI_PAO_PumpAOnButton_20260812_A2.mov,CTD_AI_PAO_PumpAOnButton,102,Piper Alpha Oil Rig Disaster,2026-08-12,KDK,,,,Y,,,
CTD_AI_PAO_ToolboxDrop_20260812_2a.mov,CTD_AI_PAO_Toolboxdrop,102,Piper Alpha Oil Rig Disaster,2026-08-12,KDK,,,,Y,,,
CTD_AI_PAO_ToolboxDrop_20260812_2b.mov,CTD_AI_PAO_Toolboxdrop,102,Piper Alpha Oil Rig Disaster,2026-08-12,KDK,,,,Y,,,
CTD_AI_PAO_ToolboxDrop_20260812_2c.mov,CTD_AI_PAO_Toolboxdrop,102,Piper Alpha Oil Rig Disaster,2026-08-12,KDK,,,,Y,,,
CTD_AI_PAO_ToolboxDrop_20260812_2d.mov,CTD_AI_PAO_Toolboxdrop,102,Piper Alpha Oil Rig Disaster,2026-08-12,KDK,,,,Y,,,
CTD_AI_TAD_PanAmInFog_20260812_1a.mov,CTD_AI_TAD_PanAmInFog,102,Tenerife Airport Disaster,2026-08-12,WS,,Y,,Y,,,
CTD_AI_TAD_PanAmInFog_20260812_1b.mov,CTD_AI_TAD_PanAmInFog,102,Tenerife Airport Disaster,2026-08-12,WS,,Y,,Y,,,
CTD_AI_TAD_PanAmInFog_20260812_2a.mov,CTD_AI_TAD_PanAmInFog,102,Tenerife Airport Disaster,2026-08-12,WS,,Y,,Y,,,
CTD_AI_HMB_ESTABnight_20260731_1a.mov,CTD_AI_HMB_NightInPort ,103,Halifax Mont-Blanc Explosion,,,,,,Y,,,
CTD_AI_AA191_ATCRespond_20260605_1a.mov,CTD_AI_AA191_AirTrafficResponds,103,American Airlines Flight 191,2026-06-05,WS,Chat GPT; Krea,,,Y,,,
CTD_AI_AA191_ATCRespond_20260605_2a.mov,CTD_AI_AA191_AirTrafficResponds,103,American Airlines Flight 191,2026-06-05,WS,Chat GPT; Krea,,,Y,,,
CTD_AI_AA191_ATCRespond_20260605_2b.mov,CTD_AI_AA191_AirTrafficResponds,103,American Airlines Flight 191,2026-06-05,WS,Chat GPT; Krea,,,Y,,,
CTD_AI_AA191_ATCRespond_20260605_3a.mov,CTD_AI_AA191_AirTrafficResponds,103,American Airlines Flight 191,2026-06-05,WS,Chat GPT; Krea,,,Y,,,
CTD_AI_AA191_ATCRespond_20260605_3b.mov,CTD_AI_AA191_AirTrafficResponds,103,American Airlines Flight 191,2026-06-05,WS,Chat GPT; Krea,,,Y,,,
CTD_AI_AA191_AdjustRudder_20260605_1a.mov,CTD_AI_AA191_AdjustRudder01,103,American Airlines Flight 191,2026-06-05,WS,Chat GPT; Krea,,,Y,,,
CTD_AI_AA191_POVTakeoff_20260605_1a.mov,CTD_AI_AA191_LiftoffPilotsPOV,103,American Airlines Flight 191,2026-06-05,WS,Chat GPT; Krea,,Re-spin Requested,Y,Y,,
CTD_AI_AA191_POVTakeoff_20260605_1b.mov,CTD_AI_AA191_LiftoffPilotsPOV,103,American Airlines Flight 191,2026-06-05,WS,Chat GPT; Krea,,,Y,,,
CTD_AI_AA191_POVcrash_20260605_1a.mov,CTD_AI_AA191_CrashesAndExplodes02,103,American Airlines Flight 191,2026-06-05,WS,Chat GPT; Krea,,Re-spin Requested,Y,Y,,
CTD_AI_AA191_POVcrash_20260605_1b.mov,CTD_AI_AA191_CrashesAndExplodes02,103,American Airlines Flight 191,2026-06-05,WS,Chat GPT; Krea,,,Y,,,
CTD_AI_AA191_POVcrash_20260605_1c.mov,CTD_AI_AA191_CrashesAndExplodes02,103,American Airlines Flight 191,2026-06-05,WS,Chat GPT; Krea,,,Y,,,
CTD_AI_AA191_POVcrash_20260605_1d.mov,CTD_AI_AA191_CrashesAndExplodes02,103,American Airlines Flight 191,2026-06-05,WS,Chat GPT; Krea,,,Y,,,
CTD_AI_AA191_POVroll_20260605_1a.mov,CTD_AI_AA191_PlaneRollsLeft02,103,American Airlines Flight 191,2026-06-05,WS,Chat GPT; Krea,,,Y,,,
CTD_AI_AA191_PlaneCrash_20260605_1a.mov,CTD_AI_AA191_CrashesAndExplodes01,103,American Airlines Flight 191,2026-06-05,WS,Chat GPT; Krea,,,Y,,,
CTD_AI_AA191_PlaneCrash_20260605_1b.mov,CTD_AI_AA191_CrashesAndExplodes01,103,American Airlines Flight 191,2026-06-05,WS,Chat GPT; Krea,,,Y,,,
CTD_AI_AA191_PlaneCrash_20260605_2a.mov,CTD_AI_AA191_CrashesAndExplodes01,103,American Airlines Flight 191,2026-06-05,WS,Chat GPT; Krea,,,Y,,,
CTD_AI_AA191_PlaneCrash_20260605_2b.mov,CTD_AI_AA191_CrashesAndExplodes01,103,American Airlines Flight 191,2026-06-05,WS,Chat GPT; Krea,,PAUSE,Y,,,
CTD_AI_AA191_PlaneRolling_20260605_1a.mov,CTD_AI_AA191_LaughlinPOV,103,American Airlines Flight 191,2026-06-05,WS,Chat GPT; Krea,,Re-spin Requested,Y,Y,,
CTD_AI_AA191_PlaneRolling_20260605_1b.mov,CTD_AI_AA191_LaughlinPOV,103,American Airlines Flight 191,2026-06-05,WS,Chat GPT; Krea,,,Y,,,
CTD_AI_AA191_PlaneRolling_20260605_1c.mov,CTD_AI_AA191_LaughlinPOV,103,American Airlines Flight 191,2026-06-05,WS,Chat GPT; Krea,,,Y,,,
CTD_AI_AA191_PreFlight_20260605_1a.mov,CTD_AI_AA191_PilotsInCockpit,103,American Airlines Flight 191,2026-06-05,WS,Chat GPT; Krea,,,Y,,,
CTD_AI_AA191_PreFlight_20260605_2a.mov,CTD_AI_AA191_PilotsInCockpit,103,American Airlines Flight 191,2026-06-05,WS,Chat GPT; Krea,,,Y,,,
CTD_AI_AA191_SlatsINT_20260605_1a.mov,CTD_AI_AA191_SlatsIndicator,103,American Airlines Flight 191,2026-06-05,WS,Chat GPT; Krea,,,Y,,,
CTD_AI_AA191_SlatsINT_20260605_2a.mov,CTD_AI_AA191_SlatsIndicator,103,American Airlines Flight 191,2026-06-05,WS,Chat GPT; Krea,,,Y,,,
CTD_AI_AA191_SlatsINT_20260605_2b.mov,CTD_AI_AA191_SlatsIndicator,103,American Airlines Flight 191,2026-06-05,WS,Chat GPT; Krea,,,Y,,,
CTD_AI_AA191_Taxi_20260605_1a.mov,CTD_AI_AA191_PlaneTaxi01,103,American Airlines Flight 191,2026-06-05,WS,Chat GPT; Krea,,Re-spin Requested,Y,Y,,
CTD_AI_AA191_Taxi_20260605_1b.mov,CTD_AI_AA191_PlaneTaxi01,103,American Airlines Flight 191,2026-06-05,WS,Chat GPT; Krea,,,Y,,,
CTD_AI_AA191_Taxi_20260605_1c.mov,CTD_AI_AA191_PlaneTaxi01,103,American Airlines Flight 191,2026-06-05,WS,Chat GPT; Krea,,,Y,,,
CTD_AI_AA191_Taxi_20260605_2a.mov,CTD_AI_AA191_PlaneTaxi01,103,American Airlines Flight 191,2026-06-05,WS,Chat GPT; Krea,,,Y,,,
CTD_AI_AA191_Taxi_20260605_3a.mov,CTD_AI_AA191_PlaneTaxi02,103,American Airlines Flight 191,2026-06-05,WS,Chat GPT; Krea,,,Y,,,
CTD_AI_AA191_Taxi_20260605_4a.mov,CTD_AI_AA191_PlaneTaxi02,103,American Airlines Flight 191,2026-06-05,WS,Chat GPT; Krea,,,Y,,,
CTD_AI_LMR_ApartmentByTracks_20260603.mov,CTD_AI_LMR_ApartmentByTracks,103,Lac-Megantic Rail Disaster,2026-06-05,JJ,Chat GPT; Krea,,,Y,,,
CTD_AI_LMR_ChristianMakesItOut.mov,CTD_AI_LMR_ChristianMakesItOut,103,Lac-Megantic Rail Disaster,2026-06-05,JJ,Chat GPT; Krea,,,Y,,,
CTD_AI_LMR_FailingLocomotive_20260603.mov,CTD_AI_LMR_Failing Locomotive,103,Lac-Megantic Rail Disaster,2026-06-05,JJ,Chat GPT; Krea,,,Y,,,
CTD_AI_LMR_GroundRumbles_20260605_1a.mov,CTD_AI_LMR_GroundRumbles,103,Lac-Megantic Rail Disaster,2026-06-05,JJ,Chat GPT; Krea,,,Y,,,
CTD_AI_LMR_GroundRumbles_20260605_2a.mov,CTD_AI_LMR_GroundRumbles,103,Lac-Megantic Rail Disaster,2026-06-05,JJ,Chat GPT; Krea,,,Y,,,
CTD_AI_LMR_HardingDrivingTrain_20260603_1A.mov,CTD_AI_LMR_HardingDrivingTrain,103,Lac-Megantic Rail Disaster,2026-06-05,JJ,Chat GPT; Krea,,,Y,,,
CTD_AI_LMR_HardingDrivingTrain_20260603_1B.mov,CTD_AI_LMR_HardingDrivingTrain,103,Lac-Megantic Rail Disaster,2026-06-05,JJ,Chat GPT; Krea,,,Y,,,
CTD_AI_LMR_HardingOnPhone_20260603.mov,CTD_AI_LMR_HardingOnPhone,103,Lac-Megantic Rail Disaster,2026-06-05,JJ,Chat GPT; Krea,,,Y,,,
CTD_AI_LMR_HardingSetsBrakes_20260603.mov,CTD_AI_LMR_HardingSetsBrakes,103,Lac-Megantic Rail Disaster,2026-06-05,JJ,Chat GPT; Krea,,,Y,,,
CTD_AI_LMR_HardingUsingPayloader_20260603.mov,CTD_AI_LMR_HardingUsingPayloader,103,Lac-Megantic Rail Disaster,2026-06-05,JJ,Chat GPT; Krea,,,Y,,,
CTD_AI_LMR_HomeInFlames_20260603.mov,CTD_AI_LMR_HomeInFlames,103,Lac-Megantic Rail Disaster,2026-06-05,JJ,Chat GPT; Krea,,,Y,,,
CTD_AI_LMR_MassiveExplosion_20260603.mov,CTD_AI_LMR_MassiveExplosion,103,Lac-Megantic Rail Disaster,2026-06-05,JJ,Chat GPT; Krea,,Re-spin Completed,Y,,,
CTD_AI_LMR_MusiCafeInferno_20260604.mov,CTD_AI_LMR_MusiCafeInferno,103,Lac-Megantic Rail Disaster,2026-06-05,JJ,Chat GPT; Krea,,,Y,,,
CTD_AI_LMR_MusiCafePanic_20260605.mov,CTD_AI_LMR_MusiCafePanic,103,Lac-Megantic Rail Disaster,2026-06-05,JJ,Chat GPT; Krea,,,Y,,,
CTD_AI_LMR_ParksOnMainTrack_20260604_1A.mov,CTD_AI_LMR_ParksOnMainTrack,103,Lac-Megantic Rail Disaster,2026-06-05,JJ,Chat GPT; Krea,,,Y,,,
CTD_AI_LMR_ParksOnMainTrack_20260604_1B.mov,CTD_AI_LMR_ParksOnMainTrack,103,Lac-Megantic Rail Disaster,2026-06-05,SM,Chat GPT; Krea,,Re-spin Completed,Y,,,
CTD_AI_LMR_RunawayTrain_20260604_1A.mov,CTD_AI_LMR_RunawayTrain,103,Lac-Megantic Rail Disaster,2026-06-05,JJ,Chat GPT; Krea,,,Y,,,
CTD_AI_LMR_RunawayTrain_20260604_1B.mov,CTD_AI_LMR_RunawayTrain,103,Lac-Megantic Rail Disaster,2026-06-05,JJ,Chat GPT; Krea,,,Y,,,
CTD_AI_LMR_TrainDerails_20260604_1A.mov,CTD_AI_LMR_TrainDerails,103,Lac-Megantic Rail Disaster,2026-06-05,JJ,Chat GPT; Krea,,Re-spin Completed,Y,,,
CTD_AI_LMR_TrainDerails_20260604_1B.mov,CTD_AI_LMR_TrainDerails,103,Lac-Megantic Rail Disaster,2026-06-05,JJ,Chat GPT; Krea,,PAUSE,Y,,,
CTD_AI_LMR_TrainInFlames_20260605.mov,CTD_AI_LMR_TrainInFlames,103,Lac-Megantic Rail Disaster,2026-06-05,JJ,Chat GPT; Krea,,,Y,,,
CTD_AI_LMR_TrainSpeedsUp_20260604_1A.mov,CTD_AI_LMR_TrainSpeedsUp,103,Lac-Megantic Rail Disaster,2026-06-05,JJ,Chat GPT; Krea,,,Y,,,
CTD_AI_LMR_TrappedInBar_20260403.mov,CTD_AI_LMR_TrappedInBar,103,Lac-Megantic Rail Disaster,2026-06-05,JJ,Chat GPT; Krea,,,Y,,,
CTD_AI_LMR_TrappedInBar_20260604.mov,CTD_AI_LMR_TrappedInBar,103,Lac-Megantic Rail Disaster,2026-06-05,JJ,Chat GPT; Krea,,,Y,,,
CTD_AI_AA191_ATCWatching_20260610_1a.mov,CTD_AI_AA191_ATCReacts,103,American Airlines Flight 191,2026-06-10,WS,Chat GPT; Krea,,,Y,,,
CTD_AI_AA191_ATCWatching_20260610_2a.mov,CTD_AI_AA191_ATCReacts,103,American Airlines Flight 191,2026-06-10,WS,Chat GPT; Krea,,,Y,,,
CTD_AI_AA191_ATCWatching_20260610_2b.mov,CTD_AI_AA191_ATCReacts,103,American Airlines Flight 191,2026-06-10,WS,Chat GPT; Krea,,,Y,,,
CTD_AI_AA191_AdjustRudder_20260610_1a.mov,CTD_AI_AA191_AdjustRudder02,103,American Airlines Flight 191,2026-06-10,WS,Chat GPT; Krea,,,Y,,,
CTD_AI_AA191_AdjustRudder_20260610_2a.mov,CTD_AI_AA191_AdjustRudder02,103,American Airlines Flight 191,2026-06-10,WS,Chat GPT; Krea,,Re-spin Completed,Y,,,
CTD_AI_AA191_AdjustRudder_20260610_2b.mov,CTD_AI_AA191_AdjustRudder02,103,American Airlines Flight 191,2026-06-10,WS,Chat GPT; Krea,,PAUSE,Y,,,
CTD_AI_AA191_AdjustRudder_20260610_3a.mov,CTD_AI_AA191_AdjustRudder02,103,American Airlines Flight 191,2026-06-10,WS,Chat GPT; Krea,,,Y,,,
CTD_AI_AA191_AdjustRudder_20260610_3b.mov,CTD_AI_AA191_AdjustRudder02,103,American Airlines Flight 191,2026-06-10,WS,Chat GPT; Krea,,Re-spin Requested,Y,Y,,
CTD_AI_AA191_AdjustRudder_20260610_3c.mov,CTD_AI_AA191_AdjustRudder02,103,American Airlines Flight 191,2026-06-10,WS,Chat GPT; Krea,,,Y,,,
CTD_AI_AA191_POVWindow_20260610_1a.mov,CTD_AI_AA191_WiresRipped,103,American Airlines Flight 191,2026-06-10,WS,Chat GPT; Krea,,Re-spin Requested,Y,Y,,
CTD_AI_AA191_POVWindow_20260610_1b.mov,CTD_AI_AA191_WiresRipped,103,American Airlines Flight 191,2026-06-10,WS,Chat GPT; Krea,,,Y,,,
CTD_AI_PFS_BlownToGround_20260610_1A.mov,CTD_AI_PFS_BlownToGround,103,Peshtigo Firestorm,2026-06-10,JJ,Chat GPT; Krea,,,Y,,,
CTD_AI_PFS_BlownToGround_20260610_1B.mov,CTD_AI_PFS_BlownToGround,103,Peshtigo Firestorm,2026-06-10,JJ,Chat GPT; Krea,,,Y,,,
CTD_AI_PFS_BlownToGround_20260610_1C.mov,CTD_AI_PFS_BlownToGround,103,Peshtigo Firestorm,2026-06-10,JJ,Chat GPT; Krea,,,Y,,,
CTD_AI_PFS_BurnDebris01_20260610.mov,CTD_AI_PFS_BurnDebris01,103,Peshtigo Firestorm,2026-06-10,JJ,Chat GPT; Krea,,,Y,,,
CTD_AI_PFS_BurnDebris02_20260610.mov,CTD_AI_PFS_BurnDebris02,103,Peshtigo Firestorm,2026-06-10,JJ,Chat GPT; Krea,,,Y,,,
CTD_AI_PFS_BurnSawdust_20260610.mov,CTD_AI_PFS_BurnSawdust,103,Peshtigo Firestorm,2026-06-10,JJ,Chat GPT; Krea,,,Y,,,
CTD_AI_PFS_ClearingTracks_20260610.mov,CTD_AI_PFS_ClearingTracks,103,Peshtigo Firestorm,2026-06-10,JJ,Chat GPT; Krea,,,Y,,,
CTD_AI_PFS_CloudOfSmoke_20260610.mov,CTD_AI_PFS_CloudOfSmoke,103,Peshtigo Firestorm,2026-06-10,JJ,Chat GPT; Krea,,,Y,,,
CTD_AI_PFS_DryPeshtigo01_20260610.mov,CTD_AI_PFS_DryPeshtigo01,103,Peshtigo Firestorm,2026-06-10,JJ,Chat GPT; Krea,,,Y,,,
CTD_AI_PFS_DryPeshtigo02_20260610.mov,CTD_AI_PFS_DryPeshtigo02,103,Peshtigo Firestorm,2026-06-10,JJ,Chat GPT; Krea,,,Y,,,
CTD_AI_PFS_FiresGrow01_20260610.mov,CTD_AI_PFS_DryPeshtigo02,103,Peshtigo Firestorm,2026-06-10,JJ,Chat GPT; Krea,,,Y,,,
CTD_AI_PFS_FiresGrow02_20260610.mov,CTD_AI_PFS_FiresGrow02,103,Peshtigo Firestorm,2026-06-10,JJ,Chat GPT; Krea,,,Y,,,
CTD_AI_PFS_FiresGrow03_20260610.mov,CTD_AI_PFS_FiresGrow03,103,Peshtigo Firestorm,2026-06-10,JJ,Chat GPT; Krea,,,Y,,,
CTD_AI_PFS_FiresGrow04_20260610.mov,CTD_AI_PFS_FiresGrow04,103,Peshtigo Firestorm,2026-06-10,JJ,Chat GPT; Krea,,,Y,,,
CTD_AI_PFS_OpenFields01_20260610.mov,CTD_AI_PFS_OpenFields01,103,Peshtigo Firestorm,2026-06-10,JJ,Chat GPT; Krea,,,Y,,,
CTD_AI_PFS_PerninToRiver_20260610.mov,CTD_AI_PFS_PerninToRiver,103,Peshtigo Firestorm,2026-06-10,JJ,Chat GPT; Krea,,,Y,,,
CTD_AI_PFS_PeshtigoBurns_20260610.mov,CTD_AI_PFS_PeshtigoBurns,103,Peshtigo Firestorm,2026-06-10,JJ,Chat GPT; Krea,,,Y,,,
CTD_AI_PFS_SandToGlass_20260610.mov,CTD_AI_PFS_SandToGlass,103,Peshtigo Firestorm,2026-06-10,JJ,Chat GPT; Krea,,,Y,,,
CTD_AI_PFS_ScrapPiles20260610.mov,CTD_AI_PFS_ScrapPiles,103,Peshtigo Firestorm,2026-06-10,JJ,Chat GPT; Krea,,,Y,,,
CTD_AI_PFS_Submerged_A_20260610.mov,CTD_AI_PFS_Submerged,103,Peshtigo Firestorm,2026-06-10,JJ,Chat GPT; Krea,,,Y,,,
CTD_AI_PFS_Submerged_B_20260610.mov,CTD_AI_PFS_Submerged,103,Peshtigo Firestorm,2026-06-10,JJ,Chat GPT; Krea,,,Y,,,
CTD_AI_PFS_TornadoFireball01_20260610.mov,CTD_AI_PFS_TornadoFireball01,103,Peshtigo Firestorm,2026-06-10,JJ,Chat GPT; Krea,,,Y,,,
CTD_AI_PFS_TornadoFireball02_20260610.mov,CTD_AI_PFS_TornadoFireball02,103,Peshtigo Firestorm,2026-06-10,JJ,Chat GPT; Krea,,,Y,,,
CTD_AI_SDS_ACUnit_20260610_1a.mov,CTD_AI_SDS_AC,103,Sampoong Department Store Collapse,2026-06-10,SM,Chat GPT; Krea,,,Y,,,
CTD_AI_SDS_ACVibrating_20260610_1a.mov,CTD_AI_SDS_AC,103,Sampoong Department Store Collapse,2026-06-10,SM,Chat GPT; Krea,,Re-spin Completed,Y,,,
CTD_AI_SDS_BriefcaseIntro_20260610_1a.mov,CTD_AI_SDS_Bribe01,103,Sampoong Department Store Collapse,2026-06-10,SM,Chat GPT; Krea,,,Y,,,
CTD_AI_SDS_BriefcaseIntro_20260610_1b.mov,CTD_AI_SDS_Bribe01,103,Sampoong Department Store Collapse,2026-06-10,SM,Chat GPT; Krea,,,Y,,,
CTD_AI_SDS_BriefcaseIntro_20260610_1c.mov,CTD_AI_SDS_Bribe01,103,Sampoong Department Store Collapse,2026-06-10,SM,Chat GPT; Krea,,,Y,,,
CTD_AI_SDS_Briefcase_20260610_1a.mov,CTD_AI_SDS_Bribe02,103,Sampoong Department Store Collapse,2026-06-10,SM,Chat GPT; Krea,,,Y,,,
CTD_AI_SDS_Briefcase_20260610_1b.mov,CTD_AI_SDS_Bribe02,103,Sampoong Department Store Collapse,2026-06-10,SM,Chat GPT; Krea,,,Y,,,
CTD_AI_SDS_Briefcase_20260610_1c.mov,CTD_AI_SDS_Bribe02,103,Sampoong Department Store Collapse,2026-06-10,SM,Chat GPT; Krea,,,Y,,,
CTD_AI_SDS_Briefcase_20260610_1d.mov,CTD_AI_SDS_Bribe02,103,Sampoong Department Store Collapse,2026-06-10,SM,Chat GPT; Krea,,,Y,,,
CTD_AI_SDS_Ribbon_20260610_1a.mov,CTD_AI_SDS_CutRibbon,103,Sampoong Department Store Collapse,2026-06-10,SM,Chat GPT; Krea,,,Y,,,
CTD_AI_SDS_Ribbon_20260610_1b.mov,CTD_AI_SDS_CutRibbon,103,Sampoong Department Store Collapse,2026-06-10,SM,Chat GPT; Krea,,,Y,,,
CTD_AI_SDS_Ribbon_20260610_1c.mov,CTD_AI_SDS_CutRibbon,103,Sampoong Department Store Collapse,2026-06-10,SM,Chat GPT; Krea,,,Y,,,
CTD_AI_SDS_Ribbon_20260610_1d.mov,CTD_AI_SDS_CutRibbon,103,Sampoong Department Store Collapse,2026-06-10,SM,Chat GPT; Krea,,,Y,,,
CTD_AI_SDS_Ribbon_20260610_1f.mov,CTD_AI_SDS_CutRibbon,103,Sampoong Department Store Collapse,2026-06-10,SM,Chat GPT; Krea,,,Y,,,
CTD_AI_SDS_Ribbon_20260610_1g.mov,CTD_AI_SDS_CutRibbon,103,Sampoong Department Store Collapse,2026-06-10,SM,Chat GPT; Krea,,,Y,,,
CTD_AI_SDS_Ribbon_20260610_1v.mov,CTD_AI_SDS_CutRibbon,103,Sampoong Department Store Collapse,2026-06-10,SM,Chat GPT; Krea,,,Y,,,
CTD_AI_SDS_Stamp_20260610_1a.mov,CTD_AI_SDS_Bribe02,103,Sampoong Department Store Collapse,2026-06-10,SM,Chat GPT; Krea,,,Y,,,
CTD_AI_SDS_Stamp_20260610_1b.mov,CTD_AI_SDS_Bribe02,103,Sampoong Department Store Collapse,2026-06-10,SM,Chat GPT; Krea,,,Y,,,
CTD_AI_SDS_Stamp_20260610_1c.mov,CTD_AI_SDS_Bribe02,103,Sampoong Department Store Collapse,2026-06-10,SM,Chat GPT; Krea,,,Y,,,
CTD_AI_CCS_HelmClose_20260611_1a.mov,CTD_AI_CCS_ShipStartsDetour 03,103,Costa Concordia Ship Capsize,2026-06-11,WS,Chat GPT; Krea,,,Y,,,
CTD_AI_CCS_HelmClose_20260611_1b.mov,CTD_AI_CCS_ShipStartsDetour 03,103,Costa Concordia Ship Capsize,2026-06-11,WS,Chat GPT; Krea,,,Y,,,
CTD_AI_CCS_HelmClose_20260611_1c.mov,CTD_AI_CCS_ShipStartsDetour 03,103,Costa Concordia Ship Capsize,2026-06-11,SM,Chat GPT; Krea,,Re-spin Completed,Y,,,
CTD_AI_CCS_MaritimeSalute_20260611_1a.mov,CTD_AI_CCS_MaritimeSalute01,103,Costa Concordia Ship Capsize,2026-06-11,james,Chat GPT; Krea,,Re-spin Completed,Y,,,
CTD_AI_CCS_MaritimeSalute_20260611_1b.mov,CTD_AI_CCS_MaritimeSalute01,103,Costa Concordia Ship Capsize,2026-06-11,james,Chat GPT; Krea,,,Y,,,
CTD_AI_CCS_MaritimeSalute_20260611_2a.mov,CTD_AI_CCS_MaritimeSalute01,103,Costa Concordia Ship Capsize,2026-06-11,james,Chat GPT; Krea,,,Y,,,
CTD_AI_CCS_PhoneinHand_20260611_1a.mov,CTD_AI_CCS_SchettinoOnPhone01,103,Costa Concordia Ship Capsize,2026-06-11,WS,Chat GPT; Krea,,,Y,,,
CTD_AI_CCS_PhoneinHand_20260611_1b.mov,CTD_AI_CCS_SchettinoOnPhone01,103,Costa Concordia Ship Capsize,2026-06-11,WS,Chat GPT; Krea,,,Y,,,
CTD_AI_CCS_PhonetoEar_20260611_1a.mov,CTD_AI_CCS_SchettinoOnPhone02,103,Costa Concordia Ship Capsize,2026-06-11,WS,Chat GPT; Krea,,,Y,,,
CTD_AI_CCS_SaluteOnBoard_20260611_1a.mov,CTD_AI_CCS_MaritimeSalute02,103,Costa Concordia Ship Capsize,2026-06-11,WS,Chat GPT; Krea,,PAUSE,Y,,,
CTD_AI_CCS_SaluteOnBoard_20260611_2a.mov,CTD_AI_CCS_MaritimeSalute02,103,Costa Concordia Ship Capsize,2026-06-11,WS,Chat GPT; Krea,,PAUSE,Y,,,
CTD_AI_CCS_TooFastToTurn_20260611_1a.mov,CTD_AI_CCS_TooFastToTurn,103,Costa Concordia Ship Capsize,2026-06-11,WS,Chat GPT; Krea,,PAUSE,Y,,,
CTD_AI_CCS_WideBridge_20260611_1a.mov,CTD_AI_CCS_ShipStartsDetour01,103,Costa Concordia Ship Capsize,2026-06-11,WS,Chat GPT; Krea,,PAUSE,Y,,,
CTD_AI_CCS_WideBridge_20260611_1b.mov,CTD_AI_CCS_ShipStartsDetour01,103,Costa Concordia Ship Capsize,2026-06-11,SM,Chat GPT; Krea,,,Y,,,
CTD_AI_CCS_WideBridge_20260611_1c.mov,CTD_AI_CCS_ShipStartsDetour01,103,Costa Concordia Ship Capsize,2026-06-11,SM,Chat GPT; Krea,,,Y,,,
CTD_AI_CCS_WideBridge_20260611_1d.mov,CTD_AI_CCS_ShipStartsDetour01,103,Costa Concordia Ship Capsize,2026-06-11,SM,Chat GPT; Krea,,,Y,,,
CTD_AI_SDS_ACUnitDragged_20260611_1a.mov,CTD_AI_SDS_ACMoved01,103,Sampoong Department Store Collapse,2026-06-11,SM,Chat GPT; Krea,,,Y,,,
CTD_AI_SDS_ACUnitDragged_20260611_1b.mov,CTD_AI_SDS_ACMoved01,103,Sampoong Department Store Collapse,2026-06-11,SM,Chat GPT; Krea,,,Y,,,
CTD_AI_SDS_ACUnit_20260611_1a.mov,CTD_AI_SDS_ACMoved01,103,Sampoong Department Store Collapse,2026-06-11,SM,Chat GPT; Krea,,Re-spin Completed,Y,,,
CTD_AI_SDS_ACUnit_20260611_1b.mov,CTD_AI_SDS_ACMoved01,103,Sampoong Department Store Collapse,2026-06-11,SM,Chat GPT; Krea,,,Y,,,
CTD_AI_SDS_ACUnit_20260611_1c.mov,CTD_AI_SDS_ACMoved01,103,Sampoong Department Store Collapse,2026-06-11,SM,Chat GPT; Krea,,,Y,,,
CTD_AI_SDS_Cafeteriatray_20260611_1a.mov,CTD_AI_SDS_Breaktime,103,Sampoong Department Store Collapse,2026-06-11,SM,Chat GPT; Krea,,Re-spin Completed,Y,,,
CTD_AI_SDS_Cafeteriatray_20260611_1b.mov,CTD_AI_SDS_Breaktime,103,Sampoong Department Store Collapse,2026-06-11,SM,Chat GPT; Krea,,,Y,,,
CTD_AI_SDS_Cafeteriatray_20260611_2a.mov,CTD_AI_SDS_BasementShaking,103,Sampoong Department Store Collapse,2026-06-11,SM,Chat GPT; Krea,,Re-spin Completed,Y,,,
CTD_AI_SDS_Cafeteriatray_20260611_2b.mov,CTD_AI_SDS_BasementShaking,103,Sampoong Department Store Collapse,2026-06-11,SM,Chat GPT; Krea,,,Y,,,
CTD_AI_SDS_Pillar_20260611_1a.mov,CTD_AI_SDS_ColumnFirstCracks,103,Sampoong Department Store Collapse,2026-06-11,SM,Chat GPT; Krea,,Re-spin Completed,Y,,,
CTD_AI_SDS_Pillar_20260611_1b.mov,CTD_AI_SDS_ColumnFirstCracks,103,Sampoong Department Store Collapse,2026-06-11,SM,Chat GPT; Krea,,PAUSE,Y,,,
CTD_AI_CCS_BowClears_20260615_1a.mov,CTD_AI_CCS_BowClears,103,Costa Concordia Ship Capsize,2026-06-15,WS,Chat GPT; Krea,,Re-spin Completed,Y,,,
CTD_AI_CCS_BowClears_20260615_1b.mov,CTD_AI_CCS_BowClears,103,Costa Concordia Ship Capsize,2026-06-15,WS,Chat GPT; Krea,,,Y,,,
CTD_AI_PFS_Broom_20260617.mov,CTD_AI_PFS_Broom,103,Peshtigo Firestorm,2026-06-17,JJ,,,,Y,,,
CTD_AI_PFS_FiresGrow01B_20260617.mov,CTD_AI_PFS_FiresGrow01,103,Peshtigo Firestorm,2026-06-17,JJ,,,,Y,,,
CTD_AI_PFS_TornadoFireball03_20260617.mov,CTD_AI_PFS_TornadoFireball03,103,Peshtigo Firestorm,2026-06-17,JJ,,,,Y,,,
CTD_AI_PFS_TornadoFireball05_20260617.mov,CTD_AI_PFS_TornadoFireball05,103,Peshtigo Firestorm,2026-06-17,JJ,,,,Y,,,
CTD_AI_PFS_WallOfFlames01_20260617.mov,CTD_AI_PFS_WallOfFlames01,103,Peshtigo Firestorm,2026-06-17,JJ,,,,Y,,,
CTD_AI_PFS_WallOfFlames02A_20260617.mov,CTD_AI_PFS_WallOfFlames02,103,Peshtigo Firestorm,2026-06-17,JJ,,,,Y,,,
CTD_AI_PFS_WallOfFlames02B_20260617.mov,CTD_AI_PFS_WallOfFlames02,103,Peshtigo Firestorm,2026-06-17,JJ,,,,Y,,,
CTD_AI_PFS_WindPicksUp01_20260617.mov,CTD_AI_PFS_WindPicksUp01,103,Peshtigo Firestorm,2026-06-17,JJ,,,,Y,,,
CTD_AI_PFS_WindPicksUp02_20260617.mov,CTD_AI_PFS_WindPicksUp02,103,Peshtigo Firestorm,2026-06-17,JJ,,,,Y,,,
CTD_AI_SJE_DominoEffect01A_20260618.mov,CTD_AI_SJE_DominoEffect01,103,San Juanico LPG Explosion,2026-06-18,JJ,,,,Y,,,
CTD_AI_SJE_DominoEffect01B_20260618.mov,CTD_AI_SJE_DominoEffect01,103,San Juanico LPG Explosion,2026-06-18,JJ,,,Re-spin Requested,Y,Y,,
CTD_AI_SJE_DominoEffect01C_20260618.mov,CTD_AI_SJE_DominoEffect01,103,San Juanico LPG Explosion,2026-06-18,JJ,,,Re-spin Completed,Y,,,
CTD_AI_SJE_DominoEffect01D_20260618.mov,CTD_AI_SJE_DominoEffect01,103,San Juanico LPG Explosion,2026-06-18,JJ,,,Re-spin Completed,Y,,,
CTD_AI_SJE_DominoEffect02A_20260618.mov,CTD_AI_SJE_DominoEffect02,103,San Juanico LPG Explosion,2026-06-18,JJ,,,Re-spin Completed,Y,,,
CTD_AI_SJE_DominoEffect02B_20260618.mov,CTD_AI_SJE_DominoEffect02,103,San Juanico LPG Explosion,2026-06-18,JJ,,,Re-spin Completed,Y,,,
CTD_AI_SJE_DominoEffect03_20260618.mov,CTD_AI_SJE_DominoEffect03,103,San Juanico LPG Explosion,2026-06-18,JJ,,,Re-spin Completed,Y,,,
CTD_AI_SJE_GasIgnites1A_20260618.mov,CTD_AI_SJE_GasIgnites,103,San Juanico LPG Explosion,2026-06-18,JJ,,,Re-spin Completed,Y,,,
CTD_AI_SJE_GasIgnites1B_20260618.mov,CTD_AI_SJE_GasIgnites,103,San Juanico LPG Explosion,2026-06-18,JJ,,,Re-spin Requested,Y,,,
CTD_AI_SJE_GasIgnites1C_20260618.mov,CTD_AI_SJE_GasIgnites,103,San Juanico LPG Explosion,2026-06-18,JJ,,,Re-spin Completed,Y,,,
CTD_AI_SJE_GasIgnites1D_20260618.mov,CTD_AI_SJE_GasIgnites,103,San Juanico LPG Explosion,2026-06-18,JJ,,,Re-spin Completed,Y,,,
CTD_AI_SJE_HomeBurns1A_20260618.mov,CTD_AI_SJE_HomeBurns,103,San Juanico LPG Explosion,2026-06-18,JJ,,,Re-spin Completed,Y,,,
CTD_AI_SJE_HomeBurns1B_20260618.mov,CTD_AI_SJE_HomeBurns,103,San Juanico LPG Explosion,2026-06-18,JJ,,,Re-spin Completed,Y,,,
CTD_AI_SJE_HomeBurns1C_20260618.mov,CTD_AI_SJE_HomeBurns,103,San Juanico LPG Explosion,2026-06-18,JJ,,,Re-spin Completed,Y,,,
CTD_AI_CCS_CaptainsDate01_20260619_1a.mov,CTD_AI_CCS_CaptainsDate01,103,Costa Concordia Ship Capsize,2026-06-19,SM,Chat GPT; Krea,,Re-spin Completed,Y,,,
CTD_AI_CCS_CaptainsDate01_20260619_1b.mov,CTD_AI_CCS_CaptainsDate01,103,Costa Concordia Ship Capsize,2026-06-19,SM,Chat GPT; Krea,,,Y,,,
CTD_AI_CCS_CaptainsDate01_20260619_1c.mov,CTD_AI_CCS_CaptainsDate01,103,Costa Concordia Ship Capsize,2026-06-19,SM,Chat GPT; Krea,,,Y,,,
CTD_AI_CCS_CaptainsDate01_20260619_1d.mov,CTD_AI_CCS_CaptainsDate01,103,Costa Concordia Ship Capsize,2026-06-19,SM,Chat GPT; Krea,,,Y,,,
CTD_AI_CCS_CaptainsDate01_20260619_1e.mov,CTD_AI_CCS_CaptainsDate01,103,Costa Concordia Ship Capsize,2026-06-19,SM,Chat GPT; Krea,,,Y,,,
CTD_AI_CCS_CoastGuardCall01_20260619_1a.mov,CTD_AI_CCS_CoastGuardCall01,103,Costa Concordia Ship Capsize,2026-06-19,SM,Chat GPT; Krea,,,Y,,,
CTD_AI_CCS_CoastGuardCall01_20260619_1b.mov,CTD_AI_CCS_CoastGuardCall01,103,Costa Concordia Ship Capsize,2026-06-19,SM,Chat GPT; Krea,,,Y,,,
CTD_AI_CCS_CoastGuardCall01_20260619_1c.mov,CTD_AI_CCS_CoastGuardCall01,103,Costa Concordia Ship Capsize,2026-06-19,SM,Chat GPT; Krea,,,Y,,,
CTD_AI_CCS_Control Room02_20260619_1a.mov,CTD_AI_CCS_Control Room02,103,Costa Concordia Ship Capsize,2026-06-19,SM,Chat GPT; Krea,,,Y,,,
CTD_AI_CCS_Control Room02_20260619_1b.mov,CTD_AI_CCS_Control Room02,103,Costa Concordia Ship Capsize,2026-06-19,SM,Chat GPT; Krea,,,Y,,,
CTD_AI_CCS_Control Room02_20260619_1c.mov,CTD_AI_CCS_Control Room02,103,Costa Concordia Ship Capsize,2026-06-19,SM,Chat GPT; Krea,,,Y,,,
CTD_AI_CCS_Control Room02_20260619_1d.mov,CTD_AI_CCS_Control Room02,103,Costa Concordia Ship Capsize,2026-06-19,SM,Chat GPT; Krea,,,Y,,,
CTD_AI_CCS_Control Room02_20260619_1e.mov,CTD_AI_CCS_Control Room02,103,Costa Concordia Ship Capsize,2026-06-19,SM,Chat GPT; Krea,,,Y,,,
CTD_AI_CCS_Control Room02_20260619_1f.mov,CTD_AI_CCS_Control Room02,103,Costa Concordia Ship Capsize,2026-06-19,SM,Chat GPT; Krea,,,Y,,,
CTD_AI_CCS_HugeRock_20260619_1a.mov,CTD_AI_CCS_HugeRock,103,Costa Concordia Ship Capsize,2026-06-19,SM,Chat GPT; Krea,,,Y,,,
CTD_AI_CCS_HugeRock_20260619_1b.mov,CTD_AI_CCS_HugeRock,103,Costa Concordia Ship Capsize,2026-06-19,SM,Chat GPT; Krea,,,Y,,,
CTD_AI_CCS_HugeRock_20260619_1c.mov,CTD_AI_CCS_HugeRock,103,Costa Concordia Ship Capsize,2026-06-19,SM,Chat GPT; Krea,,,Y,,,
CTD_AI_SJE_MetalShards01_1a.mov,CTD_AI_SJE_MetalShards01,103,San Juanico LPG Explosion,2026-06-19,JJ,Krea; Chat GPT,,Re-spin Completed,Y,,,
CTD_AI_SJE_MetalShards02_1a.mov,CTD_AI_SJE_MetalShards02,103,San Juanico LPG Explosion,2026-06-19,JJ,Krea; Chat GPT,,Re-spin Completed,Y,,,
CTD_AI_SJE_PipeRuptures_1a.mov,CTD_AI_SJE_PipeRuptures,103,San Juanico LPG Explosion,2026-06-19,JJ,Krea; Chat GPT,,Re-spin Completed,Y,,,
CTD_AI_SJE_ResidentHellPOV_1a.mov,CTD_AI_SJE_ResidentHellPOV,103,San Juanico LPG Explosion,2026-06-19,JJ,Krea; Chat GPT,,Re-spin Completed,Y,,,
CTD_AI_SDS_ACFirstCracks_20260623_1A.mov,CTD_AI_SDS_ACFirstCracks,103,Sampoong Department Store Collapse,2026-06-22,JJ,Krea; Chat GPT,,Re-spin Completed,Y,,,
CTD_AI_SDS_ACMoved02_20260623.mov,CTD_AI_SDS_ACMoved02,103,Sampoong Department Store Collapse,2026-06-22,JJ,Krea; Chat GPT,,Re-spin Completed,Y,,,
CTD_AI_SDS_ACMoved03_20260623.mov,CTD_AI_SDS_ACMoved03,103,Sampoong Department Store Collapse,2026-06-22,JJ,Krea; Chat GPT,,PAUSE,Y,,,
CTD_AI_SDS_ACVibrates02_20260623.mov,CTD_AI_SDS_ACVibrates02,103,Sampoong Department Store Collapse,2026-06-22,JJ,Krea; Chat GPT,,,Y,,,
CTD_AI_SDS_ACVibrates03_20260623.mov,CTD_AI_SDS_ACVibrates03,103,Sampoong Department Store Collapse,2026-06-22,JJ,Krea; Chat GPT,,Re-spin Completed,Y,,,
CTD_AI_SDS_BuildingCollapses_20260623_01A.mov,CTD_AI_SDS_BuildingCollapses01,103,Sampoong Department Store Collapse,2026-06-22,JJ,Krea; Chat GPT,,,Y,,,
CTD_AI_SDS_BuildingCollapses_20260623_2A.mov,CTD_AI_SDS_BuildingCollapses02,103,Sampoong Department Store Collapse,2026-06-22,JJ,Krea; Chat GPT,,,Y,,,
CTD_AI_SDS_BuildingCollapses_20260623_2B.mov,CTD_AI_SDS_BuildingCollapses02,103,Sampoong Department Store Collapse,2026-06-22,JJ,Krea; Chat GPT,,,Y,,,
CTD_AI_SDS_BuildingCollapses_20260623_3A.mov,CTD_AI_SDS_BuildingCollapses03,103,Sampoong Department Store Collapse,2026-06-22,JJ,Krea; Chat GPT,,,Y,,,
CTD_AI_SDS_BuildingCollapses_20260623_3B.mov,CTD_AI_SDS_BuildingCollapses02,103,Sampoong Department Store Collapse,2026-06-22,JJ,Krea; Chat GPT,,,Y,,,
CTD_AI_SDS_Cracking_20260623_1A.mov,CTD_AI_SDS_Cracking,103,Sampoong Department Store Collapse,2026-06-22,JJ,Krea; Chat GPT,,Re-spin Completed,Y,,,
CTD_AI_SDS_Cracking_20260623_1B.mov,CTD_AI_SDS_BuildingCollapses02,103,Sampoong Department Store Collapse,2026-06-22,JJ,Krea; Chat GPT,,Re-spin Completed,Y,,,
CTD_AI_SDS_CracksOpen_20260623_1A.mov,CTD_AI_SDS_CracksOpen,103,Sampoong Department Store Collapse,2026-06-22,JJ,Krea; Chat GPT,,,Y,,,
CTD_AI_SDS_DiggingOut0_20260623_1A.mov,CTD_AI_SDS_DiggingOut01,103,Sampoong Department Store Collapse,2026-06-22,JJ,Krea; Chat GPT,,Re-spin Completed,Y,,,
CTD_AI_SDS_DiggingOut_20260623_01B.mov,CTD_AI_SDS_DiggingOut01,103,Sampoong Department Store Collapse,2026-06-22,JJ,Krea; Chat GPT,,,Y,,,
CTD_AI_SDS_DiggingOut_20260623_02A.mov,CTD_AI_SDS_DiggingOut02,103,Sampoong Department Store Collapse,2026-06-22,JJ,Krea; Chat GPT,,,Y,,,
CTD_AI_CCS_PeopleJump01_20260629_1a.mov,CTD_AI_CCS_PeopleJump01,103,Costa Concordia Ship Capsize,2026-06-29,WS,Krea; Chat GPT,,Re-spin Completed,Y,,,
CTD_AI_CCS_PeopleJump01_20260629_1b.mov,CTD_AI_CCS_PeopleJump01,103,Costa Concordia Ship Capsize,2026-06-29,james,Krea; Chat GPT,,,Y,,,
CTD_AI_CCS_PeopleJump02_20260629_1a.mov,CTD_AI_CCS_PeopleJump02,103,Costa Concordia Ship Capsize,2026-06-29,james,Krea; Chat GPT,,,Y,,,
CTD_AI_CCS_PeopleJump02_20260629_1b.mov,CTD_AI_CCS_PeopleJump02,103,Costa Concordia Ship Capsize,2026-06-29,james,Krea; Chat GPT,,,Y,,,
CTD_AI_CCS_PlatesFlying01_20260629_1a.mov,CTD_AI_CCS_PlatesFlying01,103,Costa Concordia Ship Capsize,2026-06-29,WS,Krea; Chat GPT,,,Y,,,
CTD_AI_CCS_PlatesFlying01_20260629_1b.mov,CTD_AI_CCS_PlatesFlying01,103,Costa Concordia Ship Capsize,2026-06-29,WS,Krea; Chat GPT,,,Y,,,
CTD_AI_CCS_PlatesFlying01_20260629_1c.mov,CTD_AI_CCS_PlatesFlying01,103,Costa Concordia Ship Capsize,2026-06-29,WS,Krea; Chat GPT,,,Y,,,
CTD_AI_CCS_PlatesFlying01_20260629_2a.mov,CTD_AI_CCS_PlatesFlying01,103,Costa Concordia Ship Capsize,2026-06-29,WS,Krea; Chat GPT,,Re-spin Requested,Y,,,
CTD_AI_CCS_PlatesFlying02_20260629_1a.mov,CTD_AI_CCS_PlatesFlying02,103,Costa Concordia Ship Capsize,2026-06-29,WS,Krea; Chat GPT,,Re-spin Requested,Y,,,
CTD_AI_CCS_PlatesFlying02_20260629_1b.mov,CTD_AI_CCS_PlatesFlying02,103,Costa Concordia Ship Capsize,2026-06-29,WS,Krea; Chat GPT,,,Y,,,
CTD_AI_CCS_PlatesFlying02_20260629_1c.mov,CTD_AI_CCS_PlatesFlying02,103,Costa Concordia Ship Capsize,2026-06-29,WS,Krea; Chat GPT,,,Y,,,
CTD_AI_CCS_PlatesFlying02_20260629_2a.mov,CTD_AI_CCS_PlatesFlying02,103,Costa Concordia Ship Capsize,2026-06-29,WS,Krea; Chat GPT,,,Y,,,
CTD_AI_CCS_PlatesFlying02_20260629_2b.mov,CTD_AI_CCS_PlatesFlying02,103,Costa Concordia Ship Capsize,2026-06-29,WS,Krea; Chat GPT,,,Y,,,
CTD_AI_CCS_SeaWaterGushesIn02_20260629_1a.mov,CTD_AI_CCS_SeawaterGushesIn02,103,Costa Concordia Ship Capsize,2026-06-29,WS,Krea; Chat GPT,,,Y,,,
CTD_AI_CCS_SeaWaterGushesIn02_20260629_1b.mov,CTD_AI_CCS_SeawaterGushesIn02,103,Costa Concordia Ship Capsize,2026-06-29,WS,Krea; Chat GPT,,,Y,,,
CTD_AI_CCS_SeaWaterGushesIn02_20260629_2a.mov,CTD_AI_CCS_SeawaterGushesIn02,103,Costa Concordia Ship Capsize,2026-06-29,WS,Krea; Chat GPT,,,Y,,,
CTD_AI_CCS_SeaWaterGushesIn02_20260629_2b.mov,CTD_AI_CCS_SeawaterGushesIn02,103,Costa Concordia Ship Capsize,2026-06-29,WS,Krea; Chat GPT,,,Y,,,
CTD_AI_CCS_Stampede03_20260629_1a.mov,CTD_AI_CCS_Stampede03,103,Costa Concordia Ship Capsize,2026-06-29,WS,Krea; Chat GPT,,Re-spin Requested,Y,,,
CTD_AI_CCS_Stampede03_20260629_1b.mov,CTD_AI_CCS_Stampede03,103,Costa Concordia Ship Capsize,2026-06-29,WS,Krea; Chat GPT,,,Y,,,
CTD_AI_CCS_Stampede03_20260629_2a.mov,CTD_AI_CCS_Stampede03,103,Costa Concordia Ship Capsize,2026-06-29,WS,Krea; Chat GPT,,,Y,,,
CTD_AI_CCS_Stampede03_20260629_2b.mov,CTD_AI_CCS_Stampede03,103,Costa Concordia Ship Capsize,2026-06-29,WS,Krea; Chat GPT,,,Y,,,
CTD_AI_HMB_ApproachingMB_062926_1a.mov,CTD_AI_HMB_ApproachingMB,103,Halifax Mont-Blanc Explosion,2026-06-29,SM,Krea; Chat GPT,,,Y,,,
CTD_AI_HMB_CrewInLifeboats01_062926_1a.mov,CTD_AI_HMB_CrewInLifeboats01,103,Halifax Mont-Blanc Explosion,2026-06-29,SM,Krea; Chat GPT,,PAUSE,Y,,,
CTD_AI_HMB_CrewInLifeboats02_062926_1a.mov,CTD_AI_HMB_CrewInLifeboats02,103,Halifax Mont-Blanc Explosion,2026-06-29,JJ,Krea; Chat GPT,,,Y,,,
CTD_AI_HMB_EngulfedInFlames_062926_1a.mov,CTD_AI_HMB_EngulfedInFlames,103,Halifax Mont-Blanc Explosion,2026-06-29,JJ,Krea; Chat GPT,,,Y,,,
CTD_AI_HMB_GameofChickenImo_062926_1a.mov,CTD_AI_HMB_GameOfChicken,103,Halifax Mont-Blanc Explosion,2026-06-29,JJ,Krea; Chat GPT,,PAUSE,Y,,,
CTD_AI_HMB_GameofChickenMB_062926_1a.mov,CTD_AI_HMB_GameOfChicken,103,Halifax Mont-Blanc Explosion,2026-06-29,JJ,Krea; Chat GPT,,PAUSE,Y,,,
CTD_AI_HMB_GameofChickenMB_062926_1b.mov,CTD_AI_HMB_GameOfChicken,103,Halifax Mont-Blanc Explosion,2026-06-29,JJ,Krea; Chat GPT,,,Y,,,
CTD_AI_HMB_HfxAerial_062926_1a.mov,CTD_AI_HMB_HfxAerial ,103,Halifax Mont-Blanc Explosion,2026-06-29,JJ,Krea; Chat GPT,,PAUSE,Y,,,
CTD_AI_HMB_ImoInPassage02_062926_1a.mov,CTD_AI_HMB_ImoInPassage02,103,Halifax Mont-Blanc Explosion,2026-06-29,SM,Krea; Chat GPT,,,Y,,,
CTD_AI_HMB_ImoStartsLeaving01_062926_1a.mov,CTD_AI_HMB_ImoStartsLeaving01,103,Halifax Mont-Blanc Explosion,2026-06-29,SM,Krea; Chat GPT,,re-spin in progress ,Y,,,
CTD_AI_HMB_Inspection02_062926_1a.mov,CTD_AI_HMB_Inspection02,103,Halifax Mont-Blanc Explosion,2026-06-29,JJ,Krea; Chat GPT,,,Y,,,
CTD_AI_HMB_Inspection02_062926_1b.mov,CTD_AI_HMB_Inspection02,103,Halifax Mont-Blanc Explosion,2026-06-29,JJ,Krea; Chat GPT,,,Y,,,
CTD_AI_HMB_MBExplodes_062926_1a.mov,CTD_AI_HMB_MBExplodes,103,Halifax Mont-Blanc Explosion,2026-06-29,SM,Krea; Chat GPT,,PAUSE,Y,,,
CTD_AI_HMB_MBInPassage01_062926_1a.mov,CTD_AI_HMB_MBInPassage01,103,Halifax Mont-Blanc Explosion,2026-06-29,SM,Krea; Chat GPT,,re-spin in progress ,Y,,,
CTD_AI_HMB_MBInPassage02_062926_1a.mov,CTD_AI_HMB_MBInPassage02,103,Halifax Mont-Blanc Explosion,2026-06-29,SM,Krea; Chat GPT,,,Y,,,
CTD_AI_HMB_MBInPassage03_062926_1a.mov,CTD_AI_HMB_MBInPassage03,103,Halifax Mont-Blanc Explosion,2026-06-29,SM,Krea; Chat GPT,,,Y,,,
CTD_AI_HMB_MBWhistle_062926_1a.mov,CTD_AI_HMB_MBWhistle,103,Halifax Mont-Blanc Explosion,2026-06-29,SM,Krea; Chat GPT,,,Y,,,
CTD_AI_HMB_MBWhistle_062926_1b.mov,CTD_AI_HMB_MBWhistle,103,Halifax Mont-Blanc Explosion,2026-06-29,SM,Krea; Chat GPT,,,Y,,,
CTD_AI_HMB_MBWhistle_062926_1c.mov,CTD_AI_HMB_MBWhistle,103,Halifax Mont-Blanc Explosion,2026-06-29,SM,Krea; Chat GPT,,,Y,,,
CTD_AI_HMB_MackeySpotsImo_062926_1a.mov,CTD_AI_HMB_MackeySpotsImo01,103,Halifax Mont-Blanc Explosion,2026-06-29,SM,Krea; Chat GPT,,Re-spin Completed,Y,,,
CTD_AI_HMB_NightInPort_062926_1a.mov,CTD_AI_HMB_NightInPort ,103,Halifax Mont-Blanc Explosion,2026-06-29,SM,Krea; Chat GPT,,re-spin in progress ,Y,,,
CTD_AI_HMB_POVBowImo_062926_1a.mov,CTD_AI_HMB_POVBowImo,103,Halifax Mont-Blanc Explosion,2026-06-29,SM,Krea; Chat GPT,,,Y,,,
CTD_AI_HMB_SparksMB_062926_1a.mov,CTD_AI_HMB_SparksMB,103,Halifax Mont-Blanc Explosion,2026-06-29,SM,Krea; Chat GPT,,,Y,,,
CTD_AI_HMB_SparksReachBenzol_062926_1a.mov,CTD_AI_HMB_SparksReachBenzol,103,Halifax Mont-Blanc Explosion,2026-06-29,SM,Krea; Chat GPT,,,Y,,,
CTD_AI_HMB_SubmarineNetsLowered_1a.mov,CTD_AI_HMB_SubmarineNetsLowered,103,Halifax Mont-Blanc Explosion,2026-06-29,SM,Krea; Chat GPT,,,Y,,,
CTD_AI_HMB_SubmarineNetsRaised_1a.mov,CTD_AI_HMB_SubmarineNetsRaised,103,Halifax Mont-Blanc Explosion,2026-06-29,SM,Krea; Chat GPT,,,Y,,,
CTD_AI_HMB__GameofChickenImo_062926_1b.mov,CTD_AI_HMB_GameOfChicken,103,Halifax Mont-Blanc Explosion,2026-06-29,JJ,Krea; Chat GPT,,,Y,,,
CTD_AI_HMB_ApproachingMB_063026_1b.mov,CTD_AI_HMB_ApproachingMB,103,Halifax Mont-Blanc Explosion,2026-06-30,JJ,Krea; Chat GPT,,Re-spin Completed,Y,,,
CTD_AI_HMB_ApproachingMB_063026_1c.mov,CTD_AI_HMB_ApproachingMB,103,Halifax Mont-Blanc Explosion,2026-06-30,JJ,Krea; Chat GPT,,,Y,,,
CTD_AI_HMB_CrewInLifeboats01_063026_1b.mov,CTD_AI_HMB_CrewInLifeboats01,103,Halifax Mont-Blanc Explosion,2026-06-30,JJ,Krea; Chat GPT,,,Y,,,
CTD_AI_HMB_CrewInLifeboats01_063026_1c.mov,CTD_AI_HMB_CrewInLifeboats01,103,Halifax Mont-Blanc Explosion,2026-06-30,JJ,Krea; Chat GPT,,,Y,,,
CTD_AI_HMB_CrewInLifeboats01_063026_1d.mov,CTD_AI_HMB_CrewInLifeboats01,103,Halifax Mont-Blanc Explosion,2026-06-30,JJ,Krea; Chat GPT,,,Y,,,
CTD_AI_HMB_CrewInLifeboats02_063026_1b.mov,CTD_AI_HMB_CrewInLifeboats02,103,Halifax Mont-Blanc Explosion,2026-06-30,JJ,Krea; Chat GPT,,,Y,,,
CTD_AI_HMB_CrewInLifeboats02_063026_1c.mov,CTD_AI_HMB_CrewInLifeboats02,103,Halifax Mont-Blanc Explosion,2026-06-30,JJ,Krea; Chat GPT,,,Y,,,
CTD_AI_HMB_EngulfedInFlames_063026_1b.mov,CTD_AI_HMB_EngulfedInFlames,103,Halifax Mont-Blanc Explosion,2026-06-30,JJ,Krea; Chat GPT,,re-spin in progress ,Y,,,
CTD_AI_HMB_EngulfedInFlames_063026_1c.mov,CTD_AI_HMB_EngulfedInFlames,103,Halifax Mont-Blanc Explosion,2026-06-30,JJ,Krea; Chat GPT,,,Y,,,
CTD_AI_HMB_HfxAerial_063026_1b.mov,CTD_AI_HMB_HfxAerial ,103,Halifax Mont-Blanc Explosion,2026-06-30,JJ,Krea; Chat GPT,,,Y,,,
CTD_AI_HMB_ImoInPassage01_063026_1a.mov,CTD_AI_HMB_ImoInPassage01,103,Halifax Mont-Blanc Explosion,2026-06-30,JJ,Krea; Chat GPT,,,Y,,,
CTD_AI_HMB_ImoInPassage02_063026_1b.mov,CTD_AI_HMB_ImoInPassage02,103,Halifax Mont-Blanc Explosion,2026-06-30,JJ,Krea; Chat GPT,,PAUSE,Y,,,
CTD_AI_HMB_ImoInPassage02_063026_1c.mov,CTD_AI_HMB_ImoInPassage02,103,Halifax Mont-Blanc Explosion,2026-06-30,JJ,Krea; Chat GPT,,,Y,,,
CTD_AI_HMB_ImoStartsLeaving01_063026_1b.mov,CTD_AI_HMB_ImoStartsLeaving01,103,Halifax Mont-Blanc Explosion,2026-06-30,JJ,Krea; Chat GPT,,,Y,,,
CTD_AI_HMB_ImoStartsLeaving01_063026_1c.mov,CTD_AI_HMB_ImoStartsLeaving01,103,Halifax Mont-Blanc Explosion,2026-06-30,JJ,Krea; Chat GPT,,,Y,,,
CTD_AI_HMB_ImoStartsLeaving02_063026_1a.mov,CTD_AI_HMB_ImoStartsLeaving02,103,Halifax Mont-Blanc Explosion,2026-06-30,JJ,Krea; Chat GPT,,,Y,,,
CTD_AI_HMB_ImoStartsLeaving02_063026_1b.mov,CTD_AI_HMB_ImoStartsLeaving02,103,Halifax Mont-Blanc Explosion,2026-06-30,JJ,Krea; Chat GPT,,,Y,,,
CTD_AI_HMB_ImoStartsLeaving02_063026_1c.mov,CTD_AI_HMB_ImoStartsLeaving02,103,Halifax Mont-Blanc Explosion,2026-06-30,JJ,Krea; Chat GPT,,re-spin in progress ,Y,,,
CTD_AI_HMB_ImoWhistle_063026_1a.mov,CTD_AI_HMB_ImoWhistle,103,Halifax Mont-Blanc Explosion,2026-06-30,JJ,Krea; Chat GPT,,,Y,,,
CTD_AI_HMB_Inspection01_063026_1a.mov,CTD_AI_HMB_Inspection01,103,Halifax Mont-Blanc Explosion,2026-06-30,JJ,Krea; Chat GPT,,re-spin in progress ,Y,,,
CTD_AI_HMB_Inspection01_063026_1b.mov,CTD_AI_HMB_Inspection01,103,Halifax Mont-Blanc Explosion,2026-06-30,JJ,Krea; Chat GPT,,,Y,,,
CTD_AI_HMB_Inspection02_063026_1c.mov,CTD_AI_HMB_Inspection02,103,Halifax Mont-Blanc Explosion,2026-06-30,JJ,Krea; Chat GPT,,re-spin in progress ,Y,,,
CTD_AI_HMB_MBExplodes_063026_1b.mov,CTD_AI_HMB_MBExplodes,103,Halifax Mont-Blanc Explosion,2026-06-30,JJ,Krea; Chat GPT,,,Y,,,
CTD_AI_HMB_MBInPassage01_063026_1b.mov,CTD_AI_HMB_MBInPassage01,103,Halifax Mont-Blanc Explosion,2026-06-30,JJ,Krea; Chat GPT,,re-spin in progress ,Y,,,
CTD_AI_HMB_MBInPassage02_063026_1b.mov,CTD_AI_HMB_MBInPassage02,103,Halifax Mont-Blanc Explosion,2026-06-30,JJ,Krea; Chat GPT,,,Y,,,
CTD_AI_HMB_MBInPassage02_063026_1c.mov,CTD_AI_HMB_MBInPassage02,103,Halifax Mont-Blanc Explosion,2026-06-30,JJ,Krea; Chat GPT,,,Y,,,
CTD_AI_HMB_MBInPassage02_063026_1d.mov,CTD_AI_HMB_MBInPassage02,103,Halifax Mont-Blanc Explosion,2026-06-30,JJ,Krea; Chat GPT,,,Y,,,
CTD_AI_HMB_MBInPassage03_063026_1b.mov,CTD_AI_HMB_MBInPassage03,103,Halifax Mont-Blanc Explosion,2026-06-30,JJ,Krea; Chat GPT,,,Y,,,
CTD_AI_HMB_MBWhistle_20263006_1a.mov,CTD_AI_HMB_MBWhistle,103,Halifax Mont-Blanc Explosion,2026-06-30,JJ,Krea; Chat GPT,,,Y,,,
CTD_AI_HMB_MBWhistle_20263006_1b.mov,CTD_AI_HMB_MBWhistle,103,Halifax Mont-Blanc Explosion,2026-06-30,JJ,Krea; Chat GPT,,re-spin in progress ,Y,,,
CTD_AI_HMB_MackeySentFlying_063026_1a.mov,CTD_AI_HMB_MackeySentFlying,103,Halifax Mont-Blanc Explosion,2026-06-30,JJ,Krea; Chat GPT,,PAUSE,Y,,,
CTD_AI_HMB_MackeySentFlying_063026_1b.mov,CTD_AI_HMB_MackeySentFlying,103,Halifax Mont-Blanc Explosion,2026-06-30,JJ,Krea; Chat GPT,,PAUSE,Y,,,
CTD_AI_HMB_MackeySpotsImo01_063026_1b.mov,CTD_AI_HMB_MackeySpotsImo01,103,Halifax Mont-Blanc Explosion,2026-06-30,JJ,Krea; Chat GPT,,,Y,,,
CTD_AI_HMB_MackeySpotsImo01_063026_1c.mov,CTD_AI_HMB_MackeySpotsImo01,103,Halifax Mont-Blanc Explosion,2026-06-30,JJ,Krea; Chat GPT,,PAUSE,Y,,,
CTD_AI_HMB_MackeySpotsImo01_063026_1d.mov,CTD_AI_HMB_MackeySpotsImo01,103,Halifax Mont-Blanc Explosion,2026-06-30,JJ,Krea; Chat GPT,,,Y,,,
CTD_AI_HMB_NightInPort_063026_1b.mov,CTD_AI_HMB_NightInPort ,103,Halifax Mont-Blanc Explosion,2026-06-30,JJ,Krea; Chat GPT,,re-spin in progress ,Y,,,
CTD_AI_HMB_NightInPort_063026_1c.mov,CTD_AI_HMB_NightInPort ,103,Halifax Mont-Blanc Explosion,2026-06-30,JJ,Krea; Chat GPT,,re-spin in progress ,Y,,,
CTD_AI_HMB_POVBowImo_063026_1b.mov,CTD_AI_HMB_POVBowImo,103,Halifax Mont-Blanc Explosion,2026-06-30,JJ,Krea; Chat GPT,,re-spin in progress ,Y,,,
CTD_AI_HMB_POVBowImo_063026_1c.mov,CTD_AI_HMB_POVBowImo,103,Halifax Mont-Blanc Explosion,2026-06-30,JJ,Krea; Chat GPT,,,Y,,,
CTD_AI_HMB_POVBowMB_063026_1b.mov,CTD_AI_HMB_POVBowMB,103,Halifax Mont-Blanc Explosion,2026-06-30,JJ,Krea; Chat GPT,,PAUSE,Y,,,
CTD_AI_HMB_POVBowMB_063026_1c.mov,CTD_AI_HMB_POVBowMB,103,Halifax Mont-Blanc Explosion,2026-06-30,JJ,Krea; Chat GPT,,,Y,,,
CTD_AI_HMB_ShipsParallel01_063026_1a.mov,CTD_AI_HMB_ShipsParallel01,103,Halifax Mont-Blanc Explosion,2026-06-30,JJ,Krea; Chat GPT,,re-spin in progress ,Y,,,
CTD_AI_HMB_ShipsParallel01_063026_1b.mov,CTD_AI_HMB_ShipsParallel01,103,Halifax Mont-Blanc Explosion,2026-06-30,JJ,Krea; Chat GPT,,,Y,,,
CTD_AI_HMB_ShipsParallel02_063026_1a.mov,CTD_AI_HMB_ShipsParallel02,103,Halifax Mont-Blanc Explosion,2026-06-30,JJ,Krea; Chat GPT,,re-spin in progress ,Y,,,
CTD_AI_HMB_ShipsParallel02_063026_1b.mov,CTD_AI_HMB_ShipsParallel02,103,Halifax Mont-Blanc Explosion,2026-06-30,JJ,Krea; Chat GPT,,,Y,,,
CTD_AI_HMB_ShipsParallel02_063026_1c.mov,CTD_AI_HMB_ShipsParallel02,103,Halifax Mont-Blanc Explosion,2026-06-30,JJ,Krea; Chat GPT,,,Y,,,
CTD_AI_HMB_SparksMB_20260630_1a.mov,CTD_AI_HMB_SparksMB,103,Halifax Mont-Blanc Explosion,2026-06-30,JJ,Krea; Chat GPT,,,Y,,,
CTD_AI_HMB_SparksMB_20260630_1b.mov,CTD_AI_HMB_SparksMB,103,Halifax Mont-Blanc Explosion,2026-06-30,JJ,Krea; Chat GPT,,,Y,,,
CTD_AI_HMB_SparksMB_20260630_1c.mov,CTD_AI_HMB_SparksMB,103,Halifax Mont-Blanc Explosion,2026-06-30,JJ,Krea; Chat GPT,,,Y,,,
CTD_AI_HMB_SparksMB_20260630_1d.mov,CTD_AI_HMB_SparksMB,103,Halifax Mont-Blanc Explosion,2026-06-30,JJ,Krea; Chat GPT,,,Y,,,
CTD_AI_HMB_SparksMB_20260630_2a.mov,CTD_AI_HMB_SparksMB,103,Halifax Mont-Blanc Explosion,2026-06-30,JJ,Krea; Chat GPT,,,Y,,,
CTD_AI_HMB_SparksMB_20260630_2b.mov,CTD_AI_HMB_SparksMB,103,Halifax Mont-Blanc Explosion,2026-06-30,JJ,Krea; Chat GPT,,,Y,,,
CTD_AI_HMB_SparksMB_20260630_2c.mov,CTD_AI_HMB_SparksMB,103,Halifax Mont-Blanc Explosion,2026-06-30,JJ,Krea; Chat GPT,,,Y,,,
CTD_AI_HMB_SparksReachBenzol_063026_1b.mov,CTD_AI_HMB_SparksReachBenzol,103,Halifax Mont-Blanc Explosion,2026-06-30,JJ,Krea; Chat GPT,,PAUSE,Y,,,
CTD_AI_HMB_SparksReachBenzol_063026_1c.mov,CTD_AI_HMB_SparksReachBenzol,103,Halifax Mont-Blanc Explosion,2026-06-30,JJ,Krea; Chat GPT,,,Y,,,
CTD_AI_HMB_SparksReachBenzol_063026_1d.mov,CTD_AI_HMB_SparksReachBenzol,103,Halifax Mont-Blanc Explosion,2026-06-30,JJ,Krea; Chat GPT,,,Y,,,
CTD_AI_HMB_SpilledBenzol_20260630_1a.mov,CTD_AI_HMB_SpilledBenzol,103,Halifax Mont-Blanc Explosion,2026-06-30,JJ,Krea; Chat GPT,,PAUSE,Y,,,
CTD_AI_HMB_SpilledBenzol_20260630_1b.mov,CTD_AI_HMB_SpilledBenzol,103,Halifax Mont-Blanc Explosion,2026-06-30,JJ,Krea; Chat GPT,,,Y,,,
CTD_AI_HMB_SpilledBenzol_20260630_1c.mov,CTD_AI_HMB_SpilledBenzol,103,Halifax Mont-Blanc Explosion,2026-06-30,JJ,Krea; Chat GPT,,,Y,,,
CTD_AI_HMB_SteeringRight_063026_1a.mov,CTD_AI_HMB_SteeringRight,103,Halifax Mont-Blanc Explosion,2026-06-30,JJ,Krea; Chat GPT,,,Y,,,
CTD_AI_HMB_SteeringRight_063026_1b.mov,CTD_AI_HMB_SteeringRight,103,Halifax Mont-Blanc Explosion,2026-06-30,JJ,Krea; Chat GPT,,re-spin in progress ,Y,,,
CTD_AI_HMB_SubmarineNetsLowered_20260630_1c.mov,CTD_AI_HMB_SubmarineNetsLowered,103,Halifax Mont-Blanc Explosion,2026-06-30,JJ,Krea; Chat GPT,,,Y,,,
CTD_AI_HMB_SubmarineNetsLowered_20260630_1d.mov,CTD_AI_HMB_SubmarineNetsLowered,103,Halifax Mont-Blanc Explosion,2026-06-30,JJ,Krea; Chat GPT,,,Y,,,
CTD_AI_HMB_SubmarineNetsLowered_20260630_1e.mov,CTD_AI_HMB_SubmarineNetsLowered,103,Halifax Mont-Blanc Explosion,2026-06-30,JJ,Krea; Chat GPT,,,Y,,,
CTD_AI_HMB_SubmarineNetsLowered_20260630_1f.mov,CTD_AI_HMB_SubmarineNetsLowered,103,Halifax Mont-Blanc Explosion,2026-06-30,JJ,Krea; Chat GPT,,,Y,,,
CTD_AI_HMB_SubmarineNetsLowered_20260630_1g.mov,CTD_AI_HMB_SubmarineNetsLowered,103,Halifax Mont-Blanc Explosion,2026-06-30,JJ,Krea; Chat GPT,,,Y,,,
CTD_AI_HMB_SubmarineNetsLowered_20260630_1h.mov,CTD_AI_HMB_SubmarineNetsLowered,103,Halifax Mont-Blanc Explosion,2026-06-30,JJ,Krea; Chat GPT,,,Y,,,
CTD_AI_HMB_SubmarineNetsRaised_063026_1b.mov,CTD_AI_HMB_SubmarineNetsRaised,103,Halifax Mont-Blanc Explosion,2026-06-30,JJ,Krea; Chat GPT,,,Y,,,
CTD_AI_HMB_SubmarineNetsRaised_063026_1c.mov,CTD_AI_HMB_SubmarineNetsRaised,103,Halifax Mont-Blanc Explosion,2026-06-30,JJ,Krea; Chat GPT,,,Y,,,
CTD_AI_HMB_Tsunami_063026_1a.mov,CTD_AI_HMB_Tsunami,103,Halifax Mont-Blanc Explosion,2026-06-30,JJ,Krea; Chat GPT,,PAUSE,Y,,,
CTD_AI_HMB_Tsunami_063026_1b.mov,CTD_AI_HMB_Tsunami,103,Halifax Mont-Blanc Explosion,2026-06-30,JJ,Krea; Chat GPT,,,Y,,,
CTD_AI_LMR_BeerVibes_20260630_1a.mov,CTD_AI_LMR_BeerVibes,103,Lac-Megantic Rail Disaster,2026-06-30,JJ,Krea; Chat GPT,,Re-spin Completed,Y,,,
CTD_AI_LMR_BeerVibes_20260630_1b.mov,CTD_AI_LMR_BeerVibes,103,Lac-Megantic Rail Disaster,2026-06-30,JJ,Krea; Chat GPT,,,Y,,,
CTD_AI_LMR_BeerVibes_20260630_1c.mov,CTD_AI_LMR_BeerVibes,103,Lac-Megantic Rail Disaster,2026-06-30,JJ,Krea; Chat GPT,,,Y,,,
CTD_AI_LMR_BeerVibes_20260630_1d.mov,CTD_AI_LMR_BeerVibes,103,Lac-Megantic Rail Disaster,2026-06-30,JJ,Krea; Chat GPT,,,Y,,,
CTD_AI_LMR_BeerVibes_20260630_1e.mov,CTD_AI_LMR_BeerVibes,103,Lac-Megantic Rail Disaster,2026-06-30,JJ,Krea; Chat GPT,,,Y,,,
CTD_AI_LMR_BeerVibes_20260630_1f.mov,CTD_AI_LMR_BeerVibes,103,Lac-Megantic Rail Disaster,2026-06-30,JJ,Krea; Chat GPT,,,Y,,,
CTD_AI_LMR_BeerVibes_20260630_1g.mov,CTD_AI_LMR_BeerVibes,103,Lac-Megantic Rail Disaster,2026-06-30,JJ,Krea; Chat GPT,,,Y,,,
CTD_AI_LMR_BeerVibes_20260630_1h.mov,CTD_AI_LMR_BeerVibes,103,Lac-Megantic Rail Disaster,2026-06-30,JJ,Krea; Chat GPT,,,Y,,,
CTD_AI_LMR_BehindLastCar_20260630_1a.mov,CTD_AI_LMR_BehindLastCar,103,Lac-Megantic Rail Disaster,2026-06-30,JJ,Krea; Chat GPT,,,Y,,,
CTD_AI_LMR_BehindLastCar_20260630_1b.mov,CTD_AI_LMR_BehindLastCar,103,Lac-Megantic Rail Disaster,2026-06-30,JJ,Krea; Chat GPT,,,Y,,,
CTD_AI_LMR_BehindLastCar_20260630_2a.mov,CTD_AI_LMR_BehindLastCar,103,Lac-Megantic Rail Disaster,2026-06-30,JJ,Krea; Chat GPT,,,Y,,,
CTD_AI_LMR_BrakesFail01_20260630_1a.mov,CTD_AI_LMR_BrakesFail01,103,Lac-Megantic Rail Disaster,2026-06-30,JJ,Krea; Chat GPT,,,Y,,,
CTD_AI_LMR_BrakesFail01_20260630_1b.mov,CTD_AI_LMR_BrakesFail01,103,Lac-Megantic Rail Disaster,2026-06-30,JJ,Krea; Chat GPT,,,Y,,,
CTD_AI_LMR_BrakesFail01_20260630_1c.mov,CTD_AI_LMR_BrakesFail01,103,Lac-Megantic Rail Disaster,2026-06-30,JJ,Krea; Chat GPT,,,Y,,,
CTD_AI_LMR_BrakesFail01_20260630_1d.mov,CTD_AI_LMR_BrakesFail01,103,Lac-Megantic Rail Disaster,2026-06-30,JJ,Krea; Chat GPT,,,Y,,,
CTD_AI_LMR_CoupleLooksOn_20260630_1a.mov,CTD_AI_LMR_CoupleLooksOn,103,Lac-Megantic Rail Disaster,2026-06-30,JJ,Krea; Chat GPT,,,Y,,,
CTD_AI_LMR_CoupleLooksOn_20260630_1b.mov,CTD_AI_LMR_CoupleLooksOn,103,Lac-Megantic Rail Disaster,2026-06-30,JJ,Krea; Chat GPT,,,Y,,,
CTD_AI_LMR_CoupleLooksOn_20260630_1c.mov,CTD_AI_LMR_CoupleLooksOn,103,Lac-Megantic Rail Disaster,2026-06-30,JJ,Krea; Chat GPT,,,Y,,,
CTD_AI_LMR_trainmisc_20260630_1a.mov,CTD_AI_LMR_Trainmiscearlygens_01,103,Lac-Megantic Rail Disaster,2026-06-30,JJ,Krea; Chat GPT,,,Y,,,
CTD_AI_LMR_trainmisc_20260630_1b.mov,CTD_AI_LMR_Trainmiscearlygens_01,103,Lac-Megantic Rail Disaster,2026-06-30,JJ,Krea; Chat GPT,,,Y,,,
CTD_AI_LMR_trainmisc_20260630_1c.mov,CTD_AI_LMR_Trainmiscearlygens_01,103,Lac-Megantic Rail Disaster,2026-06-30,JJ,Krea; Chat GPT,,,Y,,,
CTD_AI_LMR_trainmisc_20260630_1d.mov,CTD_AI_LMR_Trainmiscearlygens_01,103,Lac-Megantic Rail Disaster,2026-06-30,JJ,Krea; Chat GPT,,,Y,,,
CTD_AI_LMR_trainmisc_20260630_1f.mov,CTD_AI_LMR_Trainmiscearlygens_01,103,Lac-Megantic Rail Disaster,2026-06-30,JJ,Krea; Chat GPT,,,Y,,,
CTD_AI_AA191_EngineDetaches_20260702_1a.mov,CTD_AI_AA191_EngineDetaches,103,American Airlines Flight 191,2026-07-02,WS,,,Re-spin Requested,Y,Y,,
CTD_AI_AA191_EngineDetaches_20260702_1b.mov,CTD_AI_AA191_EngineDetaches,103,American Airlines Flight 191,2026-07-02,WS,,,,Y,,,
CTD_AI_AA191_EngineDetaches_20260702_1c.mov,CTD_AI_AA191_EngineDetaches,103,American Airlines Flight 191,2026-07-02,WS,,,,Y,,,
CTD_AI_AA191_EngineDetaches_20260702_2a.mov,CTD_AI_AA191_EngineDetaches,103,American Airlines Flight 191,2026-07-02,WS,,,,Y,,,
CTD_AI_AA191_PlaneRollsLeft01_20260702_1a.mov,CTD_AI_AA191_PlaneRollsLeft01,103,American Airlines Flight 191,2026-07-02,WS,,,,Y,,,
CTD_AI_AA191_PlaneRollsLeft01_20260702_1b.mov,CTD_AI_AA191_PlaneRollsLeft01,103,American Airlines Flight 191,2026-07-02,WS,,,,Y,,,
CTD_AI_AA191_PlaneRollsLeft01_20260702_2a.mov,CTD_AI_AA191_PlaneRollsLeft01,103,American Airlines Flight 191,2026-07-02,WS,,,,Y,,,
CTD_AI_CCS_Control Room01_20260702_1a.mov,CTD_AI_CCS_Control Room01,103,Costa Concordia Ship Capsize,2026-07-02,WS,,,Re-spin Completed,Y,,,
CTD_AI_CCS_Control Room01_20260702_1b.mov,CTD_AI_CCS_Control Room01,103,Costa Concordia Ship Capsize,2026-07-02,WS,,,,Y,,,
CTD_AI_CCS_DinnerInRestaurant01_20260702_1a.mov,CTD_AI_CCS_DinnerInRestaurant01,103,Costa Concordia Ship Capsize,2026-07-02,WS,,,,Y,,,
CTD_AI_CCS_DinnerInRestaurant01_20260702_2a.mov,CTD_AI_CCS_DinnerInRestaurant01,103,Costa Concordia Ship Capsize,2026-07-02,WS,,,,Y,,,
CTD_AI_CCS_DinnerInRestaurant01_20260702_2b.mov,CTD_AI_CCS_DinnerInRestaurant01,103,Costa Concordia Ship Capsize,2026-07-02,WS,,,,Y,,,
CTD_AI_CCS_DinnerInRestaurant01_20260702_3a.mov,CTD_AI_CCS_DinnerInRestaurant01,103,Costa Concordia Ship Capsize,2026-07-02,WS,,,,Y,,,
CTD_AI_CCS_DinnerInRestaurant02_20260702_1a.mov,CTD_AI_CCS_DinnerInRestaurant02,103,Costa Concordia Ship Capsize,2026-07-02,WS,,,,Y,,,
CTD_AI_CCS_DinnerInRestaurant02_20260702_1b.mov,CTD_AI_CCS_DinnerInRestaurant02,103,Costa Concordia Ship Capsize,2026-07-02,WS,,,,Y,,,
CTD_AI_CCS_EngineRoomFlooding01_20260702_1a.mov,CTD_AI_CCS_EngineRoomFlooding01,103,Costa Concordia Ship Capsize,2026-07-02,WS,,,,Y,,,
CTD_AI_CCS_EngineRoomFlooding01_20260702_1b.mov,CTD_AI_CCS_EngineRoomFlooding01,103,Costa Concordia Ship Capsize,2026-07-02,WS,,,,Y,,,
CTD_AI_CCS_EngineRoomFlooding01_20260702_2a.mov,CTD_AI_CCS_EngineRoomFlooding01,103,Costa Concordia Ship Capsize,2026-07-02,WS,,,,Y,,,
CTD_AI_CCS_EngineRoomFlooding01_20260702_3a.mov,CTD_AI_CCS_EngineRoomFlooding01,103,Costa Concordia Ship Capsize,2026-07-02,WS,,,,Y,,,
CTD_AI_CCS_MassiveGash02_20260702_1a.mov,CTD_AI_CCS_MassiveGash02,103,Costa Concordia Ship Capsize,2026-07-02,james,,,Re-spin Completed,Y,,,
CTD_AI_CCS_MassiveGash02_20260702_1b.mov,CTD_AI_CCS_MassiveGash02,103,Costa Concordia Ship Capsize,2026-07-02,james,,,Re-spin Completed,Y,,,
CTD_AI_CCS_MassiveGash02_20260702_2a.mov,CTD_AI_CCS_MassiveGash02,103,Costa Concordia Ship Capsize,2026-07-02,WS,,,,Y,,,
CTD_AI_CCS_MassiveGash02_20260702_2b.mov,CTD_AI_CCS_MassiveGash02,103,Costa Concordia Ship Capsize,2026-07-02,WS,,,,Y,,,
CTD_AI_CCS_MassiveGash02_20260702_2c.mov,CTD_AI_CCS_MassiveGash02,103,Costa Concordia Ship Capsize,2026-07-02,WS,,,,Y,,,
CTD_AI_CCS_NavigatingBySight01_20260702_1a.mov,CTD_AI_CCS_NavigatingBySight01,103,Costa Concordia Ship Capsize,2026-07-02,WS,,,,Y,,,
CTD_AI_CCS_NavigatingBySight01_20260702_1b.mov,CTD_AI_CCS_NavigatingBySight01,103,Costa Concordia Ship Capsize,2026-07-02,WS,,,,Y,,,
CTD_AI_CCS_NavigatingBySight02_20260702_1a.mov,CTD_AI_CCS_NavigatingBySight02,103,Costa Concordia Ship Capsize,2026-07-02,WS,,,,Y,,,
CTD_AI_CCS_PeopleJump04_20260702_1a.mov,CTD_AI_CCS_PeopleJump04,103,Costa Concordia Ship Capsize,2026-07-02,james,,,,Y,,,
CTD_AI_CCS_PeopleJump04_20260702_1b.mov,CTD_AI_CCS_PeopleJump04,103,Costa Concordia Ship Capsize,2026-07-02,WS,,,,Y,,,
CTD_AI_SDS_ACMoved04_020260702_1d.mov,CTD_AI_SDS_ACMoved04,103,Sampoong Department Store Collapse,2026-07-02,JJ,,,,Y,,,
CTD_AI_SDS_ACMoved04_20260702_1c.mov,CTD_AI_SDS_ACMoved04,103,Sampoong Department Store Collapse,2026-07-02,JJ,,,,Y,,,
CTD_AI_SDS_ACVibrates01_20260702_1c.mov,CTD_AI_SDS_ACVibrates01,103,Sampoong Department Store Collapse,2026-07-02,JJ,,,,Y,,,
CTD_AI_SDS_ACVibrates01_20260702_1d.mov,CTD_AI_SDS_ACVibrates01,103,Sampoong Department Store Collapse,2026-07-02,JJ,,,Re-spin Completed,Y,,,
CTD_AI_SDS_Evacuate_20260702_1a.mov,CTD_AI_SDS_Evacuate,103,Sampoong Department Store Collapse,2026-07-02,JJ,Krea; Chat GPT,,Re-spin Completed,Y,,,
CTD_AI_SDS_Evacuate_20260702_1b.mov,CTD_AI_SDS_Evacuate,103,Sampoong Department Store Collapse,2026-07-02,JJ,Krea; Chat GPT,,PAUSE,Y,,,
CTD_AI_SDS_Evacuate_20260702_1c.mov,CTD_AI_SDS_Evacuate,103,Sampoong Department Store Collapse,2026-07-02,SM,Krea; Chat GPT,,Re-spin Requested,Y,,,
CTD_AI_SDS_FloorOpen_20260702_1a.mov,CTD_AI_SDS_FloorOpen,103,Sampoong Department Store Collapse,2026-07-02,JJ,Krea; Chat GPT,,Re-spin Completed,Y,,,
CTD_AI_SDS_FloorOpen_20260702_1b.mov,CTD_AI_SDS_FloorOpen,103,Sampoong Department Store Collapse,2026-07-02,JJ,Krea; Chat GPT,,Re-spin Completed,Y,,,
CTD_AI_SDS_GettingTrapped_20260702_1a.mov,CTD_AI_SDS_GettingTrapped,103,Sampoong Department Store Collapse,2026-07-02,JJ,Krea; Chat GPT,,,Y,,,
CTD_AI_SDS_GettingTrapped_20260702_1b.mov,CTD_AI_SDS_GettingTrapped,103,Sampoong Department Store Collapse,2026-07-02,JJ,Krea; Chat GPT,,,Y,,,
CTD_AI_SDS_GettingTrapped_20260702_1c.mov,CTD_AI_SDS_GettingTrapped,103,Sampoong Department Store Collapse,2026-07-02,JJ,,,,Y,,,
CTD_AI_SDS_GettingTrapped_20260702_1d.mov,CTD_AI_SDS_GettingTrapped,103,Sampoong Department Store Collapse,2026-07-02,JJ,,,,Y,,,
CTD_AI_SDS_Inspection_20260702_1a.mov,CTD_AI_SDS_Inspection,103,Sampoong Department Store Collapse,2026-07-02,JJ,Krea; Chat GPT,,Re-spin Completed,Y,,,
CTD_AI_SDS_Inspection_20260702_1b.mov,CTD_AI_SDS_Inspection,103,Sampoong Department Store Collapse,2026-07-02,JJ,Krea; Chat GPT,,Re-spin Completed,Y,,,
CTD_AI_SDS_PleaseLeave01_20260702_1a.mov,CTD_AI_SDS_PleaseLeave01,103,Sampoong Department Store Collapse,2026-07-02,JJ,Krea; Chat GPT,,Re-spin Completed,Y,,,
CTD_AI_SDS_PleaseLeave01_20260702_1b.mov,CTD_AI_SDS_PleaseLeave01,103,Sampoong Department Store Collapse,2026-07-02,JJ,Krea; Chat GPT,,PAUSE,Y,,,
CTD_AI_SDS_PleaseLeave02_20260702_1a.mov,CTD_AI_SDS_PleaseLeave02,103,Sampoong Department Store Collapse,2026-07-02,JJ,Krea; Chat GPT,,Re-spin Completed,Y,,,
CTD_AI_SDS_PleaseLeave02_20260702_1b.mov,CTD_AI_SDS_PleaseLeave02,103,Sampoong Department Store Collapse,2026-07-02,JJ,Krea; Chat GPT,,PAUSE,Y,,,
CTD_AI_SDS_PleaseLeave03_20260702_1a.mov,CTD_AI_SDS_PleaseLeave03,103,Sampoong Department Store Collapse,2026-07-02,JJ,Krea; Chat GPT,,,Y,,,
CTD_AI_SDS_PleaseLeave03_20260702_1b.mov,CTD_AI_SDS_PleaseLeave03,103,Sampoong Department Store Collapse,2026-07-02,JJ,Krea; Chat GPT,,Re-spin Requested,Y,,,
CTD_AI_SDS_RoofCollapse01_20260702_1a.mov,CTD_AI_SDS_RoofCollapse01,103,Sampoong Department Store Collapse,2026-07-02,JJ,Krea; Chat GPT,,,Y,,,
CTD_AI_SDS_RoofCollapse01_20260702_1c.mov,CTD_AI_SDS_RoofCollapse01,103,Sampoong Department Store Collapse,2026-07-02,JJ,,,,Y,,,
CTD_AI_SDS_RoofCollapse02_20260702_1a.mov,CTD_AI_SDS_RoofCollapse02,103,Sampoong Department Store Collapse,2026-07-02,JJ,Krea; Chat GPT,,,Y,,,
CTD_AI_SDS_RoofCollapse02_20260702_1b.mov,CTD_AI_SDS_RoofCollapse02,103,Sampoong Department Store Collapse,2026-07-02,JJ,Krea; Chat GPT,,,Y,,,
CTD_AI_SDS_RoofCollapse02_20260702_1c.mov,CTD_AI_SDS_RoofCollapse02,103,Sampoong Department Store Collapse,2026-07-02,JJ,Krea; Chat GPT,,,Y,,,
CTD_AI_SDS_RoofCollapse02_20260702_1d.mov,CTD_AI_SDS_RoofCollapse02,103,Sampoong Department Store Collapse,2026-07-02,JJ,,,,Y,,,
CTD_AI_SDS_RoofCollapse03_20260702_1a.mov,CTD_AI_SDS_RoofCollapse03,103,Sampoong Department Store Collapse,2026-07-02,JJ,Krea; Chat GPT,,,Y,,,
CTD_AI_SDS_RoofCollapse03_20260702_1b.mov,CTD_AI_SDS_RoofCollapse03,103,Sampoong Department Store Collapse,2026-07-02,JJ,Krea; Chat GPT,,,Y,,,
CTD_AI_SDS_RoofCollapse03_20260702_1d.mov,CTD_AI_SDS_RoofCollapse03,103,Sampoong Department Store Collapse,2026-07-02,JJ,,,,Y,,,
CTD_AI_SDS_SukTrapped_20260702_1a.mov,CTD_AI_SDS_SukTrapped,103,Sampoong Department Store Collapse,2026-07-02,JJ,Krea; Chat GPT,,,Y,,,
CTD_AI_SDS_SukTrapped_20260702_1b.mov,CTD_AI_SDS_SukTrapped,103,Sampoong Department Store Collapse,2026-07-02,JJ,Krea; Chat GPT,,,Y,,,
CTD_AI_SDS_SukTrapped_20260702_1c.mov,CTD_AI_SDS_SukTrapped,103,Sampoong Department Store Collapse,2026-07-02,JJ,,,,Y,,,
CTD_AI_SDS_SukTrapped_20260702_1d.mov,CTD_AI_SDS_SukTrapped,103,Sampoong Department Store Collapse,2026-07-02,JJ,,,,Y,,,
CTD_AI_SDS_TurnOffACRoof_20260702_1a.mov,CTD_AI_SDS_TurnOffACRoof,103,Sampoong Department Store Collapse,2026-07-02,JJ,Krea; Chat GPT,,Re-spin Completed,Y,,,
CTD_AI_SDS_TurnOffACRoof_20260702_1b.mov,CTD_AI_SDS_TurnOffACRoof,103,Sampoong Department Store Collapse,2026-07-02,JJ,Krea; Chat GPT,,,Y,,,
CTD_AI_SDS_TurnOffACRoof_20260702_1c.mov,CTD_AI_SDS_TurnOffACRoof,103,Sampoong Department Store Collapse,2026-07-02,JJ,,,Re-spin Completed,Y,,,
CTD_AI_SDS_TurnOffACRoof_20260702_1d.mov,CTD_AI_SDS_TurnOffACRoof,103,Sampoong Department Store Collapse,2026-07-02,JJ,,,,Y,,,
CTD_AI_LMR_EpoxyRepair_20260706_1a.mov,CTD_AI_LMR_EpoxyRepair ,103,Lac-Megantic Rail Disaster,2026-07-06,SM,,,,Y,,,
CTD_AI_LMR_EpoxyRepair_20260706_1b.mov,CTD_AI_LMR_EpoxyRepair ,103,Lac-Megantic Rail Disaster,2026-07-06,SM,,,,Y,,,
CTD_AI_LMR_EpoxyRepair_20260706_1c.mov,CTD_AI_LMR_EpoxyRepair ,103,Lac-Megantic Rail Disaster,2026-07-06,SM,,,,Y,,,
CTD_AI_LMR_EpoxyRepair_20260706_1d.mov,CTD_AI_LMR_EpoxyRepair ,103,Lac-Megantic Rail Disaster,2026-07-06,SM,,,,Y,,,
CTD_AI_LMR_EpoxyRepair_20260706_1e.mov,CTD_AI_LMR_EpoxyRepair ,103,Lac-Megantic Rail Disaster,2026-07-06,SM,,,,Y,,,
CTD_AI_LMR_EpoxyRepair_20260706_1f.mov,CTD_AI_LMR_EpoxyRepair ,103,Lac-Megantic Rail Disaster,2026-07-06,SM,,,,Y,,,
CTD_AI_LMR_EpoxyRepair_20260706_1g.mov,CTD_AI_LMR_EpoxyRepair ,103,Lac-Megantic Rail Disaster,2026-07-06,SM,,,,Y,,,
CTD_AI_LMR_EpoxyRepair_20260706_1h.mov,CTD_AI_LMR_EpoxyRepair ,103,Lac-Megantic Rail Disaster,2026-07-06,SM,,,,Y,,,
CTD_AI_LMR_FireErupts_20260706_1a.mov,CTD_AI_LMR_FireErupts,103,Lac-Megantic Rail Disaster,2026-07-06,SM,,,,Y,,,
CTD_AI_LMR_FireErupts_20260706_1b.mov,CTD_AI_LMR_FireErupts,103,Lac-Megantic Rail Disaster,2026-07-06,SM,,,Re-spin Requested,Y,,,
CTD_AI_LMR_FireErupts_20260706_2a.mov,CTD_AI_LMR_FireErupts,103,Lac-Megantic Rail Disaster,2026-07-06,SM,,,,Y,,,
CTD_AI_LMR_FireErupts_20260706_2b.mov,CTD_AI_LMR_FireErupts,103,Lac-Megantic Rail Disaster,2026-07-06,SM,,,,Y,,,
CTD_AI_LMR_FlyIntoEngine02_20260706_1a.mov,CTD_AI_LMR_FlyIntoEngine02,103,Lac-Megantic Rail Disaster,2026-07-06,SM,,,,Y,,,
CTD_AI_LMR_FlyIntoEngine02_20260706_1b.mov,CTD_AI_LMR_FlyIntoEngine02,103,Lac-Megantic Rail Disaster,2026-07-06,SM,,,,Y,,,
CTD_AI_LMR_FlyIntoEngine02_20260706_1c.mov,CTD_AI_LMR_FlyIntoEngine02,103,Lac-Megantic Rail Disaster,2026-07-06,SM,,,,Y,,,
CTD_AI_LMR_FlyIntoEngine02_20260706_1d.mov,CTD_AI_LMR_FlyIntoEngine02,103,Lac-Megantic Rail Disaster,2026-07-06,SM,,,,Y,,,
CTD_AI_LMR_FlyIntoEngine02_20260706_1e.mov,CTD_AI_LMR_FlyIntoEngine02,103,Lac-Megantic Rail Disaster,2026-07-06,SM,,,,Y,,,
CTD_AI_LMR_HazardFlammable_20260707_1a.mov,CTD_AI_LMR_HazardFlammable,103,Lac-Megantic Rail Disaster,2026-07-06,SM,,,Re-spin Completed,Y,,,
CTD_AI_LMR_HazardFlammable_20260707_1b.mov,CTD_AI_LMR_HazardFlammable,103,Lac-Megantic Rail Disaster,2026-07-06,SM,,,,Y,,,
CTD_AI_LMR_HazardFlammable_20260707_1c.mov,CTD_AI_LMR_HazardFlammable,103,Lac-Megantic Rail Disaster,2026-07-06,SM,,,,Y,,,
CTD_AI_LMR_HazardFlammable_20260707_1d.mov,CTD_AI_LMR_HazardFlammable,103,Lac-Megantic Rail Disaster,2026-07-06,SM,,,,Y,,,
CTD_AI_LMR_TankRupture01_20260706_1a.mov,CTD_AI_LMR_TankRupture01,103,Lac-Megantic Rail Disaster,2026-07-06,SM,,,,Y,,,
CTD_AI_LMR_TankRupture01_20260706_1b.mov,CTD_AI_LMR_TankRupture01,103,Lac-Megantic Rail Disaster,2026-07-06,SM,,,,Y,,,
CTD_AI_LMR_TankRupture01_20260706_1c.mov,CTD_AI_LMR_TankRupture01,103,Lac-Megantic Rail Disaster,2026-07-06,SM,,,,Y,,,
CTD_AI_LMR_TankRupture01_20260706_1d.mov,CTD_AI_LMR_TankRupture01,103,Lac-Megantic Rail Disaster,2026-07-06,SM,,,,Y,,,
CTD_AI_LMR_TankRupture01_20260706_1e.mov,CTD_AI_LMR_TankRupture01,103,Lac-Megantic Rail Disaster,2026-07-06,SM,,,,Y,,,
CTD_AI_LMR_TrainHeadOn_20270706_1a.mov,CTD_AI_LMR_TrainHeadOn,103,Lac-Megantic Rail Disaster,2026-07-06,JJ,,,Re-spin Completed,Y,,,
CTD_AI_LMR_TrainHeadOn_20270706_1b.mov,CTD_AI_LMR_TrainHeadOn,103,Lac-Megantic Rail Disaster,2026-07-06,SM,,,,Y,,,
CTD_AI_LMR_Walkintopub_20260706_1a.mov,CTD_AI_LMR_Trainmiscearlygens_01,103,Lac-Megantic Rail Disaster,2026-07-06,SM,,,,Y,,,
CTD_AI_LMR_Walkintopub_20260706_1b.mov,CTD_AI_LMR_Trainmiscearlygens_01,103,Lac-Megantic Rail Disaster,2026-07-06,SM,,,PAUSE,Y,,,
CTD_AI_LMR_Walkintopub_20260706_1c.mov,CTD_AI_LMR_Trainmiscearlygens_01,103,Lac-Megantic Rail Disaster,2026-07-06,SM,,,,Y,,,
CTD_AI_CCS_CoastGuardCall02_20260707_1a.mov,CTD_AI_CCS_CoastGuardCall02,103,Costa Concordia Ship Capsize,2026-07-07,WS,Chat GPT; Krea,,,Y,,,
CTD_AI_CCS_CoastGuardCall02_20260707_1b.mov,CTD_AI_CCS_CoastGuardCall02,103,Costa Concordia Ship Capsize,2026-07-07,WS,Chat GPT; Krea,,,Y,,,
CTD_AI_CCS_CoastGuardCall02_20260707_2a.mov,CTD_AI_CCS_CoastGuardCall02,103,Costa Concordia Ship Capsize,2026-07-07,WS,Chat GPT; Krea,,,Y,,,
CTD_AI_CCS_HardToStarboard01_20260707_1a.mov,CTD_AI_CCS_HardToStarboard01,103,Costa Concordia Ship Capsize,2026-07-07,WS,Chat GPT; Krea,,,Y,,,
CTD_AI_CCS_HardToStarboard01_20260707_2a.mov,CTD_AI_CCS_HardToStarboard01,103,Costa Concordia Ship Capsize,2026-07-07,WS,Chat GPT; Krea,,,Y,,,
CTD_AI_CCS_HardToStarboard02_20260707_1a.mov,CTD_AI_CCS_HardToStarboard02,103,Costa Concordia Ship Capsize,2026-07-07,WS,Chat GPT; Krea,,,Y,,,
CTD_AI_CCS_HardToStarboard02_20260707_1b.mov,CTD_AI_CCS_HardToStarboard02,103,Costa Concordia Ship Capsize,2026-07-07,WS,Chat GPT; Krea,,,Y,,,
CTD_AI_CCS_SchettinoOnPhone03_20260707_1a.mov,CTD_AI_CCS_SchettinoOnPhone03,103,Costa Concordia Ship Capsize,2026-07-07,WS,Chat GPT; Krea,,,Y,,,
CTD_AI_CCS_SchettinoOnPhone03_20260707_1b.mov,CTD_AI_CCS_SchettinoOnPhone03,103,Costa Concordia Ship Capsize,2026-07-07,WS,Chat GPT; Krea,,,Y,,,
CTD_AI_LMR_HandBrake01_20270713_1a.mov,CTD_AI_LMR_HandBrake01 ,103,Lac-Megantic Rail Disaster,2026-07-13,JJ,,,,Y,,,
CTD_AI_LMR_HandBrake01_20270713_2a.mov,CTD_AI_LMR_HandBrake01 ,103,Lac-Megantic Rail Disaster,2026-07-13,JJ,,,Re-spin Completed,Y,,,
CTD_AI_LMR_HandBrake01_20270713_2b.mov,CTD_AI_LMR_HandBrake01 ,103,Lac-Megantic Rail Disaster,2026-07-13,JJ,,,,Y,,,
CTD_AI_LMR_HandBrake01_20270713_2c.mov,CTD_AI_LMR_HandBrake01 ,103,Lac-Megantic Rail Disaster,2026-07-13,JJ,,,,Y,,,
CTD_AI_LMR_HandBrake02_20270713_1a.mov,CTD_AI_LMR_HandBrake02,103,Lac-Megantic Rail Disaster,2026-07-13,JJ,,,Re-spin Completed,Y,,,
CTD_AI_LMR_HardingOnPhone_20270713_1a.mov,CTD_AI_LMR_HardingOnPhone,103,Lac-Megantic Rail Disaster,2026-07-13,JJ,,,Re-spin Requested,Y,,,
CTD_AI_LMR_HardingOnPhone_20270713_1b.mov,CTD_AI_LMR_HardingOnPhone,103,Lac-Megantic Rail Disaster,2026-07-13,JJ,,,,Y,,,
CTD_AI_LMR_HardingOnPhone_20270713_1c.mov,CTD_AI_LMR_HardingOnPhone,103,Lac-Megantic Rail Disaster,2026-07-13,JJ,,,,Y,,,
CTD_AI_LMR_HardingOnPhone_20270713_1d.mov,CTD_AI_LMR_HardingOnPhone,103,Lac-Megantic Rail Disaster,2026-07-13,JJ,,,,Y,,,
CTD_AI_LMR_JUL8TrainCountrysideDay_20270713_1a.mov,CTD_AI_LMR_JUL8TrainCountrysideDay,103,Lac-Megantic Rail Disaster,2026-07-13,SM,,,Re-spin Completed,Y,,,
CTD_AI_LMR_JUL8TrainCountrysideDay_20270713_1b.mov,CTD_AI_LMR_JUL8TrainCountrysideDay,103,Lac-Megantic Rail Disaster,2026-07-13,JJ,,,,Y,,,
CTD_AI_LMR_JUL8TrainCountrysideDay_20270713_2a.mov,CTD_AI_LMR_JUL8TrainCountrysideDay,103,Lac-Megantic Rail Disaster,2026-07-13,JJ,,,,Y,,,
CTD_AI_LMR_JUL8TrainCountrysideDay_20270713_2b.mov,CTD_AI_LMR_JUL8TrainCountrysideDay,103,Lac-Megantic Rail Disaster,2026-07-13,JJ,,,,Y,,,
CTD_AI_LMR_JUL8TrainCountrysideDay_20270713_2c.mov,CTD_AI_LMR_JUL8TrainCountrysideDay,103,Lac-Megantic Rail Disaster,2026-07-13,JJ,,,,Y,,,
CTD_AI_LMR_JUL8TrainCountrysideDay_20270713_2d.mov,CTD_AI_LMR_JUL8TrainCountrysideDay,103,Lac-Megantic Rail Disaster,2026-07-13,JJ,,,,Y,,,
CTD_AI_LMR_JUL8TrainCountrysideDay_20270713_2e.mov,CTD_AI_LMR_JUL8TrainCountrysideDay,103,Lac-Megantic Rail Disaster,2026-07-13,JJ,,,,Y,,,
CTD_AI_LMR_JUL8TrainCountrysideDay_20270713_2f.mov,CTD_AI_LMR_JUL8TrainCountrysideDay,103,Lac-Megantic Rail Disaster,2026-07-13,JJ,,,,Y,,,
CTD_AI_LMR_JUL8TrainCountrysideDay_20270713_2g.mov,CTD_AI_LMR_JUL8TrainCountrysideDay,103,Lac-Megantic Rail Disaster,2026-07-13,JJ,,,,Y,,,
CTD_AI_SJE_DominoEffect0_20260713_4a.mov,CTD_AI_SJE_DominoEffect04,103,San Juanico LPG Explosion,2026-07-13,JJ,,,,Y,,,
CTD_AI_SJE_DominoEffect0_20260713_4b.mov,CTD_AI_SJE_DominoEffect04,103,San Juanico LPG Explosion,2026-07-13,JJ,,,,Y,,,
CTD_AI_SJE_DominoEffect0_20260713_4c.mov,CTD_AI_SJE_DominoEffect04,103,San Juanico LPG Explosion,2026-07-13,JJ,,,,Y,,,
CTD_AI_SJE_DominoEffect0_20260713_4d.mov,CTD_AI_SJE_DominoEffect04,103,San Juanico LPG Explosion,2026-07-13,JJ,,,,Y,,,
CTD_AI_SJE_DominoEffect0_20260713_4e.mov,CTD_AI_SJE_DominoEffect04,103,San Juanico LPG Explosion,2026-07-13,JJ,,,,Y,,,
CTD_AI_SJE_GasGhost0_20260713_1a.mov,CTD_AI_SJE_JUL9GasGhost01,103,San Juanico LPG Explosion,2026-07-13,JJ,,,,Y,,,
CTD_AI_SJE_GasGhost0_20260713_1b.mov,CTD_AI_SJE_JUL9GasGhost01,103,San Juanico LPG Explosion,2026-07-13,JJ,,,Re-spin Requested,Y,Y,,
CTD_AI_SJE_GasGhost0_20260713_1c.mov,CTD_AI_SJE_JUL9GasGhost01,103,San Juanico LPG Explosion,2026-07-13,JJ,,,,Y,,,
CTD_AI_SJE_GasGhost0_20260713_1d.mov,CTD_AI_SJE_JUL9GasGhost01,103,San Juanico LPG Explosion,2026-07-13,JJ,,,,Y,,,
CTD_AI_SJE_MetalShards01_20260713_1a.mov,CTD_AI_SJE_MetalShards01,103,San Juanico LPG Explosion,2026-07-13,JJ,,,,Y,,,
CTD_AI_SJE_PipeRuptures_20260713_1a.mov,CTD_AI_SJE_PipeRuptures,103,San Juanico LPG Explosion,2026-07-13,JJ,,,,Y,,,
CTD_AI_SJE_ResidentHellPOV_20260713.mov,CTD_AI_SJE_ResidentHellPOV,103,San Juanico LPG Explosion,2026-07-13,JJ,,,,Y,,,
CTD_AI_AA191_AdjustRudder03_20260714_1a.mov,CTD_AI_AA191_AdjustRudder03,103,American Airlines Flight 191,2026-07-14,WS,,,,Y,,,
CTD_AI_AA191_AdjustRudder03_20260714_1b.mov,CTD_AI_AA191_AdjustRudder03,103,American Airlines Flight 191,2026-07-14,WS,,,,Y,,,
CTD_AI_AA191_AdjustRudder03_20260714_2a.mov,CTD_AI_AA191_AdjustRudder03,103,American Airlines Flight 191,2026-07-14,WS,,,,Y,,,
CTD_AI_AA191_AdjustRudder03_20260714_2b.mov,CTD_AI_AA191_AdjustRudder03,103,American Airlines Flight 191,2026-07-14,WS,,,,Y,,,
CTD_AI_AA191_AdjustRudder03_20260714_2c.mov,CTD_AI_AA191_AdjustRudder03,103,American Airlines Flight 191,2026-07-14,WS,,,,Y,,,
CTD_AI_AA191_AdjustRudder03_20260714_2d.mov,CTD_AI_AA191_AdjustRudder03,103,American Airlines Flight 191,2026-07-14,WS,,,,Y,,,
CTD_AI_AA191_WingTears_20260714_1a.mov,CTD_AI_AA191_WingTears,103,American Airlines Flight 191,2026-07-14,WS,,,,Y,,,
CTD_AI_AA191_WingTears_20260714_1b.mov,CTD_AI_AA191_WingTears,103,American Airlines Flight 191,2026-07-14,WS,,,,Y,,,
CTD_AI_AA191_WingTears_20260714_1c.mov,CTD_AI_AA191_WingTears,103,American Airlines Flight 191,2026-07-14,WS,,,,Y,,,
CTD_AI_AA191_WingTears_20260714_1d.mov,CTD_AI_AA191_WingTears,103,American Airlines Flight 191,2026-07-14,WS,,,,Y,,,
CTD_AI_AA191_WingTears_20260714_1e.mov,CTD_AI_AA191_WingTears,103,American Airlines Flight 191,2026-07-14,WS,,,,Y,,,
CTD_AI_LMR_POVWindscreenDusk_20270715_1a.mov,CTD_AI_LMR_POVWindscreenDusk,103,Lac-Megantic Rail Disaster,2026-07-15,SM,,,Re-spin Completed,Y,,,
CTD_AI_LMR_POVWindscreenDusk_20270715_1b.mov,CTD_AI_LMR_POVWindscreenDusk,103,Lac-Megantic Rail Disaster,2026-07-15,SM,,,,Y,,,
CTD_AI_LMR_POVWindscreenDusk_20270715_1c.mov,CTD_AI_LMR_POVWindscreenDusk,103,Lac-Megantic Rail Disaster,2026-07-15,SM,,,,Y,,,
CTD_AI_LMR_POVWindscreenDusk_20270715_1d.mov,CTD_AI_LMR_POVWindscreenDusk,103,Lac-Megantic Rail Disaster,2026-07-15,SM,,,,Y,,,
CTD_AI_LMR_RevealLacMega_20270715_1.mov,CTD_AI_LMR_RevealLacMega,103,Lac-Megantic Rail Disaster,2026-07-15,SM,,,,Y,,,
CTD_AI_LMR_RevealLacMega_20270715_1a.mov,CTD_AI_LMR_RevealLacMega,103,Lac-Megantic Rail Disaster,2026-07-15,SM,,,,Y,,,
CTD_AI_LMR_RevealLacMega_20270715_1b.mov,CTD_AI_LMR_RevealLacMega,103,Lac-Megantic Rail Disaster,2026-07-15,SM,,,,Y,,,
CTD_AI_LMR_RevealLacMega_20270715_1c.mov,CTD_AI_LMR_RevealLacMega,103,Lac-Megantic Rail Disaster,2026-07-15,SM,,,,Y,,,
CTD_AI_LMR_RevealLacMega_20270715_1d.mov,CTD_AI_LMR_RevealLacMega,103,Lac-Megantic Rail Disaster,2026-07-15,SM,,,,Y,,,
CTD_AI_LMR_RevealLacMega_20270715_1e.mov,CTD_AI_LMR_RevealLacMega,103,Lac-Megantic Rail Disaster,2026-07-15,SM,,,,Y,,,
CTD_AI_LMR_RevealLacMega_20270715_1f.mov,CTD_AI_LMR_RevealLacMega,103,Lac-Megantic Rail Disaster,2026-07-15,SM,,,,Y,,,
CTD_AI_LMR_RevealLacMega_20270715_1g.mov,CTD_AI_LMR_RevealLacMega,103,Lac-Megantic Rail Disaster,2026-07-15,SM,,,,Y,,,
CTD_AI_LMR_RevealLacMega_20270715_1h.mov,CTD_AI_LMR_RevealLacMega,103,Lac-Megantic Rail Disaster,2026-07-15,SM,,,,Y,,,
CTD_AI_LMR_RevealLacMega_20270715_1h.mov,CTD_AI_LMR_RevealLacMega,103,Lac-Megantic Rail Disaster,2026-07-15,SM,,,,Y,,,
CTD_AI_LMR_TankRupture02_20270715_1a.mov,CTD_AI_LMR_TankRupture02,103,Lac-Megantic Rail Disaster,2026-07-15,SM,,,,Y,,,
CTD_AI_LMR_TankRupture02_20270715_1b.mov,CTD_AI_LMR_TankRupture02,103,Lac-Megantic Rail Disaster,2026-07-15,SM,,,Re-spin Completed,Y,,,
CTD_AI_LMR_TankRupture02_20270715_1c.mov,CTD_AI_LMR_TankRupture02,103,Lac-Megantic Rail Disaster,2026-07-15,SM,,,,Y,,,
CTD_AI_LMR_TankRupture02_20270715_1d.mov,CTD_AI_LMR_TankRupture02,103,Lac-Megantic Rail Disaster,2026-07-15,SM,,,,Y,,,
CTD_AI_LMR_TankRupture02_20270715_1e.mov,CTD_AI_LMR_TankRupture02,103,Lac-Megantic Rail Disaster,2026-07-15,SM,,,,Y,,,
CTD_AI_LMR_TankRupture02_20270715_1f.mov,CTD_AI_LMR_TankRupture02,103,Lac-Megantic Rail Disaster,2026-07-15,SM,,,,Y,,,
CTD_AI_LMR_TankRupture02_20270715_1g.mov,CTD_AI_LMR_TankRupture02,103,Lac-Megantic Rail Disaster,2026-07-15,SM,,,,Y,,,
CTD_AI_LMR_TankRupture02_20270715_1h.mov,CTD_AI_LMR_TankRupture02,103,Lac-Megantic Rail Disaster,2026-07-15,SM,,,,Y,,,
CTD_AI_LMR_TankRupture02_20270715_1i.mov,CTD_AI_LMR_TankRupture02,103,Lac-Megantic Rail Disaster,2026-07-15,SM,,,,Y,,,
CTD_AI_LMR_TankRupture02_20270715_1j.mov,CTD_AI_LMR_TankRupture02,103,Lac-Megantic Rail Disaster,2026-07-15,SM,,,,Y,,,
CTD_AI_LMR_TankRupture02_20270715_1k.mov,CTD_AI_LMR_TankRupture02,103,Lac-Megantic Rail Disaster,2026-07-15,SM,,,,Y,,,
CTD_AI_LMR_TaxiHighway_20270715_1a.mov,CTD_AI_LMR_TaxiHighway,103,Lac-Megantic Rail Disaster,2026-07-15,SM,,,Re-spin Requested,Y,,,
CTD_AI_LMR_WheelsDerail_20270715_1a.mov,CTD_AI_LMR_WheelsDerail,103,Lac-Megantic Rail Disaster,2026-07-15,SM,,,,Y,,,
CTD_AI_LMR_WheelsDerail_20270715_1b.mov,CTD_AI_LMR_WheelsDerail,103,Lac-Megantic Rail Disaster,2026-07-15,SM,,,,Y,,,
CTD_AI_LMR_WheelsDerail_20270715_1d.mov,CTD_AI_LMR_WheelsDerail,103,Lac-Megantic Rail Disaster,2026-07-15,SM,,,,Y,,,
CTD_AI_LMR_WheelsDerail_20270715_1e.mov,CTD_AI_LMR_WheelsDerail,103,Lac-Megantic Rail Disaster,2026-07-15,SM,,,,Y,,,
CTD_AI_CCS_BowClears_20260715_1a.mov,CTD_AI_CCS_BowClears,103,Costa Concordia Ship Capsize,2026-07-16,james,,,,Y,,,
CTD_AI_CCS_BowClears_20260715_1c.mov,CTD_AI_CCS_BowClears,103,Costa Concordia Ship Capsize,2026-07-16,james,,,,Y,,,
CTD_AI_CCS_BowClears_20260715_2a.mov,CTD_AI_CCS_BowClears,103,Costa Concordia Ship Capsize,2026-07-16,james,,,,Y,,,
CTD_AI_CCS_JUL9AlarmSpeaker_20260715_1a.mov,CTD_AI_CCS_JUL9AlarmSpeaker,103,Costa Concordia Ship Capsize,2026-07-16,james,,,,Y,,,
CTD_AI_CCS_JUL9AlarmSpeaker_20260715_1b.mov,CTD_AI_CCS_JUL9AlarmSpeaker,103,Costa Concordia Ship Capsize,2026-07-16,james,,,,Y,,,
CTD_AI_CCS_JUL9AlarmSpeaker_20260715_2a.mov,CTD_AI_CCS_JUL9AlarmSpeaker,103,Costa Concordia Ship Capsize,2026-07-16,james,,,,Y,,,
CTD_AI_CCS_JUL9AlarmSpeaker_20260715_2b.mov,CTD_AI_CCS_JUL9AlarmSpeaker,103,Costa Concordia Ship Capsize,2026-07-16,james,,,,Y,,,
CTD_AI_CCS_JUL9BridgePOV_20260715_1a.mov,CTD_AI_CCS_JUL9BridgePOV,103,Costa Concordia Ship Capsize,2026-07-16,james,,,,Y,,,
CTD_AI_CCS_JUL9BridgePOV_20260715_1b.mov,CTD_AI_CCS_JUL9BridgePOV,103,Costa Concordia Ship Capsize,2026-07-16,james,,,,Y,,,
CTD_AI_CCS_JUL9BridgePOV_20260715_2a.mov,CTD_AI_CCS_JUL9BridgePOV,103,Costa Concordia Ship Capsize,2026-07-16,james,,,,Y,,,
CTD_AI_CCS_JUL9BridgePOV_20260715_2b.mov,CTD_AI_CCS_JUL9BridgePOV,103,Costa Concordia Ship Capsize,2026-07-16,james,,,,Y,,,
CTD_AI_CCS_JUL9BridgePOV_20260715_3a.mov,CTD_AI_CCS_JUL9BridgePOV,103,Costa Concordia Ship Capsize,2026-07-16,james,,,,Y,,,
CTD_AI_CCS_JUL9HoldHands_20260715_1a.mov,CTD_AI_CCS_JUL9HoldHands ,103,Costa Concordia Ship Capsize,2026-07-16,james,,,,Y,,,
CTD_AI_CCS_JUL9HoldHands_20260715_2a.mov,CTD_AI_CCS_JUL9HoldHands ,103,Costa Concordia Ship Capsize,2026-07-16,james,,,,Y,,,
CTD_AI_CCS_JUL9HoldHands_20260715_2b.mov,CTD_AI_CCS_JUL9HoldHands ,103,Costa Concordia Ship Capsize,2026-07-16,james,,,,Y,,,
CTD_AI_CCS_JUL9HoldHands_20260715_2c.mov,CTD_AI_CCS_JUL9HoldHands ,103,Costa Concordia Ship Capsize,2026-07-16,james,,,,Y,,,
CTD_AI_CCS_JUL9HoldHands_20260715_3a.mov,CTD_AI_CCS_JUL9HoldHands ,103,Costa Concordia Ship Capsize,2026-07-16,james,,,,Y,,,
CTD_AI_CCS_JUL9Instruments_20260715_1a.mov,CTD_AI_CCS_JUL9Instruments,103,Costa Concordia Ship Capsize,2026-07-16,james,,,,Y,,,
CTD_AI_CCS_JUL9Instruments_20260715_2a.mov,CTD_AI_CCS_JUL9Instruments,103,Costa Concordia Ship Capsize,2026-07-16,james,,,,Y,,,
CTD_AI_CCS_JUL9Instruments_20260715_3a.mov,CTD_AI_CCS_JUL9Instruments,103,Costa Concordia Ship Capsize,2026-07-16,james,,,,Y,,,
CTD_AI_CCS_JUL9Instruments_20260715_4a.mov,CTD_AI_CCS_JUL9Instruments,103,Costa Concordia Ship Capsize,2026-07-16,james,,,,Y,,,
CTD_AI_CCS_JUL9LoudSpeaker_20260715_1a.mov,CTD_AI_CCS_JUL9LoudSpeaker,103,Costa Concordia Ship Capsize,2026-07-16,james,,,,Y,,,
CTD_AI_CCS_JUL9LoudSpeaker_20260715_1b.mov,CTD_AI_CCS_JUL9LoudSpeaker,103,Costa Concordia Ship Capsize,2026-07-16,james,,,,Y,,,
CTD_AI_CCS_JUL9LoudSpeaker_20260715_1c.mov,CTD_AI_CCS_JUL9LoudSpeaker,103,Costa Concordia Ship Capsize,2026-07-16,james,,,,Y,,,
CTD_AI_CCS_JUL9LoudSpeaker_20260715_2a.mov,CTD_AI_CCS_JUL9LoudSpeaker,103,Costa Concordia Ship Capsize,2026-07-16,james,,,,Y,,,
CTD_AI_CCS_JUL9LoudSpeaker_20260715_2b.mov,CTD_AI_CCS_JUL9LoudSpeaker,103,Costa Concordia Ship Capsize,2026-07-16,james,,,,Y,,,
CTD_AI_CCS_JUL9LoudSpeaker_20260715_2c.mov,CTD_AI_CCS_JUL9LoudSpeaker,103,Costa Concordia Ship Capsize,2026-07-16,james,,,,Y,,,
CTD_AI_CCS_JUL9RockHitAboveWater_20260715_1a.mov,CTD_AI_CCS_HugeRock,103,Costa Concordia Ship Capsize,2026-07-16,james,,,,Y,,,
CTD_AI_CCS_JUL9RockHitAboveWater_20260715_1b.mov,CTD_AI_CCS_HugeRock,103,Costa Concordia Ship Capsize,2026-07-16,james,,,,Y,,,
CTD_AI_CCS_JUL9RockHitAboveWater_20260715_1c.mov,CTD_AI_CCS_HugeRock,103,Costa Concordia Ship Capsize,2026-07-16,james,,,,Y,,,
CTD_AI_CCS_MaritimeSalute01_20260715_1a.mov,CTD_AI_CCS_MaritimeSalute01,103,Costa Concordia Ship Capsize,2026-07-16,james,,,Vetting,Y,Y,,
CTD_AI_CCS_MaritimeSalute01_20260715_1b.mov,CTD_AI_CCS_MaritimeSalute01,103,Costa Concordia Ship Capsize,2026-07-16,james,,,,Y,,,
CTD_AI_CCS_MassiveGash02_20260715_1a.mov,CTD_AI_CCS_MassiveGash02,103,Costa Concordia Ship Capsize,2026-07-16,james,,,,Y,,,
CTD_AI_CCS_MassiveGash02_20260715_2a.mov,CTD_AI_CCS_MassiveGash02,103,Costa Concordia Ship Capsize,2026-07-16,james,,,,Y,,,
CTD_AI_CCS_MassiveGash02_20260715_3a.mov,CTD_AI_CCS_MassiveGash02,103,Costa Concordia Ship Capsize,2026-07-16,james,,,,Y,,,
CTD_AI_CCS_PeopleJump_20260715_1a.mov,CTD_AI_CCS_PeopleJump01,103,Costa Concordia Ship Capsize,2026-07-16,james,,,,Y,,,
CTD_AI_CCS_PeopleJump_20260715_1b.mov,CTD_AI_CCS_PeopleJump01,103,Costa Concordia Ship Capsize,2026-07-16,james,,,,Y,,,
CTD_AI_CCS_PeopleJump_20260715_2a.mov,CTD_AI_CCS_PeopleJump01,103,Costa Concordia Ship Capsize,2026-07-16,james,,,,Y,,,
CTD_AI_CCS_PeopleJump_20260715_3a.mov,CTD_AI_CCS_PeopleJump01,103,Costa Concordia Ship Capsize,2026-07-16,james,,,Re-spin Requested,Y,,,
CTD_AI_CCS_PeopleJump_20260715_4a.mov,CTD_AI_CCS_PeopleJump01,103,Costa Concordia Ship Capsize,2026-07-16,james,,,,Y,,,
CTD_AI_CCS_PeopleJump_20260715_5a.mov,CTD_AI_CCS_PeopleJump01,103,Costa Concordia Ship Capsize,2026-07-16,james,,,,Y,,,
CTD_AI_CCS_SeawaterGushesIn01_20260715_1a.mov,CTD_AI_CCS_SeawaterGushesIn01,103,Costa Concordia Ship Capsize,2026-07-16,james,,,,Y,,,
CTD_AI_CCS_SeawaterGushesIn01_20260715_1b.mov,CTD_AI_CCS_SeawaterGushesIn01,103,Costa Concordia Ship Capsize,2026-07-16,james,,,,Y,,,
CTD_AI_CCS_SeawaterGushesIn01_20260715_2a.mov,CTD_AI_CCS_SeawaterGushesIn01,103,Costa Concordia Ship Capsize,2026-07-16,james,,,,Y,,,
CTD_AI_CCS_SeawaterGushesIn01_20260715_3a.mov,CTD_AI_CCS_SeawaterGushesIn01,103,Costa Concordia Ship Capsize,2026-07-16,james,,,,Y,,,
CTD_AI_CCS_SeawaterGushesIn01_20260715_4a.mov,CTD_AI_CCS_SeawaterGushesIn01,103,Costa Concordia Ship Capsize,2026-07-16,james,,,,Y,,,
CTD_AI_CCS_SeawaterGushesIn01_20260715_4b.mov,CTD_AI_CCS_SeawaterGushesIn01,103,Costa Concordia Ship Capsize,2026-07-16,james,,,,Y,,,
CTD_AI_CCS_SeawaterGushesIn01_20260715_5a.mov,CTD_AI_CCS_SeawaterGushesIn01,103,Costa Concordia Ship Capsize,2026-07-16,james,,,,Y,,,
CTD_AI_CSS_JUL9FiftyDegreeList_20260715_1a.mov,CTD_AI_CSS_JUL9FiftyDegreeList,103,Costa Concordia Ship Capsize,2026-07-16,james,,,Re-spin Requested,Y,,,
CTD_AI_CSS_JUL9FiftyDegreeList_20260715_2a.mov,CTD_AI_CSS_JUL9FiftyDegreeList,103,Costa Concordia Ship Capsize,2026-07-16,james,,,,Y,,,
CTD_AI_CSS_JUL9FiftyDegreeList_20260715_2b.mov,CTD_AI_CSS_JUL9FiftyDegreeList,103,Costa Concordia Ship Capsize,2026-07-16,james,,,,Y,,,
CTD_AI_CSS_JUL9FiftyDegreeList_20260715_2c.mov,CTD_AI_CSS_JUL9FiftyDegreeList,103,Costa Concordia Ship Capsize,2026-07-16,james,,,,Y,,,
CTD_AI_CSS_JUL9FiftyDegreeList_20260715_3a.mov,CTD_AI_CSS_JUL9FiftyDegreeList,103,Costa Concordia Ship Capsize,2026-07-16,james,,,,Y,,,
CTD_AI_CSS_JUL9FiftyDegreeList_20260715_4a.mov,CTD_AI_CSS_JUL9FiftyDegreeList,103,Costa Concordia Ship Capsize,2026-07-16,james,,,,Y,,,
CTD_AI_SJE_DominoEffect01A_20260716.mov,CTD_AI_SJE_DominoEffect01,103,San Juanico LPG Explosion,2026-07-16,Marty,Chat GPT; Krea,Y,,Y,,,
CTD_AI_SJE_DominoEffect01B_20260716.mov,CTD_AI_SJE_DominoEffect01,103,San Juanico LPG Explosion,2026-07-16,Marty,Chat GPT; Krea,Y,,Y,,,
CTD_AI_SJE_DominoEffect01C_20260716.mov,CTD_AI_SJE_DominoEffect01,103,San Juanico LPG Explosion,2026-07-16,Marty,Chat GPT; Krea,Y,,Y,,,
CTD_AI_SJE_DominoEffect01C_20260716b.mov,CTD_AI_SJE_DominoEffect01,103,San Juanico LPG Explosion,2026-07-16,Marty,Chat GPT; Krea,Y,,Y,,,
CTD_AI_SJE_DominoEffect01D_20260716.mov,CTD_AI_SJE_DominoEffect01,103,San Juanico LPG Explosion,2026-07-16,Marty,Chat GPT; Krea,Y,,Y,,,
CTD_AI_SJE_DominoEffect02A_20260716.mov,CTD_AI_SJE_DominoEffect02,103,San Juanico LPG Explosion,2026-07-16,Marty,Chat GPT; Krea,Y,,Y,,,
CTD_AI_SJE_DominoEffect02A_20260716b.mov,CTD_AI_SJE_DominoEffect02,103,San Juanico LPG Explosion,2026-07-16,Marty,Chat GPT; Krea,Y,,Y,,,
CTD_AI_SJE_DominoEffect02B_20260716.mov,CTD_AI_SJE_DominoEffect02,103,San Juanico LPG Explosion,2026-07-16,Marty,Chat GPT; Krea,Y,,Y,,,
CTD_AI_SJE_DominoEffect03_20260716.mov,CTD_AI_SJE_DominoEffect03,103,San Juanico LPG Explosion,2026-07-16,Marty,Chat GPT; Krea,Y,,Y,,,
CTD_AI_LMR_BeerVibes_20260717_1a.mov,CTD_AI_LMR_BeerVibes,103,Lac-Megantic Rail Disaster,2026-07-17,SM,Krea; Nano Banana,,,Y,,,
CTD_AI_LMR_BeerVibes_20260717_1b.mov,CTD_AI_LMR_BeerVibes,103,Lac-Megantic Rail Disaster,2026-07-17,SM,Krea; Nano Banana,,,Y,,,
CTD_AI_LMR_DarkTrainPOV_20260717_1a.mov,CTD_AI_LMR_DarkTrainPOV,103,Lac-Megantic Rail Disaster,2026-07-17,SM,Krea; Nano Banana,,,Y,,,
CTD_AI_LMR_DarkTrainPOV_20260717_1b.mov,CTD_AI_LMR_DarkTrainPOV,103,Lac-Megantic Rail Disaster,2026-07-17,SM,Krea; Nano Banana,,,Y,,,
CTD_AI_LMR_DarkTrainPOV_20260717_1d.mov,CTD_AI_LMR_DarkTrainPOV,103,Lac-Megantic Rail Disaster,2026-07-17,SM,Krea; Nano Banana,,,Y,,,
CTD_AI_LMR_HardingOnPhone_20260717_1a.mov,CTD_AI_LMR_HardingOnPhone,103,Lac-Megantic Rail Disaster,2026-07-17,SM,Krea; Nano Banana,,,Y,,,
CTD_AI_LMR_HardingWalksAway_20260717_1a.mov,CTD_AI_LMR_HardingWalksAway,103,Lac-Megantic Rail Disaster,2026-07-17,SM,Krea; Nano Banana,,,Y,,,
CTD_AI_LMR_HardingWalksAway_20260717_1b.mov,CTD_AI_LMR_HardingWalksAway,103,Lac-Megantic Rail Disaster,2026-07-17,SM,Krea; Nano Banana,,,Y,,,
CTD_AI_LMR_HardingWalksAway_20260717_1c.mov,CTD_AI_LMR_HardingWalksAway,103,Lac-Megantic Rail Disaster,2026-07-17,SM,Krea; Nano Banana,,,Y,,,
CTD_AI_LMR_HardingWalksAway_20260717_1d.mov,CTD_AI_LMR_HardingWalksAway,103,Lac-Megantic Rail Disaster,2026-07-17,SM,Krea; Nano Banana,,,Y,,,
CTD_AI_LMR_HardingWalksAway_20260717_2a.mov,CTD_AI_LMR_HardingWalksAway,103,Lac-Megantic Rail Disaster,2026-07-17,SM,Krea; Nano Banana,,,Y,,,
CTD_AI_LMR_JUL8RueFrontenac02_20260717_1a.mov,CTD_AI_LMR_JUL8RueFrontenac02,103,Lac-Megantic Rail Disaster,2026-07-17,SM,Krea; Nano Banana,,,Y,,,
CTD_AI_LMR_JUL8RueFrontenac02_20260717_1b.mov,CTD_AI_LMR_JUL8RueFrontenac02,103,Lac-Megantic Rail Disaster,2026-07-17,SM,Krea; Nano Banana,,,Y,,,
CTD_AI_LMR_JUL8RueFrontenac02_20260717_1c.mov,CTD_AI_LMR_JUL8RueFrontenac02,103,Lac-Megantic Rail Disaster,2026-07-17,SM,Krea; Nano Banana,,,Y,,,
CTD_AI_LMR_JUL8RueFrontenac02_20260717_1d.mov,CTD_AI_LMR_JUL8RueFrontenac02,103,Lac-Megantic Rail Disaster,2026-07-17,SM,Krea; Nano Banana,,,Y,,,
CTD_AI_LMR_JUL8RueFrontenac02_20260717_1e.mov,CTD_AI_LMR_JUL8RueFrontenac02,103,Lac-Megantic Rail Disaster,2026-07-17,SM,Krea; Nano Banana,,,Y,,,
CTD_AI_LMR_JUL8RueFrontenac02_20260717_1f.mov,CTD_AI_LMR_JUL8RueFrontenac02,103,Lac-Megantic Rail Disaster,2026-07-17,SM,Krea; Nano Banana,,,Y,,,
CTD_AI_LMR_JUL8RueFrontenac02_20260717_2a.mov,CTD_AI_LMR_JUL8RueFrontenac02,103,Lac-Megantic Rail Disaster,2026-07-17,SM,Krea; Nano Banana,,,Y,,,
CTD_AI_LMR_JUL8RueFrontenac02_20260717_2b.mov,CTD_AI_LMR_JUL8RueFrontenac02,103,Lac-Megantic Rail Disaster,2026-07-17,SM,Krea; Nano Banana,,,Y,,,
CTD_AI_LMR_JUL8RueFrontenac02_20260717_2c.mov,CTD_AI_LMR_JUL8RueFrontenac02,103,Lac-Megantic Rail Disaster,2026-07-17,SM,Krea; Nano Banana,,,Y,,,
CTD_AI_LMR_JUL8RueFrontenac02_20260717_2d.mov,CTD_AI_LMR_JUL8RueFrontenac02,103,Lac-Megantic Rail Disaster,2026-07-17,SM,Krea; Nano Banana,,,Y,,,
CTD_AI_LMR_JUL8RueFrontenac02_20260717_2e.mov,CTD_AI_LMR_JUL8RueFrontenac02,103,Lac-Megantic Rail Disaster,2026-07-17,SM,Krea; Nano Banana,,,Y,,,
CTD_AI_LMR_Musi-CafeRevelry01_20260717_1a.mov,CTD_AI_LMR_Musi-CafeRevelry01 ,103,Lac-Megantic Rail Disaster,2026-07-17,SM,Krea; Nano Banana,,,Y,,,
CTD_AI_LMR_Musi-CafeRevelry01_20260717_1b.mov,CTD_AI_LMR_Musi-CafeRevelry01 ,103,Lac-Megantic Rail Disaster,2026-07-17,SM,Krea; Nano Banana,,,Y,,,
CTD_AI_LMR_Musi-CafeRevelry02_20260717_1a.mov,CTD_AI_LMR_Musi-CafeRevelry02,103,Lac-Megantic Rail Disaster,2026-07-17,SM,Krea; Nano Banana,,,Y,Y,,
CTD_AI_LMR_Musi-CafeRevelry02_20260717_1b.mov,CTD_AI_LMR_Musi-CafeRevelry02,103,Lac-Megantic Rail Disaster,2026-07-17,SM,Krea; Nano Banana,,,Y,,,
CTD_AI_LMR_Musi-CafeRevelry02_20260717_1c.mov,CTD_AI_LMR_Musi-CafeRevelry02,103,Lac-Megantic Rail Disaster,2026-07-17,SM,Krea; Nano Banana,,,Y,,,
CTD_AI_LMR_Musi-CafeRevelry02_20260717_1d.mov,CTD_AI_LMR_Musi-CafeRevelry02,103,Lac-Megantic Rail Disaster,2026-07-17,SM,Krea; Nano Banana,,,Y,,,
CTD_AI_LMR_Musi-CafeRevelry02_20260717_1e.mov,CTD_AI_LMR_Musi-CafeRevelry02,103,Lac-Megantic Rail Disaster,2026-07-17,SM,Krea; Nano Banana,,,Y,,,
CTD_AI_LMR_Musi-CafeRevelry02_20260717_1f.mov,CTD_AI_LMR_Musi-CafeRevelry02,103,Lac-Megantic Rail Disaster,2026-07-17,SM,Krea; Nano Banana,,,Y,,,
CTD_AI_LMR_Musi-CafeRevelry02_20260717_2a.mov,CTD_AI_LMR_Musi-CafeRevelry02,103,Lac-Megantic Rail Disaster,2026-07-17,SM,Krea; Nano Banana,,,Y,,,
CTD_AI_LMR_Musi-CafeRevelry02_20260717_2b.mov,CTD_AI_LMR_Musi-CafeRevelry02,103,Lac-Megantic Rail Disaster,2026-07-17,SM,Krea; Nano Banana,,,Y,,,
CTD_AI_LMR_Musi-CafeRevelry02_20260717_2c.mov,CTD_AI_LMR_Musi-CafeRevelry02,103,Lac-Megantic Rail Disaster,2026-07-17,SM,Krea; Nano Banana,,,Y,,,
CTD_AI_LMR_Musi-CafeRevelry02_20260717_2d.mov,CTD_AI_LMR_Musi-CafeRevelry02,103,Lac-Megantic Rail Disaster,2026-07-17,SM,Krea; Nano Banana,,,Y,,,
CTD_AI_LMR_Musi-CafeRevelry03_20260717_1a.mov,CTD_AI_LMR_Musi-CafeRevelry03,103,Lac-Megantic Rail Disaster,2026-07-17,SM,Krea; Nano Banana,,PAUSE,Y,,,
CTD_AI_LMR_Musi-CafeRevelry03_20260717_1b.mov,CTD_AI_LMR_Musi-CafeRevelry03,103,Lac-Megantic Rail Disaster,2026-07-17,SM,Krea; Nano Banana,,,Y,,,
CTD_AI_LMR_Musi-CafeRevelry03_20260717_1c.mov,CTD_AI_LMR_Musi-CafeRevelry03,103,Lac-Megantic Rail Disaster,2026-07-17,SM,Krea; Nano Banana,,,Y,,,
CTD_AI_LMR_Musi-CafeRevelry04_20260717_1a.mov,CTD_AI_LMR_Musi-CafeRevelry04,103,Lac-Megantic Rail Disaster,2026-07-17,SM,Krea; Nano Banana,,Re-spin Completed,Y,,,
CTD_AI_LMR_Musi-CafeRevelry04_20260717_1b.mov,CTD_AI_LMR_Musi-CafeRevelry04,103,Lac-Megantic Rail Disaster,2026-07-17,SM,Krea; Nano Banana,,,Y,,,
CTD_AI_LMR_Musi-CafeRevelry04_20260717_1c.mov,CTD_AI_LMR_Musi-CafeRevelry04,103,Lac-Megantic Rail Disaster,2026-07-17,SM,Krea; Nano Banana,,,Y,,,
CTD_AI_LMR_Musi-CafeRevelry05_20260717_1a.mov,CTD_AI_LMR_Musi-CafeRevelry05 ,103,Lac-Megantic Rail Disaster,2026-07-17,SM,Krea; Nano Banana,,PAUSE,Y,,,
CTD_AI_LMR_Musi-CafeRevelry05_20260717_1b.mov,CTD_AI_LMR_Musi-CafeRevelry05 ,103,Lac-Megantic Rail Disaster,2026-07-17,SM,Krea; Nano Banana,,,Y,,,
CTD_AI_LMR_Musi-CafeRevelry05_20260717_1c.mov,CTD_AI_LMR_Musi-CafeRevelry05 ,103,Lac-Megantic Rail Disaster,2026-07-17,SM,Krea; Nano Banana,,,Y,,,
CTD_AI_LMR_Musi-CafeRevelry06_20260717_1a.mov,CTD_AI_LMR_Musi-CafeRevelry06,103,Lac-Megantic Rail Disaster,2026-07-17,SM,Krea; Nano Banana,,Re-spin Completed,Y,,,
CTD_AI_LMR_Outskirts01_20260717_1a.mov,CTD_AI_LMR_Outskirts01 ,103,Lac-Megantic Rail Disaster,2026-07-17,SM,Krea; Nano Banana,,,Y,,,
CTD_AI_LMR_Outskirts01_20260717_1b.mov,CTD_AI_LMR_Outskirts01 ,103,Lac-Megantic Rail Disaster,2026-07-17,SM,Krea; Nano Banana,,,Y,,,
CTD_AI_LMR_Outskirts01_20260717_1c.mov,CTD_AI_LMR_Outskirts01 ,103,Lac-Megantic Rail Disaster,2026-07-17,SM,Krea; Nano Banana,,,Y,,,
CTD_AI_LMR_Outskirts01_20260717_2a.mov,CTD_AI_LMR_Outskirts01 ,103,Lac-Megantic Rail Disaster,2026-07-17,SM,Krea; Nano Banana,,,Y,,,
CTD_AI_LMR_Outskirts01_20260717_2b.mov,CTD_AI_LMR_Outskirts01 ,103,Lac-Megantic Rail Disaster,2026-07-17,SM,Krea; Nano Banana,,,Y,,,
CTD_AI_LMR_Outskirts01_20260717_2c.mov,CTD_AI_LMR_Outskirts01 ,103,Lac-Megantic Rail Disaster,2026-07-17,SM,Krea; Nano Banana,,,Y,,,
CTD_AI_LMR_PowerOut01_20260717_1a.mov,CTD_AI_LMR_PowerOut01,103,Lac-Megantic Rail Disaster,2026-07-17,SM,Krea; Nano Banana,,,Y,,,
CTD_AI_LMR_PowerOut01_20260717_1b.mov,CTD_AI_LMR_PowerOut01,103,Lac-Megantic Rail Disaster,2026-07-17,SM,Krea; Nano Banana,,,Y,,,
CTD_AI_LMR_PowerOut01_20260717_1c.mov,CTD_AI_LMR_PowerOut01,103,Lac-Megantic Rail Disaster,2026-07-17,SM,Krea; Nano Banana,,,Y,,,
CTD_AI_LMR_PowerOut01_20260717_1d.mov,CTD_AI_LMR_PowerOut01,103,Lac-Megantic Rail Disaster,2026-07-17,SM,Krea; Nano Banana,,,Y,,,
CTD_AI_LMR_PowerOut01_20260717_1e.mov,CTD_AI_LMR_PowerOut01,103,Lac-Megantic Rail Disaster,2026-07-17,SM,Krea; Nano Banana,,Re-spin Completed,Y,,,
CTD_AI_LMR_PowerOut01_20260717_2a.mov,CTD_AI_LMR_PowerOut01,103,Lac-Megantic Rail Disaster,2026-07-17,SM,Krea; Nano Banana,,,Y,,,
CTD_AI_LMR_PowerOut01_20260717_2b.mov,CTD_AI_LMR_PowerOut01,103,Lac-Megantic Rail Disaster,2026-07-17,SM,Krea; Nano Banana,,,Y,,,
CTD_AI_LMR_PowerOut01_20260717_2c.mov,CTD_AI_LMR_PowerOut01,103,Lac-Megantic Rail Disaster,2026-07-17,SM,Krea; Nano Banana,,,Y,,,
CTD_AI_LMR_PowerOut01_20260717_2d.mov,CTD_AI_LMR_PowerOut01,103,Lac-Megantic Rail Disaster,2026-07-17,SM,Krea; Nano Banana,,,Y,,,
CTD_AI_LMR_PowerOut02_20260717_1a.mov,CTD_AI_LMR_PowerOut02,103,Lac-Megantic Rail Disaster,2026-07-17,SM,Krea; Nano Banana,,,Y,,,
CTD_AI_LMR_PowerOut02_20260717_1b.mov,CTD_AI_LMR_PowerOut02,103,Lac-Megantic Rail Disaster,2026-07-17,SM,Krea; Nano Banana,,,Y,,,
CTD_AI_LMR_RueFrontenac01_20260717_1a.mov,CTD_AI_LMR_RueFrontenac01 ,103,Lac-Megantic Rail Disaster,2026-07-17,SM,Krea; Nano Banana,,,Y,,,
CTD_AI_LMR_RueFrontenac01_20260717_1b.mov,CTD_AI_LMR_RueFrontenac01 ,103,Lac-Megantic Rail Disaster,2026-07-17,SM,Krea; Nano Banana,,,Y,,,
CTD_AI_LMR_TrainStatic01_20260717_1a.mov,CTD_AI_LMR_TrainStatic01,103,Lac-Megantic Rail Disaster,2026-07-17,SM,Krea; Nano Banana,,,Y,,,
CTD_AI_LMR_TrainStatic01_20260717_1b.mov,CTD_AI_LMR_TrainStatic01,103,Lac-Megantic Rail Disaster,2026-07-17,SM,Krea; Nano Banana,,,Y,,,
CTD_AI_LMR_TrainStatic01_20260717_1c.mov,CTD_AI_LMR_TrainStatic01,103,Lac-Megantic Rail Disaster,2026-07-17,SM,Krea; Nano Banana,,,Y,,,
CTD_AI_LMR_TrainStatic01_20260717_1d.mov,CTD_AI_LMR_TrainStatic01,103,Lac-Megantic Rail Disaster,2026-07-17,SM,Krea; Nano Banana,,,Y,,,
CTD_AI_LMR_TrainStatic01_20260717_1e.mov,CTD_AI_LMR_TrainStatic01,103,Lac-Megantic Rail Disaster,2026-07-17,SM,Krea; Nano Banana,,,Y,,,
CTD_AI_LMR_TrainStatic01_20260717_1i.mov,CTD_AI_LMR_TrainStatic01,103,Lac-Megantic Rail Disaster,2026-07-17,SM,Krea; Nano Banana,,,Y,,,
CTD_AI_LMR_TrainStops01_20260717_1a.mov,CTD_AI_LMR_TrainStops01 ,103,Lac-Megantic Rail Disaster,2026-07-17,SM,Krea; Nano Banana,,,Y,,,
CTD_AI_LMR_TrainStops01_20260717_1b.mov,CTD_AI_LMR_TrainStops01 ,103,Lac-Megantic Rail Disaster,2026-07-17,SM,Krea; Nano Banana,,,Y,,,
CTD_AI_LMR_TrainStops01_20260717_1c.mov,CTD_AI_LMR_TrainStops01 ,103,Lac-Megantic Rail Disaster,2026-07-17,SM,Krea; Nano Banana,,,Y,,,
CTD_AI_LMR_TrainStops01_20260717_1d.mov,CTD_AI_LMR_TrainStops01 ,103,Lac-Megantic Rail Disaster,2026-07-17,SM,Krea; Nano Banana,,,Y,,,
CTD_AI_LMR_TrainStops01_20260717_2a.mov,CTD_AI_LMR_TrainStops01 ,103,Lac-Megantic Rail Disaster,2026-07-17,SM,Krea; Nano Banana,,Re-spin Requested,Y,,,
CTD_AI_LMR_TrainStops01_20260717_2b.mov,CTD_AI_LMR_TrainStops01 ,103,Lac-Megantic Rail Disaster,2026-07-17,SM,Krea; Nano Banana,,,Y,,,
CTD_AI_SDS_ACFirstCracks_20260717_1A.mov,CTD_AI_SDS_ACFirstCracks,103,Sampoong Department Store Collapse,2026-07-17,Paul,Krea; Chat GPT,Y,,Y,,,
CTD_AI_SDS_ACFirstCracks_20260717_1B.mov,CTD_AI_SDS_ACFirstCracks,103,Sampoong Department Store Collapse,2026-07-17,Paul,Krea; Chat GPT,Y,,Y,,,
CTD_AI_SDS_ACFirstCracks_20260717_2A.mov,CTD_AI_SDS_ACFirstCracks,103,Sampoong Department Store Collapse,2026-07-17,Paul,Krea; Chat GPT,Y,,Y,,,
CTD_AI_SDS_ACFirstCracks_20260717_2B.mov,CTD_AI_SDS_ACFirstCracks,103,Sampoong Department Store Collapse,2026-07-17,Paul,Krea; Chat GPT,Y,,Y,,,
CTD_AI_SDS_ACMoved_20260717_1A.mov,CTD_AI_SDS_ACMoved02,103,Sampoong Department Store Collapse,2026-07-17,Paul,Krea; Chat GPT,Y,,Y,,,
CTD_AI_SDS_ACMoved_20260717_1B.mov,CTD_AI_SDS_ACMoved02,103,Sampoong Department Store Collapse,2026-07-17,Paul,Krea; Chat GPT,Y,,Y,,,
CTD_AI_SDS_ACMoved_20260717_2A.mov,CTD_AI_SDS_ACMoved02,103,Sampoong Department Store Collapse,2026-07-17,Paul,Krea; Chat GPT,Y,,Y,,,
CTD_AI_SDS_ACUnit_20260717_1A.mov,CTD_AI_SDS_ACMoved01,103,Sampoong Department Store Collapse,2026-07-17,Paul,Krea; Chat GPT,Y,,Y,,,
CTD_AI_SDS_ACUnit_20260717_1B.mov,CTD_AI_SDS_ACMoved01,103,Sampoong Department Store Collapse,2026-07-17,Paul,Krea; Chat GPT,Y,,Y,,,
CTD_AI_SDS_ACVibrates_20260717_1A.mov,CTD_AI_SDS_ACVibrates01,103,Sampoong Department Store Collapse,2026-07-17,Paul,Krea; Chat GPT,Y,,Y,,,
CTD_AI_SDS_ACVibrates_20260717_1B.mov,CTD_AI_SDS_ACVibrates01,103,Sampoong Department Store Collapse,2026-07-17,Paul,Krea; Chat GPT,Y,,Y,,,
CTD_AI_SDS_ACVibrates_20260717_1C.mov,CTD_AI_SDS_ACVibrates01,103,Sampoong Department Store Collapse,2026-07-17,Paul,Krea; Chat GPT,Y,,Y,,,
CTD_AI_SDS_ACVibrates_20260717_2A.mov,CTD_AI_SDS_ACVibrates02,103,Sampoong Department Store Collapse,2026-07-17,Paul,Krea; Chat GPT,Y,,Y,,,
CTD_AI_SDS_ACVibrates_20260717_2B.mov,CTD_AI_SDS_ACVibrates02,103,Sampoong Department Store Collapse,2026-07-17,Paul,Krea; Chat GPT,Y,,Y,,,
CTD_AI_SDS_ACVibrates_20260717_2C.mov,CTD_AI_SDS_ACVibrates02,103,Sampoong Department Store Collapse,2026-07-17,Paul,Krea; Chat GPT,Y,,Y,,,
CTD_AI_SDS_ACVibrates_20260717_2D.mov,CTD_AI_SDS_ACVibrates02,103,Sampoong Department Store Collapse,2026-07-17,Paul,Krea; Chat GPT,Y,,Y,,,
CTD_AI_SDS_ACVibrates_20260717_2E.mov,CTD_AI_SDS_ACVibrates02,103,Sampoong Department Store Collapse,2026-07-17,Paul,Krea; Chat GPT,Y,,Y,,,
CTD_AI_SJE_GasIgnites_20260717.mov,CTD_AI_SJE_GasIgnites,103,San Juanico LPG Explosion,2026-07-17,Marty,Krea; Chat GPT,Y,,Y,,,
CTD_AI_SJE_GasIgnites_20260717b.mov,CTD_AI_SJE_GasIgnites,103,San Juanico LPG Explosion,2026-07-17,Marty,Krea; Chat GPT,Y,,Y,,,
CTD_AI_SJE_GasIgnites_20260717c.mov,CTD_AI_SJE_GasIgnites,103,San Juanico LPG Explosion,2026-07-17,Marty,Krea; Chat GPT,Y,,Y,,,
CTD_AI_SJE_GasIgnites_20260717d.mov,CTD_AI_SJE_GasIgnites,103,San Juanico LPG Explosion,2026-07-17,Marty,Krea; Chat GPT,Y,,Y,,,
CTD_AI_SJE_HomeBurns_20260717.mov,CTD_AI_SJE_HomeBurns,103,San Juanico LPG Explosion,2026-07-17,Marty,Krea; Chat GPT,Y,,Y,,,
CTD_AI_SJE_HomeBurns_20260717b.mov,CTD_AI_SJE_HomeBurns,103,San Juanico LPG Explosion,2026-07-17,Marty,Krea; Chat GPT,Y,,Y,,,
CTD_AI_SJE_HomeBurns_20260717c.mov,CTD_AI_SJE_HomeBurns,103,San Juanico LPG Explosion,2026-07-17,Marty,Krea; Chat GPT,Y,,Y,,,
CTD_AI_SJE_HomeBurns_20260717d.mov,CTD_AI_SJE_HomeBurns,103,San Juanico LPG Explosion,2026-07-17,Marty,Krea; Chat GPT,Y,,Y,,,
CTD_AI_SJE_HomeBurns_20260717e.mov,CTD_AI_SJE_HomeBurns,103,San Juanico LPG Explosion,2026-07-17,Marty,Krea; Chat GPT,Y,,Y,,,
CTD_AI_SJE_MetalShards02_20260717.mov,CTD_AI_SJE_MetalShards02,103,San Juanico LPG Explosion,2026-07-17,Marty,Krea; Chat GPT,Y,,Y,,,
CTD_AI_SJE_MetalShards02_20260717.mov,CTD_AI_SJE_MetalShards02,103,San Juanico LPG Explosion,2026-07-17,Marty,Krea; Chat GPT,Y,,Y,,,
CTD_AI_SJE_MetalShards02_20260717.mov,CTD_AI_SJE_MetalShards02,103,San Juanico LPG Explosion,2026-07-17,Marty,Krea; Chat GPT,Y,,Y,,,
CTD_AI_SJE_PipeRuptures_20260717.mov,CTD_AI_SJE_PipeRuptures,103,San Juanico LPG Explosion,2026-07-17,Marty,Krea; Chat GPT,Y,Re-spin Requested,Y,,,
CTD_AI_SJE_PipeRuptures_20260717b.mov,CTD_AI_SJE_PipeRuptures,103,San Juanico LPG Explosion,2026-07-17,Marty,Krea; Chat GPT,Y,,Y,,,
CTD_AI_SJE_ResidentHellPOV_20260717.mov,CTD_AI_SJE_ResidentHellPOV,103,San Juanico LPG Explosion,2026-07-17,Marty,Krea; Chat GPT,Y,,Y,,,
CTD_AI_SJE_ResidentHellPOV_20260717b.mov,CTD_AI_SJE_ResidentHellPOV,103,San Juanico LPG Explosion,2026-07-17,Marty,Krea; Chat GPT,Y,,Y,,,
CTD_AI_SJE_ResidentHellPOV_20260717c.mov,CTD_AI_SJE_ResidentHellPOV,103,San Juanico LPG Explosion,2026-07-17,Marty,Krea; Chat GPT,Y,,Y,,,
CTD_AI_SJE_ResidentHellPOV_20260717d.mov,CTD_AI_SJE_ResidentHellPOV,103,San Juanico LPG Explosion,2026-07-17,Marty,Krea; Chat GPT,Y,,Y,,,
CTD_AI_SDS_ACVibrating_20260610_1a.mov,CTD_AI_SDS_AC,103,Sampoong Department Store Collapse,2026-07-20,Paul,Krea; Chat GPT,Y,,Y,,,
CTD_AI_SDS_Cafeteriatray_20260720_1a.mov,CTD_AI_SDS_BasementShaking,103,Sampoong Department Store Collapse,2026-07-20,Paul,Krea; Chat GPT,Y,,Y,,,
CTD_AI_SDS_Cafeteriatray_20260720_1b.mov,CTD_AI_SDS_BasementShaking,103,Sampoong Department Store Collapse,2026-07-20,Paul,Krea; Chat GPT,Y,,Y,,,
CTD_AI_SDS_Cafeteriatray_20260720_2b.mov,CTD_AI_SDS_BasementShaking,103,Sampoong Department Store Collapse,2026-07-20,Paul,Krea; Chat GPT,Y,,Y,,,
CTD_AI_SDS_Cafeteriatray_20260720_2bb.mov,CTD_AI_SDS_BasementShaking,103,Sampoong Department Store Collapse,2026-07-20,Paul,Krea; Chat GPT,Y,,Y,,,
CTD_AI_SDS_Cafeteriatray_20260720_3a.mov,CTD_AI_SDS_BasementShaking,103,Sampoong Department Store Collapse,2026-07-20,Paul,Krea; Chat GPT,Y,,Y,,,
CTD_AI_SDS_Cracking_20260720_1A.mov,CTD_AI_SDS_Cracking,103,Sampoong Department Store Collapse,2026-07-20,Paul,Krea; Chat GPT,Y,,Y,,,
CTD_AI_SDS_Cracking_20260720_1B.mov,CTD_AI_SDS_Cracking,103,Sampoong Department Store Collapse,2026-07-20,Paul,Krea; Chat GPT,Y,,Y,,,
CTD_AI_SDS_Cracking_20260720_1C.mov,CTD_AI_SDS_Cracking,103,Sampoong Department Store Collapse,2026-07-20,Paul,Krea; Chat GPT,Y,,Y,,,
CTD_AI_SDS_Cracking_20260720_2A.mov,CTD_AI_SDS_Cracking,103,Sampoong Department Store Collapse,2026-07-20,Paul,Krea; Chat GPT,Y,,Y,,,
CTD_AI_SDS_Cracking_20260720_2B.mov,CTD_AI_SDS_Cracking,103,Sampoong Department Store Collapse,2026-07-20,Paul,Krea; Chat GPT,Y,,Y,,,
CTD_AI_SDS_Cracking_20260720_2C.mov,CTD_AI_SDS_Cracking,103,Sampoong Department Store Collapse,2026-07-20,Paul,Krea; Chat GPT,Y,,Y,,,
CTD_AI_SDS_Cracking_20260720_3A.mov,CTD_AI_SDS_BuildingCollapses02,103,Sampoong Department Store Collapse,2026-07-20,Paul,Krea; Chat GPT,Y,,Y,,,
CTD_AI_SDS_Cracking_20260720_3B.mov,CTD_AI_SDS_BuildingCollapses02,103,Sampoong Department Store Collapse,2026-07-20,Paul,Krea; Chat GPT,Y,,Y,,,
CTD_AI_SDS_Cracking_20260720_3C.mov,CTD_AI_SDS_BuildingCollapses02,103,Sampoong Department Store Collapse,2026-07-20,Paul,Krea; Chat GPT,Y,,Y,,,
CTD_AI_SDS_DiggingOut0_20260720_1A.mov,CTD_AI_SDS_DiggingOut01,103,Sampoong Department Store Collapse,2026-07-20,Paul,Krea; Chat GPT,Y,,Y,,,
CTD_AI_SDS_DiggingOut0_20260720_1B.mov,CTD_AI_SDS_DiggingOut01,103,Sampoong Department Store Collapse,2026-07-20,Paul,Krea; Chat GPT,Y,,Y,,,
CTD_AI_SDS_DiggingOut0_20260720_1C.mov,CTD_AI_SDS_DiggingOut01,103,Sampoong Department Store Collapse,2026-07-20,Paul,Krea; Chat GPT,Y,,Y,,,
CTD_AI_SDS_DiggingOut0_20260720_1D.mov,CTD_AI_SDS_DiggingOut01,103,Sampoong Department Store Collapse,2026-07-20,Paul,Krea; Chat GPT,Y,,Y,,,
CTD_AI_SDS_DiggingOut0_20260720_1E.mov,CTD_AI_SDS_DiggingOut01,103,Sampoong Department Store Collapse,2026-07-20,Paul,Krea; Chat GPT,Y,,Y,,,
CTD_AI_SDS_Evacuate_20260720_1a.mov,CTD_AI_SDS_Evacuate,103,Sampoong Department Store Collapse,2026-07-20,Paul,Krea; Chat GPT,Y,,Y,,,
CTD_AI_SDS_Evacuate_20260720_1b.mov,CTD_AI_SDS_Evacuate,103,Sampoong Department Store Collapse,2026-07-20,Paul,Krea; Chat GPT,Y,,Y,,,
CTD_AI_SDS_Evacuate_20260720_1c.mov,CTD_AI_SDS_Evacuate,103,Sampoong Department Store Collapse,2026-07-20,Paul,Krea; Chat GPT,Y,,Y,,,
CTD_AI_SDS_Evacuate_20260720_2a.mov,CTD_AI_SDS_Evacuate,103,Sampoong Department Store Collapse,2026-07-20,Paul,Krea; Chat GPT,Y,,Y,,,
CTD_AI_SDS_PleaseLeave01_20260720_1a.mov,CTD_AI_SDS_PleaseLeave01,103,Sampoong Department Store Collapse,2026-07-20,Paul,Krea; Chat GPT,Y,,Y,,,
CTD_AI_SDS_PleaseLeave01_20260720_1b.mov,CTD_AI_SDS_PleaseLeave01,103,Sampoong Department Store Collapse,2026-07-20,Paul,Krea; Chat GPT,Y,,Y,,,
CTD_AI_SDS_PleaseLeave01_20260720_1c.mov,CTD_AI_SDS_PleaseLeave01,103,Sampoong Department Store Collapse,2026-07-20,Paul,Krea; Chat GPT,Y,,Y,,,
CTD_AI_SDS_PleaseLeave02_20260720_1a.mov,CTD_AI_SDS_PleaseLeave02,103,Sampoong Department Store Collapse,2026-07-20,Paul,Krea; Chat GPT,Y,,Y,,,
CTD_AI_SDS_PleaseLeave02_20260720_1c.mov,CTD_AI_SDS_PleaseLeave02,103,Sampoong Department Store Collapse,2026-07-20,Paul,Krea; Chat GPT,Y,,Y,,,
CTD_AI_SDS_PleaseLeave02_20260720_1d.mov,CTD_AI_SDS_PleaseLeave02,103,Sampoong Department Store Collapse,2026-07-20,Paul,Krea; Chat GPT,Y,,Y,,,
CTD_AI_SDS_TurnOffACRoof_20260720_1a.mov,CTD_AI_SDS_TurnOffACRoof,103,Sampoong Department Store Collapse,2026-07-20,Paul,Krea; Chat GPT,Y,,Y,,,
CTD_AI_SDS_TurnOffACRoof_20260720_1b.mov,CTD_AI_SDS_TurnOffACRoof,103,Sampoong Department Store Collapse,2026-07-20,Paul,Krea; Chat GPT,Y,,Y,,,
CTD_AI_SDS_TurnOffACRoof_20260720_1c.mov,CTD_AI_SDS_TurnOffACRoof,103,Sampoong Department Store Collapse,2026-07-20,Paul,Krea; Chat GPT,Y,Re-spin Requested,Y,,,
CTD_AI_SDS_TurnOffACRoof_20260720_1d.mov,CTD_AI_SDS_TurnOffACRoof,103,Sampoong Department Store Collapse,2026-07-20,Paul,Krea; Chat GPT,Y,,Y,,,
CTD_AI_SDS_TurnOffACRoof_20260720_2a.mov,CTD_AI_SDS_TurnOffACRoof,103,Sampoong Department Store Collapse,2026-07-20,Paul,Krea; Chat GPT,Y,,Y,,,
CTD_AI_SDS_TurnOffACRoof_20260720_2b.mov,CTD_AI_SDS_TurnOffACRoof,103,Sampoong Department Store Collapse,2026-07-20,Paul,Krea; Chat GPT,Y,,Y,,,
CTD_AI_SJE_MetalShards01_20260720.mov,CTD_AI_SJE_MetalShards01,103,San Juanico LPG Explosion,2026-07-20,Marty,Krea; Chat GPT,Y,,Y,,,
CTD_AI_SJE_MetalShards01_20260720b.mov,CTD_AI_SJE_MetalShards01,103,San Juanico LPG Explosion,2026-07-20,Marty,Krea; Chat GPT,Y,,Y,,,
CTD_AI_SDS_FloorOpen_20260721_1a.mov,CTD_AI_SDS_FloorOpen,103,Sampoong Department Store Collapse,2026-07-21,Paul,Krea; Chat GPT,Y,,Y,,,
CTD_AI_SDS_FloorOpen_20260721_1b.mov,CTD_AI_SDS_FloorOpen,103,Sampoong Department Store Collapse,2026-07-21,Paul,Krea; Chat GPT,Y,,Y,,,
CTD_AI_SDS_FloorOpen_20260721_1c.mov,CTD_AI_SDS_FloorOpen,103,Sampoong Department Store Collapse,2026-07-21,Paul,Krea; Chat GPT,Y,,Y,,,
CTD_AI_SDS_FloorOpen_20260721_1d.mov,CTD_AI_SDS_FloorOpen,103,Sampoong Department Store Collapse,2026-07-21,Paul,Krea; Chat GPT,Y,,Y,,,
CTD_AI_SDS_FloorOpen_20260721_1e.mov,CTD_AI_SDS_FloorOpen,103,Sampoong Department Store Collapse,2026-07-21,Paul,Krea; Chat GPT,Y,,Y,,,
CTD_AI_SDS_Inspection_20260721_2a.mov,CTD_AI_SDS_Inspection,103,Sampoong Department Store Collapse,2026-07-21,Paul,Krea; Chat GPT,Y,,Y,,,
CTD_AI_SDS_Inspection_20260721_2b.mov,CTD_AI_SDS_Inspection,103,Sampoong Department Store Collapse,2026-07-21,Paul,Krea; Chat GPT,Y,Re-spin Requested,Y,,,
CTD_AI_SDS_Inspection_20260721_2c.mov,CTD_AI_SDS_Inspection,103,Sampoong Department Store Collapse,2026-07-21,Paul,Krea; Chat GPT,Y,,Y,,,
CTD_AI_SDS_Inspection_20260721_2d.mov,CTD_AI_SDS_Inspection,103,Sampoong Department Store Collapse,2026-07-21,Paul,Krea; Chat GPT,Y,,Y,,,
CTD_AI_SDS_Inspection_20260721_3a.mov,CTD_AI_SDS_Inspection,103,Sampoong Department Store Collapse,2026-07-21,Paul,Krea; Chat GPT,Y,,Y,,,
CTD_AI_SDS_Inspection_20260721_3b.mov,CTD_AI_SDS_Inspection,103,Sampoong Department Store Collapse,2026-07-21,Paul,Krea; Chat GPT,Y,,Y,,,
CTD_AI_SDS_Inspection_20260721_4a.mov,CTD_AI_SDS_Inspection,103,Sampoong Department Store Collapse,2026-07-21,Paul,Krea; Chat GPT,Y,,Y,,,
CTD_AI_SDS_Inspection_20260721_4b.mov,CTD_AI_SDS_Inspection,103,Sampoong Department Store Collapse,2026-07-21,Paul,Krea; Chat GPT,Y,,Y,,,
CTD_AI_SDS_Inspection_20260721_4c.mov,CTD_AI_SDS_Inspection,103,Sampoong Department Store Collapse,2026-07-21,Paul,Krea; Chat GPT,Y,,Y,,,
CTD_AI_SDS_Pillar_20260721_1a.mov,CTD_AI_SDS_ColumnFirstCracks,103,Sampoong Department Store Collapse,2026-07-21,Paul,Krea; Chat GPT,Y,,Y,,,
CTD_AI_SDS_Pillar_20260721_1b.mov,CTD_AI_SDS_ColumnFirstCracks,103,Sampoong Department Store Collapse,2026-07-21,Paul,Krea; Chat GPT,Y,Vetting,Y,Y,,
CTD_AI_SDS_Pillar_20260721_1c.mov,CTD_AI_SDS_ColumnFirstCracks,103,Sampoong Department Store Collapse,2026-07-21,Paul,Krea; Chat GPT,Y,,Y,,,
CTD_AI_SDS_Pillar_20260721_1d.mov,CTD_AI_SDS_ColumnFirstCracks,103,Sampoong Department Store Collapse,2026-07-21,Paul,Krea; Chat GPT,Y,,Y,,,
CTD_AI_AA191_AdjustRudder_20260728_1a.mov,CTD_AI_AA191_AdjustRudder02,103,American Airlines Flight 191,2026-07-28,WS,Nano Banana; Kling,Y,,Y,,,
CTD_AI_AA191_AdjustRudder_20260728_1b.mov,CTD_AI_AA191_AdjustRudder02,103,American Airlines Flight 191,2026-07-28,WS,Nano Banana; Kling,Y,,Y,,,
CTD_AI_LMR_HardingDrivingTrain_20260728_1a.mov,CTD_AI_LMR_HardingDrivingTrain,103,Lac-Megantic Rail Disaster,2026-07-28,SM,Krea; Chat GPT,,,Y,,,
CTD_AI_LMR_HazardFlammable_20260729_1a.mov,CTD_AI_LMR_HazardFlammable,103,Lac-Megantic Rail Disaster,2026-07-29,WS,,Y,,Y,,,
CTD_AI_LMR_HazardFlammable_20260729_1b.mov,CTD_AI_LMR_HazardFlammable,103,Lac-Megantic Rail Disaster,2026-07-29,WS,,Y,,Y,,,
CTD_AI_LMR_HazardFlammable_20260729_1c.mov,CTD_AI_LMR_HazardFlammable,103,Lac-Megantic Rail Disaster,2026-07-29,WS,,Y,,Y,,,
CTD_AI_LMR_HazardFlammable_20260729_1d.mov,CTD_AI_LMR_HazardFlammable,103,Lac-Megantic Rail Disaster,2026-07-29,WS,,Y,,Y,,,
CTD_AI_LMR_HazardFlammable_20260729_2a.mov,CTD_AI_LMR_HazardFlammable,103,Lac-Megantic Rail Disaster,2026-07-29,WS,,Y,,Y,,,
CTD_AI_LMR_HazardFlammable_20260729_3a.mov,CTD_AI_LMR_HazardFlammable,103,Lac-Megantic Rail Disaster,2026-07-29,WS,,Y,,Y,,,
CTD_AI_LMR_HazardFlammable_20260729_3b.mov,CTD_AI_LMR_HazardFlammable,103,Lac-Megantic Rail Disaster,2026-07-29,WS,,Y,,Y,,,
CTD_AI_LMR_JUL8TrainCountrysideDay_20260729_1a.mov,CTD_AI_LMR_JUL8TrainCountrysideDay,103,Lac-Megantic Rail Disaster,2026-07-29,WS,,Y,,Y,,,
CTD_AI_LMR_JUL8TrainCountrysideDay_20260729_1b.mov,CTD_AI_LMR_JUL8TrainCountrysideDay,103,Lac-Megantic Rail Disaster,2026-07-29,WS,,Y,,Y,,,
CTD_AI_LMR_JUL8TrainCountrysideDay_20260729_1c.mov,CTD_AI_LMR_JUL8TrainCountrysideDay,103,Lac-Megantic Rail Disaster,2026-07-29,WS,,Y,,Y,,,
CTD_AI_LMR_JUL8TrainCountrysideDay_20260729_2a.mov,CTD_AI_LMR_JUL8TrainCountrysideDay,103,Lac-Megantic Rail Disaster,2026-07-29,WS,,Y,,Y,,,
CTD_AI_LMR_JUL8TrainCountrysideDay_20260729_2b.mov,CTD_AI_LMR_JUL8TrainCountrysideDay,103,Lac-Megantic Rail Disaster,2026-07-29,WS,,Y,,Y,,,
CTD_AI_LMR_JUL8TrainCountrysideDay_20260729_2c.mov,CTD_AI_LMR_JUL8TrainCountrysideDay,103,Lac-Megantic Rail Disaster,2026-07-29,WS,,Y,,Y,,,
CTD_AI_LMR_JUL8TrainCountrysideDay_20260729_3a.mov,CTD_AI_LMR_JUL8TrainCountrysideDay,103,Lac-Megantic Rail Disaster,2026-07-29,WS,,Y,,Y,,,
CTD_AI_LMR_JUL8TrainCountrysideDay_20260729_4a.mov,CTD_AI_LMR_JUL8TrainCountrysideDay,103,Lac-Megantic Rail Disaster,2026-07-29,WS,,Y,,Y,,,
CTD_AI_LMR_ManWomanExit01_20260729_1a.mov,CTD_AI_LMR_ManWomanExit01,103,Lac-Megantic Rail Disaster,2026-07-29,SM,Krea; Chat GPT,,,Y,,,
CTD_AI_LMR_Musi-CafeRevelry01_20260729_1a.mov,CTD_AI_LMR_Musi-CafeRevelry01 ,103,Lac-Megantic Rail Disaster,2026-07-29,SM,Krea; Chat GPT,,,Y,,,
CTD_AI_LMR_Musi-CafeRevelry02_20260729_1a.mov,CTD_AI_LMR_Musi-CafeRevelry02,103,Lac-Megantic Rail Disaster,2026-07-29,SM,Krea; Chat GPT,,,Y,,,
CTD_AI_LMR_Musi-CafeRevelry04_20260729_1a.mov,CTD_AI_LMR_Musi-CafeRevelry04,103,Lac-Megantic Rail Disaster,2026-07-29,SM,Krea; Chat GPT,,,Y,,,
CTD_AI_LMR_Musi-CafeRevelry04_20260729_1b.mov,CTD_AI_LMR_Musi-CafeRevelry04,103,Lac-Megantic Rail Disaster,2026-07-29,SM,Krea; Chat GPT,,,Y,,,
CTD_AI_LMR_Musi-CafeRevelry04_20260729_1c.mov,CTD_AI_LMR_Musi-CafeRevelry04,103,Lac-Megantic Rail Disaster,2026-07-29,SM,Krea; Chat GPT,,,Y,,,
CTD_AI_LMR_Musi-CafeRevelry06_20260729_1a.mov,CTD_AI_LMR_Musi-CafeRevelry06,103,Lac-Megantic Rail Disaster,2026-07-29,SM,Krea; Chat GPT,,,Y,,,
CTD_AI_LMR_Musi-CafeRevelry06_20260729_2a.mov,CTD_AI_LMR_Musi-CafeRevelry06,103,Lac-Megantic Rail Disaster,2026-07-29,SM,Krea; Chat GPT,,,Y,,,
CTD_AI_LMR_Musi-CafeRevelry07a_20260729_1a.mov,CTD_AI_LMR_Musi-CafeRevelry07a,103,Lac-Megantic Rail Disaster,2026-07-29,SM,Krea; Chat GPT,,,Y,,,
CTD_AI_LMR_Musi-CafeRevelry07a_20260729_1b.mov,CTD_AI_LMR_Musi-CafeRevelry07a,103,Lac-Megantic Rail Disaster,2026-07-29,SM,Krea; Chat GPT,,,Y,,,
CTD_AI_LMR_Musi-CafeRevelry07a_20260729_1c.mov,CTD_AI_LMR_Musi-CafeRevelry07a,103,Lac-Megantic Rail Disaster,2026-07-29,SM,Krea; Chat GPT,,,Y,,,
CTD_AI_LMR_ParksOnMainTrack_20260729_1a.mov,CTD_AI_LMR_ParksOnMainTrack,103,Lac-Megantic Rail Disaster,2026-07-29,SM,,Y,,Y,,,
CTD_AI_LMR_ParksOnMainTrack_20260729_1b.mov,CTD_AI_LMR_ParksOnMainTrack,103,Lac-Megantic Rail Disaster,2026-07-29,SM,,Y,,Y,,,
CTD_AI_LMR_ParksOnMainTrack_20260729_2a.mov,CTD_AI_LMR_ParksOnMainTrack,103,Lac-Megantic Rail Disaster,2026-07-29,SM,,Y,,Y,,,
CTD_AI_LMR_ParksOnMainTrack_20260729_2b.mov,CTD_AI_LMR_ParksOnMainTrack,103,Lac-Megantic Rail Disaster,2026-07-29,SM,,Y,,Y,,,
CTD_AI_LMR_ParksOnMainTrack_20260729_2c.mov,CTD_AI_LMR_ParksOnMainTrack,103,Lac-Megantic Rail Disaster,2026-07-29,SM,,Y,,Y,,,
CTD_AI_LMR_ParksOnMainTrack_20260729_2d.mov,CTD_AI_LMR_ParksOnMainTrack,103,Lac-Megantic Rail Disaster,2026-07-29,SM,,Y,,Y,,,
CTD_AI_LMR_ParksOnMainTrack_20260729_2e.mov,CTD_AI_LMR_ParksOnMainTrack,103,Lac-Megantic Rail Disaster,2026-07-29,SM,,Y,,Y,,,
CTD_AI_LMR_ParksOnMainTrack_20260729_2f.mov,CTD_AI_LMR_ParksOnMainTrack,103,Lac-Megantic Rail Disaster,2026-07-29,SM,,Y,,Y,,,
CTD_AI_LMR_ParksOnMainTrack_20260729_3a.mov,CTD_AI_LMR_ParksOnMainTrack,103,Lac-Megantic Rail Disaster,2026-07-29,SM,,Y,,Y,,,
CTD_AI_LMR_ParksOnMainTrack_20260729_3b.mov,CTD_AI_LMR_ParksOnMainTrack,103,Lac-Megantic Rail Disaster,2026-07-29,SM,,Y,,Y,,,
CTD_AI_LMR_TankRupture02_20260729_1a.mov,CTD_AI_LMR_TankRupture02,103,Lac-Megantic Rail Disaster,2026-07-29,SM,,Y,,Y,,,
CTD_AI_LMR_TankRupture02_20260729_1b.mov,CTD_AI_LMR_TankRupture02,103,Lac-Megantic Rail Disaster,2026-07-29,SM,,Y,,Y,,,
CTD_AI_LMR_TankRupture02_20260729_1c.mov,CTD_AI_LMR_TankRupture02,103,Lac-Megantic Rail Disaster,2026-07-29,SM,,Y,,Y,,,
CTD_AI_LMR_TankRupture02_20260729_2a.mov,CTD_AI_LMR_TankRupture02,103,Lac-Megantic Rail Disaster,2026-07-29,SM,,Y,Re-spin Requested,Y,Y,,
CTD_AI_LMR_TankRupture02_20260729_2b.mov,CTD_AI_LMR_TankRupture02,103,Lac-Megantic Rail Disaster,2026-07-29,SM,,Y,,Y,,,
CTD_AI_LMR_TankRupture02_20260729_2c.mov,CTD_AI_LMR_TankRupture02,103,Lac-Megantic Rail Disaster,2026-07-29,SM,,Y,,Y,,,
CTD_AI_LMR_TrainHeadOn_20260729_1a.mov,CTD_AI_LMR_TrainHeadOn,103,Lac-Megantic Rail Disaster,2026-07-29,WS,,Y,,Y,,,
CTD_AI_LMR_TrainHeadOn_20260729_1b.mov,CTD_AI_LMR_TrainHeadOn,103,Lac-Megantic Rail Disaster,2026-07-29,WS,,Y,,Y,,,
CTD_AI_LMR_TrainHeadOn_20260729_1c.mov,CTD_AI_LMR_TrainHeadOn,103,Lac-Megantic Rail Disaster,2026-07-29,WS,,Y,,Y,,,
CTD_AI_LMR_TrainHeadOn_20260729_1d.mov,CTD_AI_LMR_TrainHeadOn,103,Lac-Megantic Rail Disaster,2026-07-29,WS,,Y,,Y,,,
CTD_AI_LMR_TrainHeadOn_20260729_2a.mov,CTD_AI_LMR_TrainHeadOn,103,Lac-Megantic Rail Disaster,2026-07-29,WS,,Y,,Y,,,
CTD_AI_LMR_TrainHeadOn_20260729_2b.mov,CTD_AI_LMR_TrainHeadOn,103,Lac-Megantic Rail Disaster,2026-07-29,WS,,Y,,Y,,,
CTD_AI_LMR_TrainHeadOn_20260729_3a.mov,CTD_AI_LMR_TrainHeadOn,103,Lac-Megantic Rail Disaster,2026-07-29,WS,,Y,,Y,,,
CTD_AI_LMR_TrainHeadOn_20260729_3b.mov,CTD_AI_LMR_TrainHeadOn,103,Lac-Megantic Rail Disaster,2026-07-29,WS,,Y,,Y,,,
CTD_AI_HMB_BarrelsCargo_20260731_1a.mov,CTD_AI_HMB_BarrelsCargo,103,Halifax Mont-Blanc Explosion,2026-07-30,james,Krea; Chat GPT,,,Y,,,
CTD_AI_HMB_BarrelsCargo_20260731_1b.mov,CTD_AI_HMB_BarrelsCargo,103,Halifax Mont-Blanc Explosion,2026-07-30,james,Krea; Chat GPT,,,Y,,,
CTD_AI_HMB_BarrelsCargo_20260731_1c.mov,CTD_AI_HMB_BarrelsCargo,103,Halifax Mont-Blanc Explosion,2026-07-30,james,Krea; Chat GPT,,,Y,,,
CTD_AI_HMB_BarrelsCargo_20260731_1d.mov,CTD_AI_HMB_BarrelsCargo,103,Halifax Mont-Blanc Explosion,2026-07-30,james,Krea; Chat GPT,,,Y,,,
CTD_AI_HMB_BarrelsCargo_20260731_2a.mov,CTD_AI_HMB_BarrelsCargo,103,Halifax Mont-Blanc Explosion,2026-07-30,james,Krea; Chat GPT,,,Y,,,
CTD_AI_HMB_BarrelsCargo_20260731_3a.mov,CTD_AI_HMB_BarrelsCargo,103,Halifax Mont-Blanc Explosion,2026-07-30,james,Krea; Chat GPT,,,Y,,,
CTD_AI_HMB_BarrelsCargo_20260731_4a.mov,CTD_AI_HMB_BarrelsCargo,103,Halifax Mont-Blanc Explosion,2026-07-30,james,Krea; Chat GPT,,,Y,,,
CTD_AI_HMB_BigWave_20260731_1a.mov,CTD_AI_HMB_Tsunami,103,Halifax Mont-Blanc Explosion,2026-07-30,james,Krea; Chat GPT,,,Y,,,
CTD_AI_HMB_BigWave_20260731_1b.mov,CTD_AI_HMB_Tsunami,103,Halifax Mont-Blanc Explosion,2026-07-30,james,Krea; Chat GPT,,,Y,,,
CTD_AI_HMB_BigWave_20260731_2a.mov,CTD_AI_HMB_Tsunami,103,Halifax Mont-Blanc Explosion,2026-07-30,james,Krea; Chat GPT,,,Y,,,
CTD_AI_HMB_BigWave_20260731_3a.mov,CTD_AI_HMB_Tsunami,103,Halifax Mont-Blanc Explosion,2026-07-30,james,Krea; Chat GPT,,,Y,,,
CTD_AI_HMB_BigWave_20260731_4a.mov,CTD_AI_HMB_Tsunami,103,Halifax Mont-Blanc Explosion,2026-07-30,james,Krea; Chat GPT,,,Y,,,
CTD_AI_HMB_BridgeView_20260731_1a.mov,CTD_AI_HMB_BridgeView,103,Halifax Mont-Blanc Explosion,2026-07-30,james,Krea; Chat GPT,,,Y,,,
CTD_AI_HMB_BridgeView_20260731_2a.mov,CTD_AI_HMB_BridgeView,103,Halifax Mont-Blanc Explosion,2026-07-30,james,Krea; Chat GPT,,,Y,,,
CTD_AI_HMB_BridgeView_20260731_3a.mov,CTD_AI_HMB_BridgeView,103,Halifax Mont-Blanc Explosion,2026-07-30,james,Krea; Chat GPT,,,Y,,,
CTD_AI_HMB_BridgeView_20260731_4a.mov,CTD_AI_HMB_BridgeView,103,Halifax Mont-Blanc Explosion,2026-07-30,james,Krea; Chat GPT,,,Y,,,
CTD_AI_HMB_BridgeView_20260731_4b.mov,CTD_AI_HMB_BridgeView,103,Halifax Mont-Blanc Explosion,2026-07-30,james,Krea; Chat GPT,,,Y,,,
CTD_AI_HMB_BridgeView_20260731_4c.mov,CTD_AI_HMB_BridgeView,103,Halifax Mont-Blanc Explosion,2026-07-30,james,Krea; Chat GPT,,,Y,,,
CTD_AI_HMB_Collision_20260731_3a.mov,CTD_AI_HMB_Collision,103,Halifax Mont-Blanc Explosion,2026-07-30,james,Krea; Chat GPT,,,Y,Y,,
CTD_AI_HMB_Collision_20260731_4a.mov,CTD_AI_HMB_Collision,103,Halifax Mont-Blanc Explosion,2026-07-30,james,Krea; Chat GPT,,,Y,,,
CTD_AI_HMB_Collision_20260731_5a.mov,CTD_AI_HMB_Collision,103,Halifax Mont-Blanc Explosion,2026-07-30,james,Krea; Chat GPT,,,Y,,,
CTD_AI_HMB_Collision_20260731_6a.mov,CTD_AI_HMB_Collision,103,Halifax Mont-Blanc Explosion,2026-07-30,james,Krea; Chat GPT,,,Y,,,
CTD_AI_HMB_Collision_20260731_6b.mov,CTD_AI_HMB_Collision,103,Halifax Mont-Blanc Explosion,2026-07-30,james,Krea; Chat GPT,,,Y,,,
CTD_AI_HMB_CrewLifeBoats_20260731_1a.mov,CTD_AI_HMB_CrewInLifeboats01,103,Halifax Mont-Blanc Explosion,2026-07-30,james,Krea; Chat GPT,,,Y,,,
CTD_AI_HMB_CrewLifeBoats_20260731_1b.mov,CTD_AI_HMB_CrewInLifeboats01,103,Halifax Mont-Blanc Explosion,2026-07-30,james,Krea; Chat GPT,,,Y,,,
CTD_AI_HMB_CrewLifeBoats_20260731_2a.mov,CTD_AI_HMB_CrewInLifeboats01,103,Halifax Mont-Blanc Explosion,2026-07-30,james,Krea; Chat GPT,,,Y,,,
CTD_AI_HMB_CrewLifeBoats_20260731_3a.mov,CTD_AI_HMB_CrewInLifeboats01,103,Halifax Mont-Blanc Explosion,2026-07-30,james,Krea; Chat GPT,,,Y,,,
CTD_AI_HMB_ESTABS_20260731_1a.mov,CTD_AI_HMB_ESTABS,103,Halifax Mont-Blanc Explosion,2026-07-30,james,Krea; Chat GPT,,,Y,,,
CTD_AI_HMB_ESTABS_20260731_2a.mov,CTD_AI_HMB_ESTABS,103,Halifax Mont-Blanc Explosion,2026-07-30,james,Krea; Chat GPT,,,Y,,,
CTD_AI_HMB_ESTABS_20260731_3a.mov,CTD_AI_HMB_ESTABS,103,Halifax Mont-Blanc Explosion,2026-07-30,james,Krea; Chat GPT,,,Y,,,
CTD_AI_HMB_ESTABS_20260731_4a.mov,CTD_AI_HMB_ESTABS,103,Halifax Mont-Blanc Explosion,2026-07-30,james,Krea; Chat GPT,,,Y,,,
CTD_AI_HMB_ESTABS_20260731_5a.mov,CTD_AI_HMB_ESTABS,103,Halifax Mont-Blanc Explosion,2026-07-30,james,Krea; Chat GPT,,,Y,,,
CTD_AI_HMB_ESTABnight_20260731_1a.mov,CTD_AI_HMB_NightInPort ,103,Halifax Mont-Blanc Explosion,2026-07-30,james,Krea; Chat GPT,,,Y,,,
CTD_AI_HMB_Explosions_20260731_1a.mov,CTD_AI_HMB_MBExplodes,103,Halifax Mont-Blanc Explosion,2026-07-30,james,Krea; Chat GPT,,,Y,,,
CTD_AI_HMB_Explosions_20260731_1b.mov,CTD_AI_HMB_MBExplodes,103,Halifax Mont-Blanc Explosion,2026-07-30,james,Krea; Chat GPT,,,Y,,,
CTD_AI_HMB_Explosions_20260731_1c.mov,CTD_AI_HMB_MBExplodes,103,Halifax Mont-Blanc Explosion,2026-07-30,james,Krea; Chat GPT,,,Y,,,
CTD_AI_HMB_Explosions_20260731_2a.mov,CTD_AI_HMB_MBExplodes,103,Halifax Mont-Blanc Explosion,2026-07-30,james,Krea; Chat GPT,,,Y,,,
CTD_AI_HMB_Explosions_20260731_3a.mov,CTD_AI_HMB_MBExplodes,103,Halifax Mont-Blanc Explosion,2026-07-30,james,Krea; Chat GPT,,,Y,,,
CTD_AI_HMB_Explosions_20260731_3b.mov,CTD_AI_HMB_MBExplodes,103,Halifax Mont-Blanc Explosion,2026-07-30,james,Krea; Chat GPT,,,Y,,,
CTD_AI_HMB_Explosions_20260731_4a.mov,CTD_AI_HMB_MBExplodes,103,Halifax Mont-Blanc Explosion,2026-07-30,james,Krea; Chat GPT,,,Y,,,
CTD_AI_HMB_Explosions_20260731_5a.mov,CTD_AI_HMB_MBExplodes,103,Halifax Mont-Blanc Explosion,2026-07-30,james,Krea; Chat GPT,,,Y,,,
CTD_AI_HMB_GameOfChicken_20260731_1a.mov,CTD_AI_HMB_GameOfChicken,103,Halifax Mont-Blanc Explosion,2026-07-30,james,Krea; Chat GPT,,,Y,,,
CTD_AI_HMB_GameOfChicken_20260731_2a.mov,CTD_AI_HMB_GameOfChicken,103,Halifax Mont-Blanc Explosion,2026-07-30,james,Krea; Chat GPT,,,Y,,,
CTD_AI_HMB_GameOfChicken_20260731_3a.mov,CTD_AI_HMB_GameOfChicken,103,Halifax Mont-Blanc Explosion,2026-07-30,james,Krea; Chat GPT,,,Y,,,
CTD_AI_HMB_GameOfChicken_20260731_4a.mov,CTD_AI_HMB_GameOfChicken,103,Halifax Mont-Blanc Explosion,2026-07-30,james,Krea; Chat GPT,,,Y,,,
CTD_AI_HMB_GameOfChicken_20260731_5a.mov,CTD_AI_HMB_GameOfChicken,103,Halifax Mont-Blanc Explosion,2026-07-30,james,Krea; Chat GPT,,,Y,,,
CTD_AI_HMB_IMO_20260731_1a.mov,CTD_AI_HMB_ImoInPassage01,103,Halifax Mont-Blanc Explosion,2026-07-30,james,Krea; Chat GPT,,,Y,,,
CTD_AI_HMB_IMO_20260731_1b.mov,CTD_AI_HMB_ImoInPassage01,103,Halifax Mont-Blanc Explosion,2026-07-30,james,Krea; Chat GPT,,,Y,,,
CTD_AI_HMB_IMO_20260731_1c.mov,CTD_AI_HMB_ImoInPassage01,103,Halifax Mont-Blanc Explosion,2026-07-30,james,Krea; Chat GPT,,,Y,,,
CTD_AI_HMB_IMO_20260731_1d.mov,CTD_AI_HMB_ImoInPassage01,103,Halifax Mont-Blanc Explosion,2026-07-30,james,Krea; Chat GPT,,,Y,,,
CTD_AI_HMB_IMO_20260731_1e.mov,CTD_AI_HMB_ImoInPassage01,103,Halifax Mont-Blanc Explosion,2026-07-30,james,Krea; Chat GPT,,,Y,,,
CTD_AI_HMB_IMO_20260731_1f.mov,CTD_AI_HMB_ImoInPassage01,103,Halifax Mont-Blanc Explosion,2026-07-30,james,Krea; Chat GPT,,,Y,,,
CTD_AI_HMB_IMO_20260731_1g.mov,CTD_AI_HMB_ImoInPassage01,103,Halifax Mont-Blanc Explosion,2026-07-30,james,Krea; Chat GPT,,,Y,,,
CTD_AI_HMB_IMO_20260731_2a.mov,CTD_AI_HMB_ImoInPassage01,103,Halifax Mont-Blanc Explosion,2026-07-30,james,Krea; Chat GPT,,,Y,,,
CTD_AI_HMB_IMO_20260731_2b.mov,CTD_AI_HMB_ImoInPassage01,103,Halifax Mont-Blanc Explosion,2026-07-30,james,Krea; Chat GPT,,,Y,,,
CTD_AI_HMB_IMO_20260731_3c.mov,CTD_AI_HMB_ImoInPassage01,103,Halifax Mont-Blanc Explosion,2026-07-30,james,Krea; Chat GPT,,,Y,,,
CTD_AI_HMB_IMOwhistle1_20260731_1a.mov,CTD_AI_HMB_ImoWhistle,103,Halifax Mont-Blanc Explosion,2026-07-30,james,Krea; Chat GPT,,,Y,,,
CTD_AI_HMB_IMOwhistle2_20260731_1a.mov,CTD_AI_HMB_ImoWhistle,103,Halifax Mont-Blanc Explosion,2026-07-30,james,Krea; Chat GPT,,,Y,,,
CTD_AI_HMB_IMOwhistle2_20260731_1b.mov,CTD_AI_HMB_ImoWhistle,103,Halifax Mont-Blanc Explosion,2026-07-30,james,Krea; Chat GPT,,,Y,,,
CTD_AI_HMB_MBfire_20260731_1a.mov,CTD_AI_HMB_MBfire,103,Halifax Mont-Blanc Explosion,2026-07-30,james,Krea; Chat GPT,,,Y,,,
CTD_AI_HMB_MBfire_20260731_1b.mov,CTD_AI_HMB_MBfire,103,Halifax Mont-Blanc Explosion,2026-07-30,james,Krea; Chat GPT,,,Y,,,
CTD_AI_HMB_MBfire_20260731_2a.mov,CTD_AI_HMB_MBfire,103,Halifax Mont-Blanc Explosion,2026-07-30,james,Krea; Chat GPT,,,Y,,,
CTD_AI_HMB_MBfire_20260731_4a.mov,CTD_AI_HMB_MBfire,103,Halifax Mont-Blanc Explosion,2026-07-30,james,Krea; Chat GPT,,,Y,,,
CTD_AI_HMB_MBfire_20260731_4b.mov,CTD_AI_HMB_MBfire,103,Halifax Mont-Blanc Explosion,2026-07-30,james,Krea; Chat GPT,,,Y,,,
CTD_AI_HMB_MBfire_20260731_4c.mov,CTD_AI_HMB_MBfire,103,Halifax Mont-Blanc Explosion,2026-07-30,james,Krea; Chat GPT,,,Y,,,
CTD_AI_HMB_MBfire_20260731_4d.mov,CTD_AI_HMB_MBfire,103,Halifax Mont-Blanc Explosion,2026-07-30,james,Krea; Chat GPT,,,Y,,,
CTD_AI_HMB_MBfire_20260731_4e.mov,CTD_AI_HMB_MBfire,103,Halifax Mont-Blanc Explosion,2026-07-30,james,Krea; Chat GPT,,,Y,,,
CTD_AI_HMB_MBfire_20260731_5a.mov,CTD_AI_HMB_MBfire,103,Halifax Mont-Blanc Explosion,2026-07-30,james,Krea; Chat GPT,,,Y,,,
CTD_AI_HMB_MontBlancNIGHT_20260731_1a.mov,CTD_AI_HMB_NightInPort ,103,Halifax Mont-Blanc Explosion,2026-07-30,james,Krea; Chat GPT,,,Y,,,
CTD_AI_HMB_MontBlancNIGHT_20260731_1b.mov,CTD_AI_HMB_NightInPort ,103,Halifax Mont-Blanc Explosion,2026-07-30,james,Krea; Chat GPT,,,Y,,,
CTD_AI_HMB_MontBlancWIDE_20260731_1a.mov,CTD_AI_HMB_MBInPassage01,103,Halifax Mont-Blanc Explosion,2026-07-30,james,Krea; Chat GPT,,,Y,,,
CTD_AI_HMB_MontBlanc_20260731_1a.mov,CTD_AI_HMB_MBInPassage01,103,Halifax Mont-Blanc Explosion,2026-07-30,james,Krea; Chat GPT,,,Y,,,
CTD_AI_HMB_MontBlanc_20260731_1b.mov,CTD_AI_HMB_MBInPassage01,103,Halifax Mont-Blanc Explosion,2026-07-30,james,Krea; Chat GPT,,,Y,,,
CTD_AI_HMB_MontBlanc_20260731_1c.mov,CTD_AI_HMB_MBInPassage01,103,Halifax Mont-Blanc Explosion,2026-07-30,james,Krea; Chat GPT,,,Y,,,
CTD_AI_HMB_MontBlanc_20260731_1d.mov,CTD_AI_HMB_MBInPassage01,103,Halifax Mont-Blanc Explosion,2026-07-30,james,Krea; Chat GPT,,,Y,,,
CTD_AI_HMB_MontBlanc_20260731_1e.mov,CTD_AI_HMB_MBInPassage01,103,Halifax Mont-Blanc Explosion,2026-07-30,james,Krea; Chat GPT,,,Y,,,
CTD_AI_HMB_MontBlanc_20260731_1f.mov,CTD_AI_HMB_MBInPassage01,103,Halifax Mont-Blanc Explosion,2026-07-30,james,Krea; Chat GPT,,,Y,,,
CTD_AI_HMB_MontBlanc_20260731_1g.mov,CTD_AI_HMB_MBInPassage01,103,Halifax Mont-Blanc Explosion,2026-07-30,james,Krea; Chat GPT,,,Y,,,
CTD_AI_HMB_MontBlanc_20260731_1h.mov,CTD_AI_HMB_MBInPassage01,103,Halifax Mont-Blanc Explosion,2026-07-30,james,Krea; Chat GPT,,,Y,,,
CTD_AI_HMB_MontBlanc_20260731_1i.mov,CTD_AI_HMB_MBInPassage01,103,Halifax Mont-Blanc Explosion,2026-07-30,james,Krea; Chat GPT,,,Y,,,
CTD_AI_LMR_HandBrake01_20260730_1a.mov,CTD_AI_LMR_HandBrake01 ,103,Lac-Megantic Rail Disaster,2026-07-30,WS,Krea; Chat GPT,Y,,Y,,,
CTD_AI_LMR_HandBrake01_20260730_2a.mov,CTD_AI_LMR_HandBrake01 ,103,Lac-Megantic Rail Disaster,2026-07-30,WS,Krea; Chat GPT,Y,,Y,,,
CTD_AI_LMR_MassiveExplosion_20260730_1a.mov,CTD_AI_LMR_MassiveExplosion,103,Lac-Megantic Rail Disaster,2026-07-30,WS,Krea; Chat GPT,Y,,Y,,,
CTD_AI_LMR_MassiveExplosion_20260730_1b.mov,CTD_AI_LMR_MassiveExplosion,103,Lac-Megantic Rail Disaster,2026-07-30,WS,Krea; Chat GPT,Y,,Y,,,
CTD_AI_LMR_MassiveExplosion_20260730_2a.mov,CTD_AI_LMR_MassiveExplosion,103,Lac-Megantic Rail Disaster,2026-07-30,WS,Krea; Chat GPT,Y,,Y,,,
CTD_AI_LMR_MassiveExplosion_20260730_2b.mov,CTD_AI_LMR_MassiveExplosion,103,Lac-Megantic Rail Disaster,2026-07-30,WS,Krea; Chat GPT,Y,,Y,,,
CTD_AI_LMR_MassiveExplosion_20260730_2c.mov,CTD_AI_LMR_MassiveExplosion,103,Lac-Megantic Rail Disaster,2026-07-30,WS,Krea; Chat GPT,Y,,Y,,,
CTD_AI_LMR_MassiveExplosion_20260730_3a.mov,CTD_AI_LMR_MassiveExplosion,103,Lac-Megantic Rail Disaster,2026-07-30,WS,Krea; Chat GPT,Y,,Y,,,
CTD_AI_LMR_MassiveExplosion_20260730_4a.mov,CTD_AI_LMR_MassiveExplosion,103,Lac-Megantic Rail Disaster,2026-07-30,WS,Krea; Chat GPT,Y,,Y,,,
CTD_AI_LMR_MassiveExplosion_20260730_5a.mov,CTD_AI_LMR_MassiveExplosion,103,Lac-Megantic Rail Disaster,2026-07-30,WS,Krea; Chat GPT,Y,,Y,,,
CTD_AI_LMR_TrainDerails_20260730_1a.mov,CTD_AI_LMR_TrainDerails,103,Lac-Megantic Rail Disaster,2026-07-30,WS,Krea; Chat GPT,Y,,Y,,,
CTD_AI_LMR_TrainDerails_20260730_2a.mov,CTD_AI_LMR_TrainDerails,103,Lac-Megantic Rail Disaster,2026-07-30,WS,Krea; Chat GPT,Y,,Y,,,
CTD_AI_LMR_TrainDerails_20260730_2b.mov,CTD_AI_LMR_TrainDerails,103,Lac-Megantic Rail Disaster,2026-07-30,WS,Krea; Chat GPT,Y,,Y,,,
CTD_AI_CCS_CabinHallway03_20260803_1a.mov,CTD_AI_CCS_CabinHallway03,103,Costa Concordia Ship Capsize,2026-08-04,JJ,Krea; Nano Banana,,,Y,,,
CTD_AI_CCS_CabinHallway04_20260803_2a.mov,CTD_AI_CCS_CabinHallway04,103,Costa Concordia Ship Capsize,2026-08-04,JJ,Krea; Nano Banana,,,Y,,,
CTD_AI_CCS_CabinHallway04_20260803_2b.mov,CTD_AI_CCS_CabinHallway04,103,Costa Concordia Ship Capsize,2026-08-04,JJ,Krea; Nano Banana,,,Y,,,
CTD_AI_CCS_CabinHallway04_20260803_2c.mov,CTD_AI_CCS_CabinHallway04,103,Costa Concordia Ship Capsize,2026-08-04,JJ,Krea; Nano Banana,,,Y,,,
CTD_AI_CCS_CabinHallway04_20260803_3b.mov,CTD_AI_CCS_CabinHallway04,103,Costa Concordia Ship Capsize,2026-08-04,JJ,Krea; Nano Banana,,,Y,,,
CTD_AI_CCS_CabinHallway_20260308_03A.mov,CTD_AI_CCS_CabinHallway03,103,Costa Concordia Ship Capsize,2026-08-04,JJ,Krea; Nano Banana,,,Y,,,
CTD_AI_CCS_CabinHallway_20260308_04A.mov,CTD_AI_CCS_CabinHallway04,103,Costa Concordia Ship Capsize,2026-08-04,JJ,Krea; Nano Banana,,,Y,,,
CTD_AI_CCS_CabinHallway_20260803_01A.mov,CTD_AI_CCS_CabinHallway01,103,Costa Concordia Ship Capsize,2026-08-04,JJ,Krea; Nano Banana,,,Y,,,
CTD_AI_CCS_CabinHallway_20260803_01B.mov,CTD_AI_CCS_CabinHallway01,103,Costa Concordia Ship Capsize,2026-08-04,JJ,Krea; Nano Banana,,,Y,,,
CTD_AI_CCS_CabinHallway_20260803_02B.mov,CTD_AI_CCS_CabinHallway02,103,Costa Concordia Ship Capsize,2026-08-04,JJ,Krea; Nano Banana,,,Y,,,
CTD_AI_CCS_CabinHallway_20260803_05A.mov,CTD_AI_CCS_CabinHallway05,103,Costa Concordia Ship Capsize,2026-08-04,JJ,Krea; Nano Banana,,,Y,,,
CTD_AI_CCS_CabinHallway_20260803_05B.mov,CTD_AI_CCS_CabinHallway05,103,Costa Concordia Ship Capsize,2026-08-04,JJ,Krea; Nano Banana,,,Y,,,
CTD_AI_CCS_DeckChaos01_20260803_2a.mov,CTD_AI_CCS_DeckChaos01,103,Costa Concordia Ship Capsize,2026-08-04,JJ,Krea; Nano Banana,,,Y,,,
CTD_AI_CCS_DeckChaos01_20260803_2b.mov,CTD_AI_CCS_DeckChaos01,103,Costa Concordia Ship Capsize,2026-08-04,JJ,Krea; Nano Banana,,,Y,,,
CTD_AI_CCS_HallwayChaos02_20260803_1a.mov,CTD_AI_CCS_HallwayChaos02,103,Costa Concordia Ship Capsize,2026-08-04,JJ,Krea; Nano Banana,,,Y,Y,,
CTD_AI_CCS_HallwayChaos02_20260803_1b.mov,CTD_AI_CCS_HallwayChaos02,103,Costa Concordia Ship Capsize,2026-08-04,JJ,Krea; Nano Banana,,,Y,,,
CTD_AI_CCS_HallwayChaos02_20260803_1c.mov,CTD_AI_CCS_HallwayChaos02,103,Costa Concordia Ship Capsize,2026-08-04,JJ,Krea; Nano Banana,,,Y,,,
CTD_AI_CCS_HallwayChaos_20260308_01A.mov,CTD_AI_CCS_HallwayChaos01,103,Costa Concordia Ship Capsize,2026-08-04,JJ,Krea; Nano Banana,,,Y,,,
CTD_AI_CCS_HallwayChaos_20260308_02A.mov,CTD_AI_CCS_HallwayChaos02,103,Costa Concordia Ship Capsize,2026-08-04,JJ,Krea; Nano Banana,,,Y,,,
CTD_AI_CCS_HallwayChaos_20260308_02B.mov,CTD_AI_CCS_HallwayChaos02,103,Costa Concordia Ship Capsize,2026-08-04,JJ,Krea; Nano Banana,,,Y,,,
CTD_AI_CCS_HallwayChaos_20260804_04A.mov,CTD_AI_CCS_HallwayChaos04,103,Costa Concordia Ship Capsize,2026-08-04,JJ,Krea; Nano Banana,,,Y,,,
CTD_AI_CCS_HallwayEvacuation01_20260803_1c.mov,CTD_AI_CCS_HallwayEvacuation01,103,Costa Concordia Ship Capsize,2026-08-04,JJ,Krea; Nano Banana,,,Y,,,
CTD_AI_CCS_HallwayEvacuation01_20260803_1d.mov,CTD_AI_CCS_HallwayEvacuation01,103,Costa Concordia Ship Capsize,2026-08-04,JJ,Krea; Nano Banana,,,Y,,,
CTD_AI_CCS_HallwayEvacuation01_20260803_1e.mov,CTD_AI_CCS_HallwayEvacuation01,103,Costa Concordia Ship Capsize,2026-08-04,JJ,Krea; Nano Banana,,,Y,,,
CTD_AI_CCS_HallwayEvacuation01_20260803_2a.mov,CTD_AI_CCS_HallwayEvacuation01,103,Costa Concordia Ship Capsize,2026-08-04,JJ,Krea; Nano Banana,,,Y,,,
CTD_AI_CCS_HallwayEvacuation02_20260803_1a.mov,CTD_AI_CCS_HallwayEvacuation02,103,Costa Concordia Ship Capsize,2026-08-04,JJ,Krea; Nano Banana,,,Y,,,
CTD_AI_CCS_HallwayEvacuation02_20260803_1c.mov,CTD_AI_CCS_HallwayEvacuation02,103,Costa Concordia Ship Capsize,2026-08-04,JJ,Krea; Nano Banana,,,Y,,,
CTD_AI_CCS_HallwayEvacuation02_20260803_2a.mov,CTD_AI_CCS_HallwayEvacuation02,103,Costa Concordia Ship Capsize,2026-08-04,JJ,Krea; Nano Banana,,,Y,,,
CTD_AI_CCS_HallwayEvacuation02_20260803_2b.mov,CTD_AI_CCS_HallwayEvacuation02,103,Costa Concordia Ship Capsize,2026-08-04,JJ,Krea; Nano Banana,,,Y,,,
CTD_AI_CCS_HallwayEvacuation02_20260803_2c.mov,CTD_AI_CCS_HallwayEvacuation02,103,Costa Concordia Ship Capsize,2026-08-04,JJ,Krea; Nano Banana,,,Y,,,
CTD_AI_CCS_HallwayEvacuation02_20260803_3b.mov,CTD_AI_CCS_HallwayEvacuation02,103,Costa Concordia Ship Capsize,2026-08-04,JJ,Krea; Nano Banana,,,Y,,,
CTD_AI_CCS_HallwayEvacuation02_20260803_3c.mov,CTD_AI_CCS_HallwayEvacuation02,103,Costa Concordia Ship Capsize,2026-08-04,JJ,Krea; Nano Banana,,,Y,,,
CTD_AI_CCS_LightAlarm01_20260803_1a.mov,CTD_AI_CCS_LightAlarm01,103,Costa Concordia Ship Capsize,2026-08-04,JJ,Krea; Nano Banana,,,Y,,,
CTD_AI_CCS_LightAlarm01_20260803_1b.mov,CTD_AI_CCS_LightAlarm01,103,Costa Concordia Ship Capsize,2026-08-04,JJ,Krea; Nano Banana,,,Y,,,
CTD_AI_CCS_LightAlarm01_20260803_1c.mov,CTD_AI_CCS_LightAlarm01,103,Costa Concordia Ship Capsize,2026-08-04,JJ,Krea; Nano Banana,,,Y,,,
CTD_AI_CCS_LightAlarm01_20260803_1d.mov,CTD_AI_CCS_LightAlarm01,103,Costa Concordia Ship Capsize,2026-08-04,JJ,Krea; Nano Banana,,,Y,,,
CTD_AI_CCS_MusterStation02_20260803_1a.mov,CTD_AI_CCS_MusterStation02,103,Costa Concordia Ship Capsize,2026-08-04,JJ,Krea; Nano Banana,,,Y,,,
CTD_AI_CCS_MusterStation02_20260803_1b.mov,CTD_AI_CCS_MusterStation02,103,Costa Concordia Ship Capsize,2026-08-04,JJ,Krea; Nano Banana,,,Y,,,
CTD_AI_CCS_MusterStation02_20260803_2a.mov,CTD_AI_CCS_MusterStation02,103,Costa Concordia Ship Capsize,2026-08-04,JJ,Krea; Nano Banana,,,Y,,,
CTD_AI_CCS_MusterStation02_20260803_2b.mov,CTD_AI_CCS_MusterStation02,103,Costa Concordia Ship Capsize,2026-08-04,JJ,Krea; Nano Banana,,,Y,,,
CTD_AI_CCS_MusterStation02_20260803_3a.mov,CTD_AI_CCS_MusterStation02,103,Costa Concordia Ship Capsize,2026-08-04,JJ,Krea; Nano Banana,,,Y,,,
CTD_AI_CCS_MusterStation02_20260803_3b.mov,CTD_AI_CCS_MusterStation02,103,Costa Concordia Ship Capsize,2026-08-04,JJ,Krea; Nano Banana,,,Y,,,
CTD_AI_CCS_MusterStation02_20260803_3c.mov,CTD_AI_CCS_MusterStation02,103,Costa Concordia Ship Capsize,2026-08-04,JJ,Krea; Nano Banana,,,Y,,,
CTD_AI_CCS_MusterStation02_20260803_3d.mov,CTD_AI_CCS_MusterStation02,103,Costa Concordia Ship Capsize,2026-08-04,JJ,Krea; Nano Banana,,,Y,,,
CTD_AI_CCS_MusterStation03_20260803_1c.mov,CTD_AI_CCS_MusterStation03,103,Costa Concordia Ship Capsize,2026-08-04,JJ,Krea; Nano Banana,,,Y,,,
CTD_AI_CCS_MusterStation04_20260803_1b.mov,CTD_AI_CCS_MusterStation04,103,Costa Concordia Ship Capsize,2026-08-04,JJ,Krea; Nano Banana,,,Y,,,
CTD_AI_CCS_Stairwell01_20260803_1a.mov,CTD_AI_CCS_Stairwell01,103,Costa Concordia Ship Capsize,2026-08-04,JJ,Krea; Nano Banana,,,Y,,,
CTD_AI_CCS_Stairwell01_20260803_1b.mov,CTD_AI_CCS_Stairwell01,103,Costa Concordia Ship Capsize,2026-08-04,JJ,Krea; Nano Banana,,,Y,,,
CTD_AI_CCS_Stairwell01_20260803_1c.mov,CTD_AI_CCS_Stairwell01,103,Costa Concordia Ship Capsize,2026-08-04,JJ,Krea; Nano Banana,,,Y,,,
CTD_AI_CCS_Stairwell02_20260803_1b.mov,CTD_AI_CCS_Stairwell02,103,Costa Concordia Ship Capsize,2026-08-04,JJ,Krea; Nano Banana,,,Y,,,
CTD_AI_CCS_Stairwell02_20260803_1c.mov,CTD_AI_CCS_Stairwell02,103,Costa Concordia Ship Capsize,2026-08-04,JJ,Krea; Nano Banana,,,Y,,,
CTD_AI_CCS_Stairwell_20260804_01A.mov,CTD_AI_CCS_Stairwell01,103,Costa Concordia Ship Capsize,2026-08-04,JJ,Krea; Nano Banana,,,Y,,,
CTD_AI_CCS_Stairwell_20260804_02A.mov,CTD_AI_CCS_Stairwell02,103,Costa Concordia Ship Capsize,2026-08-04,JJ,Krea; Nano Banana,,,Y,,,
CTD_AI_CCS_Stairwell_20260804_02B.mov,CTD_AI_CCS_Stairwell02,103,Costa Concordia Ship Capsize,2026-08-04,JJ,Krea; Nano Banana,,,Y,,,
CTD_AI_CCS_Stairwell_20260804_02C.mov,CTD_AI_CCS_Stairwell02,103,Costa Concordia Ship Capsize,2026-08-04,JJ,Krea; Nano Banana,,,Y,,,
CTD_AI_CSS_LifeboatEvacuation_20260804_01A.mov,CTD_AI_CSS_LifeboatEvacuation01,103,Costa Concordia Ship Capsize,2026-08-04,SM,Krea; Nano Banana,,,Y,,,
CTD_AI_CSS_LifeboatEvacuation_20260804_01B.mov,CTD_AI_CSS_LifeboatEvacuation01,103,Costa Concordia Ship Capsize,2026-08-04,SM,Krea; Nano Banana,,,Y,,,
CTD_AI_CSS_LifeboatEvacuation_20260804_01C.mov,CTD_AI_CSS_LifeboatEvacuation01,103,Costa Concordia Ship Capsize,2026-08-04,SM,Krea; Nano Banana,,,Y,,,
CTD_AI_CSS_LifeboatEvacuation_20260804_02.mov,CTD_AI_CSS_LifeboatEvacuation02,103,Costa Concordia Ship Capsize,2026-08-04,SM,Krea; Nano Banana,,,Y,,,
CTD_AI_CSS_LifeboatEvacuation_20260804_03A.mov,CTD_AI_CSS_LifeboatEvacuation03,103,Costa Concordia Ship Capsize,2026-08-04,SM,Krea; Nano Banana,,,Y,,,
CTD_AI_CSS_LifeboatEvacuation_20260804_03B.mov,CTD_AI_CSS_LifeboatEvacuation03,103,Costa Concordia Ship Capsize,2026-08-04,SM,Krea; Nano Banana,,,Y,,,
CTD_AI_CSS_LifeboatEvacuation_20260804_04A.mov,CTD_AI_CSS_LifeboatEvacuation04,103,Costa Concordia Ship Capsize,2026-08-04,SM,Krea; Nano Banana,,,Y,,,
CTD_AI_CSS_LifeboatEvacuation_20260804_04B.mov,CTD_AI_CSS_LifeboatEvacuation04,103,Costa Concordia Ship Capsize,2026-08-04,SM,Krea; Nano Banana,,,Y,,,
CTD_AI_CSS_LifeboatEvacuation_20260804_04C.mov,CTD_AI_CSS_LifeboatEvacuation04,103,Costa Concordia Ship Capsize,2026-08-04,SM,Krea; Nano Banana,,,Y,,,
CTD_AI_CSS_LifeboatEvacuation_20260804_05A.mov,CTD_AI_CSS_LifeboatEvacuation05,103,Costa Concordia Ship Capsize,2026-08-04,SM,Krea; Nano Banana,,,Y,,,
CTD_AI_CSS_LifeboatEvacuation_20260804_05B.mov,CTD_AI_CSS_LifeboatEvacuation05,103,Costa Concordia Ship Capsize,2026-08-04,SM,Krea; Nano Banana,,,Y,,,
CTD_AI_CSS_LifeboatEvacuation_20260804_05C.mov,CTD_AI_CSS_LifeboatEvacuation05,103,Costa Concordia Ship Capsize,2026-08-04,SM,Krea; Nano Banana,,,Y,,,
CTD_AI_CSS_LifeboatEvacuation_20260804_06A.mov,CTD_AI_CSS_LifeboatEvacuation06,103,Costa Concordia Ship Capsize,2026-08-04,SM,Krea; Nano Banana,,,Y,,,
CTD_AI_CSS_LifeboatEvacuation_20260804_06B.mov,CTD_AI_CSS_LifeboatEvacuation06,103,Costa Concordia Ship Capsize,2026-08-04,SM,Krea; Nano Banana,,,Y,,,
CTD_AI_CSS_LifeboatEvacuation_20260804_06C.mov,CTD_AI_CSS_LifeboatEvacuation06,103,Costa Concordia Ship Capsize,2026-08-04,SM,Krea; Nano Banana,,,Y,,,
CTD_AI_LMR_BeerVibes_20260804_1a.mov,CTD_AI_LMR_BeerVibes,103,Lac-Megantic Rail Disaster,2026-08-04,WS,,Y,,Y,,,
CTD_AI_LMR_BeerVibes_20260804_1b.mov,CTD_AI_LMR_BeerVibes,103,Lac-Megantic Rail Disaster,2026-08-04,WS,,Y,,Y,,,
CTD_AI_LMR_BeerVibes_20260804_1c.mov,CTD_AI_LMR_BeerVibes,103,Lac-Megantic Rail Disaster,2026-08-04,WS,,Y,,Y,,,
CTD_AI_LMR_BeerVibes_20260804_2a.mov,CTD_AI_LMR_BeerVibes,103,Lac-Megantic Rail Disaster,2026-08-04,WS,,Y,,Y,,,
CTD_AI_LMR_BeerVibes_20260804_2b.mov,CTD_AI_LMR_BeerVibes,103,Lac-Megantic Rail Disaster,2026-08-04,WS,,Y,,Y,,,
CTD_AI_LMR_BeerVibes_20260804_2c.mov,CTD_AI_LMR_BeerVibes,103,Lac-Megantic Rail Disaster,2026-08-04,WS,,Y,,Y,,,
CTD_AI_LMR_BeerVibes_20260804_3a.mov,CTD_AI_LMR_BeerVibes,103,Lac-Megantic Rail Disaster,2026-08-04,WS,,Y,,Y,,,
CTD_AI_LMR_BeerVibes_20260804_3b.mov,CTD_AI_LMR_BeerVibes,103,Lac-Megantic Rail Disaster,2026-08-04,WS,,Y,,Y,,,
CTD_AI_LMR_BeerVibes_20260804_3c.mov,CTD_AI_LMR_BeerVibes,103,Lac-Megantic Rail Disaster,2026-08-04,WS,,Y,,Y,,,
CTD_AI_LMR_BeerVibes_20260804_3d.mov,CTD_AI_LMR_BeerVibes,103,Lac-Megantic Rail Disaster,2026-08-04,WS,,Y,,Y,,,
CTD_AI_LMR_BeerVibes_20260804_3e.mov,CTD_AI_LMR_BeerVibes,103,Lac-Megantic Rail Disaster,2026-08-04,WS,,Y,,Y,,,
CTD_AI_LMR_HandBrake02_20260804_1a.mov,CTD_AI_LMR_HandBrake02,103,Lac-Megantic Rail Disaster,2026-08-04,WS,,Y,,Y,,,
CTD_AI_LMR_HandBrake02_20260804_1b.mov,CTD_AI_LMR_HandBrake02,103,Lac-Megantic Rail Disaster,2026-08-04,WS,,Y,,Y,,,
CTD_AI_LMR_Musi-CafeRevelry06_20260804_1a.mov,CTD_AI_LMR_Musi-CafeRevelry06,103,Lac-Megantic Rail Disaster,2026-08-04,WS,,Y,,Y,,,
CTD_AI_LMR_Musi-CafeRevelry06_20260804_1b.mov,CTD_AI_LMR_Musi-CafeRevelry06,103,Lac-Megantic Rail Disaster,2026-08-04,WS,,Y,,Y,,,
CTD_AI_LMR_Musi-CafeRevelry06_20260804_1c.mov,CTD_AI_LMR_Musi-CafeRevelry06,103,Lac-Megantic Rail Disaster,2026-08-04,WS,,Y,,Y,,,
CTD_AI_LMR_Musi-CafeRevelry06_20260804_1d.mov,CTD_AI_LMR_Musi-CafeRevelry06,103,Lac-Megantic Rail Disaster,2026-08-04,WS,,Y,,Y,,,
CTD_AI_LMR_Musi-CafeRevelry06_20260804_1e.mov,CTD_AI_LMR_Musi-CafeRevelry06,103,Lac-Megantic Rail Disaster,2026-08-04,WS,,Y,,Y,,,
CTD_AI_LMR_Musi-CafeRevelry06_20260804_1f.mov,CTD_AI_LMR_Musi-CafeRevelry06,103,Lac-Megantic Rail Disaster,2026-08-04,WS,,Y,,Y,,,
CTD_AI_LMR_Musi-CafeRevelry06_20260804_1g.mov,CTD_AI_LMR_Musi-CafeRevelry06,103,Lac-Megantic Rail Disaster,2026-08-04,WS,,Y,,Y,,,
CTD_AI_LMR_Musi-CafeRevelry06_20260804_2a.mov,CTD_AI_LMR_Musi-CafeRevelry06,103,Lac-Megantic Rail Disaster,2026-08-04,WS,,Y,,Y,,,
CTD_AI_LMR_Musi-CafeRevelry06_20260804_2b.mov,CTD_AI_LMR_Musi-CafeRevelry06,103,Lac-Megantic Rail Disaster,2026-08-04,WS,,Y,,Y,,,
CTD_AI_LMR_Musi-CafeRevelry06_20260804_2c.mov,CTD_AI_LMR_Musi-CafeRevelry06,103,Lac-Megantic Rail Disaster,2026-08-04,WS,,Y,,Y,,,
CTD_AI_LMR_Musi-CafeRevelry06_20260804_2d.mov,CTD_AI_LMR_Musi-CafeRevelry06,103,Lac-Megantic Rail Disaster,2026-08-04,WS,,Y,,Y,,,
CTD_AI_LMR_POVWindscreenDusk_20260804_1a.mov,CTD_AI_LMR_POVWindscreenDusk,103,Lac-Megantic Rail Disaster,2026-08-04,WS,,Y,,Y,,,
CTD_AI_LMR_POVWindscreenDusk_20260804_1b.mov,CTD_AI_LMR_POVWindscreenDusk,103,Lac-Megantic Rail Disaster,2026-08-04,WS,,Y,,Y,,,
CTD_AI_LMR_PowerOut01_20260804_1a.mov,CTD_AI_LMR_PowerOut01,103,Lac-Megantic Rail Disaster,2026-08-04,WS,,Y,,Y,,,
CTD_AI_LMR_PowerOut01_20260804_1b.mov,CTD_AI_LMR_PowerOut01,103,Lac-Megantic Rail Disaster,2026-08-04,WS,,Y,,Y,,,
CTD_AI_LMR_PowerOut01_20260804_1c.mov,CTD_AI_LMR_PowerOut01,103,Lac-Megantic Rail Disaster,2026-08-04,WS,,Y,,Y,,,
CTD_AI_SDS_CRACKS_CU_20260805_1a.mov,CTD_AI_SDS_Inspection,103,Sampoong Department Store Collapse,2026-08-05,Paul,Krea; Chat GPT,Y,,Y,,,
CTD_AI_SDS_CRACKS_CU_20260805_1b.mov,CTD_AI_SDS_Inspection,103,Sampoong Department Store Collapse,2026-08-05,Paul,Krea; Chat GPT,Y,,Y,,,
CTD_AI_SDS_CRACKS_ECU_20260805_1a.mov,CTD_AI_SDS_Inspection,103,Sampoong Department Store Collapse,2026-08-05,Paul,Krea; Chat GPT,Y,,Y,,,
CTD_AI_SDS_CRACKS_ECU_20260805_1b.mov,CTD_AI_SDS_Inspection,103,Sampoong Department Store Collapse,2026-08-05,Paul,Krea; Chat GPT,Y,,Y,,,
CTD_AI_SDS_CRACKS_ECU_20260805_1c.mov,CTD_AI_SDS_Inspection,103,Sampoong Department Store Collapse,2026-08-05,Paul,Krea; Chat GPT,Y,,Y,,,
CTD_AI_SDS_CRACKS_ECU_20260805_1d.mov,CTD_AI_SDS_Inspection,103,Sampoong Department Store Collapse,2026-08-05,Paul,Krea; Chat GPT,Y,,Y,,,
CTD_AI_SDS_Clipboard_20260805_1a.mov,CTD_AI_SDS_Inspection,103,Sampoong Department Store Collapse,2026-08-05,Paul,Krea; Chat GPT,Y,,Y,,,
CTD_AI_SDS_Clipboard_20260805_1b.mov,CTD_AI_SDS_Inspection,103,Sampoong Department Store Collapse,2026-08-05,Paul,Krea; Chat GPT,Y,,Y,,,
CTD_AI_SDS_Clipboard_20260805_1c.mov,CTD_AI_SDS_Inspection,103,Sampoong Department Store Collapse,2026-08-05,Paul,Krea; Chat GPT,Y,,Y,,,
CTD_AI_SDS_Clipboard_20260805_1d.mov,CTD_AI_SDS_Inspection,103,Sampoong Department Store Collapse,2026-08-05,Paul,Krea; Chat GPT,Y,,Y,,,
CTD_AI_SDS_Inspection_20260805_1a.mov,CTD_AI_SDS_Inspection,103,Sampoong Department Store Collapse,2026-08-05,Paul,Krea; Chat GPT,Y,,Y,,,
CTD_AI_SDS_Inspection_20260805_1b.mov,CTD_AI_SDS_Inspection,103,Sampoong Department Store Collapse,2026-08-05,Paul,Krea; Chat GPT,Y,,Y,,,
CTD_AI_SDS_Inspection_20260805_1c.mov,CTD_AI_SDS_Inspection,103,Sampoong Department Store Collapse,2026-08-05,Paul,Krea; Chat GPT,Y,,Y,,,
CTD_AI_SDS_TurnOffACRoof_20260805_1a.mov,CTD_AI_SDS_TurnOffACRoof,103,Sampoong Department Store Collapse,2026-08-05,Paul,Krea; Chat GPT,Y,,Y,,,
CTD_AI_SDS_TurnOffACRoof_20260805_1b.mov,CTD_AI_SDS_TurnOffACRoof,103,Sampoong Department Store Collapse,2026-08-05,Paul,Krea; Chat GPT,Y,,Y,,,
CTD_AI_SDS_TurnOffACRoof_20260805_2a.mov,CTD_AI_SDS_TurnOffACRoof,103,Sampoong Department Store Collapse,2026-08-05,Paul,Krea; Chat GPT,Y,,Y,,,
CTD_AI_SDS_TurnOffACRoof_20260805_3a.mov,CTD_AI_SDS_TurnOffACRoof,103,Sampoong Department Store Collapse,2026-08-05,Paul,Krea; Chat GPT,Y,,Y,,,
CTD_AI_CCS_HallwayChaos_20260810_03A.mov,CTD_AI_CCS_HallwayChaos03,103,Costa Concordia Ship Capsize,2026-08-10,KDK,Krea; Chat GPT,,,Y,,,
CTD_AI_CCS_HallwayChaos_20260810_04A.mov,CTD_AI_CCS_HallwayChaos04,103,Costa Concordia Ship Capsize,2026-08-10,KDK,Krea; Chat GPT,,,Y,,,
CTD_AI_CCS_HallwayChaos_20260810_04B.mov,CTD_AI_CCS_HallwayChaos04,103,Costa Concordia Ship Capsize,2026-08-10,KDK,Krea; Chat GPT,,,Y,,,
CTD_AI_CCS_MusterStation_20260810_01A.mov,CTD_AI_CCS_MusterStation01,103,Costa Concordia Ship Capsize,2026-08-10,KDK,Krea; Chat GPT,,,Y,,,
CTD_AI_CCS_MusterStation_20260810_01B.mov,CTD_AI_CCS_MusterStation01,103,Costa Concordia Ship Capsize,2026-08-10,KDK,Krea; Chat GPT,,,Y,,,
CTD_AI_CCS_ShipStartsDetour_20260810_02A.mov,CTD_AI_CCS_ShipStartsDetour02,103,Costa Concordia Ship Capsize,2026-08-10,KDK,Krea; Chat GPT,,,Y,,,
CTD_AI_CCS_ShipStartsDetour_20260810_02B.mov,CTD_AI_CCS_ShipStartsDetour02,103,Costa Concordia Ship Capsize,2026-08-10,KDK,Krea; Chat GPT,,,Y,,,
CTD_AI_SJE_TravelingCloud_20260810_01A.mov,CTD_AI_SJE_TravelingCloud01,103,San Juanico LPG Explosion,2026-08-10,KDK,Krea; Chat GPT,,,Y,,,
CTD_AI_SJE_TravelingCloud_20260810_01B.mov,CTD_AI_SJE_TravelingCloud01,103,San Juanico LPG Explosion,2026-08-10,KDK,Krea; Chat GPT,,,Y,,,
CTD_AI_SJE_TravelingCloud_20260810_03A.mov,CTD_AI_SJE_TravelingCloud03,103,San Juanico LPG Explosion,2026-08-10,KDK,Krea; Chat GPT,,,Y,,,
CTD_AI_SJE_TravelingCloud_20260810_03B.mov,CTD_AI_SJE_TravelingCloud03,103,San Juanico LPG Explosion,2026-08-10,KDK,Krea; Chat GPT,,,Y,,,
CTD_AI_SJE_TravelingCloud_20260810_04A.mov,CTD_AI_SJE_TravelingCloud04,103,San Juanico LPG Explosion,2026-08-10,KDK,Krea; Chat GPT,,,Y,,,
CTD_AI_SJE_TravelingCloud_20260810_04B.mov,CTD_AI_SJE_TravelingCloud04,103,San Juanico LPG Explosion,2026-08-10,KDK,Krea; Chat GPT,,,Y,,,
CTD_AI_SJE_TravelingCloud_20260810_04C.mov,CTD_AI_SJE_TravelingCloud04,103,San Juanico LPG Explosion,2026-08-10,KDK,Krea; Chat GPT,,,Y,,,
CTD_AI_SJE_TwentyMilesAway_20260810_01A.mov,CTD_AI_SJE_TwentyMilesAway01,103,San Juanico LPG Explosion,2026-08-10,KDK,Krea; Chat GPT,,,Y,,,
CTD_AI_SJE_TwentyMilesAway_20260810_02A.mov,CTD_AI_SJE_TwentyMilesAway02,103,San Juanico LPG Explosion,2026-08-10,KDK,Krea; Chat GPT,,,Y,,,
CTD_AI_SJE_EstablishingPlant02_20260811_1a.mov,CTD_AI_SJE_EstablishingPlant02,103,San Juanico LPG Explosion,2026-08-11,JJ,,,,Y,,,
CTD_AI_SJE_EstablishingPlant02_20260811_1b.mov,CTD_AI_SJE_EstablishingPlant02,103,San Juanico LPG Explosion,2026-08-11,JJ,,,,Y,,,
CTD_AI_SJE_EstablishingPlant02_20260811_1c.mov,CTD_AI_SJE_EstablishingPlant02,103,San Juanico LPG Explosion,2026-08-11,JJ,,,,Y,,,
CTD_AI_SJE_EstablishingPlant02_20260811_1d.mov,CTD_AI_SJE_EstablishingPlant02,103,San Juanico LPG Explosion,2026-08-11,JJ,,,,Y,,,
CTD_AI_SJE_EstablishingPlant03_20260811_1a.mov,CTD_AI_SJE_EstablishingPlant03,103,San Juanico LPG Explosion,2026-08-11,JJ,,,,Y,,,
CTD_AI_SJE_EstablishingPlant03_20260811_1b.mov,CTD_AI_SJE_EstablishingPlant03,103,San Juanico LPG Explosion,2026-08-11,JJ,,,,Y,,,
CTD_AI_SJE_EstablishingPlant03_20260811_1c.mov,CTD_AI_SJE_EstablishingPlant03,103,San Juanico LPG Explosion,2026-08-11,JJ,,,,Y,,,
CTD_AI_SJE_EstablishingPlant03_20260811_1d.mov,CTD_AI_SJE_EstablishingPlant03,103,San Juanico LPG Explosion,2026-08-11,JJ,,,,Y,,,
CTD_AI_SJE_EstablishingPlant04_20260811_1a.mov,CTD_AI_SJE_EstablishingPlant04,103,San Juanico LPG Explosion,2026-08-11,JJ,,,,Y,,,
CTD_AI_SJE_EstablishingPlant04_20260811_1b.mov,CTD_AI_SJE_EstablishingPlant04,103,San Juanico LPG Explosion,2026-08-11,JJ,,,,Y,,,
CTD_AI_SJE_EstablishingPlant04_20260811_1c.mov,CTD_AI_SJE_EstablishingPlant04,103,San Juanico LPG Explosion,2026-08-11,JJ,,,,Y,,,
CTD_AI_SJE_EstablishingPlant04_20260811_1d.mov,CTD_AI_SJE_EstablishingPlant04,103,San Juanico LPG Explosion,2026-08-11,JJ,,,,Y,,,
CTD_AI_SJE_EstablishingPlant05_20260811_1a.mov,CTD_AI_SJE_EstablishingPlant05,103,San Juanico LPG Explosion,2026-08-11,JJ,,,,Y,,,
CTD_AI_SJE_EstablishingPlant05_20260811_1b.mov,CTD_AI_SJE_EstablishingPlant05,103,San Juanico LPG Explosion,2026-08-11,JJ,,,,Y,,,
CTD_AI_SJE_EstablishingPlant05_20260811_1c.mov,CTD_AI_SJE_EstablishingPlant05,103,San Juanico LPG Explosion,2026-08-11,JJ,,,,Y,,,
CTD_AI_SJE_EstablishingPlant05_20260811_1d.mov,CTD_AI_SJE_EstablishingPlant05,103,San Juanico LPG Explosion,2026-08-11,JJ,,,,Y,,,
CTD_AI_SJE_EstablishingPlant06_20260811_1a.mov,CTD_AI_SJE_EstablishingPlant06,103,San Juanico LPG Explosion,2026-08-11,JJ,,,,Y,,,
CTD_AI_SJE_EstablishingPlant06_20260811_1b.mov,CTD_AI_SJE_EstablishingPlant06,103,San Juanico LPG Explosion,2026-08-11,JJ,,,,Y,,,
CTD_AI_SJE_EstablishingPlant06_20260811_1c.mov,CTD_AI_SJE_EstablishingPlant06,103,San Juanico LPG Explosion,2026-08-11,JJ,,,,Y,,,
CTD_AI_SJE_EstablishingPlant01_20260813_1a.mov,CTD_AI_SJE_EstablishingPlant01,103,San Juanico LPG Explosion,2026-08-13,JJ,,,,Y,,,
CTD_AI_SJE_EstablishingPlant01_20260813_2a.mov,CTD_AI_SJE_EstablishingPlant01,103,San Juanico LPG Explosion,2026-08-13,JJ,,,,Y,,,
CTD_AI_SJE_EstablishingPlant01_20260813_3a.mov,CTD_AI_SJE_EstablishingPlant01,103,San Juanico LPG Explosion,2026-08-13,JJ,,,,Y,,,
CTD_AI_SJE_EstablishingPlant01_20260813_4a.mov,CTD_AI_SJE_EstablishingPlant01,103,San Juanico LPG Explosion,2026-08-13,JJ,,,,Y,,,
CTD_AI_SJE_EstablishingPlant01_20260813_5a.mov,CTD_AI_SJE_EstablishingPlant01,103,San Juanico LPG Explosion,2026-08-13,JJ,,,,Y,,,
CTD_AI_SJE_EstablishingPlant01_20260813_6a.mov,CTD_AI_SJE_EstablishingPlant01,103,San Juanico LPG Explosion,2026-08-13,JJ,,,,Y,,,
CTD_AI_ARF_Car_20260605_1.mov,CTD_AI_ARF_EscapeToBalcony,104,Ahr River Flooding,2026-06-05,SM,Chat GPT; Krea,,,Y,,,
CTD_AI_ARF_Car_20260605_1a.mov,CTD_AI_ARF_EscapeToBalcony,104,Ahr River Flooding,2026-06-05,SM,Chat GPT; Krea,,,Y,,,
CTD_AI_ARF_Car_20260605_1b.mov,CTD_AI_ARF_EscapeToBalcony,104,Ahr River Flooding,2026-06-05,SM,Chat GPT; Krea,,,Y,,,
CTD_AI_ARF_Car_20260605_1c.mov,CTD_AI_ARF_EscapeToBalcony,104,Ahr River Flooding,2026-06-05,SM,Chat GPT; Krea,,,Y,,,
CTD_AI_ARF_Car_20260605_1d.mov,CTD_AI_ARF_EscapeToBalcony,104,Ahr River Flooding,2026-06-05,SM,Chat GPT; Krea,,,Y,,,
CTD_AI_ARF_Car_20260605_2.mov,CTD_AI_ARF_EscapeToBalcony,104,Ahr River Flooding,2026-06-05,SM,Chat GPT; Krea,,Re-spin Requested,Y,,,
CTD_AI_ARF_Car_20260605_2a.mov,CTD_AI_ARF_EscapeToBalcony,104,Ahr River Flooding,2026-06-05,SM,Chat GPT; Krea,,Re-spin Requested,Y,,,
CTD_AI_ARF_RV_20260605_1.mov,CTD_AI_ARF_FloodedCampsite A,104,Ahr River Flooding,2026-06-05,SM,Chat GPT; Krea,,Re-spin Requested,Y,,,
CTD_AI_ARF_Tent_20260605_1a.mov,CTD_AI_ARF_FloodedCampsite A,104,Ahr River Flooding,2026-06-05,SM,Chat GPT; Krea,,Re-spin Requested,Y,,,
CTD_AI_ARF_Tents_20260605_1.mov,CTD_AI_ARF_FloodedCampsite A,104,Ahr River Flooding,2026-06-05,SM,Chat GPT; Krea,,,Y,,,
CTD_AI_ARF_Floodedvillage_20260609_1a.mov,CTD_AI_ARF_FloodedStreets B,104,Ahr River Flooding,2026-06-09,SM,Chat GPT; Krea,,,Y,,,
CTD_AI_ARF_Floodedvillage_20260609_1b.mov,CTD_AI_ARF_FloodedStreets B,104,Ahr River Flooding,2026-06-09,SM,Chat GPT; Krea,,,Y,,,
CTD_AI_ARF_Floodedvillage_20260609_1c.mov,CTD_AI_ARF_FloodedStreets B,104,Ahr River Flooding,2026-06-09,SM,Chat GPT; Krea,,,Y,,,
CTD_AI_ARF_Manholdtree_20260609_1a.mov,CTD_AI_ARF_FloodedStreets B,104,Ahr River Flooding,2026-06-09,SM,Chat GPT; Krea,,PAUSE,Y,,,
CTD_AI_ARF_Manholdtree_20260609_1b.mov,CTD_AI_ARF_FloodedStreets B,104,Ahr River Flooding,2026-06-09,SM,Chat GPT; Krea,,,Y,,,
CTD_AI_ARF_Manholdtree_20260609_1c.mov,CTD_AI_ARF_FloodedStreets B,104,Ahr River Flooding,2026-06-09,SM,Chat GPT; Krea,,,Y,,,
CTD_AI_ARF_Manholdtree_20260609_1d.mov,CTD_AI_ARF_FloodedStreets B,104,Ahr River Flooding,2026-06-09,SM,Chat GPT; Krea,,,Y,,,
CTD_AI_ARF_Manholdtree_20260609_2a.mov,CTD_AI_ARF_FloodedStreets B,104,Ahr River Flooding,2026-06-09,SM,Chat GPT; Krea,,,Y,,,
CTD_AI_KAL007_747Flying_20260609_1a.mov,CTD_AI_KAL007_747InDarkness,104,Korean Air Lines Flight 007,2026-06-09,WS,Chat GPT; Krea,,,Y,,,
CTD_AI_KAL007_747Smoke_20260609_1a.mov,CTD_AI_KAL007_747InDarkness,104,Korean Air Lines Flight 007,2026-06-09,WS,Chat GPT; Krea,,Re-spin Requested,Y,Y,,
CTD_AI_KAL007_747Smoke_20260609_2a.mov,CTD_AI_KAL007_747InDarkness,104,Korean Air Lines Flight 007,2026-06-09,WS,Chat GPT; Krea,,,Y,,,
CTD_AI_KAL007_747Smoke_20260609_2b.mov,CTD_AI_KAL007_747InDarkness,104,Korean Air Lines Flight 007,2026-06-09,WS,Chat GPT; Krea,,,Y,,,
CTD_AI_KAL007_BlipsOnRadar_20260609_1a.mov,CTD_AI_KAL007_BlipsOnRadar,104,Korean Air Lines Flight 007,2026-06-09,WS,Chat GPT; Krea,,Re-spin Requested,Y,Y,,
CTD_AI_KAL007_BlipsOnRadar_20260609_1b.mov,CTD_AI_KAL007_BlipsOnRadar,104,Korean Air Lines Flight 007,2026-06-09,WS,Chat GPT; Krea,,,Y,,,
CTD_AI_KAL007_BlipsOnRadar_20260609_2a.mov,CTD_AI_KAL007_BlipsOnRadar,104,Korean Air Lines Flight 007,2026-06-09,WS,Chat GPT; Krea,,Re-spin Requested,Y,Y,,
CTD_AI_KAL007_FighterFiring_20260609_1a.mov,CTD_AI_KAL007_CannonsFire 2,104,Korean Air Lines Flight 007,2026-06-09,WS,Chat GPT; Krea,,Re-spin Requested,Y,Y,,
CTD_AI_KAL007_FighterFiring_20260609_2a.mov,CTD_AI_KAL007_CannonsFire 2,104,Korean Air Lines Flight 007,2026-06-09,WS,Chat GPT; Krea,,Re-spin Requested,Y,Y,,
CTD_AI_KAL007_FighterFiring_20260609_3a.mov,CTD_AI_KAL007_CannonsFire 2,104,Korean Air Lines Flight 007,2026-06-09,WS,Chat GPT; Krea,,,Y,,,
CTD_AI_KAL007_FighterFlight_20260609_1a.mov,CTD_AI_KAL007_FighterInFlight 1,104,Korean Air Lines Flight 007,2026-06-09,WS,Chat GPT; Krea,,Re-spin Requested,Y,Y,,
CTD_AI_KAL007_FighterFollow_20260609_1a.mov,CTD_AI_KAL007_FighterInFlight 2,104,Korean Air Lines Flight 007,2026-06-09,WS,Chat GPT; Krea,,Re-spin Requested,Y,Y,,
CTD_AI_KAL007_FighterFollow_20260609_2a.mov,CTD_AI_KAL007_FighterInFlight 2,104,Korean Air Lines Flight 007,2026-06-09,WS,Chat GPT; Krea,,,Y,,,
CTD_AI_KAL007_FighterTakeoff_20260609_1a.mov,CTD_AI_KAL007_FightersScramble,104,Korean Air Lines Flight 007,2026-06-09,WS,Chat GPT; Krea,,Re-spin Requested,Y,Y,,
CTD_AI_KAL007_FighterTakeoff_20260609_1a.mov,CTD_AI_KAL007_FightersScramble,104,Korean Air Lines Flight 007,2026-06-09,WS,Chat GPT; Krea,,,Y,,,
CTD_AI_KAL007_FighterTakeoff_20260609_2a.mov,CTD_AI_KAL007_FightersScramble,104,Korean Air Lines Flight 007,2026-06-09,WS,Chat GPT; Krea,,,Y,,,
CTD_AI_KAL007_FighterTurns_20260609_1a.mov,CTD_AI_KAL007_FighterTurns,104,Korean Air Lines Flight 007,2026-06-09,WS,Chat GPT; Krea,,Re-spin Requested,Y,Y,,
CTD_AI_KAL007_FighterTurns_20260609_1b.mov,CTD_AI_KAL007_FighterTurns,104,Korean Air Lines Flight 007,2026-06-09,WS,Chat GPT; Krea,,,Y,,,
CTD_AI_KAL007_FighterTurns_20260609_1c.mov,CTD_AI_KAL007_FighterTurns,104,Korean Air Lines Flight 007,2026-06-09,WS,Chat GPT; Krea,,,Y,,,
CTD_AI_KAL007_MissileButton_20260609_1a.mov,CTD_AI_KAL007_CannonsFire 1,104,Korean Air Lines Flight 007,2026-06-09,WS,Chat GPT; Krea,,,Y,,,
CTD_AI_KAL007_MissileButton_20260609_1b.mov,CTD_AI_KAL007_CannonsFire 1,104,Korean Air Lines Flight 007,2026-06-09,WS,Chat GPT; Krea,,,Y,,,
CTD_AI_KAL007_MissileButton_20260609_1c.mov,CTD_AI_KAL007_CannonsFire 1,104,Korean Air Lines Flight 007,2026-06-09,WS,Chat GPT; Krea,,,Y,,,
CTD_AI_KAL007_MissileButton_20260609_2a.mov,CTD_AI_KAL007_CannonsFire 1,104,Korean Air Lines Flight 007,2026-06-09,WS,Chat GPT; Krea,,,Y,,,
CTD_AI_KAL007_MissileMiss_20260609_1a.mov,CTD_AI_KAL007_ExplosionInAir 1,104,Korean Air Lines Flight 007,2026-06-09,WS,Chat GPT; Krea,,Re-spin Requested,Y,Y,,
CTD_AI_KAL007_MissileMiss_20260609_1b.mov,CTD_AI_KAL007_ExplosionInAir 1,104,Korean Air Lines Flight 007,2026-06-09,WS,Chat GPT; Krea,,,Y,,,
CTD_AI_KAL007_MissileMiss_20260609_2a.mov,CTD_AI_KAL007_ExplosionInAir 1,104,Korean Air Lines Flight 007,2026-06-09,WS,Chat GPT; Krea,,,Y,,,
CTD_AI_KAL007_MissileMiss_20260609_2b.mov,CTD_AI_KAL007_ExplosionInAir 1,104,Korean Air Lines Flight 007,2026-06-09,WS,Chat GPT; Krea,,,Y,,,
CTD_AI_MRB_Concrete_20260609_1a.mov,CTD_AI_MRB_InspectingLayingConcrete 3,104,I-35 Mississippi River Bridge Collapse,2026-06-09,SM,Chat GPT; Krea,,,Y,,,
CTD_AI_MRB_Concrete_20260609_2a.mov,CTD_AI_MRB_InspectingLayingConcrete 3,104,I-35 Mississippi River Bridge Collapse,2026-06-09,SM,Chat GPT; Krea,,,Y,,,
CTD_AI_MRB_Concrete_20260609_3a.mov,CTD_AI_MRB_InspectingLayingConcrete 3,104,I-35 Mississippi River Bridge Collapse,2026-06-09,SM,Chat GPT; Krea,,,Y,,,
CTD_AI_MRB_Concrete_20260609_3b.mov,CTD_AI_MRB_InspectingLayingConcrete 3,104,I-35 Mississippi River Bridge Collapse,2026-06-09,SM,Chat GPT; Krea,,,Y,,,
CTD_AI_MRB_Gusset_20260609_1a.mov,CTD_AI_MRB_SteelBeams 1,104,I-35 Mississippi River Bridge Collapse,2026-06-09,SM,Chat GPT; Krea,,,Y,,,
CTD_AI_MRB_Gusset_20260609_1b.mov,CTD_AI_MRB_SteelBeams 1,104,I-35 Mississippi River Bridge Collapse,2026-06-09,SM,Chat GPT; Krea,,,Y,,,
CTD_AI_MRB_Gusset_20260609_2b.mov,CTD_AI_MRB_SteelBeams 1,104,I-35 Mississippi River Bridge Collapse,2026-06-09,SM,Chat GPT; Krea,,,Y,,,
CTD_AI_MRB_Jam_20260609_1a.mov,CTD_AI_MRB_LindsayTraffic 01,104,I-35 Mississippi River Bridge Collapse,2026-06-09,SM,Chat GPT; Krea,,,Y,,,
CTD_AI_MRB_kidswindow_20260609_1a.mov,CTD_AI_MRB_KidsEscapeBus 1,104,I-35 Mississippi River Bridge Collapse,2026-06-09,SM,Chat GPT; Krea,,Re-spin Requested,Y,,,
CTD_AI_MRB_kidswindow_20260609_1b.mov,CTD_AI_MRB_KidsEscapeBus 1,104,I-35 Mississippi River Bridge Collapse,2026-06-09,SM,Chat GPT; Krea,,Re-spin Requested,Y,,,
CTD_AI_MRB_kidswindow_20260609_1c.mov,CTD_AI_MRB_KidsEscapeBus 1,104,I-35 Mississippi River Bridge Collapse,2026-06-09,SM,Chat GPT; Krea,,Re-spin Requested,Y,,,
CTD_AI_TSF_7thFloorLadder_20260608_1A.mov,CTD_AI_TSF_7thFloorLadder A,104,Triangle Shirtwaist Factory,2026-06-09,JJ,Chat GPT; Krea,,,Y,,,
CTD_AI_TSF_7thFloorLadder_20260608_1B.mov,CTD_AI_TSF_7thFloorLadder B,104,Triangle Shirtwaist Factory,2026-06-09,JJ,Chat GPT; Krea,,,Y,,,
CTD_AI_TSF_BlanckHarrisWatching_20260608_1A.mov,CTD_AI_TSF_BlanckHarrisWatching,104,Triangle Shirtwaist Factory,2026-06-09,JJ,Chat GPT; Krea,,,Y,,,
CTD_AI_TSF_BlanckHarrisWatching_20260608_1B.mov,CTD_AI_TSF_BlanckHarrisWatching,104,Triangle Shirtwaist Factory,2026-06-09,JJ,Chat GPT; Krea,,,Y,,,
CTD_AI_TSF_BlanckLooksAtFactory_20260608_1A.mov,CTD_AI_TSF_BlanckLooksAtFactory A,104,Triangle Shirtwaist Factory,2026-06-09,JJ,Chat GPT; Krea,,,Y,,,
CTD_AI_TSF_BlanckLooksAtFactory_20260608_1B.mov,CTD_AI_TSF_BlanckLooksAtFactory B,104,Triangle Shirtwaist Factory,2026-06-09,JJ,Chat GPT; Krea,,,Y,,,
CTD_AI_TSF_BlanckLooksAtFactory_20260608_1C.mov,CTD_AI_TSF_BlanckLooksAtFactory C,104,Triangle Shirtwaist Factory,2026-06-09,JJ,Chat GPT; Krea,,,Y,,,
CTD_AI_TSF_BuildingExterior_20260608_1A.mov,CTD_AI_TSF_BuildingExterior,104,Triangle Shirtwaist Factory,2026-06-09,JJ,Chat GPT; Krea,,,Y,,,
CTD_AI_TSF_BuildingExterior_20260608_1B.mov,CTD_AI_TSF_BuildingExterior,104,Triangle Shirtwaist Factory,2026-06-09,JJ,Chat GPT; Krea,,Re-spin Completed,Y,Y,,
CTD_AI_TSF_CrowdYelling A_20260609.mov,CTD_AI_TSF_CrowdYelling A,104,Triangle Shirtwaist Factory,2026-06-09,JJ,Chat GPT; Krea,,,Y,,,
CTD_AI_TSF_CrowdYelling B_20260609.mov,CTD_AI_TSF_CrowdYelling B,104,Triangle Shirtwaist Factory,2026-06-09,JJ,Chat GPT; Krea,,,Y,,,
CTD_AI_TSF_FabricEverywhere_20260608_1A.mov,CTD_AI_TSF_FabricEverywhere A,104,Triangle Shirtwaist Factory,2026-06-09,JJ,Chat GPT; Krea,,,Y,,,
CTD_AI_TSF_FabricEverywhere_20260608_1B.mov,CTD_AI_TSF_FabricEverywhere B,104,Triangle Shirtwaist Factory,2026-06-09,JJ,Chat GPT; Krea,,,Y,,,
CTD_AI_TSF_FabricEverywhere_20260608_1C.mov,CTD_AI_TSF_FabricEverywhere C,104,Triangle Shirtwaist Factory,2026-06-09,JJ,Chat GPT; Krea,,,Y,,,
CTD_AI_TSF_FactoryOnFire A_20260609.mov,CTD_AI_TSF_FactoryOnFire A,104,Triangle Shirtwaist Factory,2026-06-09,JJ,Chat GPT; Krea,,Re-spin Requested,Y,,,
CTD_AI_TSF_FactoryOnFire_20260608_1A.mov,CTD_AI_TSF_FactoryOnFire A,104,Triangle Shirtwaist Factory,2026-06-09,JJ,Chat GPT; Krea,,Re-spin Requested,Y,Y,,
CTD_AI_TSF_FireEscapeCollapse C_20260609.mov,CTD_AI_TSF_FireEscapeCollapse C,104,Triangle Shirtwaist Factory,2026-06-09,JJ,Chat GPT; Krea,,Re-spin Completed,Y,Y,,
CTD_AI_TSF_FireEscapeCollapse_20260608.mov,CTD_AI_TSF_FireEscapeCollapse A,104,Triangle Shirtwaist Factory,2026-06-09,JJ,Chat GPT; Krea,,,Y,,,
CTD_AI_TSF_ForemanDousesFire A_20260609.mov,CTD_AI_TSF_ForemanDousesFire A,104,Triangle Shirtwaist Factory,2026-06-09,JJ,Chat GPT; Krea,,,Y,,,
CTD_AI_TSF_ForemanDousesFire_20260608_1A.mov,CTD_AI_TSF_ForemanDousesFire A,104,Triangle Shirtwaist Factory,2026-06-09,JJ,Chat GPT; Krea,,Re-spin Requested,Y,Y,,
CTD_AI_TSF_ForemanSeesFire B_20260609.mov,CTD_AI_TSF_ForemanSeesFire 2,104,Triangle Shirtwaist Factory,2026-06-09,JJ,Chat GPT; Krea,,,Y,,,
CTD_AI_TSF_ForemanTurns_20260608.mov,CTD_AI_TSF_ForemanTurns,104,Triangle Shirtwaist Factory,2026-06-09,JJ,Chat GPT; Krea,,Re-spin Completed,Y,,,
CTD_AI_TSF_GarmentWorkers_20260608_1A.mov,CTD_AI_TSF_GarmentWorkers A,104,Triangle Shirtwaist Factory,2026-06-09,JJ,Chat GPT; Krea,,,Y,,,
CTD_AI_TSF_GarmentWorkers_20260608_1B.mov,CTD_AI_TSF_GarmentWorkers B,104,Triangle Shirtwaist Factory,2026-06-09,JJ,Chat GPT; Krea,,,Y,,,
CTD_AI_TSF_GarmentWorkers_20260608_1C.mov,CTD_AI_TSF_GarmentWorkers C,104,Triangle Shirtwaist Factory,2026-06-09,JJ,Chat GPT; Krea,,,Y,,,
CTD_AI_TSF_ShepherdLookingUp_20260609_1A.mov,CTD_AI_TSF_ShepherdLookingUp,104,Triangle Shirtwaist Factory,2026-06-09,JJ,Chat GPT; Krea,,,Y,,,
CTD_AI_TSF_WorkersCoughing C_20260609.mov,CTD_AI_TSF_WorkersCoughing 3,104,Triangle Shirtwaist Factory,2026-06-09,JJ,Chat GPT; Krea,,Re-spin Requested,Y,Y,,
CTD_AI_TSF_WorkersJammed A_20260609.mov,CTD_AI_TSF_WorkersJammed 1,104,Triangle Shirtwaist Factory,2026-06-09,JJ,Chat GPT; Krea,,Re-spin Requested,Y,Y,,
CTD_AI_TSF_WorkersPanic B_20260609.mov,CTD_AI_TSF_WorkersPanic 2,104,Triangle Shirtwaist Factory,2026-06-09,JJ,Chat GPT; Krea,,,Y,,,
CTD_AI_CCS_LightsFlicker_20260611_1a.mov,CTD_AI_TSF_Stampede01,104,Triangle Shirtwaist Factory,2026-06-11,WS,Chat GPT; Krea,,,Y,,,
CTD_AI_CCS_LightsFlicker_20260611_1b.mov,CTD_AI_TSF_Stampede01,104,Triangle Shirtwaist Factory,2026-06-11,WS,Chat GPT; Krea,,,Y,,,
CTD_AI_CCS_LightsFlicker_20260611_1c.mov,CTD_AI_TSF_Stampede01,104,Triangle Shirtwaist Factory,2026-06-11,WS,Chat GPT; Krea,,,Y,,,
CTD_AI_CCS_LightsFlicker_20260611_1d.mov,CTD_AI_TSF_Stampede01,104,Triangle Shirtwaist Factory,2026-06-11,WS,Chat GPT; Krea,,,Y,,,
CTD_AI_CCS_LightsFlicker_20260611_2a.mov,CTD_AI_TSF_Stampede01,104,Triangle Shirtwaist Factory,2026-06-11,WS,Chat GPT; Krea,,,Y,,,
CTD_AI_KAL007_747Crashes B_260624_1a.mov,CTD_AI_KAL007_747Crashes 2,104,Korean Air Lines Flight 007,2026-06-24,Marty,Krea; Nano Banana,,,Y,,,
CTD_AI_KAL007_747Crashes B_260624_1b.mov,CTD_AI_KAL007_747Crashes 2,104,Korean Air Lines Flight 007,2026-06-24,Marty,Krea; Nano Banana,,,Y,,,
CTD_AI_KAL007_747Crashes B_260624_2a.mov,CTD_AI_KAL007_747Crashes 2,104,Korean Air Lines Flight 007,2026-06-24,Marty,Krea; Nano Banana,,,Y,,,
CTD_AI_KAL007_747Crashes B_260624_2b.mov,CTD_AI_KAL007_747Crashes 2,104,Korean Air Lines Flight 007,2026-06-24,Marty,Krea; Nano Banana,,,Y,,,
CTD_AI_KAL007_747Crashes B_260624_2c.mov,CTD_AI_KAL007_747Crashes 2,104,Korean Air Lines Flight 007,2026-06-24,PAUL/IAN,Krea; Chat GPT,,,Y,,,
CTD_AI_KAL007_747On Tarmac_260624_1a.mov,CTD_AI_KAL007_On Tarmac,104,Korean Air Lines Flight 007,2026-06-24,Marty,Krea; Nano Banana,,,Y,,,
CTD_AI_KAL007_747On Tarmac_260624_2a.mov,CTD_AI_KAL007_On Tarmac,104,Korean Air Lines Flight 007,2026-06-24,Marty,Krea; Nano Banana,,,Y,,,
CTD_AI_KAL007_747On Tarmac_260624_3a.mov,CTD_AI_KAL007_On Tarmac,104,Korean Air Lines Flight 007,2026-06-24,Marty,Krea; Nano Banana,,,Y,,,
CTD_AI_KAL007_747On Tarmac_260624_4a.mov,CTD_AI_KAL007_On Tarmac,104,Korean Air Lines Flight 007,2026-06-24,Marty,Krea; Nano Banana,,,Y,,,
CTD_AI_KAL007_Takeoff_20260624_1a.mov,CTD_AI_KAL007_Takeoff,104,Korean Air Lines Flight 007,2026-06-24,Marty,Krea; Nano Banana,,,Y,,,
CTD_AI_KAL007_Takeoff_20260624_2a.mov,CTD_AI_KAL007_Takeoff,104,Korean Air Lines Flight 007,2026-06-24,Marty,Krea; Nano Banana,,,Y,,,
CTD_AI_KAL007_Takeoff_20260624_3a.mov,CTD_AI_KAL007_Takeoff,104,Korean Air Lines Flight 007,2026-06-24,Marty,Krea; Nano Banana,,,Y,,,
CTD_AI_KAL007_747Crashes A_20260625_1a.mov,CTD_AI_KAL007_747Crashes 1,104,Korean Air Lines Flight 007,2026-06-26,Marty,Krea; Nano Banana,,,Y,,,
CTD_AI_KAL007_747Crashes A_20260625_2a.mov,CTD_AI_KAL007_747Crashes 1,104,Korean Air Lines Flight 007,2026-06-26,Marty,Krea; Nano Banana,,,Y,,,
CTD_AI_KAL007_747Crashes A_20260625_2b.mov,CTD_AI_KAL007_747Crashes 1,104,Korean Air Lines Flight 007,2026-06-26,Marty,Krea; Chat GPT,,,Y,,,
CTD_AI_KAL007_CaptainInHeadset A_20260626_1a.mov,CTD_AI_KAL007_CaptainInHeadset 1,104,Korean Air Lines Flight 007,2026-06-26,Marty,Krea; Chat GPT,,,Y,,,
CTD_AI_KAL007_CaptainInHeadset A_20260626_1b.mov,CTD_AI_KAL007_CaptainInHeadset 1,104,Korean Air Lines Flight 007,2026-06-26,Marty,Krea; Chat GPT,,,Y,,,
CTD_AI_KAL007_CaptainInHeadset B_20260625_1a.mov,CTD_AI_KAL007_CaptainInHeadset 2,104,Korean Air Lines Flight 007,2026-06-26,Marty,Krea; Chat GPT,,,Y,,,
CTD_AI_KAL007_CaptainInHeadset B_20260625_3a.mov,CTD_AI_KAL007_CaptainInHeadset 2,104,Korean Air Lines Flight 007,2026-06-26,Marty,Krea; Chat GPT,,,Y,,,
CTD_AI_KAL007_FlightCrewControls_20260626_1a.mov,CTD_AI_KAL007_FlightCrewControls,104,Korean Air Lines Flight 007,2026-06-26,Marty,Krea; Chat GPT,,,Y,,,
CTD_AI_KAL007_FlightCrewControls_20260626_2a.mov,CTD_AI_KAL007_FlightCrewControls,104,Korean Air Lines Flight 007,2026-06-26,Marty,Krea; Chat GPT,,,Y,,,
CTD_AI_KAL007_InputtingCoordinates A_20260625_1a.mov,CTD_AI_KAL007_InputtingCoordinates A,104,Korean Air Lines Flight 007,2026-06-26,Marty,Krea; Chat GPT,,,Y,,,
CTD_AI_KAL007_InputtingCoordinates A_20260625_1b.mov,CTD_AI_KAL007_InputtingCoordinates A,104,Korean Air Lines Flight 007,2026-06-26,Marty,Krea; Chat GPT,,,Y,,,
CTD_AI_KAL007_InputtingCoordinates A_20260625_2a.mov,CTD_AI_KAL007_InputtingCoordinates A,104,Korean Air Lines Flight 007,2026-06-26,Marty,Krea; Chat GPT,,,Y,,,
CTD_AI_KAL007_InputtingCoordinates A_20260625_3a.mov,CTD_AI_KAL007_InputtingCoordinates A,104,Korean Air Lines Flight 007,2026-06-26,Marty,Krea; Nano Banana,,,Y,,,
CTD_AI_KAL007_InputtingCoordinates B_20260625_1a.mov,CTD_AI_KAL007_InputtingCoordinates B,104,Korean Air Lines Flight 007,2026-06-26,Marty,Krea; Chat GPT,,Re-spin Requested,Y,Y,,
CTD_AI_KAL007_InputtingCoordinates B_20260625_1b.mov,CTD_AI_KAL007_InputtingCoordinates B,104,Korean Air Lines Flight 007,2026-06-26,Marty,Krea; Nano Banana,,,Y,,,
CTD_AI_KAL007_InputtingCoordinates B_20260625_2a.mov,CTD_AI_KAL007_InputtingCoordinates B,104,Korean Air Lines Flight 007,2026-06-26,Marty,Krea; Chat GPT,,,Y,,,
CTD_AI_CCS_Stampede02_20260629_1a.mov,CTD_AI_TSF_Stampede02,104,Triangle Shirtwaist Factory,2026-06-29,WS,Krea; Chat GPT,,,Y,,,
CTD_AI_CCS_Stampede02_20260629_1b.mov,CTD_AI_TSF_Stampede02,104,Triangle Shirtwaist Factory,2026-06-29,WS,Krea; Chat GPT,,,Y,,,
CTD_AI_CCS_Stampede02_20260629_2a.mov,CTD_AI_TSF_Stampede02,104,Triangle Shirtwaist Factory,2026-06-29,WS,Krea; Chat GPT,,,Y,,,
CTD_AI_CCS_Stampede02_20260629_2b.mov,CTD_AI_TSF_Stampede02,104,Triangle Shirtwaist Factory,2026-06-29,WS,Krea; Chat GPT,,,Y,,,
CTD_AI_CCS_Stampede02_20260629_2c.mov,CTD_AI_TSF_Stampede02,104,Triangle Shirtwaist Factory,2026-06-29,WS,Krea; Chat GPT,,,Y,,,
CTD_AI_KAL007_FirstOfficerQuestions__20260629_v1.mov,CTD_AI_KAL007_FirstOfficerQuestions,104,Korean Air Lines Flight 007,2026-06-29,Marty,Krea; Chat GPT,,Re-spin Requested,Y,Y,,
CTD_AI_KAL007_FirstOfficerQuestions__20260629_v2.mov,CTD_AI_KAL007_FirstOfficerQuestions,104,Korean Air Lines Flight 007,2026-06-29,Marty,Krea; Chat GPT,,,Y,,,
CTD_AI_KAL007_PanicOxygenMasks_20260629_v1.mov,CTD_AI_KAL007_PanicOxygenMasks,104,Korean Air Lines Flight 007,2026-06-29,Marty,Krea; Chat GPT,,,Y,,,
CTD_AI_KAL007_PanicOxygenMasks_20260629_v2.mov,CTD_AI_KAL007_PanicOxygenMasks,104,Korean Air Lines Flight 007,2026-06-29,Marty,Krea; Chat GPT,,Re-spin Requested,Y,Y,,
CTD_AI_KAL007_Passengers_202606_29_1a.mov,CTD_AI_KAL007_Passengers,104,Korean Air Lines Flight 007,2026-06-29,Marty,Krea; Chat GPT,,,Y,,,
CTD_AI_KAL007_Passengers_202606_29_1b.mov,CTD_AI_KAL007_Passengers,104,Korean Air Lines Flight 007,2026-06-29,Marty,Krea; Chat GPT,,Re-spin Requested,Y,Y,,
CTD_AI_KAL007_Passengers_202606_29_2a.mov,CTD_AI_KAL007_Passengers,104,Korean Air Lines Flight 007,2026-06-29,Marty,Krea; Chat GPT,,Re-spin Requested,Y,,,
CTD_AI_KAL007_Passengers_202606_29_3a.mov,CTD_AI_KAL007_Passengers,104,Korean Air Lines Flight 007,2026-06-29,Marty,Krea; Chat GPT,,,Y,,,
CTD_AI_KAL007_WrestleControls_20260629_v1.mov,CTD_AI_KAL007_WrestleControls,104,Korean Air Lines Flight 007,2026-06-29,Marty,Krea; Nano Banana,,,Y,,,
CTD_AI_KAL007_WrestleControls_20260629_v2.mov,CTD_AI_KAL007_WrestleControls,104,Korean Air Lines Flight 007,2026-06-29,Marty,Krea; Nano Banana,,Re-spin Requested,Y,Y,,
CTD_AI_KAL007_WrestleControls_20260629_v3.mov,CTD_AI_KAL007_WrestleControls,104,Korean Air Lines Flight 007,2026-06-29,Marty,Krea; Nano Banana,,,Y,,,
CTD_AI_KAL007_747 In Flight 2_260630_1a.mov,CTD_AI_KAL007_747 In Flight 2,104,Korean Air Lines Flight 007,2026-06-30,Marty,Krea; Chat GPT,,,Y,,,
CTD_AI_KAL007_747 In Flight 2_260630_1b.mov,CTD_AI_KAL007_747 In Flight 2,104,Korean Air Lines Flight 007,2026-06-30,Marty,Krea; Chat GPT,,,Y,,,
CTD_AI_KAL007_747 In Flight_20260630_1b.mov,CTD_AI_KAL007_747 In Flight,104,Korean Air Lines Flight 007,2026-06-30,Marty,Krea; Chat GPT,,Re-spin Requested,Y,Y,,
CTD_AI_KAL007_747 In Flight_260630_1a.mov,CTD_AI_KAL007_747 In Flight,104,Korean Air Lines Flight 007,2026-06-30,Marty,Krea; Chat GPT,,,Y,,,
CTD_AI_KAL007_747_CannonsFire 3_20260630_1a.mov,CTD_AI_KAL007_CannonsFire 3,104,Korean Air Lines Flight 007,2026-06-30,Marty,Krea; Chat GPT,,Re-spin Requested,Y,Y,,
CTD_AI_KAL007_747_CannonsFire 4_20260630_1a.mov,CTD_AI_KAL007_CannonsFire 4,104,Korean Air Lines Flight 007,2026-06-30,Marty,Krea; Chat GPT,,,Y,,,
CTD_AI_KAL007_747_CannonsFire 4_20260630_1b.mov,CTD_AI_KAL007_CannonsFire 4,104,Korean Air Lines Flight 007,2026-06-30,Marty,Krea; Chat GPT,,,Y,,,
CTD_AI_KAL007_747_MissileButton 1_260630_1a.mov,CTD_AI_KAL007_MissileButton 1,104,Korean Air Lines Flight 007,2026-06-30,Marty,Krea; Chat GPT,,Re-spin Requested,Y,Y,,
CTD_AI_KAL007_747_MissileButton 1_260630_1b.mov,CTD_AI_KAL007_MissileButton 1,104,Korean Air Lines Flight 007,2026-06-30,Marty,Krea; Chat GPT,,,Y,,,
CTD_AI_KAL007_747_MissileButton 2_260630_1a.mov,CTD_AI_KAL007_MissileButton 2,104,Korean Air Lines Flight 007,2026-06-30,Marty,Krea; Chat GPT,,,Y,,,
CTD_AI_KAL007_747_MissileButton 2_260630_2a.mov,CTD_AI_KAL007_MissileButton 2,104,Korean Air Lines Flight 007,2026-06-30,Marty,Krea; Nano Banana,,,Y,,,
CTD_AI_KAL007_747Crashes 3_20260702_1a.mov,CTD_AI_KAL007_747Crashes 3,104,Korean Air Lines Flight 007,2026-07-02,Marty,Krea; Chat GPT,,,Y,,,
CTD_AI_KAL007_747Crashes 3_20260702_1b.mov,CTD_AI_KAL007_747Crashes 3,104,Korean Air Lines Flight 007,2026-07-02,Marty,Krea; Chat GPT,,,Y,,,
CTD_AI_KAL007_747Crashes 3_20260702_2a.mov,CTD_AI_KAL007_747Crashes 3,104,Korean Air Lines Flight 007,2026-07-02,Marty,Krea; Chat GPT,,,Y,,,
CTD_AI_KAL007_747Crashes 3_20260702_2b.mov,CTD_AI_KAL007_747Crashes 3,104,Korean Air Lines Flight 007,2026-07-02,Marty,Krea; Chat GPT,,,Y,,,
CTD_AI_KAL007_747Crashes 3_20260702_2c.mov,CTD_AI_KAL007_747Crashes 3,104,Korean Air Lines Flight 007,2026-07-02,Marty,Krea; Chat GPT,,,Y,,,
CTD_AI_KAL007_747Crashes 3_20260702_2d.mov,CTD_AI_KAL007_747Crashes 3,104,Korean Air Lines Flight 007,2026-07-02,Marty,Krea; Chat GPT,,,Y,,,
CTD_AI_KAL007_747InDarkness 2_20260702_1a.mov,CTD_AI_KAL007_747InDarkness 2,104,Korean Air Lines Flight 007,2026-07-02,Marty,Krea; Chat GPT,,,Y,,,
CTD_AI_KAL007_747InDarkness 2_20260702_1b.mov,CTD_AI_KAL007_747InDarkness 2,104,Korean Air Lines Flight 007,2026-07-02,Marty,Krea; Chat GPT,,,Y,,,
CTD_AI_KAL007_ExplosionInAir 2_20260702_1a.mov,CTD_AI_KAL007_ExplosionInAir 2,104,Korean Air Lines Flight 007,2026-07-02,Marty,Krea; Nano Banana,,,Y,,,
CTD_AI_KAL007_ExplosionInAir 2_20260702_1b.mov,CTD_AI_KAL007_ExplosionInAir 2,104,Korean Air Lines Flight 007,2026-07-02,Marty,Krea; Chat GPT,,,Y,,,
CTD_AI_KAL007_ExplosionInAir 2_20260702_1d.mov,CTD_AI_KAL007_ExplosionInAir 2,104,Korean Air Lines Flight 007,2026-07-02,Marty,Krea; Chat GPT,,Re-spin Requested,Y,Y,,
CTD_AI_KAL007_ExplosionInAir 2_20260702_1e.mov,CTD_AI_KAL007_ExplosionInAir 2,104,Korean Air Lines Flight 007,2026-07-02,Marty,Krea; Chat GPT,,,Y,,,
CTD_AI_KAL007_PanicOxygenMasks 2_20260702_1a.mov,CTD_AI_KAL007_PanicOxygenMasks 2,104,Korean Air Lines Flight 007,2026-07-02,Marty,Krea; Chat GPT,,,Y,,,
CTD_AI_KAL007_PanicOxygenMasks 2_20260702_1b.mov,CTD_AI_KAL007_PanicOxygenMasks 2,104,Korean Air Lines Flight 007,2026-07-02,Marty,Krea; Chat GPT,,,Y,,,
CTD_AI_KAL007_PanicOxygenMasks 2_20260702_1c.mov,CTD_AI_KAL007_PanicOxygenMasks 2,104,Korean Air Lines Flight 007,2026-07-02,Marty,Krea; Chat GPT,,,Y,,,
CTD_AI_KAL007_PanicOxygenMasks 2_20260702_2a.mov,CTD_AI_KAL007_PanicOxygenMasks 2,104,Korean Air Lines Flight 007,2026-07-02,Marty,Krea; Chat GPT,,,Y,,,
CTD_AI_KAL007_PanicOxygenMasks 2_20260702_3a.mov,CTD_AI_KAL007_PanicOxygenMasks 2,104,Korean Air Lines Flight 007,2026-07-02,Marty,Krea; Chat GPT,,,Y,,,
CTD_AI_KAL007_PilotsInCockpit_20260702_1a.mov,CTD_AI_KAL007_PilotsInCockpit,104,Korean Air Lines Flight 007,2026-07-02,Marty,Krea; Chat GPT,,,Y,,,
CTD_AI_KAL007_PilotsInCockpit_20260702_1b.mov,CTD_AI_KAL007_PilotsInCockpit,104,Korean Air Lines Flight 007,2026-07-02,Marty,Krea; Chat GPT,,Re-spin Requested,Y,Y,,
CTD_AI_ORA_35FootWavesA_20260706_1a.mov,CTD_AI_ORA_35FootWaves A,104,Ocean Ranger,2026-07-06,JJ,,,Re-spin Requested,Y,Y,,
CTD_AI_ORA_35FootWavesB_20260706_1a.mov,CTD_AI_ORA_35FootWaves B,104,Ocean Ranger,2026-07-06,JJ,,,Re-spin Requested,Y,Y,,
CTD_AI_ORA_35FootWavesB_20260706_1b.mov,CTD_AI_ORA_35FootWaves B,104,Ocean Ranger,2026-07-06,JJ,,,Re-spin Requested,Y,Y,,
CTD_AI_ORA_BoatsCapsizeB_20260706_1a.mov,CTD_AI_ORA_BoatsCapsize B,104,Ocean Ranger,2026-07-06,JJ,,,,Y,,,
CTD_AI_ORA_BoatsCapsizeC_20260706_1a.mov,CTD_AI_ORA_BoatsCapsize C,104,Ocean Ranger,2026-07-06,JJ,,,,Y,,,
CTD_AI_ORA_BoatsCapsizeC_20260706_1b.mov,CTD_AI_ORA_BoatsCapsize C,104,Ocean Ranger,2026-07-06,JJ,,,,Y,,,
CTD_AI_ORA_BoatsCapsizeD_20260706_1a.mov,CTD_AI_ORA_BoatsCapsize D,104,Ocean Ranger,2026-07-06,JJ,,,,Y,,,
CTD_AI_ORA_ControlPanelDamagedA_20260706_1a.mov,CTD_AI_ORA_ControlPanelDamaged A,104,Ocean Ranger,2026-07-06,JJ,,,,Y,,,
CTD_AI_ORA_ControlPanelDamagedA_20260706_1b.mov,CTD_AI_ORA_ControlPanelDamaged A,104,Ocean Ranger,2026-07-06,JJ,,,,Y,,,
CTD_AI_ORA_ControlPanelDamagedB_20260706_1a.mov,CTD_AI_ORA_ControlPanelDamaged B,104,Ocean Ranger,2026-07-06,JJ,,,,Y,,,
CTD_AI_ORA_ControlPanelDamagedC_20260706_1a.mov,CTD_AI_ORA_ControlPanelDamaged C,104,Ocean Ranger,2026-07-06,JJ,,,Re-spin Requested,Y,,,
CTD_AI_ORA_CrewAbandonsRig_20260706_1a.mov,CTD_AI_ORA_CrewAbandonsRig,104,Ocean Ranger,2026-07-06,JJ,,,Re-spin Requested,Y,Y,,
CTD_AI_ORA_CrewAbandonsRig_20260706_1b.mov,CTD_AI_ORA_CrewAbandonsRig,104,Ocean Ranger,2026-07-06,JJ,,,Re-spin Requested,Y,,,
CTD_AI_ORA_CrewAtControlPanelB_20260706_1a.mov,CTD_AI_ORA_CrewAtControlPanel B,104,Ocean Ranger,2026-07-06,JJ,,,,Y,,,
CTD_AI_ORA_CrewAtControlPanelC_20260706_1a.mov,CTD_AI_ORA_CrewAtControlPanel C,104,Ocean Ranger,2026-07-06,JJ,,,,Y,,,
CTD_AI_ORA_HighlanderBattlesSeaA_20260706_1a.mov,CTD_AI_ORA_HighlanderBattlesSea A,104,Ocean Ranger,2026-07-06,JJ,,,,Y,,,
CTD_AI_ORA_HighlanderBattlesSeaA_20260706_1b.mov,CTD_AI_ORA_HighlanderBattlesSea A,104,Ocean Ranger,2026-07-06,JJ,,,Re-spin Requested,Y,Y,,
CTD_AI_ORA_HighlanderBattlesSeaB_20260706_1a.mov,CTD_AI_ORA_HighlanderBattlesSea B,104,Ocean Ranger,2026-07-06,JJ,,,,Y,,,
CTD_AI_ORA_LifelinesThrownA_20260706_1a.mov,CTD_AI_ORA_LifelinesThrown A,104,Ocean Ranger,2026-07-06,JJ,,,Re-spin Requested,Y,Y,,
CTD_AI_ORA_LifelinesThrownB_20260706_1a.mov,CTD_AI_ORA_LifelinesThrown B,104,Ocean Ranger,2026-07-06,JJ,,,,Y,,,
CTD_AI_ORA_LifelinesThrownB_20260706_1b.mov,CTD_AI_ORA_LifelinesThrown B,104,Ocean Ranger,2026-07-06,JJ,,,,Y,,,
CTD_AI_ORA_LifelinesThrownB_20260706_1c.mov,CTD_AI_ORA_LifelinesThrown B,104,Ocean Ranger,2026-07-06,JJ,,,,Y,,,
CTD_AI_ORA_LifelinesThrownC_20260706_1a.mov,CTD_AI_ORA_LifelinesThrown C,104,Ocean Ranger,2026-07-06,JJ,,,,Y,,,
CTD_AI_ORA_PortholeSmashed_20260706_1a.mov,CTD_AI_ORA_PortholeSmashed,104,Ocean Ranger,2026-07-06,JJ,,,,Y,,,
CTD_AI_ORA_RadioOperatorA_20260706_1a.mov,CTD_AI_ORA_RadioOperator A,104,Ocean Ranger,2026-07-06,JJ,,,,Y,,,
CTD_AI_ORA_RadioOperatorA_20260706_1b.mov,CTD_AI_ORA_RadioOperator A,104,Ocean Ranger,2026-07-06,JJ,,,,Y,,,
CTD_AI_ORA_RadioOperatorB_20260706_1a.mov,CTD_AI_ORA_RadioOperator B,104,Ocean Ranger,2026-07-06,JJ,,,,Y,,,
CTD_AI_ORA_RadioOperatorC_20260706_1a.mov,CTD_AI_ORA_RadioOperator C,104,Ocean Ranger,2026-07-06,JJ,,,,Y,,,
CTD_AI_ORA_RadioOperatorGoodbye_20260706_1a.mov,CTD_AI_ORA_RadioOperatorGoodbye,104,Ocean Ranger,2026-07-06,JJ,,,,Y,,,
CTD_AI_ORA_RadioOperatorInMic_20260706_1a.mov,CTD_AI_ORA_RadioOperatorInMic,104,Ocean Ranger,2026-07-06,JJ,,,,Y,,,
CTD_AI_ORA_RadioOperatorInMic_20260706_1b.mov,CTD_AI_ORA_RadioOperatorInMic,104,Ocean Ranger,2026-07-06,JJ,,,,Y,,,
CTD_AI_ORA_RadioOperatorPleas_20260706_1a.mov,CTD_AI_ORA_RadioOperatorPleas,104,Ocean Ranger,2026-07-06,JJ,,,,Y,,,
CTD_AI_ORA_RangerCapsizesA_20260706_1a.mov,CTD_AI_ORA_RangerCapsizes A,104,Ocean Ranger,2026-07-06,JJ,,,,Y,,,
CTD_AI_ORA_RangerCapsizesA_20260706_1b.mov,CTD_AI_ORA_RangerCapsizes A,104,Ocean Ranger,2026-07-06,JJ,,,,Y,,,
CTD_AI_ORA_RangerCapsizesA_20260706_1c.mov,CTD_AI_ORA_RangerCapsizes A,104,Ocean Ranger,2026-07-06,JJ,,,,Y,,,
CTD_AI_ORA_RangerCapsizesB_20260706_1a.mov,CTD_AI_ORA_RangerCapsizes B,104,Ocean Ranger,2026-07-06,JJ,,,,Y,,,
CTD_AI_ORA_RangerCapsizesB_20260706_1b.mov,CTD_AI_ORA_RangerCapsizes B,104,Ocean Ranger,2026-07-06,JJ,,,,Y,,,
CTD_AI_ORA_RescueAbandonedA_20260706_1a.mov,CTD_AI_ORA_RescueAdandoned A,104,Ocean Ranger,2026-07-06,JJ,,,,Y,,,
CTD_AI_ORA_RescueAbandonedB_20260706_1a.mov,CTD_AI_ORA_RescueAdandoned B,104,Ocean Ranger,2026-07-06,JJ,,,,Y,,,
CTD_AI_ORA_RescueAbandonedB_20260706_1b.mov,CTD_AI_ORA_RescueAdandoned B,104,Ocean Ranger,2026-07-06,JJ,,,Re-spin Requested,Y,Y,,
CTD_AI_ORA_RescueAbandonedB_20260706_1c.mov,CTD_AI_ORA_RescueAdandoned B,104,Ocean Ranger,2026-07-06,JJ,,,,Y,,,
CTD_AI_ORA_RescueAbandonedC_20260706_1a.mov,CTD_AI_ORA_RescueAdandoned C,104,Ocean Ranger,2026-07-06,JJ,,,,Y,,,
CTD_AI_ORA_RescueAbandonedC_20260706_1b.mov,CTD_AI_ORA_RescueAdandoned C,104,Ocean Ranger,2026-07-06,JJ,,,,Y,,,
CTD_AI_ORA_RigListing_20260706_1a.mov,CTD_AI_ORA_RigListing,104,Ocean Ranger,2026-07-06,JJ,,,Re-spin Requested,Y,Y,,
CTD_AI_ORA_RigListing_20260706_1b.mov,CTD_AI_ORA_RigListing,104,Ocean Ranger,2026-07-06,JJ,,,Re-spin Requested,Y,Y,,
CTD_AI_ORA_RigLists10Degrees_20260706_1a.mov,CTD_AI_ORA_RigLists10Degrees,104,Ocean Ranger,2026-07-06,JJ,,,,Y,,,
CTD_AI_ORA_RigLists10Degrees_20260706_1b.mov,CTD_AI_ORA_RigLists10Degrees,104,Ocean Ranger,2026-07-06,JJ,,,Re-spin Requested,Y,Y,,
CTD_AI_ORA_RigLists10Degrees_20260706_1c.mov,CTD_AI_ORA_RigLists10Degrees,104,Ocean Ranger,2026-07-06,JJ,,,,Y,,,
CTD_AI_ORA_RigListsCrewStruggles_20260706_1a.mov,CTD_AI_ORA_RigListsCrewStruggles,104,Ocean Ranger,2026-07-06,JJ,,,,Y,,,
CTD_AI_ORA_RigListsCrewStruggles_20260706_1b.mov,CTD_AI_ORA_RigListsCrewStruggles,104,Ocean Ranger,2026-07-06,JJ,,,,Y,,,
CTD_AI_ORA_WorkersInStormyWater_20260706_1a.mov,CTD_AI_ORA_WorkersInStormyWater,104,Ocean Ranger,2026-07-06,JJ,,,,Y,,,
CTD_AI_TSF_FireEscapeCollapse_B1_20260706.mov,CTD_AI_TSF_FireEscapeCollapse B,104,Triangle Shirtwaist Factory,2026-07-06,JJ,,,Re-spin Requested,Y,Y,,
CTD_AI_TSF_GarmentWorkers_E1_20260623.mov,CTD_AI_TSF_GarmentWorkers E,104,Triangle Shirtwaist Factory,2026-07-06,JJ,,,,Y,,,
CTD_AI_TSF_GarmentWorkers_E2_20260623.mov,CTD_AI_TSF_GarmentWorkers E,104,Triangle Shirtwaist Factory,2026-07-06,JJ,,,,Y,,,
CTD_AI_TSF_GarmentWorkers_F1_20260706.mov,CTD_AI_TSF_GarmentWorkers F,104,Triangle Shirtwaist Factory,2026-07-06,JJ,,,Re-spin Completed,Y,Y,,
CTD_AI_TSF_Stampede_1A_20260706.mov,CTD_AI_TSF_Stampede01,104,Triangle Shirtwaist Factory,2026-07-06,JJ,,,,Y,,,
CTD_AI_TSF_Stampede_2A_20260706.mov,CTD_AI_TSF_Stampede02,104,Triangle Shirtwaist Factory,2026-07-06,JJ,,,,Y,,,
CTD_AI_TSF_Stampede_2B_20260706.mov,CTD_AI_TSF_Stampede02,104,Triangle Shirtwaist Factory,2026-07-06,JJ,,,,Y,,,
CTD_AI_TSF_Stampede_4A_20260706.mov,CTD_AI_TSF_Stampede 4,104,Triangle Shirtwaist Factory,2026-07-06,JJ,,,,Y,,,
CTD_AI_TSF_WomanOnLedge_A1_20260706.mov,CTD_AI_TSF_WomanOnLedge 1,104,Triangle Shirtwaist Factory,2026-07-06,JJ,,,,Y,,,
CTD_AI_TSF_WomanOnLedge_B1_20260706.mov,CTD_AI_TSF_WomanOnLedge 2,104,Triangle Shirtwaist Factory,2026-07-06,JJ,,,,Y,,,
CTD_AI_TSF_WomanOnLedge_B2_20260706.mov,CTD_AI_TSF_WomanOnLedge 2,104,Triangle Shirtwaist Factory,2026-07-06,JJ,,,,Y,,,
CTD_AI_TSF_WomanOnLedge_B3_20260706.mov,CTD_AI_TSF_WomanOnLedge 2,104,Triangle Shirtwaist Factory,2026-07-06,JJ,,,,Y,,,
CTD_AI_MRB_BridgeTraffic3_20260707_1a.mov,CTD_AI_MRB_BridgeTraffic_3_1b,104,I-35 Mississippi River Bridge Collapse,2026-07-07,WS,Chat GPT; Krea,,,Y,,,
CTD_AI_MRB_BridgeTraffic3_20260707_1b.mov,CTD_AI_MRB_BridgeTraffic_3_1b,104,I-35 Mississippi River Bridge Collapse,2026-07-07,WS,Chat GPT; Krea,,Re-spin Completed,Y,,,
CTD_AI_MRB_BridgeTraffic4_20260707_1a.mov,CTD_AI_MRB_BridgeTraffic 4,104,I-35 Mississippi River Bridge Collapse,2026-07-07,WS,Chat GPT; Krea,,,Y,,,
CTD_AI_MRB_BridgeTraffic4_20260707_1b.mov,CTD_AI_MRB_BridgeTraffic 4,104,I-35 Mississippi River Bridge Collapse,2026-07-07,WS,Chat GPT; Krea,,,Y,,,
CTD_AI_MRB_BridgeTraffic4_20260707_2a.mov,CTD_AI_MRB_BridgeTraffic 4,104,I-35 Mississippi River Bridge Collapse,2026-07-07,WS,Chat GPT; Krea,,Re-spin Completed,Y,Y,,
CTD_AI_MRB_BridgeTraffic5_20260707_1a.mov,CTD_AI_MRB_BridgeTraffic 5,104,I-35 Mississippi River Bridge Collapse,2026-07-07,WS,Chat GPT; Krea,,Re-spin Requested,Y,Y,,
CTD_AI_MRB_BridgeTraffic5_20260707_2a.mov,CTD_AI_MRB_BridgeTraffic 5,104,I-35 Mississippi River Bridge Collapse,2026-07-07,WS,Chat GPT; Krea,,Re-spin Requested,Y,Y,,
CTD_AI_MRB_BridgeTraffic6_20260707_1a.mov,CTD_AI_MRB_BridgeTraffic 6,104,I-35 Mississippi River Bridge Collapse,2026-07-07,WS,Chat GPT; Krea,,,Y,,,
CTD_AI_MRB_BridgeTraffic6_20260707_1b.mov,CTD_AI_MRB_BridgeTraffic 6,104,I-35 Mississippi River Bridge Collapse,2026-07-07,WS,Chat GPT; Krea,,,Y,,,
CTD_AI_MRB_MachineryAndEquipment3_20260707_1a.mov,CTD_AI_MRB_MachineryAndEquipment 3,104,I-35 Mississippi River Bridge Collapse,2026-07-07,WS,Chat GPT; Krea,,,Y,,,
CTD_AI_MRB_MachineryAndEquipment3_20260707_1b.mov,CTD_AI_MRB_MachineryAndEquipment 3,104,I-35 Mississippi River Bridge Collapse,2026-07-07,WS,Chat GPT; Krea,,,Y,,,
CTD_AI_MRB_SteelBeamsBridge&ConcretePiers_20260707_1a.mov,CTD_AI_MRB_* SteelBeamsBridge&Concrete Piers,104,I-35 Mississippi River Bridge Collapse,2026-07-07,WS,Chat GPT; Krea,,,Y,,,
CTD_AI_MRB_SteelBeamsBridge&ConcretePiers_20260707_1b.mov,CTD_AI_MRB_* SteelBeamsBridge&Concrete Piers,104,I-35 Mississippi River Bridge Collapse,2026-07-07,WS,Chat GPT; Krea,,,Y,,,
CTD_AI_MRB_SteelBeamsBridge&ConcretePiers_20260707_2a.mov,CTD_AI_MRB_* SteelBeamsBridge&Concrete Piers,104,I-35 Mississippi River Bridge Collapse,2026-07-07,WS,Chat GPT; Krea,,Re-spin Completed,Y,Y,,
CTD_AI_MRB_SteelBeamsBridge&ConcretePiers_20260707_2b.mov,CTD_AI_MRB_* SteelBeamsBridge&Concrete Piers,104,I-35 Mississippi River Bridge Collapse,2026-07-07,WS,Chat GPT; Krea,,,Y,,,
CTD_AI_MRB_SwimToSurface2_20260707_1a.mov,CTD_AI_MRB_SwimToSurface 2,104,I-35 Mississippi River Bridge Collapse,2026-07-07,WS,Chat GPT; Krea,,,Y,,,
CTD_AI_MRB_SwimToSurface2_20260707_1b.mov,CTD_AI_MRB_SwimToSurface 2,104,I-35 Mississippi River Bridge Collapse,2026-07-07,WS,Chat GPT; Krea,,,Y,,,
CTD_AI_SMI_CrewFollowsJones B_20260707_1a.mov,CTD_AI_SMI_CrewFollowsJones B,104,Sago Mine,2026-07-07,Marty,Krea; Chat GPT,,,Y,,,
CTD_AI_SMI_CrewFollowsJones B_20260707_1b.mov,CTD_AI_SMI_CrewFollowsJones B,104,Sago Mine,2026-07-07,Marty,Krea; Chat GPT,,,Y,,,
CTD_AI_SMI_CrewFollowsJones C_20260707_1a.mov,CTD_AI_SMI_CrewFollowsJones C,104,Sago Mine,2026-07-07,Marty,Krea; Chat GPT,,,Y,,,
CTD_AI_SMI_CrewFollowsJones C_20260707_1b.mov,CTD_AI_SMI_CrewFollowsJones C,104,Sago Mine,2026-07-07,Marty,Krea; Chat GPT,,,Y,,,
CTD_AI_SMI_CrewFollowsJones C_20260707_2a.mov,CTD_AI_SMI_CrewFollowsJones C,104,Sago Mine,2026-07-07,Marty,Krea; Chat GPT,,,Y,,,
CTD_AI_SMI_JonesLeavesCrew B_20260707_1a.mov,CTD_AI_SMI_JonesLeavesCrew B,104,Sago Mine,2026-07-07,Marty,Krea; Chat GPT,,,Y,,,
CTD_AI_SMI_JonesLeavesCrew B_20260707_2a.mov,CTD_AI_SMI_JonesLeavesCrew B,104,Sago Mine,2026-07-07,Marty,Krea; Chat GPT,,,Y,,,
CTD_AI_SMI_JonesLeavesCrew B_20260707_3a.mov,CTD_AI_SMI_JonesLeavesCrew B,104,Sago Mine,2026-07-07,Marty,Krea; Chat GPT,,,Y,,,
CTD_AI_SMI_JonesRalliesTeam_20260707_1a.mov,CTD_AI_SMI_JonesRalliesTeam,104,Sago Mine,2026-07-07,Marty,Krea; Chat GPT,,,Y,,,
CTD_AI_SMI_JonesRalliesTeam_20260707_2a.mov,CTD_AI_SMI_JonesRalliesTeam,104,Sago Mine,2026-07-07,Marty,Krea; Chat GPT,,,Y,,,
CTD_AI_SMI_JonesRalliesTeam_20260707_2b.mov,CTD_AI_SMI_JonesRalliesTeam,104,Sago Mine,2026-07-07,Marty,Krea; Chat GPT,,,Y,,,
CTD_AI_SMI_JonesRalliesTeam_20260707_2c.mov,CTD_AI_SMI_JonesRalliesTeam,104,Sago Mine,2026-07-07,Marty,Krea; Chat GPT,,,Y,,,
CTD_AI_SMI_MinersReadyGear A_20260707_1a.mov,CTD_AI_SMI_MinersReadyGear A,104,Sago Mine,2026-07-07,Marty,Krea; Chat GPT,,Re-spin Requested,Y,Y,,
CTD_AI_SMI_MinersReadyGear A_20260707_2a.mov,CTD_AI_SMI_MinersReadyGear A,104,Sago Mine,2026-07-07,Marty,Krea; Chat GPT,,,Y,,,
CTD_AI_SMI_MinersReadyGear B_20260707_1a.mov,CTD_AI_SMI_MinersReadyGear B,104,Sago Mine,2026-07-07,Marty,Krea; Chat GPT,,Re-spin Requested,Y,Y,,
CTD_AI_SMI_MinersReadyGear C_20260707_1a.mov,CTD_AI_SMI_MinersReadyGear C,104,Sago Mine,2026-07-07,Marty,Krea; Chat GPT,,,Y,,,
CTD_AI_SMI_MinersReadyGear C_20260707_2a.mov,CTD_AI_SMI_MinersReadyGear C,104,Sago Mine,2026-07-07,Marty,Krea; Chat GPT,,,Y,,,
CTD_AI_SMI_MinersReadyGear C_20260707_3a.mov,CTD_AI_SMI_MinersReadyGear C,104,Sago Mine,2026-07-07,Marty,Krea; Chat GPT,,,Y,,,
CTD_AI_SMI_MinersReadyGear C_20260707_3b.mov,CTD_AI_SMI_MinersReadyGear C,104,Sago Mine,2026-07-07,Marty,Krea; Chat GPT,,,Y,,,
CTD_AI_SMI_RescueTeamEnters_20260707_1a.mov,CTD_AI_SMI_RescueTeamEnters,104,Sago Mine,2026-07-07,Marty,Krea; Chat GPT,,Re-spin Requested,Y,,,
CTD_AI_SMI_RescueTeamEnters_20260707_1b.mov,CTD_AI_SMI_RescueTeamEnters,104,Sago Mine,2026-07-07,Marty,Krea; Chat GPT,,,Y,,,
CTD_AI_SMI_SmokyTunnel_20260707_1a.mov,CTD_AI_SMI_SmokyTunnel,104,Sago Mine,2026-07-07,Marty,Krea; Chat GPT,,,Y,,,
CTD_AI_ORA_35FootWavesA_20260708_1b.mov,CTD_AI_ORA_35FootWaves A,104,Ocean Ranger,2026-07-08,JJ,Krea; Chat GPT,,Re-spin Requested,Y,Y,,
CTD_AI_ORA_35FootWavesB_20260708_1c.mov,CTD_AI_ORA_35FootWaves B,104,Ocean Ranger,2026-07-08,JJ,Krea; Chat GPT,,Re-spin Requested,Y,Y,,
CTD_AI_ORA_35FootWavesB_20260708_1d.mov,CTD_AI_ORA_35FootWaves B,104,Ocean Ranger,2026-07-08,JJ,Krea; Chat GPT,,Re-spin Requested,Y,Y,,
CTD_AI_ORA_BoatsCapsizeB_20260708_1b.mov,CTD_AI_ORA_BoatsCapsize B,104,Ocean Ranger,2026-07-08,JJ,Krea; Chat GPT,,,Y,,,
CTD_AI_ORA_BoatsCapsizeD_20260708_1b.mov,CTD_AI_ORA_BoatsCapsize D,104,Ocean Ranger,2026-07-08,JJ,Krea; Chat GPT,,Re-spin Requested,Y,,,
CTD_AI_ORA_BoatsCapsizeD_20260708_1c.mov,CTD_AI_ORA_BoatsCapsize D,104,Ocean Ranger,2026-07-08,JJ,Krea; Chat GPT,,,Y,,,
CTD_AI_ORA_ControlPanelDamagedB_20260708_1b.mov,CTD_AI_ORA_ControlPanelDamaged B,104,Ocean Ranger,2026-07-08,JJ,Krea; Chat GPT,,Re-spin Requested,Y,,,
CTD_AI_ORA_ControlPanelDamagedC_20260708_1b.mov,CTD_AI_ORA_ControlPanelDamaged C,104,Ocean Ranger,2026-07-08,JJ,Krea; Chat GPT,,Re-spin Requested,Y,,,
CTD_AI_ORA_ControlPanelDamagedC_20260708_1c.mov,CTD_AI_ORA_ControlPanelDamaged C,104,Ocean Ranger,2026-07-08,JJ,Krea; Chat GPT,,Re-spin Requested,Y,Y,,
CTD_AI_ORA_ControlPanelDamagedC_20260708_1d.mov,CTD_AI_ORA_ControlPanelDamaged C,104,Ocean Ranger,2026-07-08,JJ,Krea; Chat GPT,,,Y,,,
CTD_AI_ORA_CrewAtControlPanelA_20260708_1a.mov,CTD_AI_ORA_CrewAtControlPanel A,104,Ocean Ranger,2026-07-08,JJ,Krea; Chat GPT,,Re-spin Requested,Y,Y,,
CTD_AI_ORA_CrewAtControlPanelA_20260708_1b.mov,CTD_AI_ORA_CrewAtControlPanel A,104,Ocean Ranger,2026-07-08,JJ,Krea; Chat GPT,,Re-spin Requested,Y,Y,,
CTD_AI_ORA_CrewAtControlPanelA_20260708_1c.mov,CTD_AI_ORA_CrewAtControlPanel A,104,Ocean Ranger,2026-07-08,JJ,Krea; Chat GPT,,,Y,,,
CTD_AI_ORA_CrewAtControlPanelB_20260708_1b.mov,CTD_AI_ORA_CrewAtControlPanel B,104,Ocean Ranger,2026-07-08,JJ,Krea; Chat GPT,,,Y,,,
CTD_AI_ORA_CrewAtControlPanelB_20260708_1c.mov,CTD_AI_ORA_CrewAtControlPanel B,104,Ocean Ranger,2026-07-08,JJ,Krea; Chat GPT,,Re-spin Requested,Y,Y,,
CTD_AI_ORA_CrewAtControlPanelC_20260708_1b.mov,CTD_AI_ORA_CrewAtControlPanel C,104,Ocean Ranger,2026-07-08,JJ,Krea; Chat GPT,,,Y,,,
CTD_AI_ORA_HighLanderBattlesSeaB_20260708_1c.mov,CTD_AI_ORA_HighlanderBattlesSea B,104,Ocean Ranger,2026-07-08,JJ,Krea; Chat GPT,,,Y,,,
CTD_AI_ORA_HighlanderBattlesSeaB_20260708_1b.mov,CTD_AI_ORA_HighlanderBattlesSea B,104,Ocean Ranger,2026-07-08,JJ,Krea; Chat GPT,,,Y,,,
CTD_AI_ORA_LifelinesThrownA_20260708_1b.mov,CTD_AI_ORA_LifelinesThrown A,104,Ocean Ranger,2026-07-08,JJ,Krea; Chat GPT,,,Y,,,
CTD_AI_ORA_LifelinesThrownA_20260708_1c.mov,CTD_AI_ORA_LifelinesThrown A,104,Ocean Ranger,2026-07-08,JJ,Krea; Chat GPT,,Re-spin Requested,Y,,,
CTD_AI_ORA_LifelinesThrownC_20260708_1b.mov,CTD_AI_ORA_LifelinesThrown C,104,Ocean Ranger,2026-07-08,JJ,Krea; Chat GPT,,,Y,,,
CTD_AI_ORA_MenInWater_20260708_1a.mov,CTD_AI_ORA_MenInWater,104,Ocean Ranger,2026-07-08,JJ,Krea; Chat GPT,,,Y,,,
CTD_AI_ORA_MenInWater_20260708_1b.mov,CTD_AI_ORA_MenInWater,104,Ocean Ranger,2026-07-08,JJ,Krea; Chat GPT,,,Y,,,
CTD_AI_ORA_PortholeSmashed_20260708_1b.mov,CTD_AI_ORA_PortholeSmashed,104,Ocean Ranger,2026-07-08,JJ,Krea; Chat GPT,,Re-spin Requested,Y,,,
CTD_AI_ORA_PortholeSmashed_20260708_1c.mov,CTD_AI_ORA_PortholeSmashed,104,Ocean Ranger,2026-07-08,JJ,Krea; Chat GPT,,Re-spin Requested,Y,,,
CTD_AI_ORA_RadioOperatorB_20260708_1b.mov,CTD_AI_ORA_RadioOperator B,104,Ocean Ranger,2026-07-08,JJ,Krea; Chat GPT,,,Y,,,
CTD_AI_ORA_RadioOperatorC_20260708_1b.mov,CTD_AI_ORA_RadioOperator C,104,Ocean Ranger,2026-07-08,JJ,Krea; Chat GPT,,,Y,,,
CTD_AI_ORA_RadioOperatorC_20260708_1c.mov,CTD_AI_ORA_RadioOperator C,104,Ocean Ranger,2026-07-08,JJ,Krea; Chat GPT,,,Y,,,
CTD_AI_ORA_RadioOperatorGoodbye_20260708_1b.mov,CTD_AI_ORA_RadioOperatorGoodbye,104,Ocean Ranger,2026-07-08,JJ,Krea; Chat GPT,,,Y,,,
CTD_AI_ORA_RadioOperatorGoodbye_20260708_1c.mov,CTD_AI_ORA_RadioOperatorGoodbye,104,Ocean Ranger,2026-07-08,JJ,Krea; Chat GPT,,,Y,,,
CTD_AI_ORA_RadioOperatorPleas_20260708_1b.mov,CTD_AI_ORA_RadioOperatorPleas,104,Ocean Ranger,2026-07-08,JJ,Krea; Chat GPT,,,Y,,,
CTD_AI_ORA_RadioOperatorPleas_20260708_1c.mov,CTD_AI_ORA_RadioOperatorPleas,104,Ocean Ranger,2026-07-08,JJ,Krea; Chat GPT,,,Y,,,
CTD_AI_ORA_RangerCapsizesA_20260708_1d.mov,CTD_AI_ORA_RangerCapsizes A,104,Ocean Ranger,2026-07-08,JJ,Krea; Chat GPT,,,Y,,,
CTD_AI_ORA_RangerCapsizesB_20260708_1d.mov,CTD_AI_ORA_RangerCapsizes B,104,Ocean Ranger,2026-07-08,JJ,Krea; Chat GPT,,,Y,,,
CTD_AI_ORA_RangerCapsizesB_20260708_c.mov,CTD_AI_ORA_RangerCapsizes B,104,Ocean Ranger,2026-07-08,JJ,Krea; Chat GPT,,Re-spin Requested,Y,Y,,
CTD_AI_ORA_RescueAbandonedA_20260708_1b.mov,CTD_AI_ORA_RescueAdandoned A,104,Ocean Ranger,2026-07-08,JJ,Krea; Chat GPT,,,Y,,,
CTD_AI_ORA_RescueAbandonedA_20260708_1c.mov,CTD_AI_ORA_RescueAdandoned A,104,Ocean Ranger,2026-07-08,JJ,Krea; Chat GPT,,,Y,,,
CTD_AI_ORA_WorkersInStormyWater_20260708_1b.mov,CTD_AI_ORA_WorkersInStormyWater,104,Ocean Ranger,2026-07-08,JJ,Krea; Chat GPT,,,Y,,,
CTD_AI_ORA_WorkersInStormyWater_20260708_1c.mov,CTD_AI_ORA_WorkersInStormyWater,104,Ocean Ranger,2026-07-08,JJ,Krea; Chat GPT,,,Y,,,
CTD_AI_SMI_BandanaOverMouth A_20260708_1a.mov,CTD_AI_SMI_BandanaOverMouth A,104,Sago Mine,2026-07-08,Marty,Krea; Chat GPT,,,Y,,,
CTD_AI_SMI_BandanaOverMouth A_20260708_1b.mov,CTD_AI_SMI_BandanaOverMouth A,104,Sago Mine,2026-07-08,Marty,Krea; Chat GPT,,,Y,,,
CTD_AI_SMI_BandanaOverMouth A_20260708_1c.mov,CTD_AI_SMI_BandanaOverMouth A,104,Sago Mine,2026-07-08,Marty,Krea; Chat GPT,,Re-spin Requested,Y,Y,,
CTD_AI_SMI_DarkCloudsAtMine_20260708_1a.mov,CTD_AI_SMI_DarkCloudsAtMine,104,Sago Mine,2026-07-08,Marty,Krea; Chat GPT,,,Y,,,
CTD_AI_SMI_DarkCloudsAtMine_20260708_2a.mov,CTD_AI_SMI_DarkCloudsAtMine,104,Sago Mine,2026-07-08,Marty,Krea; Chat GPT,,,Y,,,
CTD_AI_SMI_DarkCloudsAtMine_20260708_2b.mov,CTD_AI_SMI_DarkCloudsAtMine,104,Sago Mine,2026-07-08,Marty,Krea; Chat GPT,,,Y,,,
CTD_AI_SMI_DarkCloudsAtMine_20260708_3a.mov,CTD_AI_SMI_DarkCloudsAtMine,104,Sago Mine,2026-07-08,Marty,Krea; Chat GPT,,Re-spin Requested,Y,Y,,
CTD_AI_SMI_ExplosionInMine A_20260708_1a.mov,CTD_AI_SMI_ExplosionInMine A,104,Sago Mine,2026-07-08,Marty,Krea; Chat GPT,,,Y,,,
CTD_AI_SMI_ExplosionInMine B_20260708_1a.mov,CTD_AI_SMI_ExplosionInMine A,104,Sago Mine,2026-07-08,Marty,Krea; Chat GPT,,,Y,,,
CTD_AI_SMI_ExplosionInMine B_20260708_1b.mov,CTD_AI_SMI_ExplosionInMine B,104,Sago Mine,2026-07-08,Marty,Krea; Chat GPT,,,Y,,,
CTD_AI_SMI_ExplosionInMine B_20260708_1c.mov,CTD_AI_SMI_ExplosionInMine B,104,Sago Mine,2026-07-08,Marty,Krea; Chat GPT,,,Y,,,
CTD_AI_SMI_ExplosionInMine B_20260708_2a.mov,CTD_AI_SMI_ExplosionInMine B,104,Sago Mine,2026-07-08,Marty,Krea; Chat GPT,,,Y,,,
CTD_AI_SMI_ExplosionInMine C_20260708_1a.mov,CTD_AI_SMI_ExplosionInMine C,104,Sago Mine,2026-07-08,Marty,Krea; Chat GPT,,,Y,,,
CTD_AI_SMI_ExplosionInMine C_20260708_2a.mov,CTD_AI_SMI_ExplosionInMine C,104,Sago Mine,2026-07-08,Marty,Krea; Chat GPT,,,Y,,,
CTD_AI_SMI_ExplosionInMine C_20260708_3a.mov,CTD_AI_SMI_ExplosionInMine C,104,Sago Mine,2026-07-08,Marty,Krea; Chat GPT,,,Y,,,
CTD_AI_SMI_ExplosionInMine C_20260708_4a.mov,CTD_AI_SMI_ExplosionInMine C,104,Sago Mine,2026-07-08,Marty,Krea; Chat GPT,,,Y,,,
CTD_AI_SMI_ExplosionInMine C_20260708_4b.mov,CTD_AI_SMI_ExplosionInMine C,104,Sago Mine,2026-07-08,Marty,Krea; Chat GPT,,,Y,,,
CTD_AI_SMI_MinersExit_20260708_1a.mov,CTD_AI_SMI_MinersExit,104,Sago Mine,2026-07-08,Marty,Krea; Nano Banana,,,Y,,,
CTD_AI_SMI_MinersExit_20260708_1b.mov,CTD_AI_SMI_MinersExit,104,Sago Mine,2026-07-08,Marty,Krea; Chat GPT,,,Y,,,
CTD_AI_SMI_MinersExit_20260708_1c.mov,CTD_AI_SMI_MinersExit,104,Sago Mine,2026-07-08,Marty,Krea; Chat GPT,,,Y,,,
CTD_AI_SMI_MinersExit_20260708_2a.mov,CTD_AI_SMI_MinersExit,104,Sago Mine,2026-07-08,Marty,Krea; Nano Banana,,,Y,,,
CTD_AI_SMI_MinersExit_20260708_2b.mov,CTD_AI_SMI_MinersExit,104,Sago Mine,2026-07-08,Marty,Krea; Nano Banana,,,Y,,,
CTD_AI_SMI_MinersExit_20260708_3a.mov,CTD_AI_SMI_MinersExit,104,Sago Mine,2026-07-08,Marty,Krea; Chat GPT,,,Y,,,
CTD_AI_TSF_WShepardTypes_A1_20260708.mov,CTD_AI_TSF_WShepardTypes,104,Triangle Shirtwaist Factory,2026-07-08,JJ,,,,Y,,,
CTD_AI_TSF_WShepardTypes_A2_20260708.mov,CTD_AI_TSF_WShepardTypes,104,Triangle Shirtwaist Factory,2026-07-08,JJ,,,,Y,,,
CTD_AI_TSF_WomenInStairwell_A1_20260708.mov,CTD_AI_TSF_WomenInStairwell,104,Triangle Shirtwaist Factory,2026-07-08,JJ,,,Re-spin Completed,Y,Y,,
CTD_AI_TSF_WorkersCoughing_A1_20260708.mov,CTD_AI_TSF_WorkersCoughing 1,104,Triangle Shirtwaist Factory,2026-07-08,JJ,,,Re-spin Requested,Y,Y,,
CTD_AI_TSF_WorkersCoughing_A2_20260708.mov,CTD_AI_TSF_WorkersCoughing 1,104,Triangle Shirtwaist Factory,2026-07-08,JJ,,,,Y,,,
CTD_AI_TSF_WorkersJammed_B1_20260708.mov,CTD_AI_TSF_WorkersJammed 2,104,Triangle Shirtwaist Factory,2026-07-08,JJ,,,,Y,,,
CTD_AI_TSF_WorkersJammed_B2_20260708.mov,CTD_AI_TSF_WorkersJammed 2,104,Triangle Shirtwaist Factory,2026-07-08,JJ,,,Re-spin Requested,Y,Y,,
CTD_AI_TSF_WorkersPanic_A1_20260708.mov,CTD_AI_TSF_WorkersPanic 1,104,Triangle Shirtwaist Factory,2026-07-08,JJ,,,Re-spin Requested,Y,Y,,
CTD_AI_TSF_WorkersPanic_A2_20260708.mov,CTD_AI_TSF_WorkersPanic 1,104,Triangle Shirtwaist Factory,2026-07-08,JJ,,,,Y,,,
CTD_AI_TSF_WorkersRun_A1_20260708.mov,CTD_AI_TSF_WorkersRun A,104,Triangle Shirtwaist Factory,2026-07-08,JJ,,,,Y,,,
CTD_AI_TSF_WorkersRun_A2_20260708.mov,CTD_AI_TSF_WorkersRun A,104,Triangle Shirtwaist Factory,2026-07-08,JJ,,,Re-spin Requested,Y,Y,,
CTD_AI_TSF_WorkersRun_B1_20260708.mov,CTD_AI_TSF_WorkersRun B,104,Triangle Shirtwaist Factory,2026-07-08,JJ,,,,Y,,,
CTD_AI_TSF_WorkersRun_B2_20260708.mov,CTD_AI_TSF_WorkersRun B,104,Triangle Shirtwaist Factory,2026-07-08,JJ,,,,Y,,,
CTD_AI_SMI_CarbonMonoxideAlarms A_20260709_1a.mov,CTD_AI_SMI_CarbonMonoxideAlarms A,104,Sago Mine,2026-07-09,Marty,Krea; Chat GPT,,,Y,,,
CTD_AI_SMI_CarbonMonoxideAlarms A_20260709_2a.mov,CTD_AI_SMI_CarbonMonoxideAlarms A,104,Sago Mine,2026-07-09,Marty,Krea; Nano Banana,,,Y,,,
CTD_AI_SMI_CarbonMonoxideAlarms A_20260709_3a.mov,CTD_AI_SMI_CarbonMonoxideAlarms A,104,Sago Mine,2026-07-09,Marty,Krea; Chat GPT,,,Y,,,
CTD_AI_SMI_CarbonMonoxideAlarms B_20260709_1a.mov,CTD_AI_SMI_CarbonMonoxideAlarms B,104,Sago Mine,2026-07-09,Marty,Krea; Chat GPT,,Re-spin Requested,Y,,,
CTD_AI_SMI_CarbonMonoxideAlarms B_20260709_2a.mov,CTD_AI_SMI_CarbonMonoxideAlarms B,104,Sago Mine,2026-07-09,Marty,Krea; Nano Banana,,Re-spin Requested,Y,,,
CTD_AI_SMI_CarbonMonoxideAlarms B_20260709_3a.mov,CTD_AI_SMI_CarbonMonoxideAlarms B,104,Sago Mine,2026-07-09,Marty,Krea; Chat GPT,,Re-spin Requested,Y,,,
CTD_AI_SMI_CrewFollowsJones A_20260709_1a.mov,CTD_AI_SMI_CrewFollowsJones A,104,Sago Mine,2026-07-09,Marty,Krea; Chat GPT,,,Y,,,
CTD_AI_SMI_CrewFollowsJones A_20260709_1b.mov,CTD_AI_SMI_CrewFollowsJones A,104,Sago Mine,2026-07-09,Marty,Krea; Chat GPT,,,Y,,,
CTD_AI_SMI_CrewFollowsJones A_20260709_2b.mov,CTD_AI_SMI_CrewFollowsJones A,104,Sago Mine,2026-07-09,Marty,Krea; Chat GPT,,,Y,,,
CTD_AI_SMI_EmergencyPhone A_20260709_1a.mov,CTD_AI_SMI_EmergencyPhone A,104,Sago Mine,2026-07-09,Marty,Krea; Chat GPT,,,Y,,,
CTD_AI_SMI_EmergencyPhone A_20260709_1b.mov,CTD_AI_SMI_EmergencyPhone A,104,Sago Mine,2026-07-09,Marty,Krea; Chat GPT,,,Y,,,
CTD_AI_SMI_EmergencyPhone B_20260709_1a.mov,CTD_AI_SMI_EmergencyPhone B,104,Sago Mine,2026-07-09,Marty,Krea; Nano Banana,,,Y,,,
CTD_AI_SMI_EmergencyPhone B_20260709_1b.mov,CTD_AI_SMI_EmergencyPhone B,104,Sago Mine,2026-07-09,Marty,Krea; Nano Banana,,,Y,,,
CTD_AI_SMI_EmergencyPhone B_20260709_1c.mov,CTD_AI_SMI_EmergencyPhone B,104,Sago Mine,2026-07-09,Marty,Krea; Nano Banana,,,Y,,,
CTD_AI_SMI_EmergencyPhone C_20260709_1a.mov,CTD_AI_SMI_EmergencyPhone C,104,Sago Mine,2026-07-09,Marty,Krea; Nano Banana,,,Y,,,
CTD_AI_SMI_EmergencyPhone C_20260709_1b.mov,CTD_AI_SMI_EmergencyPhone C,104,Sago Mine,2026-07-09,Marty,Krea; Nano Banana,,,Y,,,
CTD_AI_SMI_WorkersKnockedOver_20260709_1a.mov,CTD_AI_SMI_WorkersKnockedOver,104,Sago Mine,2026-07-09,Marty,Krea; Chat GPT,,,Y,,,
CTD_AI_SMI_WorkersKnockedOver_20260709_2a.mov,CTD_AI_SMI_WorkersKnockedOver,104,Sago Mine,2026-07-09,Marty,Krea; Nano Banana,,Re-spin Requested,Y,Y,,
CTD_AI_SMI_Letter_20260710_1a.mov,CTD_AI_SMI_Letter,104,Sago Mine,2026-07-10,Marty,Krea; Nano Banana,,,Y,,,
CTD_AI_SMI_Letter_20260710_1b.mov,CTD_AI_SMI_Letter,104,Sago Mine,2026-07-10,Marty,Krea; Chat GPT,,,Y,,,
CTD_AI_SMI_Sledgehammer_20260710_1a.mov,CTD_AI_SMI_Sledgehammer,104,Sago Mine,2026-07-10,Marty,Krea; Chat GPT,,,Y,,,
CTD_AI_SMI_Sledgehammer_20260710_1b.mov,CTD_AI_SMI_Sledgehammer,104,Sago Mine,2026-07-10,Marty,Krea; Chat GPT,,,Y,,,
CTD_AI_SMI_Sledgehammer_20260710_2a.mov,CTD_AI_SMI_Sledgehammer,104,Sago Mine,2026-07-10,Marty,Krea; Chat GPT,,,Y,,,
CTD_AI_TSF_OtherScrapBinsCatchFire02_1a.mov,CTD_AI_TSF_OtherScrapBinsCatchFire02,104,Triangle Shirtwaist Factory,2026-07-10,JJ,,,,Y,,,
CTD_AI_TSF_OtherScrapBinsCatchFire_20260710_2a.mov,CTD_AI_TSF_OtherScrapBinsCatchFire02,104,Triangle Shirtwaist Factory,2026-07-10,JJ,,,Re-spin Requested,Y,Y,,
CTD_AI_TSF_OtherScrapBinsCatchFire_20260710_2b.mov,CTD_AI_TSF_OtherScrapBinsCatchFire02,104,Triangle Shirtwaist Factory,2026-07-10,JJ,,,Re-spin Requested,Y,Y,,
CTD_AI_TSF_OtherScrapBinsCatchFire_20260710_2c.mov,CTD_AI_TSF_OtherScrapBinsCatchFire02,104,Triangle Shirtwaist Factory,2026-07-10,JJ,,,,Y,,,
CTD_AI_TSF_OtherScrapBinsCatchFire_20260710_3a.mov,CTD_AI_TSF_OtherScrapBinsCatchFire03,104,Triangle Shirtwaist Factory,2026-07-10,JJ,,,Re-spin Requested,Y,Y,,
CTD_AI_TSF_OtherScrapBinsCatchFire_20260710_3b.mov,CTD_AI_TSF_OtherScrapBinsCatchFire03,104,Triangle Shirtwaist Factory,2026-07-10,JJ,,,,Y,,,
CTD_AI_TSF_OtherScrapBinsCatchFire_20260710_3c.mov,CTD_AI_TSF_OtherScrapBinsCatchFire03,104,Triangle Shirtwaist Factory,2026-07-10,JJ,,,Re-spin Requested,Y,Y,,
CTD_AI_TSF_Stampede_20260710_1a.mov,CTD_AI_TSF_Stampede,104,Triangle Shirtwaist Factory,2026-07-10,JJ,,,,Y,,,
CTD_AI_TSF_Stampede_20260710_1b.mov,CTD_AI_TSF_Stampede,104,Triangle Shirtwaist Factory,2026-07-10,JJ,,,,Y,,,
CTD_AI_TSF_Stampede_20260710_1c.mov,CTD_AI_TSF_Stampede,104,Triangle Shirtwaist Factory,2026-07-10,JJ,,,Re-spin Requested,Y,Y,,
CTD_AI_TSF_Stampede_20260710_2A.mov,CTD_AI_TSF_Stampede 2,104,Triangle Shirtwaist Factory,2026-07-10,JJ,,,Re-spin Requested,Y,Y,,
CTD_AI_TSF_Stampede_20260710_3A.mov,CTD_AI_TSF_Stampede 3,104,Triangle Shirtwaist Factory,2026-07-10,JJ,,,Re-spin Requested,Y,Y,,
CTD_AI_TSF_Stampede_20260710_3b.mov,CTD_AI_TSF_Stampede 3,104,Triangle Shirtwaist Factory,2026-07-10,JJ,,,,Y,,,
CTD_AI_TSF_WorkersCoughing_20260710_1b.mov,CTD_AI_TSF_WorkersCoughing 2,104,Triangle Shirtwaist Factory,2026-07-10,JJ,,,Re-spin Requested,Y,Y,,
CTD_AI_TSF_WorkersCoughing_20260710_2b.mov,CTD_AI_TSF_WorkersCoughing 2,104,Triangle Shirtwaist Factory,2026-07-10,JJ,,,,Y,,,
CTD_AI_SMI_BandanaOverMouthBA_20260713_1a.mov,CTD_AI_SMI_BandanaOverMouth B,104,Sago Mine,2026-07-13,Marty,Krea; Chat GPT,,,Y,,,
CTD_AI_SMI_BandanaOverMouthBA_20260713_1b.mov,CTD_AI_SMI_BandanaOverMouth B,104,Sago Mine,2026-07-13,Marty,Krea; Chat GPT,,,Y,,,
CTD_AI_SMI_JonesLeavesCrewA_20260713_1a.mov,CTD_AI_SMI_JonesLeavesCrew A,104,Sago Mine,2026-07-13,Marty,Krea; Chat GPT,,,Y,,,
CTD_AI_SMI_JonesLeavesCrewA_20260713_1b.mov,CTD_AI_SMI_JonesLeavesCrew A,104,Sago Mine,2026-07-13,Marty,Krea; Chat GPT,,,Y,,,
CTD_AI_SMI_JonesLeavesCrewA_20260713_1c.mov,CTD_AI_SMI_JonesLeavesCrew A,104,Sago Mine,2026-07-13,Marty,Krea; Chat GPT,,,Y,,,
CTD_AI_TSF_ForemanDousesFireB_20270713_1a.mov,CTD_AI_TSF_ForemanDousesFire B,104,Triangle Shirtwaist Factory,2026-07-13,JJ,,,,Y,,,
CTD_AI_TSF_ForemanDousesFireB_20270713_1b.mov,CTD_AI_TSF_ForemanDousesFire B,104,Triangle Shirtwaist Factory,2026-07-13,JJ,,,,Y,,,
CTD_AI_TSF_ForemanDousesFireB_20270713_1c.mov,CTD_AI_TSF_ForemanDousesFire B,104,Triangle Shirtwaist Factory,2026-07-13,JJ,,,,Y,,,
CTD_AI_TSF_ForemanDousesFireB_20270713_1d.mov,CTD_AI_TSF_ForemanDousesFire B,104,Triangle Shirtwaist Factory,2026-07-13,JJ,,,,Y,,,
CTD_AI_TSF_GarmentWorkersD_20270713_1L.mov,CTD_AI_TSF_GarmentWorkers D,104,Triangle Shirtwaist Factory,2026-07-13,JJ,,,,Y,,,
CTD_AI_TSF_GarmentWorkersD_20270713_1a.mov,CTD_AI_TSF_GarmentWorkers D,104,Triangle Shirtwaist Factory,2026-07-13,JJ,,,,Y,,,
CTD_AI_TSF_GarmentWorkersD_20270713_1b.mov,CTD_AI_TSF_GarmentWorkers D,104,Triangle Shirtwaist Factory,2026-07-13,JJ,,,,Y,,,
CTD_AI_TSF_GarmentWorkersD_20270713_1c.mov,CTD_AI_TSF_GarmentWorkers D,104,Triangle Shirtwaist Factory,2026-07-13,JJ,,,,Y,,,
CTD_AI_TSF_GarmentWorkersD_20270713_1d.mov,CTD_AI_TSF_GarmentWorkers D,104,Triangle Shirtwaist Factory,2026-07-13,JJ,,,,Y,,,
CTD_AI_TSF_GarmentWorkersD_20270713_1e.mov,CTD_AI_TSF_GarmentWorkers D,104,Triangle Shirtwaist Factory,2026-07-13,JJ,,,,Y,,,
CTD_AI_TSF_GarmentWorkersD_20270713_1f.mov,CTD_AI_TSF_GarmentWorkers D,104,Triangle Shirtwaist Factory,2026-07-13,JJ,,,,Y,,,
CTD_AI_TSF_GarmentWorkersD_20270713_1g.mov,CTD_AI_TSF_GarmentWorkers D,104,Triangle Shirtwaist Factory,2026-07-13,JJ,,,,Y,,,
CTD_AI_TSF_GarmentWorkersD_20270713_1h.mov,CTD_AI_TSF_GarmentWorkers D,104,Triangle Shirtwaist Factory,2026-07-13,JJ,,,,Y,,,
CTD_AI_TSF_GarmentWorkersD_20270713_1i.mov,CTD_AI_TSF_GarmentWorkers D,104,Triangle Shirtwaist Factory,2026-07-13,JJ,,,,Y,,,
CTD_AI_TSF_GarmentWorkersD_20270713_1j.mov,CTD_AI_TSF_GarmentWorkers D,104,Triangle Shirtwaist Factory,2026-07-13,JJ,,,,Y,,,
CTD_AI_TSF_GarmentWorkersD_20270713_1k.mov,CTD_AI_TSF_GarmentWorkers D,104,Triangle Shirtwaist Factory,2026-07-13,JJ,,,,Y,,,
CTD_AI_TSF_InspectorOnPhoneB_20270713_1a.mov,CTD_AI_TSF_InspectorOnPhone B,104,Triangle Shirtwaist Factory,2026-07-13,JJ,,,,Y,,,
CTD_AI_TSF_InspectorOnPhoneB_20270713_1b.mov,CTD_AI_TSF_InspectorOnPhone B,104,Triangle Shirtwaist Factory,2026-07-13,JJ,,,,Y,,,
CTD_AI_TSF_BuildingExterior_20260715_B2.mov,CTD_AI_TSF_BuildingExterior B,104,Triangle Shirtwaist Factory,2026-07-16,JJ,Chat GPT; Krea,,Re-spin Requested,Y,Y,,
CTD_AI_TSF_CrowdYelling_20260716_C1.mov,CTD_AI_TSF_CrowdYelling C,104,Triangle Shirtwaist Factory,2026-07-16,JJ,Chat GPT; Krea,,,Y,,,
CTD_AI_TSF_CrowdYelling_20260716_C2.mov,CTD_AI_TSF_CrowdYelling C,104,Triangle Shirtwaist Factory,2026-07-16,JJ,Chat GPT; Krea,,,Y,,,
CTD_AI_TSF_CrowdYelling_20260716_C3.mov,CTD_AI_TSF_CrowdYelling C,104,Triangle Shirtwaist Factory,2026-07-16,JJ,Chat GPT; Krea,,,Y,,,
CTD_AI_TSF_CrowdYelling_20260716_C5.mov,CTD_AI_TSF_CrowdYelling C,104,Triangle Shirtwaist Factory,2026-07-16,JJ,Chat GPT; Krea,,,Y,,,
CTD_AI_TSF_FactoryOnFire_20260715_B3.mov,CTD_AI_TSF_FactoryOnFire B,104,Triangle Shirtwaist Factory,2026-07-16,JJ,Chat GPT; Krea,,Re-spin Completed,Y,Y,,
CTD_AI_TSF_FactoryOnFire_20260715_B4.mov,CTD_AI_TSF_FactoryOnFire B,104,Triangle Shirtwaist Factory,2026-07-16,JJ,Chat GPT; Krea,,Re-spin Completed,Y,Y,,
CTD_AI_TSF_FactoryOnFire_20260715_B5.mov,CTD_AI_TSF_FactoryOnFire B,104,Triangle Shirtwaist Factory,2026-07-16,JJ,Chat GPT; Krea,,Re-spin Completed,Y,Y,,
CTD_AI_TSF_FactoryOnFire_20260715_B6.mov,CTD_AI_TSF_FactoryOnFire B,104,Triangle Shirtwaist Factory,2026-07-16,JJ,Chat GPT; Krea,,,Y,,,
CTD_AI_TSF_FactoryOnFire_20260715_D2.mov,CTD_AI_TSF_FactoryOnFire D,104,Triangle Shirtwaist Factory,2026-07-16,JJ,Chat GPT; Krea,,,Y,,,
CTD_AI_TSF_ForemanSeesFire_20260517_A2.mov,CTD_AI_TSF_ForemanSeesFire 1,104,Triangle Shirtwaist Factory,2026-07-16,JJ,Chat GPT; Krea,,,Y,,,
CTD_AI_TSF_ForemanSeesFire_20260715_A1.mov,CTD_AI_TSF_ForemanSeesFire 1,104,Triangle Shirtwaist Factory,2026-07-16,JJ,Chat GPT; Krea,,,Y,,,
CTD_AI_TSF_ForemanSeesFire_20260715_A3.mov,CTD_AI_TSF_ForemanSeesFire 1,104,Triangle Shirtwaist Factory,2026-07-16,JJ,Chat GPT; Krea,,,Y,,,
CTD_AI_TSF_ForemanSeesFire_20260715_A4.mov,CTD_AI_TSF_ForemanSeesFire 1,104,Triangle Shirtwaist Factory,2026-07-16,JJ,Chat GPT; Krea,,,Y,,,
CTD_AI_TSF_ForemanSeesFire_20260716_C1.mov,CTD_AI_TSF_ForemanSeesFire 1,104,Triangle Shirtwaist Factory,2026-07-16,JJ,Chat GPT; Krea,,,Y,,,
CTD_AI_TSF_ForemanSeesFire_20260716_C2.mov,CTD_AI_TSF_ForemanSeesFire 1,104,Triangle Shirtwaist Factory,2026-07-16,JJ,Chat GPT; Krea,,,Y,,,
CTD_AI_TSF_ForemanSeesFire_20260716_C3.mov,CTD_AI_TSF_ForemanSeesFire 1,104,Triangle Shirtwaist Factory,2026-07-16,JJ,Chat GPT; Krea,,,Y,,,
CTD_AI_TSF_ForemanSeesFire_20260716_C4.mov,CTD_AI_TSF_ForemanSeesFire 1,104,Triangle Shirtwaist Factory,2026-07-16,JJ,Chat GPT; Krea,,,Y,,,
CTD_AI_TSF_ForemanSeesFire_20260716_C5.mov,CTD_AI_TSF_ForemanSeesFire 1,104,Triangle Shirtwaist Factory,2026-07-16,JJ,Chat GPT; Krea,,Re-spin Completed,Y,Y,,
CTD_AI_TSF_ForemanSeesFire_20260716_C6.mov,CTD_AI_TSF_ForemanSeesFire 1,104,Triangle Shirtwaist Factory,2026-07-16,JJ,Chat GPT; Krea,,,Y,,,
CTD_AI_TSF_BuildingExterior_20260717_B1.mov,CTD_AI_TSF_BuildingExterior,104,Triangle Shirtwaist Factory,2026-07-17,JJ,Krea; Chat GPT,,,Y,,,
CTD_AI_TSF_CrowdLookingUp_20260717_1.mov,CTD_AI_TSF_CrowdLookingUp,104,Triangle Shirtwaist Factory,2026-07-17,JJ,Krea; Chat GPT,,,Y,,,
CTD_AI_TSF_CrowdYelling_20260717_C1.mov,CTD_AI_TSF_CrowdYelling C,104,Triangle Shirtwaist Factory,2026-07-17,JJ,Krea; Chat GPT,,,Y,,,
CTD_AI_TSF_CrowdYelling_20260717_C2.mov,CTD_AI_TSF_CrowdYelling C,104,Triangle Shirtwaist Factory,2026-07-17,JJ,Krea; Chat GPT,,,Y,,,
CTD_AI_TSF_CrowdYelling_20260717_C3.mov,CTD_AI_TSF_CrowdYelling C,104,Triangle Shirtwaist Factory,2026-07-17,JJ,Krea; Chat GPT,,,Y,,,
CTD_AI_TSF_CrowdYelling_20260717_C4.mov,CTD_AI_TSF_CrowdYelling C,104,Triangle Shirtwaist Factory,2026-07-17,JJ,Krea; Chat GPT,,,Y,,,
CTD_AI_TSF_CrowdYelling_20260717_C5.mov,CTD_AI_TSF_CrowdYelling C,104,Triangle Shirtwaist Factory,2026-07-17,JJ,Krea; Chat GPT,,,Y,,,
CTD_AI_TSF_WomanOnLedge_20260717_3a.mov,CTD_AI_TSF_WomanOnLedge 3,104,Triangle Shirtwaist Factory,2026-07-17,JJ,Krea; Chat GPT,,,Y,,,
CTD_AI_TSF_WomanOnLedge_20260717_3b.mov,CTD_AI_TSF_WomanOnLedge 3,104,Triangle Shirtwaist Factory,2026-07-17,JJ,Krea; Chat GPT,,,Y,,,
CTD_AI_TSF_WomanOnLedge_20260717_3c.mov,CTD_AI_TSF_WomanOnLedge 3,104,Triangle Shirtwaist Factory,2026-07-17,JJ,Krea; Chat GPT,,,Y,,,
CTD_AI_TSF_WomanOnLedge_20260717_3d.mov,CTD_AI_TSF_WomanOnLedge 3,104,Triangle Shirtwaist Factory,2026-07-17,JJ,Krea; Chat GPT,,,Y,,,
CTD_AI_TSF_WomanOnLedge_20260717_3e.mov,CTD_AI_TSF_WomanOnLedge 3,104,Triangle Shirtwaist Factory,2026-07-17,JJ,Krea; Chat GPT,,Re-spin Requested,Y,Y,,
CTD_AI_TSF_WomanOnLedge_20260717_3f.mov,CTD_AI_TSF_WomanOnLedge 3,104,Triangle Shirtwaist Factory,2026-07-17,JJ,Krea; Chat GPT,,,Y,,,
CTD_AI_TSF_WorkersJammed_20260717_3a.mov,CTD_AI_TSF_WorkersJammed 3,104,Triangle Shirtwaist Factory,2026-07-17,JJ,Krea; Chat GPT,,,Y,,,
CTD_AI_TSF_BlanckHarrisWatching_20260728_1B.mov,CTD_AI_TSF_BlanckHarrisWatching,104,Triangle Shirtwaist Factory,2026-07-28,JJ,Krea; Chat GPT,Y,,Y,,,
CTD_AI_TSF_BlanckHarrisWatching_20260728_1C.mov,CTD_AI_TSF_BlanckHarrisWatching,104,Triangle Shirtwaist Factory,2026-07-28,JJ,Krea; Chat GPT,Y,,Y,,,
CTD_AI_TSF_BlanckHarrisWatching_20260728_1D.mov,CTD_AI_TSF_BlanckHarrisWatching,104,Triangle Shirtwaist Factory,2026-07-28,JJ,Krea; Chat GPT,Y,,Y,,,
CTD_AI_TSF_ForemanSeesFire B_20260728.mov,CTD_AI_TSF_ForemanSeesFire 1,104,Triangle Shirtwaist Factory,2026-07-28,JJ,Krea; Chat GPT,Y,,Y,,,
CTD_AI_TSF_WomenInStairwell_A1_20260728.mov,CTD_AI_TSF_ForemanSeesFire 1,104,Triangle Shirtwaist Factory,2026-07-28,JJ,Krea; Chat GPT,Y,,Y,,,
CTD_AI_TSF_WomenInStairwell_A2_20260728.mov,CTD_AI_TSF_WomenInStairwell,104,Triangle Shirtwaist Factory,2026-07-28,JJ,Krea; Chat GPT,Y,,Y,,,
CTD_AI_TSF_WomenInStairwell_A3_20260728.mov,CTD_AI_TSF_WomenInStairwell,104,Triangle Shirtwaist Factory,2026-07-28,JJ,Krea; Chat GPT,Y,,Y,,,
CTD_AI_TSF_WomenInStairwell_A4_20260728.mov,CTD_AI_TSF_WomenInStairwell,104,Triangle Shirtwaist Factory,2026-07-28,JJ,Krea; Chat GPT,Y,,Y,,,
CTD_AI_TSF_ForemanSeesFire_20260729_3.mov,CTD_AI_TSF_ForemanSeesFire 3,104,Triangle Shirtwaist Factory,2026-07-29,JJ,Krea; Chat GPT,,,Y,,,
CTD_AI_TSF_FactoryOnFire_20260730_C.mov,CTD_AI_TSF_FactoryOnFire C,104,Triangle Shirtwaist Factory,2026-07-30,JJ,Krea; Chat GPT,,,Y,,,
CTD_AI_TSF_FactoryOnFire_20260730_E1.mov,CTD_AI_TSF_FactoryOnFire E,104,Triangle Shirtwaist Factory,2026-07-30,JJ,Krea; Chat GPT,,,Y,,,
CTD_AI_TSF_FactoryOnFire_20260730_E2.mov,CTD_AI_TSF_FactoryOnFire E,104,Triangle Shirtwaist Factory,2026-07-30,JJ,Krea; Chat GPT,,,Y,,,
CTD_AI_TSF_SmoulderingBuilding_20260730_A.mov,CTD_AI_TSF_SmoulderingBuilding01,104,Triangle Shirtwaist Factory,2026-07-30,JJ,Krea; Chat GPT,,Re-spin Completed,Y,Y,,
CTD_AI_TSF_SmoulderingBuilding_20260730_B.mov,CTD_AI_TSF_SmoulderingBuilding01,104,Triangle Shirtwaist Factory,2026-07-30,JJ,Krea; Chat GPT,,,Y,,,
CTD_AI_TSF_SmoulderingBuilding_20260730_C.mov,CTD_AI_TSF_SmoulderingBuilding01,104,Triangle Shirtwaist Factory,2026-07-30,JJ,Krea; Chat GPT,,,Y,,,
CTD_AI_TSF_WorkersCoughing_20260730_5a.mov,CTD_AI_TSF_WorkersCoughing 5,104,Triangle Shirtwaist Factory,2026-07-30,JJ,Krea; Chat GPT,,,Y,,,
CTD_AI_TSF_WorkersCoughing_20260730_5b.mov,CTD_AI_TSF_WorkersCoughing 5,104,Triangle Shirtwaist Factory,2026-07-30,JJ,Krea; Chat GPT,,,Y,,,
CTD_AI_TSF_WorkersCoughing_20260730_5c.mov,CTD_AI_TSF_WorkersCoughing 5,104,Triangle Shirtwaist Factory,2026-07-30,JJ,Krea; Chat GPT,,,Y,,,
CTD_AI_TSF_WorkersCoughing_20260730_6.mov,CTD_AI_TSF_WorkersCoughing 6,104,Triangle Shirtwaist Factory,2026-07-30,JJ,Krea; Chat GPT,,,Y,,,
CTD_AI_TSF_ForemanTurns_20260803.mov,CTD_AI_TSF_ForemanTurns,104,Triangle Shirtwaist Factory,2026-08-04,JJ,Krea; Nano Banana,,,Y,,,
CTD_AI_TSF_FireDeptRace_20260810_01a.mov,CTD_AI_TSF_FireDeptRace01,104,Triangle Shirtwaist Factory,2026-08-10,KDK,Krea; Chat GPT,,,Y,,,
CTD_AI_TSF_AshBuildingEstablish_20260811_01A.mov,CTD_AI_TSF_AshBuildingEstablish01,104,Triangle Shirtwaist Factory,2026-08-11,KDK,Chat GPT; Krea,,,Y,,,
CTD_AI_TSF_AshBuildingEstablish_20260811_01B.mov,CTD_AI_TSF_AshBuildingEstablish01,104,Triangle Shirtwaist Factory,2026-08-11,KDK,Chat GPT; Krea,,,Y,,,
CTD_AI_TSF_AshBuildingEstablish_20260811_01C.mov,CTD_AI_TSF_AshBuildingEstablish01,104,Triangle Shirtwaist Factory,2026-08-11,KDK,Chat GPT; Krea,,,Y,,,
CTD_AI_TSF_EmptyStairwell_20260811_01A.mov,CTD_AI_TSF_EmptyStairwell01,104,Triangle Shirtwaist Factory,2026-08-11,KDK,Chat GPT; Krea,,,Y,,,
CTD_AI_TSF_EmptyStairwell_20260811_01B.mov,CTD_AI_TSF_EmptyStairwell01,104,Triangle Shirtwaist Factory,2026-08-11,KDK,Chat GPT; Krea,,,Y,,,
CTD_AI_TSF_EmptyStairwell_20260811_01C.mov,CTD_AI_TSF_EmptyStairwell01,104,Triangle Shirtwaist Factory,2026-08-11,KDK,Chat GPT; Krea,,,Y,,,
CTD_AI_TSF_EmptyStairwell_20260811_01D.mov,CTD_AI_TSF_EmptyStairwell01,104,Triangle Shirtwaist Factory,2026-08-11,KDK,Chat GPT; Krea,,,Y,,,
CTD_AI_TSF_FireDeptRace_20260811_01B.mov,CTD_AI_TSF_FireDeptRace01,104,Triangle Shirtwaist Factory,2026-08-11,KDK,Chat GPT; Krea,,,Y,,,
CTD_AI_TSF_FireSpreads_20260811_01A.mov,CTD_AI_TSF_FireDeptRace01,104,Triangle Shirtwaist Factory,2026-08-11,KDK,Chat GPT; Krea,,,Y,,,
CTD_AI_TSF_FireSpreads_20260811_01B.mov,CTD_AI_TSF_FireSpreads01,104,Triangle Shirtwaist Factory,2026-08-11,KDK,Chat GPT; Krea,,,Y,,,
CTD_AI_TSF_FireSpreads_20260811_01C.mov,CTD_AI_TSF_FireSpreads01,104,Triangle Shirtwaist Factory,2026-08-11,KDK,Chat GPT; Krea,,,Y,,,
CTD_AI_TSF_FireSpreads_20260811_02A.mov,CTD_AI_TSF_FireSpreads02,104,Triangle Shirtwaist Factory,2026-08-11,KDK,Chat GPT; Krea,,,Y,,,
CTD_AI_TSF_FireSpreads_20260811_02B.mov,CTD_AI_TSF_FireSpreads02,104,Triangle Shirtwaist Factory,2026-08-11,KDK,Chat GPT; Krea,,,Y,,,
CTD_AI_TSF_FireSpreads_20260811_02C.mov,CTD_AI_TSF_FireSpreads02,104,Triangle Shirtwaist Factory,2026-08-11,KDK,Chat GPT; Krea,,,Y,,,
CTD_AI_TSF_FireSpreads_20260811_03A.mov,CTD_AI_TSF_FireSpreads03,104,Triangle Shirtwaist Factory,2026-08-11,KDK,Chat GPT; Krea,,,Y,,,
CTD_AI_TSF_FireSpreads_20260811_03B.mov,CTD_AI_TSF_FireSpreads03,104,Triangle Shirtwaist Factory,2026-08-11,KDK,Chat GPT; Krea,,,Y,,,
CTD_AI_TSF_FireSpreads_20260811_03C.mov,CTD_AI_TSF_FireSpreads03,104,Triangle Shirtwaist Factory,2026-08-11,KDK,Chat GPT; Krea,,,Y,,,
CTD_AI_TSF_InspectorOnPhone_20260811_A1.mov,CTD_AI_TSF_InspectorOnPhone A,104,Triangle Shirtwaist Factory,2026-08-11,KDK,Chat GPT; Krea,,,Y,,,
CTD_AI_TSF_InspectorOnPhone_20260811_A2.mov,CTD_AI_TSF_InspectorOnPhone A,104,Triangle Shirtwaist Factory,2026-08-11,KDK,Chat GPT; Krea,,,Y,,,
CTD_AI_TSF_WaterOnFlames_20260811_01A.mov,CTD_AI_TSF_WaterOnFlames01,104,Triangle Shirtwaist Factory,2026-08-11,KDK,Chat GPT; Krea,,,Y,,,
CTD_AI_MRB_BridgeTraffic3_20260712_1a.mov,CTD_AI_MRB_BridgeTraffic_3_1b,104,I-35 Mississippi River Bridge Collapse,2026-08-12,Marty,,Y,,Y,,,
CTD_AI_MRB_BridgeTraffic3_20260712_2a.mov,CTD_AI_MRB_BridgeTraffic_3_1b,104,I-35 Mississippi River Bridge Collapse,2026-08-12,Marty,,Y,,Y,,,
CTD_AI_MRB_BridgeTraffic3_20260712_3a.mov,CTD_AI_MRB_BridgeTraffic_3_1b,104,I-35 Mississippi River Bridge Collapse,2026-08-12,Marty,,Y,,Y,,,
CTD_AI_MRB_BridgeTraffic3_20260712_3b.mov,CTD_AI_MRB_BridgeTraffic_3_1b,104,I-35 Mississippi River Bridge Collapse,2026-08-12,Marty,,Y,,Y,,,
CTD_AI_MRB_BridgeTraffic4_20260812_1a.mov,CTD_AI_MRB_BridgeTraffic 4,104,I-35 Mississippi River Bridge Collapse,2026-08-12,Marty,,Y,,Y,,,
CTD_AI_MRB_BridgeTraffic4_20260812_2a.mov,CTD_AI_MRB_BridgeTraffic 4,104,I-35 Mississippi River Bridge Collapse,2026-08-12,Marty,,Y,,Y,,,
CTD_AI_MRB_BridgeTraffic4_20260812_2b.mov,CTD_AI_MRB_BridgeTraffic 4,104,I-35 Mississippi River Bridge Collapse,2026-08-12,Marty,,Y,,Y,,,
CTD_AI_MRB_BridgeTraffic4_20260812_3a.mov,CTD_AI_MRB_BridgeTraffic 4,104,I-35 Mississippi River Bridge Collapse,2026-08-12,Marty,,Y,,Y,,,
CTD_AI_MRB_BridgeTraffic4_20260812_3b.mov,CTD_AI_MRB_BridgeTraffic 4,104,I-35 Mississippi River Bridge Collapse,2026-08-12,Marty,,Y,,Y,,,
CTD_AI_MRB_BridgeTraffic4_20260812_5a.mov,CTD_AI_MRB_BridgeTraffic 4,104,I-35 Mississippi River Bridge Collapse,2026-08-12,Marty,,Y,,Y,,,
CTD_AI_MRB_SteelBeamsBridge&ConcretePiers_20260712_1a.mov,CTD_AI_MRB_* SteelBeamsBridge&Concrete Piers,104,I-35 Mississippi River Bridge Collapse,2026-08-12,Marty,,Y,,Y,,,
CTD_AI_MRB_SteelBeamsBridge&ConcretePiers_20260712_2a.mov,CTD_AI_MRB_* SteelBeamsBridge&Concrete Piers,104,I-35 Mississippi River Bridge Collapse,2026-08-12,Marty,,Y,,Y,,,
CTD_AI_ARF_RisingWater01_20260813_1a.mov,CTD_AI_ARF_RisingWater01,104,Ahr River Flooding,2026-08-13,JJ,,,,Y,,,
CTD_AI_ARF_RisingWater01_20260813_2a.mov,CTD_AI_ARF_RisingWater01,104,Ahr River Flooding,2026-08-13,JJ,,,,Y,,,
CTD_AI_ARF_RisingWater01_20260813_3a.mov,CTD_AI_ARF_RisingWater01,104,Ahr River Flooding,2026-08-13,JJ,,,,Y,,,
CTD_AI_ARF_RisingWater01_20260813_4a.mov,CTD_AI_ARF_RisingWater01,104,Ahr River Flooding,2026-08-13,JJ,,,,Y,,,
CTD_AI_ARF_RisingWater02_20260813_1a.mov,CTD_AI_ARF_RisingWater02,104,Ahr River Flooding,2026-08-13,JJ,,,,Y,,,
CTD_AI_ARF_RisingWater02_20260813_2a.mov,CTD_AI_ARF_RisingWater02,104,Ahr River Flooding,2026-08-13,JJ,,,,Y,,,
CTD_AI_ARF_RisingWater02_20260813_3a.mov,CTD_AI_ARF_RisingWater02,104,Ahr River Flooding,2026-08-13,JJ,,,,Y,,,
CTD_AI_ARF_RisingWater03_20260813_1a.mov,CTD_AI_ARF_RisingWater03,104,Ahr River Flooding,2026-08-13,JJ,,,,Y,,,
CTD_AI_ARF_RisingWater03_20260813_2a.mov,CTD_AI_ARF_RisingWater03,104,Ahr River Flooding,2026-08-13,JJ,,,,Y,,,
CTD_AI_ARF_RisingWater03_20260813_3a.mov,CTD_AI_ARF_RisingWater03,104,Ahr River Flooding,2026-08-13,JJ,,,,Y,,,
CTD_AI_ARF_RisingWater03_20260813_4a.mov,CTD_AI_ARF_RisingWater03,104,Ahr River Flooding,2026-08-13,JJ,,,,Y,,,
CTD_AI_ARF_RisingWater03_20260813_5a.mov,CTD_AI_ARF_RisingWater03,104,Ahr River Flooding,2026-08-13,JJ,,,,Y,,,
CTD_AI_ARF_RiverbankBreaks02_20260813_1a.mov,CTD_AI_ARF_RiverbankBreaks02,104,Ahr River Flooding,2026-08-13,JJ,,,,Y,,,
CTD_AI_ARF_RiverbankBreaks02_20260813_2a.mov,CTD_AI_ARF_RiverbankBreaks02,104,Ahr River Flooding,2026-08-13,JJ,,,,Y,,,
CTD_AI_ARF_RiverbankBreaks02_20260813_3a.mov,CTD_AI_ARF_RiverbankBreaks02,104,Ahr River Flooding,2026-08-13,JJ,,,,Y,,,
CTD_AI_ARF_RiverbankBreaks02_20260813_4a.mov,CTD_AI_ARF_RiverbankBreaks02,104,Ahr River Flooding,2026-08-13,JJ,,,,Y,,,
CTD_AI_KAL007_BlipsOnRadar_20260813_1a.mov,CTD_AI_KAL007_BlipsOnRadar,104,Korean Air Lines Flight 007,2026-08-13,WS,,Y,,Y,,,
CTD_AI_KAL007_BlipsOnRadar_20260813_1b.mov,CTD_AI_KAL007_BlipsOnRadar,104,Korean Air Lines Flight 007,2026-08-13,WS,,Y,,Y,,,
CTD_AI_KAL007_BlipsOnRadar_20260813_1c.mov,CTD_AI_KAL007_BlipsOnRadar,104,Korean Air Lines Flight 007,2026-08-13,WS,,Y,,Y,,,
CTD_AI_KAL007_BlipsOnRadar_20260813_2a.mov,CTD_AI_KAL007_BlipsOnRadar,104,Korean Air Lines Flight 007,2026-08-13,WS,,Y,,Y,,,
CTD_AI_KAL007_BlipsOnRadar_20260813_2b.mov,CTD_AI_KAL007_BlipsOnRadar,104,Korean Air Lines Flight 007,2026-08-13,WS,,Y,,Y,,,
CTD_AI_KAL007_BlipsOnRadar_20260813_2c.mov,CTD_AI_KAL007_BlipsOnRadar,104,Korean Air Lines Flight 007,2026-08-13,WS,,Y,,Y,,,
CTD_AI_KAL007_FighterFiring_20260813_1a.mov,CTD_AI_KAL007_CannonsFire 2,104,Korean Air Lines Flight 007,2026-08-13,WS,,Y,,Y,,,
CTD_AI_KAL007_FighterFiring_20260813_1b.mov,CTD_AI_KAL007_CannonsFire 2,104,Korean Air Lines Flight 007,2026-08-13,WS,,Y,,Y,,,
CTD_AI_KAL007_FighterFiring_20260813_1c.mov,CTD_AI_KAL007_CannonsFire 2,104,Korean Air Lines Flight 007,2026-08-13,WS,,Y,,Y,,,
CTD_AI_KAL007_FighterFiring_20260813_1d.mov,CTD_AI_KAL007_CannonsFire 2,104,Korean Air Lines Flight 007,2026-08-13,WS,,Y,,Y,,,
CTD_AI_KAL007_FighterFiring_20260813_1e.mov,CTD_AI_KAL007_CannonsFire 2,104,Korean Air Lines Flight 007,2026-08-13,WS,,Y,,Y,,,
CTD_AI_KAL007_FighterFiring_20260813_2a.mov,CTD_AI_KAL007_CannonsFire 2,104,Korean Air Lines Flight 007,2026-08-13,WS,,Y,,Y,,,
CTD_AI_KAL007_FighterFiring_20260813_2b.mov,CTD_AI_KAL007_CannonsFire 2,104,Korean Air Lines Flight 007,2026-08-13,WS,,Y,,Y,,,
CTD_AI_KAL007_FighterFiring_20260813_2c.mov,CTD_AI_KAL007_CannonsFire 2,104,Korean Air Lines Flight 007,2026-08-13,WS,,Y,,Y,,,
CTD_AI_KAL007_FighterFiring_20260813_2d.mov,CTD_AI_KAL007_CannonsFire 2,104,Korean Air Lines Flight 007,2026-08-13,WS,,Y,,Y,,,
CTD_AI_KAL007_FighterFiring_20260813_2e.mov,CTD_AI_KAL007_CannonsFire 2,104,Korean Air Lines Flight 007,2026-08-13,WS,,Y,,Y,,,
CTD_AI_KAL007_FighterFlight_20260813_1a.mov,CTD_AI_KAL007_FighterInFlight 1,104,Korean Air Lines Flight 007,2026-08-13,WS,,Y,,Y,,,
CTD_AI_KAL007_FighterFlight_20260813_1b.mov,CTD_AI_KAL007_FighterInFlight 1,104,Korean Air Lines Flight 007,2026-08-13,WS,,Y,,Y,,,
CTD_AI_KAL007_FighterFlight_20260813_1c.mov,CTD_AI_KAL007_FighterInFlight 1,104,Korean Air Lines Flight 007,2026-08-13,WS,,Y,,Y,,,
CTD_AI_KAL007_FighterFlight_20260813_1d.mov,CTD_AI_KAL007_FighterInFlight 1,104,Korean Air Lines Flight 007,2026-08-13,WS,,Y,,Y,,,
CTD_AI_KAL007_FighterFlight_20260813_1e.mov,CTD_AI_KAL007_FighterInFlight 1,104,Korean Air Lines Flight 007,2026-08-13,WS,,Y,,Y,,,
CTD_AI_KAL007_FighterFlight_20260813_1f.mov,CTD_AI_KAL007_FighterInFlight 1,104,Korean Air Lines Flight 007,2026-08-13,WS,,Y,,Y,,,
CTD_AI_KAL007_FighterFlight_20260813_1g.mov,CTD_AI_KAL007_FighterInFlight 1,104,Korean Air Lines Flight 007,2026-08-13,WS,,Y,,Y,,,
CTD_AI_KAL007_FighterFlight_20260813_1h.mov,CTD_AI_KAL007_FighterInFlight 1,104,Korean Air Lines Flight 007,2026-08-13,WS,,Y,,Y,,,
CTD_AI_KAL007_FighterFollow_20260813_1a.mov,CTD_AI_KAL007_FighterInFlight 2,104,Korean Air Lines Flight 007,2026-08-13,WS,,Y,,Y,,,
CTD_AI_KAL007_FighterFollow_20260813_1b.mov,CTD_AI_KAL007_FighterInFlight 2,104,Korean Air Lines Flight 007,2026-08-13,WS,,Y,,Y,,,
CTD_AI_KAL007_FighterFollow_20260813_1d.mov,CTD_AI_KAL007_FighterInFlight 2,104,Korean Air Lines Flight 007,2026-08-13,WS,,Y,,Y,,,
CTD_AI_KAL007_FighterFollow_20260813_1e.mov,CTD_AI_KAL007_FighterInFlight 2,104,Korean Air Lines Flight 007,2026-08-13,WS,,Y,,Y,,,
CTD_AI_KAL007_FighterFollow_20260813_1f.mov,CTD_AI_KAL007_FighterInFlight 2,104,Korean Air Lines Flight 007,2026-08-13,WS,,Y,,Y,,,
CTD_AI_KAL007_FighterTakeoff_20260813_1a.mov,CTD_AI_KAL007_FightersScramble,104,Korean Air Lines Flight 007,2026-08-13,WS,,Y,,Y,,,
CTD_AI_KAL007_FighterTakeoff_20260813_1b.mov,CTD_AI_KAL007_FightersScramble,104,Korean Air Lines Flight 007,2026-08-13,WS,,Y,,Y,,,
CTD_AI_KAL007_FighterTakeoff_20260813_1c.mov,CTD_AI_KAL007_FightersScramble,104,Korean Air Lines Flight 007,2026-08-13,WS,,Y,,Y,,,
CTD_AI_KAL007_FighterTakeoff_20260813_1d.mov,CTD_AI_KAL007_FightersScramble,104,Korean Air Lines Flight 007,2026-08-13,WS,,Y,,Y,,,
CTD_AI_KAL007_FighterTakeoff_20260813_1e.mov,CTD_AI_KAL007_FightersScramble,104,Korean Air Lines Flight 007,2026-08-13,WS,,Y,,Y,,,
CTD_AI_KAL007_FighterTakeoff_20260813_1f.mov,CTD_AI_KAL007_FightersScramble,104,Korean Air Lines Flight 007,2026-08-13,WS,,Y,,Y,,,
CTD_AI_KAL007_FighterTurns_20260813_1a.mov,CTD_AI_KAL007_FighterTurns,104,Korean Air Lines Flight 007,2026-08-13,WS,,Y,,Y,,,
CTD_AI_KAL007_FighterTurns_20260813_1b.mov,CTD_AI_KAL007_FighterTurns,104,Korean Air Lines Flight 007,2026-08-13,WS,,Y,,Y,,,
CTD_AI_KAL007_FighterTurns_20260813_1c.mov,CTD_AI_KAL007_FighterTurns,104,Korean Air Lines Flight 007,2026-08-13,WS,,Y,,Y,,,
CTD_AI_KAL007_FighterTurns_20260813_1d.mov,CTD_AI_KAL007_FighterTurns,104,Korean Air Lines Flight 007,2026-08-13,WS,,Y,,Y,,,
CTD_AI_KAL007_FighterTurns_20260813_1e.mov,CTD_AI_KAL007_FighterTurns,104,Korean Air Lines Flight 007,2026-08-13,WS,,Y,,Y,,,
CTD_AI_KAL007_FighterTurns_20260813_1f.mov,CTD_AI_KAL007_FighterTurns,104,Korean Air Lines Flight 007,2026-08-13,WS,,Y,,Y,,,
CTD_AI_KAL007_FighterTurns_20260813_1g.mov,CTD_AI_KAL007_FighterTurns,104,Korean Air Lines Flight 007,2026-08-13,WS,,Y,,Y,,,
CTD_AI_TSF_BuildingExterior_20260813_1A.mov,CTD_AI_TSF_BuildingExterior,104,Triangle Shirtwaist Factory,2026-08-13,KDK,Chat GPT; Krea,Y,,Y,,,
CTD_AI_TSF_BuildingExterior_20260813_1B.mov,CTD_AI_TSF_BuildingExterior,104,Triangle Shirtwaist Factory,2026-08-13,KDK,Chat GPT; Krea,Y,,Y,,,
CTD_AI_TSF_BuildingExterior_20260813_1C.mov,CTD_AI_TSF_BuildingExterior,104,Triangle Shirtwaist Factory,2026-08-13,KDK,Chat GPT; Krea,Y,,Y,,,
CTD_AI_TSF_FactoryOnFire_20260812_C1.mov,CTD_AI_TSF_FactoryOnFire C,104,Triangle Shirtwaist Factory,2026-08-13,KDK,Chat GPT; Krea,,,Y,,,
CTD_AI_TSF_FactoryOnFire_20260812_C2.mov,CTD_AI_TSF_FactoryOnFire C,104,Triangle Shirtwaist Factory,2026-08-13,KDK,Chat GPT; Krea,,,Y,,,
CTD_AI_TSF_FactoryOnFire_20260812_C3.mov,CTD_AI_TSF_FactoryOnFire C,104,Triangle Shirtwaist Factory,2026-08-13,KDK,Chat GPT; Krea,,,Y,,,
CTD_AI_TSF_FactoryOnFire_20260813_1A.mov,CTD_AI_TSF_FactoryOnFire A,104,Triangle Shirtwaist Factory,2026-08-13,KDK,Chat GPT; Krea,Y,,Y,,,
CTD_AI_TSF_FireDeptRace_20260812_02A.mov,CTD_AI_TSF_FireDeptRace02,104,Triangle Shirtwaist Factory,2026-08-13,KDK,Chat GPT; Krea,,,Y,,,
CTD_AI_TSF_ForemanDousesFire_20260813_1A.mov,CTD_AI_TSF_ForemanDousesFire A,104,Triangle Shirtwaist Factory,2026-08-13,KDK,Chat GPT; Krea,Y,,Y,,,
CTD_AI_TSF_ForemanSeesFire_20260813_C1.mov,CTD_AI_TSF_ForemanSeesFire 1,104,Triangle Shirtwaist Factory,2026-08-13,KDK,Chat GPT; Krea,Y,,Y,,,
CTD_AI_TSF_ForemanSeesFire_20260813_C2.mov,CTD_AI_TSF_ForemanSeesFire 1,104,Triangle Shirtwaist Factory,2026-08-13,KDK,Chat GPT; Krea,Y,,Y,,,
CTD_AI_TSF_OtherScrapBinsCatchFire_20260813_3a.mov,CTD_AI_TSF_OtherScrapBinsCatchFire03,104,Triangle Shirtwaist Factory,2026-08-13,KDK,Chat GPT; Krea,Y,,Y,,,
CTD_AI_TSF_SmoulderingBuilding_20260813_A1.mov,CTD_AI_TSF_SmoulderingBuilding01,104,Triangle Shirtwaist Factory,2026-08-13,KDK,Chat GPT; Krea,Y,,Y,,,
CTD_AI_TSF_SmoulderingBuilding_20260813_A2.mov,CTD_AI_TSF_SmoulderingBuilding01,104,Triangle Shirtwaist Factory,2026-08-13,KDK,Chat GPT; Krea,Y,,Y,,,
CTD_AI_TSF_SmoulderingBuilding_20260813_A3.mov,CTD_AI_TSF_SmoulderingBuilding01,104,Triangle Shirtwaist Factory,2026-08-13,KDK,Chat GPT; Krea,Y,,Y,,,
CTD_AI_TSF_SmoulderingBuilding_20260813_A4.mov,CTD_AI_TSF_SmoulderingBuilding01,104,Triangle Shirtwaist Factory,2026-08-13,KDK,Chat GPT; Krea,Y,,Y,,,
CTD_AI_TSF_SmoulderingBuilding_20260813_A5.mov,CTD_AI_TSF_SmoulderingBuilding01,104,Triangle Shirtwaist Factory,2026-08-13,KDK,Chat GPT; Krea,Y,,Y,,,
CTD_AI_TSF_Stampede_20260813_1a.mov,CTD_AI_TSF_Stampede01,104,Triangle Shirtwaist Factory,2026-08-13,KDK,Chat GPT; Krea,Y,,Y,,,
CTD_AI_TSF_Stampede_20260813_1b.mov,CTD_AI_TSF_Stampede01,104,Triangle Shirtwaist Factory,2026-08-13,KDK,Chat GPT; Krea,Y,,Y,,,
CTD_AI_TSF_Stampede_20260813_2a.mov,CTD_AI_TSF_Stampede02,104,Triangle Shirtwaist Factory,2026-08-13,KDK,Chat GPT; Krea,Y,,Y,,,
CTD_AI_TSF_Stampede_20260813_2b.mov,CTD_AI_TSF_Stampede02,104,Triangle Shirtwaist Factory,2026-08-13,KDK,Chat GPT; Krea,Y,,Y,,,
CTD_AI_ARF_FloodedStreetsB_20260814_1A.mov,CTD_AI_ARF_FloodedStreets B,104,Ahr River Flooding,2026-08-14,SM,Krea,,,,,,
CTD_AI_ARF_FloodedStreetsB_20260814_1B.mov,CTD_AI_ARF_FloodedStreets B,104,Ahr River Flooding,2026-08-14,SM,Krea,,,,,,
CTD_AI_ARF_FloodedStreetsB_20260814_2A.mov,CTD_AI_ARF_FloodedStreets B,104,Ahr River Flooding,2026-08-14,SM,Krea,,,,,,
CTD_AI_ARF_FloodedStreetsB_20260814_2B.mov,CTD_AI_ARF_FloodedStreets B,104,Ahr River Flooding,2026-08-14,SM,Krea,,,,,,
CTD_AI_ARF_FloodedStreetsB_20260814_2C.mov,CTD_AI_ARF_FloodedStreets B,104,Ahr River Flooding,2026-08-14,SM,Krea,,,,,,
CTD_AI_ARF_FloodedStreetsB_20260814_3A.mov,CTD_AI_ARF_FloodedStreets B,104,Ahr River Flooding,2026-08-14,SM,Krea,,,,,,
CTD_AI_ARF_RisingWater01_20260814_1A.mov,CTD_AI_ARF_RisingWater01,104,Ahr River Flooding,2026-08-14,SM,Krea,,,,,,
CTD_AI_ARF_RisingWater01_20260814_1B.mov,CTD_AI_ARF_RisingWater01,104,Ahr River Flooding,2026-08-14,SM,Krea,,,,,,
CTD_AI_ARF_RisingWater02_20260814_1A.mov,CTD_AI_ARF_RisingWater02,104,Ahr River Flooding,2026-08-14,SM,Krea,,,,,,
CTD_AI_ARF_RisingWater02_20260814_1B.mov,CTD_AI_ARF_RisingWater02,104,Ahr River Flooding,2026-08-14,SM,Krea,,,,,,
CTD_AI_ARF_RisingWater02_20260814_1C.mov,CTD_AI_ARF_RisingWater02,104,Ahr River Flooding,2026-08-14,SM,Krea,,,,,,
CTD_AI_ARF_RisingWater02_20260814_2A.mov,CTD_AI_ARF_RisingWater02,104,Ahr River Flooding,2026-08-14,SM,Krea,,,,,,
CTD_AI_ARF_RisingWater03_20260814_1A.mov,CTD_AI_ARF_RisingWater03,104,Ahr River Flooding,2026-08-14,SM,Krea,,,,,,
CTD_AI_ARF_RisingWater03_20260814_1B.mov,CTD_AI_ARF_RisingWater03,104,Ahr River Flooding,2026-08-14,SM,Krea,,,,,,
CTD_AI_ARF_RisingWater03_20260814_1C.mov,CTD_AI_ARF_RisingWater03,104,Ahr River Flooding,2026-08-14,SM,Krea,,,,,,
CTD_AI_ARF_RisingWater03_20260814_1D.mov,CTD_AI_ARF_RisingWater03,104,Ahr River Flooding,2026-08-14,SM,Krea,,,,,,
CTD_AI_ARF_RiverbankBreaks04_20260814_1A.mov,CTD_AI_ARF_RiverbankBreaks04,104,Ahr River Flooding,2026-08-14,SM,Krea,,,,,,
CTD_AI_ARF_TrappedByFlood02_20260814_1A.mov,CTD_AI_ARF_TrappedByFlood02,104,Ahr River Flooding,2026-08-14,SM,Krea,,,,,,
CTD_AI_ARF_TrappedByFlood02_20260814_1B.mov,CTD_AI_ARF_TrappedByFlood02,104,Ahr River Flooding,2026-08-14,SM,Krea,,,,,,
CTD_AI_ARF_TrappedByFlood02_20260814_1C.mov,CTD_AI_ARF_TrappedByFlood02,104,Ahr River Flooding,2026-08-14,SM,Krea,,,,,,
CTD_AI_MRB_BridgeAssessment03_20260814_1a.mov,CTD_AI_MRB_BridgeAssessment03,104,I-35 Mississippi River Bridge Collapse,2026-08-14,Marty,,,,,,,
CTD_AI_MRB_BridgeBuckling03_20260814_1a.mov,CTD_AI_MRB_BridgeBuckling03,104,I-35 Mississippi River Bridge Collapse,2026-08-14,Marty,,,,,,,
CTD_AI_MRB_BridgeBuckling03_20260814_1b.mov,CTD_AI_MRB_BridgeBuckling03,104,I-35 Mississippi River Bridge Collapse,2026-08-14,Marty,,,,,,,
CTD_AI_MRB_BridgeBucklingLindsay01_20260814_01.mov,CTD_AI_MRB_BridgeBucklingLindsay01,104,I-35 Mississippi River Bridge Collapse,2026-08-14,Marty,,,,,,,
CTD_AI_MRB_BridgeTraffic5_20260814_1a.mov,CTD_AI_MRB_BridgeTraffic 5,104,I-35 Mississippi River Bridge Collapse,2026-08-14,Marty,,Y,,,,,
CTD_AI_MRB_BridgeTraffic5_20260814_2a.mov,CTD_AI_MRB_BridgeTraffic 5,104,I-35 Mississippi River Bridge Collapse,2026-08-14,Marty,,Y,,,,,
CTD_AI_MRB_BridgeTraffic5_20260814_3a.mov,CTD_AI_MRB_BridgeTraffic 5,104,I-35 Mississippi River Bridge Collapse,2026-08-14,Marty,,Y,,,,,
CTD_AI_MRB_BridgeTraffic5_20260814_3b.mov,CTD_AI_MRB_BridgeTraffic 5,104,I-35 Mississippi River Bridge Collapse,2026-08-14,Marty,,Y,,,,,
CTD_AI_MRB_BridgeTraffic5_20260814_4a.mov,CTD_AI_MRB_BridgeTraffic 5,104,I-35 Mississippi River Bridge Collapse,2026-08-14,Marty,,Y,,,,,
CTD_AI_MRB_BridgeTraffic5_20260814_4b.mov,CTD_AI_MRB_BridgeTraffic 5,104,I-35 Mississippi River Bridge Collapse,2026-08-14,Marty,,Y,,,,,
CTD_AI_MRB_BridgeTraffic5_20260814_4c.mov,CTD_AI_MRB_BridgeTraffic 5,104,I-35 Mississippi River Bridge Collapse,2026-08-14,Marty,,Y,,,,,
CTD_AI_MRB_BridgeTraffic5_20260814_5a.mov,CTD_AI_MRB_BridgeTraffic 5,104,I-35 Mississippi River Bridge Collapse,2026-08-14,Marty,,Y,,,,,
CTD_AI_MRB_CarSinking01_20260814_1a.mov,CTD_AI_MRB_CarSinking01,104,I-35 Mississippi River Bridge Collapse,2026-08-14,Marty,,,,,,,
CTD_AI_MRB_CarSinking01_20260814_1b.mov,CTD_AI_MRB_CarSinking01,104,I-35 Mississippi River Bridge Collapse,2026-08-14,Marty,,,,,,,
CTD_AI_MRB_KidsEscapeBus1_20260814_1a.mov,CTD_AI_MRB_KidsEscapeBus 1,104,I-35 Mississippi River Bridge Collapse,2026-08-14,Marty,,Y,,,,,
CTD_AI_MRB_KidsEscapeBus1_20260814_2a.mov,CTD_AI_MRB_KidsEscapeBus 1,104,I-35 Mississippi River Bridge Collapse,2026-08-14,Marty,,Y,,,,,
CTD_AI_TSF_FactoryOnFire_20260814_B3(a).mov,CTD_AI_TSF_FactoryOnFire B,104,Triangle Shirtwaist Factory,2026-08-14,KDK,Chat GPT; Krea,Y,,,,,
CTD_AI_TSF_FactoryOnFire_20260814_B3(b).mov,CTD_AI_TSF_FactoryOnFire B,104,Triangle Shirtwaist Factory,2026-08-14,KDK,Chat GPT; Krea,Y,,,,,
CTD_AI_TSF_FactoryOnFire_20260814_B4(a).mov,CTD_AI_TSF_FactoryOnFire B,104,Triangle Shirtwaist Factory,2026-08-14,KDK,Chat GPT; Krea,Y,,,,,
CTD_AI_TSF_FactoryOnFire_20260814_B4(b).mov,CTD_AI_TSF_FactoryOnFire B,104,Triangle Shirtwaist Factory,2026-08-14,KDK,Chat GPT; Krea,Y,,,,,
CTD_AI_TSF_FactoryOnFire_20260814_B4(c).mov,CTD_AI_TSF_FactoryOnFire B,104,Triangle Shirtwaist Factory,2026-08-14,KDK,Chat GPT; Krea,Y,,,,,
CTD_AI_TSF_FactoryOnFire_20260814_B5(a).mov,CTD_AI_TSF_FactoryOnFire B,104,Triangle Shirtwaist Factory,2026-08-14,KDK,Chat GPT; Krea,Y,,,,,
CTD_AI_TSF_FactoryOnFire_20260814_B5(b).mov,CTD_AI_TSF_FactoryOnFire B,104,Triangle Shirtwaist Factory,2026-08-14,KDK,Chat GPT; Krea,Y,,,,,
CTD_AI_TSF_FireEscapeCollapse_20260814_C1.mov,CTD_AI_TSF_FireEscapeCollapse C,104,Triangle Shirtwaist Factory,2026-08-14,KDK,Chat GPT; Krea,Y,,,,,
CTD_AI_TSF_FireEscapeCollapse_20260814_C2.mov,CTD_AI_TSF_FireEscapeCollapse C,104,Triangle Shirtwaist Factory,2026-08-14,KDK,Chat GPT; Krea,Y,,,,,
CTD_AI_TSF_FireEscapeCollapse_20260814_C3.mov,CTD_AI_TSF_FireEscapeCollapse C,104,Triangle Shirtwaist Factory,2026-08-14,KDK,Chat GPT; Krea,Y,,,,,
CTD_AI_TSF_GarmentWorkers_20260814_F1.mov,CTD_AI_TSF_GarmentWorkers F,104,Triangle Shirtwaist Factory,2026-08-14,KDK,Chat GPT; Krea,Y,,,,,
CTD_AI_TSF_OtherScrapBinCatchFire_20260814_2a.mov,CTD_AI_TSF_OtherScrapBinsCatchFire02,104,Triangle Shirtwaist Factory,2026-08-14,KDK,Chat GPT; Krea,Y,,,,,
CTD_AI_TSF_OtherScrapBinCatchFire_20260814_2b.mov,CTD_AI_TSF_OtherScrapBinsCatchFire02,104,Triangle Shirtwaist Factory,2026-08-14,KDK,Chat GPT; Krea,Y,,,,,
CTD_AI_TSF_OtherScrapBinCatchFire_20260814_2c.mov,CTD_AI_TSF_OtherScrapBinsCatchFire02,104,Triangle Shirtwaist Factory,2026-08-14,KDK,Chat GPT; Krea,Y,,,,,
CTD_AI_TSF_OtherScrapBinCatchFire_20260814_2d.mov,CTD_AI_TSF_OtherScrapBinsCatchFire02,104,Triangle Shirtwaist Factory,2026-08-14,KDK,Chat GPT; Krea,Y,,,,,
CTD_AI_TSF_OtherScrapBinCatchFire_20260814_2e.mov,CTD_AI_TSF_OtherScrapBinsCatchFire02,104,Triangle Shirtwaist Factory,2026-08-14,KDK,Chat GPT; Krea,Y,,,,,
CTD_AI_TSF_WorkersCoughing_20260814_C1.mov,CTD_AI_TSF_WorkersCoughing 3,104,Triangle Shirtwaist Factory,2026-08-14,KDK,Chat GPT; Krea,Y,,,,,
CTD_AI_TSF_WorkersCoughing_20260814_C2.mov,CTD_AI_TSF_WorkersCoughing 3,104,Triangle Shirtwaist Factory,2026-08-14,KDK,Chat GPT; Krea,Y,,,,,
CTD_AI_TSF_WorkersJammed_20260814_A1.mov,CTD_AI_TSF_WorkersJammed 1,104,Triangle Shirtwaist Factory,2026-08-14,KDK,Chat GPT; Krea,Y,,,,,
CTD_AI_TSF_WorkersRun_20260814_A2.mov,CTD_AI_TSF_WorkersRun A,104,Triangle Shirtwaist Factory,2026-08-14,KDK,Chat GPT; Krea,Y,,,,,
CTD_AI_QIS_ChouquetteHouse_20260723_1a.mov,CTD_AI_QIS_ChouqetteHouse,105,Quebec Ice Storm,2026-07-23,Paul,Krea; Chat GPT,,,Y,,,
CTD_AI_QIS_ChouquetteHouse_20260723_1b.mov,CTD_AI_QIS_ChouqetteHouse,105,Quebec Ice Storm,2026-07-23,Paul,Krea; Chat GPT,,,Y,,,
CTD_AI_QIS_ChouquetteHouse_20260723_1c.mov,CTD_AI_QIS_ChouqetteHouse,105,Quebec Ice Storm,2026-07-23,Paul,Krea; Chat GPT,,,Y,,,
CTD_AI_QIS_ChouquetteHouse_20260723_1d.mov,CTD_AI_QIS_ChouqetteHouse,105,Quebec Ice Storm,2026-07-23,Paul,Krea; Chat GPT,,,Y,,,
CTD_AI_QIS_ChouquetteHouse_20260723_1e.mov,CTD_AI_QIS_ChouqetteHouse,105,Quebec Ice Storm,2026-07-23,Paul,Krea; Chat GPT,,,Y,,,
CTD_AI_QIS_PowerLines_20260723_1a.mov,CTD_AI_QIS_TransmissionTowers01,105,Quebec Ice Storm,2026-07-23,Paul,Krea; Chat GPT,,,Y,,,
CTD_AI_QIS_PowerLines_20260723_1b.mov,CTD_AI_QIS_TransmissionTowers01,105,Quebec Ice Storm,2026-07-23,Paul,Krea; Chat GPT,,,Y,,,
CTD_AI_QIS_PowerLines_20260723_1c.mov,CTD_AI_QIS_TransmissionTowers01,105,Quebec Ice Storm,2026-07-23,Paul,Krea; Chat GPT,,,Y,,,
CTD_AI_QIS_PowerLines_20260723_1d.mov,CTD_AI_QIS_TransmissionTowers01,105,Quebec Ice Storm,2026-07-23,Paul,Krea; Chat GPT,,,Y,,,
CTD_AI_QIS_PowerLines_20260723_1e.mov,CTD_AI_QIS_TransmissionTowers01,105,Quebec Ice Storm,2026-07-23,Paul,Krea; Chat GPT,,,Y,,,
CTD_AI_QIS_PowerLines_20260723_1f.mov,CTD_AI_QIS_TransmissionTowers01,105,Quebec Ice Storm,2026-07-23,Paul,Krea; Chat GPT,,,Y,,,
CTD_AI_QIS_TowerCU_20260723_1a.mov,CTD_AI_QIS_TransmissionTowers02,105,Quebec Ice Storm,2026-07-23,Paul,Krea; Chat GPT,,,Y,,,
CTD_AI_QIS_TowerCU_20260723_1b.mov,CTD_AI_QIS_TransmissionTowers02,105,Quebec Ice Storm,2026-07-23,Paul,Krea; Chat GPT,,,Y,,,
CTD_AI_QIS_TowerCU_20260723_1c.mov,CTD_AI_QIS_TransmissionTowers02,105,Quebec Ice Storm,2026-07-23,Paul,Krea; Chat GPT,,,Y,,,
CTD_AI_QIS_TowerCU_20260723_1d.mov,CTD_AI_QIS_TransmissionTowers02,105,Quebec Ice Storm,2026-07-23,Paul,Krea; Chat GPT,,,Y,,,
CTD_AI_QIS_TowerCU_20260723_1e.mov,CTD_AI_QIS_TransmissionTowers02,105,Quebec Ice Storm,2026-07-23,Paul,Krea; Chat GPT,,,Y,,,
CTD_AI_QIS_TowerCU_20260723_1f.mov,CTD_AI_QIS_TransmissionTowers02,105,Quebec Ice Storm,2026-07-23,Paul,Krea; Chat GPT,,,Y,,,
CTD_AI_QIS_TowerCU_20260723_1g.mov,CTD_AI_QIS_TransmissionTowers02,105,Quebec Ice Storm,2026-07-23,Paul,Krea; Chat GPT,,,Y,,,
CTD_AI_QIS_TowerCU_20260723_1h.mov,CTD_AI_QIS_TransmissionTowers02,105,Quebec Ice Storm,2026-07-23,Paul,Krea; Chat GPT,,,Y,,,
CTD_AI_QIS_TowerCollapsing_20260723_1a.mov,CTD_AI_QIS_TransmissionTowers03,105,Quebec Ice Storm,2026-07-23,Paul,Krea; Chat GPT,,,Y,,,
CTD_AI_QIS_TowerCollapsing_20260723_1b.mov,CTD_AI_QIS_TransmissionTowers03,105,Quebec Ice Storm,2026-07-23,Paul,Krea; Chat GPT,,,Y,,,
CTD_AI_QIS_TowerCollapsing_20260723_1c.mov,CTD_AI_QIS_TransmissionTowers03,105,Quebec Ice Storm,2026-07-23,Paul,Krea; Chat GPT,,,Y,,,
CTD_AI_QIS_TowerCollapsing_20260723_2a.mov,CTD_AI_QIS_TransmissionTowers03,105,Quebec Ice Storm,2026-07-23,Paul,Krea; Chat GPT,,,Y,,,
CTD_AI_QIS_TowerCollapsing_20260723_2b.mov,CTD_AI_QIS_TransmissionTowers03,105,Quebec Ice Storm,2026-07-23,Paul,Krea; Chat GPT,,,Y,,,
CTD_AI_QIS_TowerCollapsing_20260723_3a.mov,CTD_AI_QIS_TransmissionTowers03,105,Quebec Ice Storm,2026-07-23,Paul,Krea; Chat GPT,,,Y,,,
CTD_AI_QIS_TowerCollapsing_20260723_3b.mov,CTD_AI_QIS_TransmissionTowers03,105,Quebec Ice Storm,2026-07-23,Paul,Krea; Chat GPT,,,Y,,,
CTD_AI_QIS_TowerDetails_20260723_2a.mov,CTD_AI_QIS_TransmissionTowers02,105,Quebec Ice Storm,2026-07-23,Paul,Krea; Chat GPT,,,Y,,,
CTD_AI_QIS_TowerDetails_20260723_2b.mov,CTD_AI_QIS_TransmissionTowers02,105,Quebec Ice Storm,2026-07-23,Paul,Krea; Chat GPT,,,Y,,,
CTD_AI_QIS_TowerDetails_20260723_2d.mov,CTD_AI_QIS_TransmissionTowers02,105,Quebec Ice Storm,2026-07-23,Paul,Krea; Chat GPT,,,Y,,,
CTD_AI_QIS_TowerFallen_20260723_1a.mov,CTD_AI_QIS_TransmissionTowers04,105,Quebec Ice Storm,2026-07-23,Paul,Krea; Chat GPT,,,Y,,,
CTD_AI_QIS_TowerFallen_20260723_1b.mov,CTD_AI_QIS_TransmissionTowers04,105,Quebec Ice Storm,2026-07-23,Paul,Krea; Chat GPT,,,Y,,,
CTD_AI_QIS_TowerFallen_20260723_1c.mov,CTD_AI_QIS_TransmissionTowers04,105,Quebec Ice Storm,2026-07-23,Paul,Krea; Chat GPT,,,Y,,,
CTD_AI_QIS_BBQInside01_20260727_1a.mov,CTD_AI_QIS_BBQInside01,105,Quebec Ice Storm,2026-07-24,Paul,Krea; Chat GPT,,,Y,,,
CTD_AI_QIS_BBQInside01_20260727_1b.mov,CTD_AI_QIS_BBQInside01,105,Quebec Ice Storm,2026-07-24,Paul,Krea; Chat GPT,,,Y,,,
CTD_AI_QIS_BBQInside01_20260727_1c.mov,CTD_AI_QIS_BBQInside01,105,Quebec Ice Storm,2026-07-24,Paul,Krea; Chat GPT,,,Y,,,
CTD_AI_QIS_BBQInside01_20260727_1d.mov,CTD_AI_QIS_BBQInside01,105,Quebec Ice Storm,2026-07-24,Paul,Krea; Chat GPT,,,Y,,,
CTD_AI_QIS_BBQInside01_20260727_1e.mov,CTD_AI_QIS_BBQInside01,105,Quebec Ice Storm,2026-07-24,Paul,Krea; Chat GPT,,,Y,,,
CTD_AI_QIS_BBQInside01_20260727_1f.mov,CTD_AI_QIS_BBQInside01,105,Quebec Ice Storm,2026-07-24,Paul,Krea; Chat GPT,,,Y,,,
CTD_AI_QIS_BBQInside01_20260727_1g.mov,CTD_AI_QIS_BBQInside01,105,Quebec Ice Storm,2026-07-24,Paul,Krea; Chat GPT,,,Y,,,
CTD_AI_QIS_BBQInside01_20260727_1h.mov,CTD_AI_QIS_BBQInside01,105,Quebec Ice Storm,2026-07-24,Paul,Krea; Chat GPT,,,Y,,,
CTD_AI_QIS_BBQInside01_20260727_1i.mov,CTD_AI_QIS_BBQInside01,105,Quebec Ice Storm,2026-07-24,Paul,Krea; Chat GPT,,,Y,,,
CTD_AI_QIS_BBQInside02_20260727_1a.mov,CTD_AI_QIS_BBQInside02,105,Quebec Ice Storm,2026-07-24,Paul,Krea; Chat GPT,,,Y,,,
CTD_AI_QIS_BBQInside02_20260727_1b.mov,CTD_AI_QIS_BBQInside02,105,Quebec Ice Storm,2026-07-24,Paul,Krea; Chat GPT,,,Y,,,
CTD_AI_QIS_BBQInside02_20260727_1d.mov,CTD_AI_QIS_BBQInside02,105,Quebec Ice Storm,2026-07-24,Paul,Krea; Chat GPT,,,Y,,,
CTD_AI_QIS_BurningWood_20260727_1a.mov,CTD_AI_QIS_BurningWood,105,Quebec Ice Storm,2026-07-24,Paul,Krea; Chat GPT,,,Y,,,
CTD_AI_QIS_BurningWood_20260727_1b.mov,CTD_AI_QIS_BurningWood,105,Quebec Ice Storm,2026-07-24,Paul,Krea; Chat GPT,,,Y,,,
CTD_AI_QIS_BurningWood_20260727_1c.mov,CTD_AI_QIS_BurningWood,105,Quebec Ice Storm,2026-07-24,Paul,Krea; Chat GPT,,,Y,,,
CTD_AI_QIS_BurningWood_20260727_1d.mov,CTD_AI_QIS_BurningWood,105,Quebec Ice Storm,2026-07-24,Paul,Krea; Chat GPT,,,Y,,,
CTD_AI_QIS_BurningWood_20260727_1e.mov,CTD_AI_QIS_BurningWood,105,Quebec Ice Storm,2026-07-24,Paul,Krea; Chat GPT,,,Y,,,
CTD_AI_QIS_RippingWall01_20260727_1a.mov,CTD_AI_QIS_RippingWall01,105,Quebec Ice Storm,2026-07-24,Paul,Krea; Chat GPT,,,Y,,,
CTD_AI_QIS_RippingWall01_20260727_1b.mov,CTD_AI_QIS_RippingWall01,105,Quebec Ice Storm,2026-07-24,Paul,Krea; Chat GPT,,,Y,,,
CTD_AI_QIS_RippingWall01_20260727_1c.mov,CTD_AI_QIS_RippingWall01,105,Quebec Ice Storm,2026-07-24,Paul,Krea; Chat GPT,,,Y,,,
CTD_AI_QIS_RippingWall01_20260727_1d.mov,CTD_AI_QIS_RippingWall01,105,Quebec Ice Storm,2026-07-24,Paul,Krea; Chat GPT,,,Y,,,
CTD_AI_QIS_RippingWall01_20260727_2a.mov,CTD_AI_QIS_RippingWall01,105,Quebec Ice Storm,2026-07-24,Paul,Krea; Chat GPT,,,Y,,,
CTD_AI_QIS_RippingWall02_20260727_1a.mov,CTD_AI_QIS_RippingWall02,105,Quebec Ice Storm,2026-07-24,Paul,Krea; Chat GPT,,,Y,,,
CTD_AI_QIS_RippingWall02_20260727_1b.mov,CTD_AI_QIS_RippingWall02,105,Quebec Ice Storm,2026-07-24,Paul,Krea; Chat GPT,,,Y,,,
CTD_AI_QIS_RippingWall02_20260727_1c.mov,CTD_AI_QIS_RippingWall02,105,Quebec Ice Storm,2026-07-24,Paul,Krea; Chat GPT,,,Y,,,
CTD_AI_QIS_RippingWall03_20260727_1a.mov,CTD_AI_QIS_RippingWall03,105,Quebec Ice Storm,2026-07-24,Paul,Krea; Chat GPT,,,Y,,,
CTD_AI_QIS_RippingWall03_20260727_1b.mov,CTD_AI_QIS_RippingWall03,105,Quebec Ice Storm,2026-07-24,Paul,Krea; Chat GPT,,,Y,,,
CTD_AI_QIS_RippingWall03_20260727_1c.mov,CTD_AI_QIS_RippingWall03,105,Quebec Ice Storm,2026-07-24,Paul,Krea; Chat GPT,,,Y,,,
CTD_AI_QIS_RippingWall03_20260727_1d.mov,CTD_AI_QIS_RippingWall03,105,Quebec Ice Storm,2026-07-24,Paul,Krea; Chat GPT,,,Y,,,
CTD_AI_QIS_BBQInside03_20260728_1a.mov,CTD_AI_QIS_BBQInside03,105,Quebec Ice Storm,2026-07-28,Paul,Krea; Chat GPT,,,Y,,,
CTD_AI_QIS_BBQInside03_20260728_1b.mov,CTD_AI_QIS_BBQInside03,105,Quebec Ice Storm,2026-07-28,Paul,Krea; Chat GPT,,,Y,,,
CTD_AI_QIS_BBQInside03_20260728_2a.mov,CTD_AI_QIS_BBQInside03,105,Quebec Ice Storm,2026-07-28,Paul,Krea; Chat GPT,,,Y,,,
CTD_AI_QIS_BBQInside03_20260728_2b.mov,CTD_AI_QIS_BBQInside03,105,Quebec Ice Storm,2026-07-28,Paul,Krea; Chat GPT,,,Y,,,
CTD_AI_QIS_BBQInside03_20260728_3a.mov,CTD_AI_QIS_BBQInside03,105,Quebec Ice Storm,2026-07-28,Paul,Krea; Chat GPT,,,Y,,,
CTD_AI_QIS_DinnerByCandle01_20260728_1a.mov,CTD_AI_QIS_DinnerByCandle01,105,Quebec Ice Storm,2026-07-28,Paul,Krea; Chat GPT,,,Y,,,
CTD_AI_QIS_DinnerByCandle01_20260728_1b.mov,CTD_AI_QIS_DinnerByCandle01,105,Quebec Ice Storm,2026-07-28,Paul,Krea; Chat GPT,,,Y,,,
CTD_AI_QIS_DinnerByCandle01_20260728_1c.mov,CTD_AI_QIS_DinnerByCandle01,105,Quebec Ice Storm,2026-07-28,Paul,Krea; Chat GPT,,,Y,,,
CTD_AI_QIS_DinnerByCandle02_20260728_1a.mov,CTD_AI_QIS_DinnerByCandle02,105,Quebec Ice Storm,2026-07-28,Paul,Krea; Chat GPT,,,Y,,,
CTD_AI_QIS_DinnerByCandle02_20260728_1b.mov,CTD_AI_QIS_DinnerByCandle02,105,Quebec Ice Storm,2026-07-28,Paul,Krea; Chat GPT,,,Y,,,
CTD_AI_QIS_DinnerByCandle02_20260728_1c.mov,CTD_AI_QIS_DinnerByCandle02,105,Quebec Ice Storm,2026-07-28,Paul,Krea; Chat GPT,,,Y,,,
CTD_AI_QIS_DinnerByCandle02_20260728_1d.mov,CTD_AI_QIS_DinnerByCandle02,105,Quebec Ice Storm,2026-07-28,Paul,Krea; Chat GPT,,,Y,,,
CTD_AI_QIS_DinnerByCandle03_20260728_1a.mov,CTD_AI_QIS_DinnerByCandle03,105,Quebec Ice Storm,2026-07-28,Paul,Krea; Chat GPT,,,Y,,,
CTD_AI_QIS_DinnerByCandle03_20260728_1b.mov,CTD_AI_QIS_DinnerByCandle03,105,Quebec Ice Storm,2026-07-28,Paul,Krea; Chat GPT,,,Y,,,
CTD_AI_QIS_DinnerByCandle03_20260728_1c.mov,CTD_AI_QIS_DinnerByCandle03,105,Quebec Ice Storm,2026-07-28,Paul,Krea; Chat GPT,,,Y,,,
CTD_AI_QIS_DinnerByCandle03_20260728_1d.mov,CTD_AI_QIS_DinnerByCandle03,105,Quebec Ice Storm,2026-07-28,Paul,Krea; Chat GPT,,,Y,,,
CTD_AI_QIS_DinnerByCandle03_20260728_1e.mov,CTD_AI_QIS_DinnerByCandle03,105,Quebec Ice Storm,2026-07-28,Paul,Krea; Chat GPT,,,Y,,,
CTD_AI_QIS_NoPowerNoDrinkingWater01_20260728_1a.mov,CTD_AI_QIS_NoPowerNoDrinkingWater01,105,Quebec Ice Storm,2026-07-28,Paul,Krea; Chat GPT,,,Y,,,
CTD_AI_QIS_NoPowerNoDrinkingWater01_20260728_1b.mov,CTD_AI_QIS_NoPowerNoDrinkingWater01,105,Quebec Ice Storm,2026-07-28,Paul,Krea; Chat GPT,,,Y,,,
CTD_AI_QIS_NoPowerNoDrinkingWater02_20260728_1a.mov,CTD_AI_QIS_NoPowerNoDrinkingWater02,105,Quebec Ice Storm,2026-07-28,Paul,Krea; Chat GPT,,,Y,,,
CTD_AI_QIS_NoPowerNoDrinkingWater02_20260728_1b.mov,CTD_AI_QIS_NoPowerNoDrinkingWater02,105,Quebec Ice Storm,2026-07-28,Paul,Krea; Chat GPT,,,Y,,,
CTD_AI_QIS_NoPowerNoDrinkingWater02_20260728_1c.mov,CTD_AI_QIS_NoPowerNoDrinkingWater02,105,Quebec Ice Storm,2026-07-28,Paul,Krea; Chat GPT,,,Y,,,
CTD_AI_QIS_NoPowerNoDrinkingWater02_20260728_1d.mov,CTD_AI_QIS_NoPowerNoDrinkingWater02,105,Quebec Ice Storm,2026-07-28,Paul,Krea; Chat GPT,,,Y,,,
CTD_AI_QIS_GoesDark01_20260729_1A.mov,CTD_AI_QIS_GoesDark01,105,Quebec Ice Storm,2026-07-29,Paul,Krea; Chat GPT,,,Y,,,
CTD_AI_QIS_GoesDark01_20260729_1B.mov,CTD_AI_QIS_GoesDark01,105,Quebec Ice Storm,2026-07-29,Paul,Krea; Chat GPT,,,Y,,,
CTD_AI_QIS_GoesDark01_20260729_1C.mov,CTD_AI_QIS_GoesDark01,105,Quebec Ice Storm,2026-07-29,Paul,Krea; Chat GPT,,,Y,,,
CTD_AI_QIS_GoesDark01_20260729_1D.mov,CTD_AI_QIS_GoesDark01,105,Quebec Ice Storm,2026-07-29,Paul,Krea; Chat GPT,,,Y,,,
CTD_AI_QIS_GoesDark02_20260729_1A.mov,CTD_AI_QIS_GoesDark02,105,Quebec Ice Storm,2026-07-29,Paul,Krea; Chat GPT,,,Y,,,
CTD_AI_QIS_GoesDark02_20260729_1B.mov,CTD_AI_QIS_GoesDark02,105,Quebec Ice Storm,2026-07-29,Paul,Krea; Chat GPT,,,Y,,,
CTD_AI_QIS_GoesDark02_20260729_1C.mov,CTD_AI_QIS_GoesDark02,105,Quebec Ice Storm,2026-07-29,Paul,Krea; Chat GPT,,,Y,,,
CTD_AI_QIS_GoesDark03_20260729_1A.mov,CTD_AI_QIS_GoesDark03,105,Quebec Ice Storm,2026-07-29,Paul,Krea; Chat GPT,,,Y,,,
CTD_AI_QIS_GoesDark03_20260729_1B.mov,CTD_AI_QIS_GoesDark03,105,Quebec Ice Storm,2026-07-29,Paul,Krea; Chat GPT,,,Y,,,
CTD_AI_QIS_GoesDark03_20260729_1C.mov,CTD_AI_QIS_GoesDark03,105,Quebec Ice Storm,2026-07-29,Paul,Krea; Chat GPT,,,Y,,,
CTD_AI_QIS_GoesDark03_20260729_1D.mov,CTD_AI_QIS_GoesDark03,105,Quebec Ice Storm,2026-07-29,Paul,Krea; Chat GPT,,,Y,,,
CTD_AI_QIS_GoesDark04_20260729_1A.mov,CTD_AI_QIS_GoesDark04,105,Quebec Ice Storm,2026-07-29,Paul,Krea; Chat GPT,,,Y,,,
CTD_AI_QIS_GoesDark04_20260729_1B.mov,CTD_AI_QIS_GoesDark04,105,Quebec Ice Storm,2026-07-29,Paul,Krea; Chat GPT,,,Y,,,
CTD_AI_QIS_GoesDark04_20260729_1C.mov,CTD_AI_QIS_GoesDark04,105,Quebec Ice Storm,2026-07-29,Paul,Krea; Chat GPT,,,Y,,,
CTD_AI_QIS_GoesDark04_20260729_1D.mov,CTD_AI_QIS_GoesDark04,105,Quebec Ice Storm,2026-07-29,Paul,Krea; Chat GPT,,,Y,,,
CTD_AI_QIS_GoesDark04_20260729_1E.mov,CTD_AI_QIS_GoesDark04,105,Quebec Ice Storm,2026-07-29,Paul,Krea; Chat GPT,,,Y,,,
CTD_AI_QIS_GoesDark05_20260729_1A.mov,CTD_AI_QIS_GoesDark05,105,Quebec Ice Storm,2026-07-29,Paul,Krea; Chat GPT,,,Y,,,
CTD_AI_QIS_GoesDark05_20260729_1B.mov,CTD_AI_QIS_GoesDark05,105,Quebec Ice Storm,2026-07-29,Paul,Krea; Chat GPT,,,Y,,,
CTD_AI_QIS_GoesDark05_20260729_1C.mov,CTD_AI_QIS_GoesDark05,105,Quebec Ice Storm,2026-07-29,Paul,Krea; Chat GPT,,,Y,,,
CTD_AI_QIS_GoesDark05_20260729_1D.mov,CTD_AI_QIS_GoesDark05,105,Quebec Ice Storm,2026-07-29,Paul,Krea; Chat GPT,,,Y,,,
CTD_AI_QIS_GoesDark05_20260729_1E.mov,CTD_AI_QIS_GoesDark05,105,Quebec Ice Storm,2026-07-29,Paul,Krea; Chat GPT,,,Y,,,
CTD_AI_QIS_GoesDark05_20260729_1G.mov,CTD_AI_QIS_GoesDark05,105,Quebec Ice Storm,2026-07-29,Paul,Krea; Chat GPT,,,Y,,,
CTD_AI_QIS_GoesDark05_20260729_1H.mov,CTD_AI_QIS_GoesDark05,105,Quebec Ice Storm,2026-07-29,Paul,Krea; Chat GPT,,,Y,,,
CTD_AI_HSA_BrokenIn01_20260804_1a.mov,CTD_AI_HSA_BrokenIn01,105,Hurricane Sandy,2026-08-04,Marty,Krea; Nano Banana,,,Y,,,
CTD_AI_HSA_BrokenIn01_20260804_1b.mov,CTD_AI_HSA_BrokenIn01,105,Hurricane Sandy,2026-08-04,Marty,Krea; Chat GPT,,,Y,,,
CTD_AI_HSA_BrokenIn02_20260804_1a.mov,CTD_AI_HSA_BrokenIn02,105,Hurricane Sandy,2026-08-04,Marty,Krea; Chat GPT,,,Y,,,
CTD_AI_HSA_BrokenIn02_20260804_1b.mov,CTD_AI_HSA_BrokenIn02,105,Hurricane Sandy,2026-08-04,Marty,Krea; Chat GPT,,,Y,,,
CTD_AI_HSA_HospitalUnderWater_20260804_1a.mov,CTD_AI_HSA_HospitalUnderWater,105,Hurricane Sandy,2026-08-04,Marty,Krea; Nano Banana,,,Y,,,
CTD_AI_HSA_HospitalUnderWater_20260804_1b.mov,CTD_AI_HSA_HospitalUnderWater,105,Hurricane Sandy,2026-08-04,Marty,Krea; Nano Banana,,,Y,,,
CTD_AI_HSA_HospitalUnderWater_20260804_1c.mov,CTD_AI_HSA_HospitalUnderWater,105,Hurricane Sandy,2026-08-04,Marty,Krea; Chat GPT,,,Y,,,
CTD_AI_HSA_HospitalUnderWater_20260804_2a_INSERT.mov,CTD_AI_HSA_HospitalUnderWater,105,Hurricane Sandy,2026-08-04,Marty,Krea; Chat GPT,,,Y,,,
CTD_AI_HSA_HospitalUnderWater_20260804_3a_INSERT.mov,CTD_AI_HSA_HospitalUnderWater,105,Hurricane Sandy,2026-08-04,Marty,Krea; Chat GPT,,,Y,,,
CTD_AI_HSA_HospitalUnderWater_20260804_3b_INSERT.mov,CTD_AI_HSA_HospitalUnderWater,105,Hurricane Sandy,2026-08-04,Marty,Krea; Chat GPT,,,Y,,,
CTD_AI_HSA_LangoneGeneratorFails01_20260804_1a.mov,CTD_AI_HSA_LangoneGeneratorFails01,105,Hurricane Sandy,2026-08-04,Marty,Krea; Chat GPT,,,Y,,,
CTD_AI_HSA_LangoneGeneratorFails01_20260804_1b.mov,CTD_AI_HSA_LangoneGeneratorFails01,105,Hurricane Sandy,2026-08-04,Marty,Krea; Chat GPT,,,Y,,,
CTD_AI_HSA_LangoneGeneratorFails01_20260804_2a.mov,CTD_AI_HSA_LangoneGeneratorFails01,105,Hurricane Sandy,2026-08-04,Marty,Krea; Chat GPT,,,Y,,,
CTD_AI_HSA_LangoneGeneratorFails02_20260804_1a.mov,CTD_AI_HSA_LangoneGeneratorFails02,105,Hurricane Sandy,2026-08-04,Marty,Krea; Nano Banana,,,Y,,,
CTD_AI_HSA_NursesAndBabies01_20260804_1a.mov,CTD_AI_HSA_NursesAndBabies01,105,Hurricane Sandy,2026-08-04,Marty,Krea; Chat GPT,,,Y,,,
CTD_AI_HSA_NursesAndBabies01_20260804_1b.mov,CTD_AI_HSA_NursesAndBabies01,105,Hurricane Sandy,2026-08-04,Marty,Krea; Chat GPT,,,Y,,,
CTD_AI_HSA_NursesAndBabies01_20260804_1c.mov,CTD_AI_HSA_NursesAndBabies01,105,Hurricane Sandy,2026-08-04,Marty,Krea; Chat GPT,,,Y,,,
CTD_AI_HSA_NursesAndBabies01_20260804_2a_INSERT.mov,CTD_AI_HSA_NursesAndBabies01,105,Hurricane Sandy,2026-08-04,Marty,Krea; Chat GPT,,,Y,,,
CTD_AI_HSA_NursesAndBabies03_20260804_1a.mov,CTD_AI_HSA_NursesAndBabies03,105,Hurricane Sandy,2026-08-04,Marty,Krea; Chat GPT,,,Y,,,
CTD_AI_HSA_MomSurfing01_20260806_1a.mov,CTD_AI_HSA_MomSurfing01,105,Hurricane Sandy,2026-08-06,Marty,Krea; Nano Banana,,,Y,,,
CTD_AI_HSA_MomSurfing02_20260806_1a.mov,CTD_AI_HSA_MomSurfing02,105,Hurricane Sandy,2026-08-06,Marty,Krea; Chat GPT,,,Y,,,
CTD_AI_HSA_SubwayDark01_20260806_1a.mov,CTD_AI_HSA_SubwayDark01,105,Hurricane Sandy,2026-08-06,Marty,Krea; Nano Banana,,,Y,,,
CTD_AI_HSA_SubwayDark01_20260806_1b.mov,CTD_AI_HSA_SubwayDark01,105,Hurricane Sandy,2026-08-06,Marty,Krea; Nano Banana,,,Y,,,
CTD_AI_HSA_SubwayDark02_20260806_1a.mov,CTD_AI_HSA_SubwayDark02,105,Hurricane Sandy,2026-08-06,Marty,Krea; Nano Banana,,,Y,,,
CTD_AI_HSA_SubwayDark03_20260806_1a.mov,CTD_AI_HSA_SubwayDark03,105,Hurricane Sandy,2026-08-06,Marty,Krea; Nano Banana,,,Y,,,
CTD_AI_HSA_SubwayDark03_20260806_1b.mov,CTD_AI_HSA_SubwayDark03,105,Hurricane Sandy,2026-08-06,Marty,Krea; Nano Banana,,,Y,,,
CTD_AI_HSA_SubwayDark04_20260806_1a.mov,CTD_AI_HSA_SubwayDark04,105,Hurricane Sandy,2026-08-06,Marty,Krea; Nano Banana,,,Y,,,
CTD_AI_HSA_MikeDyingNote01_20260807_1a.mov,CTD_AI_HSA_MikeDyingNote01,105,Hurricane Sandy,2026-08-07,Marty,Krea; Nano Banana,,,Y,,,
CTD_AI_HSA_NJLandfall01_20260807_1a.mov,CTD_AI_HSA_NJLandfall01,105,Hurricane Sandy,2026-08-07,Marty,Krea; Nano Banana,,,Y,,,
CTD_AI_HSA_NJLandfall01_20260807_1b.mov,CTD_AI_HSA_NJLandfall01,105,Hurricane Sandy,2026-08-07,Marty,Krea; Nano Banana,,,Y,,,
CTD_AI_HSA_NJLandfall02_20260807_1a.mov,CTD_AI_HSA_NJLandfall02,105,Hurricane Sandy,2026-08-07,Marty,Krea; Nano Banana,,,Y,,,
CTD_AI_HSA_NJLandfall03_20260807_1a.mov,CTD_AI_HSA_NJLandfall03,105,Hurricane Sandy,2026-08-07,Marty,Krea; Nano Banana,,,Y,,,
CTD_AI_HSA_NJLandfall03_20260807_2a.mov,CTD_AI_HSA_NJLandfall03,105,Hurricane Sandy,2026-08-07,Marty,Krea; Nano Banana,,,Y,,,
CTD_AI_HSA_NYCFlooding01_20260807_1a.mov,CTD_AI_HSA_NYCFlooding01,105,Hurricane Sandy,2026-08-07,Marty,Krea; Nano Banana,,,Y,,,
CTD_AI_HSA_NYCFlooding01_20260807_2a.mov,CTD_AI_HSA_NYCFlooding01,105,Hurricane Sandy,2026-08-07,Marty,Krea; Nano Banana,,,Y,,,
CTD_AI_HSA_NYCFlooding02_20260807_1a.mov,CTD_AI_HSA_NYCFlooding02,105,Hurricane Sandy,2026-08-07,Marty,Krea; Nano Banana,,,Y,,,
CTD_AI_HSA_NYCFlooding03_20260807_1a.mov,CTD_AI_HSA_NYCFlooding03,105,Hurricane Sandy,2026-08-07,Marty,Krea; Nano Banana,,,Y,,,
CTD_AI_HSA_NYCFlooding03_20260807_2a.mov,CTD_AI_HSA_NYCFlooding03,105,Hurricane Sandy,2026-08-07,Marty,Krea; Nano Banana,,,Y,,,
CTD_AI_HSA_NYCFlooding03_20260807_3a.mov,CTD_AI_HSA_NYCFlooding03,105,Hurricane Sandy,2026-08-07,Marty,Krea; Nano Banana,,,Y,,,
CTD_AI_HSA_NYCFlooding03_20260807_4a_INSERT.mov,CTD_AI_HSA_NYCFlooding03,105,Hurricane Sandy,2026-08-07,Marty,Krea; Nano Banana,,,Y,,,
CTD_AI_HSA_SubwayDark05_20260807_1a.mov,CTD_AI_HSA_SubwayDark05,105,Hurricane Sandy,2026-08-07,Marty,Krea; Nano Banana,,,Y,,,
CTD_AI_HSA_SubwayDark05_20260807_1b.mov,CTD_AI_HSA_SubwayDark05,105,Hurricane Sandy,2026-08-07,Marty,Krea; Nano Banana,,,Y,,,
CTD_AI_HSA_NYCFlooding04_20260810_1a.mov,CTD_AI_HSA_NYCFlooding04,105,Hurricane Sandy,2026-08-10,Marty,Krea; Nano Banana,,,Y,,,
CTD_AI_HSA_NYCFlooding04_20260810_1b.mov,CTD_AI_HSA_NYCFlooding04,105,Hurricane Sandy,2026-08-10,Marty,Krea; Nano Banana,,,Y,,,
CTD_AI_HSA_NursesAndBabies02_20260810_1a.mov,CTD_AI_HSA_NursesAndBabies02,105,Hurricane Sandy,2026-08-10,Marty,Krea; Chat GPT,,,,,,
CTD_AI_HSA_NursesAndBabies02_20260810_1b.mov,CTD_AI_HSA_NursesAndBabies02,105,Hurricane Sandy,2026-08-10,Marty,Krea; Chat GPT,,,,,,
CTD_AI_VDD_EngineersReviewing01_20260810_1A.mp4,CTD_AI_VDD_EngineersReviewing01,105,Vajont Dam Disaster,2026-08-10,Paul,Krea; Chat GPT,,,Y,,,
CTD_AI_VDD_EngineersReviewing01_20260810_1B.mp4,CTD_AI_VDD_EngineersReviewing01,105,Vajont Dam Disaster,2026-08-10,Paul,Krea; Chat GPT,,,Y,,,
CTD_AI_VDD_EngineersReviewing01_20260810_2A.mp4,CTD_AI_VDD_EngineersReviewing01,105,Vajont Dam Disaster,2026-08-10,Paul,Krea; Chat GPT,,,Y,,,
CTD_AI_VDD_EngineersReviewing01_20260810_2B.mp4,CTD_AI_VDD_EngineersReviewing01,105,Vajont Dam Disaster,2026-08-10,Paul,Krea; Chat GPT,,,Y,,,
CTD_AI_VDD_EngineersReviewing01_20260810_3A.mp4,CTD_AI_VDD_EngineersReviewing01,105,Vajont Dam Disaster,2026-08-10,Paul,Krea; Chat GPT,,,Y,,,
CTD_AI_VDD_EngineersReviewing01_20260810_4A.mp4,CTD_AI_VDD_EngineersReviewing01,105,Vajont Dam Disaster,2026-08-10,Paul,Krea; Chat GPT,,,Y,,,
CTD_AI_VDD_EngineersReviewing01_20260810_5A.mp4,CTD_AI_VDD_EngineersReviewing01,105,Vajont Dam Disaster,2026-08-10,Paul,Krea; Chat GPT,,,Y,,,
CTD_AI_VDD_EngineersReviewing02_20260810_1A.mp4,CTD_AI_VDD_EngineersReviewing02,105,Vajont Dam Disaster,2026-08-10,Paul,Krea; Chat GPT,,,Y,,,
CTD_AI_VDD_EngineersReviewing02_20260810_2A.mp4,CTD_AI_VDD_EngineersReviewing02,105,Vajont Dam Disaster,2026-08-10,Paul,Krea; Chat GPT,,,Y,,,
CTD_AI_VDD_EngineersReviewing02_20260810_2B.mp4,CTD_AI_VDD_EngineersReviewing02,105,Vajont Dam Disaster,2026-08-10,Paul,Krea; Chat GPT,,,Y,,,
CTD_AI_VDD_EngineersReviewing02_20260810_2C.mp4,CTD_AI_VDD_EngineersReviewing02,105,Vajont Dam Disaster,2026-08-10,Paul,Krea; Chat GPT,,,Y,,,
CTD_AI_VDD_EngineersReviewing03_20260810_1B.mp4,CTD_AI_VDD_EngineersReviewing03,105,Vajont Dam Disaster,2026-08-10,Paul,Krea; Chat GPT,,,Y,,,
CTD_AI_VDD_EngineersReviewing04_20260810_2A.mp4,CTD_AI_VDD_EngineersReviewing04,105,Vajont Dam Disaster,2026-08-10,Paul,Krea; Chat GPT,,,Y,,,
CTD_AI_VDD_EngineersReviewing04_20260810_2B.mp4,CTD_AI_VDD_EngineersReviewing04,105,Vajont Dam Disaster,2026-08-10,Paul,Krea; Chat GPT,,,Y,,,
CTD_AI_VDD_EngineersReviewing04_20260810_2C.mp4,CTD_AI_VDD_EngineersReviewing04,105,Vajont Dam Disaster,2026-08-10,Paul,Krea; Chat GPT,,,Y,,,
CTD_AI_VDD_EngineersReviewing04_20260810_2D.mp4,CTD_AI_VDD_EngineersReviewing04,105,Vajont Dam Disaster,2026-08-10,Paul,Krea; Chat GPT,,,Y,,,
CTD_AI_VDD_EngineersReviewing05_20260810_1A.mp4,CTD_AI_VDD_EngineersReviewing05,105,Vajont Dam Disaster,2026-08-10,Paul,Krea; Chat GPT,,,Y,,,
CTD_AI_VDD_EngineersReviewing05_20260810_1B.mp4,CTD_AI_VDD_EngineersReviewing05,105,Vajont Dam Disaster,2026-08-10,Paul,Krea; Chat GPT,,,Y,,,
CTD_AI_VDD_EngineersReviewing05_20260810_1C.mp4,CTD_AI_VDD_EngineersReviewing05,105,Vajont Dam Disaster,2026-08-10,Paul,Krea; Chat GPT,,,Y,,,
CTD_AI_VDD_MountainMisc_20260810_1A.mp4,CTD_AI_VDD_MountainMisc,105,Vajont Dam Disaster,2026-08-10,Paul,Krea; Chat GPT,,,Y,,,
CTD_AI_VDD_MountainMisc_20260810_1B.mp4,CTD_AI_VDD_MountainMisc,105,Vajont Dam Disaster,2026-08-10,Paul,Krea; Chat GPT,,,Y,,,
CTD_AI_VDD_MountainMisc_20260810_1C.mp4,CTD_AI_VDD_MountainMisc,105,Vajont Dam Disaster,2026-08-10,Paul,Krea; Chat GPT,,,Y,,,
CTD_AI_VDD_WalkingMountain01_20260810_1A.mp4,CTD_AI_VDD_WalkingMountain01,105,Vajont Dam Disaster,2026-08-10,Paul,Krea; Chat GPT,,,Y,,,
CTD_AI_VDD_WalkingMountain01_20260810_1B.mp4,CTD_AI_VDD_WalkingMountain01,105,Vajont Dam Disaster,2026-08-10,Paul,Krea; Chat GPT,,,Y,,,
CTD_AI_VDD_WalkingMountain01_20260810_1C.mp4,CTD_AI_VDD_WalkingMountain01,105,Vajont Dam Disaster,2026-08-10,Paul,Krea; Chat GPT,,,Y,,,
CTD_AI_VDD_WalkingMountain02_20260810_1A.mp4,CTD_AI_VDD_WalkingMountain02,105,Vajont Dam Disaster,2026-08-10,Paul,Krea; Chat GPT,,,Y,,,
CTD_AI_VDD_WalkingMountain02_20260810_1B.mp4,CTD_AI_VDD_WalkingMountain02,105,Vajont Dam Disaster,2026-08-10,Paul,Krea; Chat GPT,,,Y,,,
CTD_AI_VDD_WalkingMountain02_20260810_1C.mp4,CTD_AI_VDD_WalkingMountain02,105,Vajont Dam Disaster,2026-08-10,Paul,Krea; Chat GPT,,,Y,,,
CTD_AI_VDD_WalkingMountain03_20260810_1A.mp4,CTD_AI_VDD_WalkingMountain03,105,Vajont Dam Disaster,2026-08-10,Paul,Krea; Chat GPT,,,Y,,,
CTD_AI_VDD_WalkingMountain03_20260810_1B.mp4,CTD_AI_VDD_WalkingMountain03,105,Vajont Dam Disaster,2026-08-10,Paul,Krea; Chat GPT,,,Y,,,
CTD_AI_VDD_WalkingMountain03_20260810_1C.mp4,CTD_AI_VDD_WalkingMountain03,105,Vajont Dam Disaster,2026-08-10,Paul,Krea; Chat GPT,,,Y,,,
CTD_AI_VDD_WalkingMountain03_20260810_1D.mp4,CTD_AI_VDD_WalkingMountain03,105,Vajont Dam Disaster,2026-08-10,Paul,Krea; Chat GPT,,,Y,,,
CTD_AI_VDD_WalkingMountain03_20260810_1E.mp4,CTD_AI_VDD_WalkingMountain03,105,Vajont Dam Disaster,2026-08-10,Paul,Krea; Chat GPT,,,Y,,,
CTD_AI_VDD_ChunkBreaksFree01_20260811_1A.mov,CTD_AI_VDD_ChunkBreaksFree01,105,Vajont Dam Disaster,2026-08-11,Paul,Krea; Chat GPT,,,Y,,,
CTD_AI_VDD_ChunkBreaksFree01_20260811_1B.mov,CTD_AI_VDD_ChunkBreaksFree01,105,Vajont Dam Disaster,2026-08-11,Paul,Krea; Chat GPT,,,Y,,,
CTD_AI_VDD_ChunkBreaksFree01_20260811_1C.mov,CTD_AI_VDD_ChunkBreaksFree01,105,Vajont Dam Disaster,2026-08-11,Paul,Krea; Chat GPT,,,Y,,,
CTD_AI_VDD_ChunkBreaksFree01_20260811_1D.mov,CTD_AI_VDD_ChunkBreaksFree01,105,Vajont Dam Disaster,2026-08-11,Paul,Krea; Chat GPT,,,Y,,,
CTD_AI_VDD_ChunkBreaksFree02_20260811_1A.mov,CTD_AI_VDD_ChunkBreaksFree02,105,Vajont Dam Disaster,2026-08-11,Paul,Krea; Chat GPT,,,Y,,,
CTD_AI_VDD_ChunkBreaksFree02_20260811_1B.mov,CTD_AI_VDD_ChunkBreaksFree02,105,Vajont Dam Disaster,2026-08-11,Paul,Krea; Chat GPT,,,Y,,,
CTD_AI_VDD_ChunkBreaksFree02_20260811_1C.mov,CTD_AI_VDD_ChunkBreaksFree02,105,Vajont Dam Disaster,2026-08-11,Paul,Krea; Chat GPT,,,Y,,,
CTD_AI_VDD_ChunkBreaksFree03_20260811_1A.mov,CTD_AI_VDD_ChunkBreaksFree03,105,Vajont Dam Disaster,2026-08-11,Paul,Krea; Chat GPT,,,Y,,,
CTD_AI_VDD_ChunkBreaksFree03_20260811_1B.mov,CTD_AI_VDD_ChunkBreaksFree03,105,Vajont Dam Disaster,2026-08-11,Paul,Krea; Chat GPT,,,Y,,,
CTD_AI_VDD_ChunkBreaksFree03_20260811_1C.mov,CTD_AI_VDD_ChunkBreaksFree03,105,Vajont Dam Disaster,2026-08-11,Paul,Krea; Chat GPT,,,Y,,,
CTD_AI_VDD_ChunkBreaksFree03_20260811_1D.mov,CTD_AI_VDD_ChunkBreaksFree03,105,Vajont Dam Disaster,2026-08-11,Paul,Krea; Chat GPT,,,Y,,,
CTD_AI_VDD_CracksForming01_20260811_1A.mov,CTD_AI_VDD_CracksForming01,105,Vajont Dam Disaster,2026-08-11,Paul,Krea; Chat GPT,,,Y,,,
CTD_AI_VDD_CracksForming01_20260811_1B.mov,CTD_AI_VDD_CracksForming01,105,Vajont Dam Disaster,2026-08-11,Paul,Krea; Chat GPT,,,Y,,,
CTD_AI_VDD_CracksForming01_20260811_1C.mov,CTD_AI_VDD_CracksForming01,105,Vajont Dam Disaster,2026-08-11,Paul,Krea; Chat GPT,,,Y,,,
CTD_AI_VDD_CracksForming02_20260811_1A.mov,CTD_AI_VDD_CracksForming02,105,Vajont Dam Disaster,2026-08-11,Paul,Krea; Chat GPT,,,Y,,,
CTD_AI_VDD_CracksForming02_20260811_1B.mov,CTD_AI_VDD_CracksForming02,105,Vajont Dam Disaster,2026-08-11,Paul,Krea; Chat GPT,,,Y,,,
CTD_AI_VDD_CracksForming02_20260811_1D.mov,CTD_AI_VDD_CracksForming02,105,Vajont Dam Disaster,2026-08-11,Paul,Krea; Chat GPT,,,Y,,,
CTD_AI_VDD_CracksForming03_20260811_1A.mov,CTD_AI_VDD_CracksForming03,105,Vajont Dam Disaster,2026-08-11,Paul,Krea; Chat GPT,,,Y,,,
CTD_AI_VDD_SlidesIntoWater01_20260811_1A.mov,CTD_AI_VDD_SlidesIntoWater01,105,Vajont Dam Disaster,2026-08-11,Paul,Krea; Chat GPT,,,Y,,,
CTD_AI_VDD_SlidesIntoWater01_20260811_1B.mov,CTD_AI_VDD_SlidesIntoWater01,105,Vajont Dam Disaster,2026-08-11,Paul,Krea; Chat GPT,,,Y,,,
CTD_AI_VDD_SlidesIntoWater01_20260811_1C.mov,CTD_AI_VDD_SlidesIntoWater01,105,Vajont Dam Disaster,2026-08-11,Paul,Krea; Chat GPT,,,Y,,,
CTD_AI_VDD_SlidesIntoWater01_20260811_1D.mov,CTD_AI_VDD_SlidesIntoWater01,105,Vajont Dam Disaster,2026-08-11,Paul,Krea; Chat GPT,,,Y,,,
CTD_AI_VDD_SlidesIntoWater01_20260811_1F.mov,CTD_AI_VDD_SlidesIntoWater01,105,Vajont Dam Disaster,2026-08-11,Paul,Krea; Chat GPT,,,Y,,,
CTD_AI_VDD_SlidesIntoWater01_20260811_1G.mov,CTD_AI_VDD_SlidesIntoWater01,105,Vajont Dam Disaster,2026-08-11,Paul,Krea; Chat GPT,,,Y,,,
CTD_AI_VDD_SlidesIntoWater02_20260811_1A.mov,CTD_AI_VDD_SlidesIntoWater02,105,Vajont Dam Disaster,2026-08-11,Paul,Krea; Chat GPT,,,Y,,,
CTD_AI_VDD_SlidesIntoWater02_20260811_1B.mov,CTD_AI_VDD_SlidesIntoWater02,105,Vajont Dam Disaster,2026-08-11,Paul,Krea; Chat GPT,,,Y,,,
CTD_AI_VDD_SlidesIntoWater02_20260811_1C.mov,CTD_AI_VDD_SlidesIntoWater02,105,Vajont Dam Disaster,2026-08-11,Paul,Krea; Chat GPT,,,Y,,,
CTD_AI_VDD_SlidesIntoWater02_20260811_1D.mov,CTD_AI_VDD_SlidesIntoWater02,105,Vajont Dam Disaster,2026-08-11,Paul,Krea; Chat GPT,,,Y,,,
CTD_AI_VDD_SlidesIntoWater02_20260811_1E.mov,CTD_AI_VDD_SlidesIntoWater02,105,Vajont Dam Disaster,2026-08-11,Paul,Krea; Chat GPT,,,Y,,,
CTD_AI_VDD_SlidesIntoWater02_20260811_1F.mov,CTD_AI_VDD_SlidesIntoWater02,105,Vajont Dam Disaster,2026-08-11,Paul,Krea; Chat GPT,,,Y,,,
CTD_AI_VDD_SlidesIntoWater02_20260811_1G.mov,CTD_AI_VDD_SlidesIntoWater02,105,Vajont Dam Disaster,2026-08-11,Paul,Krea; Chat GPT,,,Y,,,
CTD_AI_VDD_CTD_AI_VDD_MountainUnstable01_20260612_1A.mov,CTD_AI_VDD_MountainUnstable01,105,Vajont Dam Disaster,2026-08-12,Paul,Krea; Chat GPT,,,Y,,,
CTD_AI_VDD_CTD_AI_VDD_MountainUnstable01_20260612_1B.mov,CTD_AI_VDD_MountainUnstable01,105,Vajont Dam Disaster,2026-08-12,Paul,Krea; Chat GPT,,,Y,,,
CTD_AI_VDD_CTD_AI_VDD_MountainUnstable01_20260612_2A.mov,CTD_AI_VDD_MountainUnstable01,105,Vajont Dam Disaster,2026-08-12,Paul,Krea; Chat GPT,,,Y,,,
CTD_AI_VDD_CTD_AI_VDD_MountainUnstable01_20260612_2B.mov,CTD_AI_VDD_MountainUnstable01,105,Vajont Dam Disaster,2026-08-12,Paul,Krea; Chat GPT,,,Y,,,
CTD_AI_VDD_CTD_AI_VDD_MountainUnstable01_20260612_2C.mov,CTD_AI_VDD_MountainUnstable01,105,Vajont Dam Disaster,2026-08-12,Paul,Krea; Chat GPT,,,Y,,,
CTD_AI_VDD_CTD_AI_VDD_MountainUnstable01_20260612_3A.mov,CTD_AI_VDD_MountainUnstable01,105,Vajont Dam Disaster,2026-08-12,Paul,Krea; Chat GPT,,,Y,,,
CTD_AI_VDD_CTD_AI_VDD_MountainUnstable01_20260612_3B.mov,CTD_AI_VDD_MountainUnstable01,105,Vajont Dam Disaster,2026-08-12,Paul,Krea; Chat GPT,,,Y,,,
CTD_AI_VDD_CTD_AI_VDD_MountainUnstable02_20260612_1A.mov,CTD_AI_VDD_MountainUnstable02,105,Vajont Dam Disaster,2026-08-12,Paul,Krea; Chat GPT,,,Y,,,
CTD_AI_VDD_CTD_AI_VDD_MountainUnstable02_20260612_1B.mov,CTD_AI_VDD_MountainUnstable02,105,Vajont Dam Disaster,2026-08-12,Paul,Krea; Chat GPT,,,Y,,,
CTD_AI_VDD_CTD_AI_VDD_MountainUnstable02_20260612_1C.mov,CTD_AI_VDD_MountainUnstable02,105,Vajont Dam Disaster,2026-08-12,Paul,Krea; Chat GPT,,,Y,,,
CTD_AI_VDD_CTD_AI_VDD_MountainUnstable02_20260612_1D.mov,CTD_AI_VDD_MountainUnstable02,105,Vajont Dam Disaster,2026-08-12,Paul,Krea; Chat GPT,,,Y,,,
CTD_AI_VDD_LoweringWater01_20260812_1A.mov,CTD_AI_VDD_LoweringWater01,105,Vajont Dam Disaster,2026-08-12,Paul,Krea; Chat GPT,,,Y,,,
CTD_AI_VDD_LoweringWater01_20260812_1B.mov,CTD_AI_VDD_LoweringWater01,105,Vajont Dam Disaster,2026-08-12,Paul,Krea; Chat GPT,,,Y,,,
CTD_AI_VDD_WaterSaturation01_20260612_1A.mov,CTD_AI_VDD_WaterSaturation01,105,Vajont Dam Disaster,2026-08-12,Paul,Krea; Chat GPT,,,Y,,,
CTD_AI_VDD_WaterSaturation01_20260612_1B.mov,CTD_AI_VDD_WaterSaturation01,105,Vajont Dam Disaster,2026-08-12,Paul,Krea; Chat GPT,,,Y,,,
CTD_AI_VDD_WaterSaturation01_20260612_1C.mov,CTD_AI_VDD_WaterSaturation01,105,Vajont Dam Disaster,2026-08-12,Paul,Krea; Chat GPT,,,Y,,,
CTD_AI_VDD_WaterSaturation02_20260612_1A.mov,CTD_AI_VDD_WaterSaturation02,105,Vajont Dam Disaster,2026-08-12,Paul,Krea; Chat GPT,,,Y,,,
CTD_AI_VDD_WaterSaturation02_20260612_1B.mov,CTD_AI_VDD_WaterSaturation02,105,Vajont Dam Disaster,2026-08-12,Paul,Krea; Chat GPT,,,Y,,,
CTD_AI_VDD_WaterSaturation02_20260612_1C.mov,CTD_AI_VDD_WaterSaturation02,105,Vajont Dam Disaster,2026-08-12,Paul,Krea; Chat GPT,,,Y,,,
CTD_AI_VDD_WaterSaturation02_20260612_1D.mov,CTD_AI_VDD_WaterSaturation02,105,Vajont Dam Disaster,2026-08-12,Paul,Krea; Chat GPT,,,Y,,,
CTD_AI_VDD_WaterSaturation02_20260612_2A.mov,CTD_AI_VDD_WaterSaturation02,105,Vajont Dam Disaster,2026-08-12,Paul,Krea; Chat GPT,,,Y,,,
CTD_AI_VDD_WaterSaturation02_20260612_2B.mov,CTD_AI_VDD_WaterSaturation02,105,Vajont Dam Disaster,2026-08-12,Paul,Krea; Chat GPT,,,Y,,,
CTD_AI_VDD_WaterSaturation03_20260612_1A.mov,CTD_AI_VDD_WaterSaturation03,105,Vajont Dam Disaster,2026-08-12,Paul,Krea; Chat GPT,,,Y,,,
CTD_AI_VDD_WaterSaturation03_20260612_1B.mov,CTD_AI_VDD_WaterSaturation03,105,Vajont Dam Disaster,2026-08-12,Paul,Krea; Chat GPT,,,Y,,,
CTD_AI_VDD_WaterSaturation03_20260612_1C.mov,CTD_AI_VDD_WaterSaturation03,105,Vajont Dam Disaster,2026-08-12,Paul,Krea; Chat GPT,,,Y,,,
CTD_AI_VDD_WaterSaturation03_20260612_1D.mov,CTD_AI_VDD_WaterSaturation03,105,Vajont Dam Disaster,2026-08-12,Paul,Krea; Chat GPT,,,Y,,,
CTD_AI_VDD_WaterSaturation03_20260612_1E.mov,CTD_AI_VDD_WaterSaturation03,105,Vajont Dam Disaster,2026-08-12,Paul,Krea; Chat GPT,,,Y,,,
CTD_AI_VDD_LoweringWater02_20260813_1A.mov,CTD_AI_VDD_LoweringWater02,105,Vajont Dam Disaster,2026-08-13,Paul,Chat GPT; Krea,,,Y,,,
CTD_AI_VDD_LoweringWater02_20260813_1B.mov,CTD_AI_VDD_LoweringWater02,105,Vajont Dam Disaster,2026-08-13,Paul,Chat GPT; Krea,,,Y,,,
CTD_AI_VDD_LoweringWater02_20260813_1C.mov,CTD_AI_VDD_LoweringWater02,105,Vajont Dam Disaster,2026-08-13,Paul,Chat GPT; Krea,,,Y,,,
CTD_AI_VDD_LoweringWater02_20260813_1D.mov,CTD_AI_VDD_LoweringWater02,105,Vajont Dam Disaster,2026-08-13,Paul,Chat GPT; Krea,,,Y,,,
CTD_AI_VDD_LoweringWater03_20260813_1A.mov,CTD_AI_VDD_LoweringWater03,105,Vajont Dam Disaster,2026-08-13,Paul,Chat GPT; Krea,,,Y,,,
CTD_AI_VDD_LoweringWater03_20260813_1B.mov,CTD_AI_VDD_LoweringWater03,105,Vajont Dam Disaster,2026-08-13,Paul,Chat GPT; Krea,,,Y,,,
CTD_AI_VDD_LoweringWater03_20260813_1C.mov,CTD_AI_VDD_LoweringWater03,105,Vajont Dam Disaster,2026-08-13,Paul,Chat GPT; Krea,,,Y,,,
CTD_AI_VDD_LoweringWater03_20260813_2A.mov,CTD_AI_VDD_LoweringWater03,105,Vajont Dam Disaster,2026-08-13,Paul,Chat GPT; Krea,,,Y,,,
CTD_AI_VDD_LoweringWater03_20260813_2C.mov,CTD_AI_VDD_LoweringWater03,105,Vajont Dam Disaster,2026-08-13,Paul,Chat GPT; Krea,,,Y,,,
CTD_AI_VDD_LoweringWater03_20260813_3A.mov,CTD_AI_VDD_LoweringWater03,105,Vajont Dam Disaster,2026-08-13,Paul,Chat GPT; Krea,,,Y,,,
CTD_AI_VDD_LoweringWater04_20260813_1A.mov,CTD_AI_VDD_LoweringWater04,105,Vajont Dam Disaster,2026-08-13,Paul,Chat GPT; Krea,,,Y,,,
CTD_AI_VDD_LoweringWater04_20260813_1B.mov,CTD_AI_VDD_LoweringWater04,105,Vajont Dam Disaster,2026-08-13,Paul,Chat GPT; Krea,,,Y,,,
CTD_AI_VDD_LoweringWater04_20260813_1C.mov,CTD_AI_VDD_LoweringWater04,105,Vajont Dam Disaster,2026-08-13,Paul,Chat GPT; Krea,,,Y,,,
CTD_AI_VDD_LoweringWater04_20260813_1D.mov,CTD_AI_VDD_LoweringWater04,105,Vajont Dam Disaster,2026-08-13,Paul,Chat GPT; Krea,,,Y,,,
CTD_AI_VDD_SwellingReservoir01_20260813_1A.mov,CTD_AI_VDD_SwellingReservoir01,105,Vajont Dam Disaster,2026-08-13,Paul,Chat GPT; Krea,,,Y,,,
CTD_AI_VDD_SwellingReservoir01_20260813_1B.mov,CTD_AI_VDD_SwellingReservoir01,105,Vajont Dam Disaster,2026-08-13,Paul,Chat GPT; Krea,,,Y,,,
CTD_AI_VDD_SwellingReservoir01_20260813_1C.mov,CTD_AI_VDD_SwellingReservoir01,105,Vajont Dam Disaster,2026-08-13,Paul,Chat GPT; Krea,,,Y,,,
CTD_AI_VDD_SwellingReservoir02_20260813_1A.mov,CTD_AI_VDD_SwellingReservoir02,105,Vajont Dam Disaster,2026-08-13,Paul,Chat GPT; Krea,,,Y,,,
CTD_AI_VDD_SwellingReservoir02_20260813_1B.mov,CTD_AI_VDD_SwellingReservoir02,105,Vajont Dam Disaster,2026-08-13,Paul,Chat GPT; Krea,,,Y,,,
CTD_AI_VDD_SwellingReservoir02_20260813_1C.mov,CTD_AI_VDD_SwellingReservoir02,105,Vajont Dam Disaster,2026-08-13,Paul,Chat GPT; Krea,,,Y,,,
CTD_AI_VDD_SwellingReservoir02_20260813_1D.mov,CTD_AI_VDD_SwellingReservoir02,105,Vajont Dam Disaster,2026-08-13,Paul,Chat GPT; Krea,,,Y,,,
CTD_AI_VDD_SwellingReservoir03_20260813_1A.mov,CTD_AI_VDD_SwellingReservoir03,105,Vajont Dam Disaster,2026-08-13,Paul,Chat GPT; Krea,,,Y,,,
CTD_AI_VDD_SwellingReservoir03_20260813_1B.mov,CTD_AI_VDD_SwellingReservoir03,105,Vajont Dam Disaster,2026-08-13,Paul,Chat GPT; Krea,,,Y,,,
CTD_AI_VDD_SwellingReservoir03_20260813_1C.mov,CTD_AI_VDD_SwellingReservoir03,105,Vajont Dam Disaster,2026-08-13,Paul,Chat GPT; Krea,,,Y,,,
CTD_AI_VDD_SwellingReservoir03_20260813_1D.mov,CTD_AI_VDD_SwellingReservoir03,105,Vajont Dam Disaster,2026-08-13,Paul,Chat GPT; Krea,,,Y,,,
CTD_AI_CCS_JUL9ShipListing_20260715_1a.mov,CTD_AI_SFD_Listing20Degrees,107,Sewol Ferry Disaster,2026-07-16,james,,,,Y,,,
CTD_AI_CCS_JUL9ShipListing_20260715_2a.mov,CTD_AI_SFD_Listing20Degrees,107,Sewol Ferry Disaster,2026-07-16,james,,,,Y,,,
CTD_AI_CCS_JUL9ShipListing_20260715_3a.mov,CTD_AI_SFD_Listing20Degrees,107,Sewol Ferry Disaster,2026-07-16,james,,,,Y,,,
CTD_AI_CCS_JUL9ShipListing_20260715_4a.mov,CTD_AI_SFD_Listing20Degrees,107,Sewol Ferry Disaster,2026-07-16,james,,,,Y,,,
CTD_AI_CCS_JUL9ShipListing_20260715_5a.mov,CTD_AI_SFD_Listing20Degrees,107,Sewol Ferry Disaster,2026-07-16,james,,,,Y,,,
CTD_AI_CCS_JUL9ShipListing_20260715_6a.mov,CTD_AI_SFD_Listing20Degrees,107,Sewol Ferry Disaster,2026-07-16,james,,,,Y,,,
