Shotcode,Episode,Story,Story Code,Status,Assignment,Network Priority,Due Date,Chronological Order,Clips Generated,Script Beat,Creative Direction,Notes
,,,,Not started,,,,,10,,,
,,,,Not started,,,,,10,,,
,,,,Not started,,,,,10,,,
,,,,Not started,,,,,10,,,
,,,,Not started,,,,,10,,,
,,,,Not started,,,,,10,,,
,,,,Not started,,,,,10,,,
,,,,Not started,,,,,10,,,
,,,,Not started,,,,,10,,,
CTD_AI_,,,,Not started,,,,,0,,,
CTD_AI_BMF_MolassesPumpedIn_20260621_2a.mov,,,,Not started,,,,,0,,,
CTD_AI_BMF_RivetsLoosen_20260619_1a.mov,,,,Not started,,,,,0,,,
CTD_AI_CCS_JUL9HoldHands,,,,Not started,,,,,0,,,
CTD_AI_CCS_PlatesFlying01_20260629_2a,,,,Not started,,,,,0,,,
CTD_AI_CCS_Stampede0,,,,Not started,,,,,0,,,
CTD_AI_CCS_Stampede03_20260629_2,,,,Not started,,,,,0,,,
CTD_AI_HMB_BarrelsCargo,,,,Sent to Cream,,,,,7,,,
CTD_AI_HMB_BridgeView,,,,Sent to Cream,,,,,6,,,
CTD_AI_HMB_Collision,,,,Sent to Cream,,,,,8,,,
CTD_AI_HMB_ESTABS,,,,Sent to Cream,,,,,5,,,
CTD_AI_HMB_MBfire,,,,Sent to Cream,,,,,9,,,
CTD_AI_HMB_MontBlancWhistle1,,,,Sent to Cream,,,,,2,,,
CTD_AI_KAR_NorhamCastleEnveloped3,,,,Sent to Cream,,,,,3,,,
CTD_AI_LMR_EpoxyRepair,,,,Not started,,,,,0,,,
CTD_AI_LMR_HandBrake01,,,,Not started,,,,,0,,,
CTD_AI_LMR_PowerOut01 ,,,,Not started,,,,,0,,,
CTD_AI_LPE_RowHouseWindowPOV,,,,Not started,,,,,1,,,
CTD_AI_OTI_TITAN_LAUNCHa,,,,Not started,,,,,0,,,
CTD_AI_PAO_BollandsEscapes2,,,,Sent to Cream,,,,,4,,,
CTD_AI_PAO_FirstAlarm,,,,Not started,,,,,0,,,
CTD_AI_SJE_HomeKnockedDown,,,,Sent to Cream,,,,,3,Lance Geiger ([15:47:13](https://www.rev.com/app/transcript/NmExNjE0NGQ0NTY3ZGQ5MmNkYjFkYTY2Rm9KdjlZOE5WQkw4/o/VEMwMTg1MjAyOTE0?ts=3658.9)): ⏎ Other homes are knocked down by the shockwave from explosions.,,
CTD_AI_SMI_ElectricalSpark,,,,Not started,,,,3,0,"~~Electrical spark travels into methane filled sealed off area~~ ⏎ ~~EXPERT: It takes just a few seconds for a surge of electrical energy to travel through the tree root system, into the sealed area, and come in contact with an abandoned, damaged cable.~~",Unsure if we need this - May use GFX Animation,
IndustriaCanalRisingWaters1,,,,Not started,,,,,0,,,
Screenshot 2026-06-09 at 1.15.28 PM.png,,,,Not started,,,,,0,,,
https://airtable.com/appFVGyWTPCqLcpvm/tbl0Fz1aBHogdb3kN/viwYKKWivY7pItxBN/recayIDmZT1kXAycE/fldm9LrI6TwgKWHa4?copyLinkToCellOrRecordOrigin=gridView,,,,Not started,,,,,0,,,
https://airtable.com/appFVGyWTPCqLcpvm/tbl0Fz1aBHogdb3kN/viwq0R7PzBum5At4L/recH3N9DAJt3XABU9/fldm9LrI6TwgKWHa4?copyLinkToCellOrRecordOrigin=gridView,,,,Not started,,,,,0,,,
https://airtable.com/appFVGyWTPCqLcpvm/tbl0Fz1aBHogdb3kN/viwq0R7PzBum5At4L/reccUd0bMPGKwrc9j/fldm9LrI6TwgKWHa4?copyLinkToCellOrRecordOrigin=gridView,,,,Not started,,,,,0,,,
CTD_AI_447_9000Ft01,101,Air France Flight 447,447,Sent to Cream,WS,,,,3,"EXPERT: As the plane’s falling, there’s a moment as they pass through 9000 feet, that Robert yells out “Climb, climb, climb.” Bonin replies he’s been pulling the stick back for a while.",POV Bonin - CU altitude reader passing 9000ft. Would be great to have parts of Bonin out of focus in fg. Wild turbulence in cockpit.,
CTD_AI_447_9000Ft02,101,Air France Flight 447,447,Cancelled,WS,,,,0,"EXPERT: As the plane’s falling, there’s a moment as they pass through 9000 feet, that Robert yells out “Climb, climb, climb.” Bonin replies he’s been pulling the stick back for a while.",POV Robert - looking over at Bonin (MS hands on control and part of his body) who's still pulling back the control. Wild turbulence in cockpit.,
CTD_AI_447_AircraftCrashes01,101,Air France Flight 447,447,Sent to Cream,SM,,,,56,VO: ⏎ THE AIRCRAFT CRASHES BELLY FIRST INTO THE ATLANTIC OCEAN. AND THE COCKPIT RECORDING STOPS.,"MS/CU: POV Pilots as plane hits ocean, windshield breaks and water comes pouring into the cockpit",
CTD_AI_447_AircraftCrashes02,101,Air France Flight 447,447,Sent to Cream,SM,,,,17,VO: ⏎ THE AIRCRAFT CRASHES BELLY FIRST INTO THE ATLANTIC OCEAN. AND THE COCKPIT RECORDING STOPS.,"WS: Ext plane, hitting water, disintegrating",
CTD_AI_447_AircraftCrashes03,101,Air France Flight 447,447,Sent to Cream,SM,,,,3,VO: ⏎ THE AIRCRAFT CRASHES BELLY FIRST INTO THE ATLANTIC OCEAN. AND THE COCKPIT RECORDING STOPS.,"CU: Ext plane, hitting water, disintegrating",
CTD_AI_447_AlarmsSilent,101,Air France Flight 447,447,Cancelled,SM,,,,0,"EXPERT: Alarms are going off, co-pilots are panicking, the aircraft is descending fast and rolling side to side. But strangely, the voice telling them the airplane had stalled …has now stopped. …which must be good, right? No.",CU: Alarm lights in cockpit suddenly ALL STOP blinking. Would be great to have pilots in bg struggling on controls out of focus,
CTD_AI_447_ApproachingStorm,101,Air France Flight 447,447,Sent to Cream,SM,,,,4,"EXPERT: Just about two hours into the flight, the crew gets a report about thunderstorms ahead, so they should be prepared for some turbulence. That’s fairly common for this route and the captain doesn’t seem worried.","Exterior plane, POV from top of plane, looking forward. Nose of plane visible in bottom third of shot. Plane calm and level, flying forward. Light conditions outside like CTD_AI_447_WideCockpit_20260423_1b. In the far distance ahead, storm clouds, some lightning flashing inside cloud",
CTD_AI_447_Autopilot,101,Air France Flight 447,447,Sent to Cream,WS,,,,2,"EXPERT: When this particular aircraft loses a key piece of info, it’s designed to turn off the auto-pilot and give the pilots manual control of the plane.","CU: Airbus A330 control panel. Autopilot switches off. Manual control comes on. Possibly see parts of pilot in fg, out of focus. A little bit of turbulence",
CTD_AI_447_BoninControls01,101,Air France Flight 447,447,Sent to Cream,WS,,,,5,"EXPERT: Bonin grabs the side-stick controller. It looks kind of like a video game joystick that controls the plane. He tells Robert, I’ve got the controls.","CU: POV Bonin, looking down on control panel, grabbing the side-stick controller. A little bit of turbulence",
CTD_AI_447_BoninControls02,101,Air France Flight 447,447,Sent to Cream,SM,,,,3,"EXPERT: Bonin grabs the side-stick controller. It looks kind of like a video game joystick that controls the plane. He tells Robert, I’ve got the controls.","CU: Bonin pulls pulls side-stick controller sharply back, towards him. Choose perspective that shows that clearly. A little bit of turbulence",
CTD_AI_447_BoninFlying01,101,Air France Flight 447,447,Sent to Cream,WS,,,,19,"EXPERT: Bonin, who’s the least experienced pilot, is flying the plane in the right-hand seat. And Robert is monitoring from the left-hand seat.","WS: POV from behind the two pilots, potentially camera pushing in. It's dark outside, some clouds going by. NO RAIN YET. Pilot on right has his hands on the control panel. Adjusting something here and there. Pilot on left is holding a clipboard with papers. Checking things of. It's very CALM.",
CTD_AI_447_BoninFlying01,101,Air France Flight 447,447,Sent to Cream,SM,,,,19,"EXPERT: Bonin, who’s the least experienced pilot, is flying the plane in the right-hand seat. And Robert is monitoring from the left-hand seat.","CU: Pilot on right, Bonin. Ideally options: 1) his POV looking at his own hands on control panel, casually adjusting something here and there 2) different perspective of doing the same thing. Strong turbulence",
CTD_AI_447_BoninFlying02,101,Air France Flight 447,447,Sent to Cream,SM,,,,3,"EXPERT: Bonin, who’s the least experienced pilot, is flying the plane in the right-hand seat. And Robert is monitoring from the left-hand seat.","CU: Pilot on left, Robert. Ideally two options: 1) his POV looking at clipboard in his hands, checking things of 2) different perspective of the above - no turbulence",
CTD_AI_447_CabinPanic01,101,Air France Flight 447,447,Sent to Cream,WS,,,,12,"EXPERT: The plane is plummeting about 10,000 feet per minute. That’s over 150 feet per second.","Int passenger cabin, dimly lit, see: CTD_ARCH_Getty_447_1334021105.mp4 ⏎ CU, ""camera"" same level as strongly tilted floor. Plane at 45 degree angle. Water bottle or plastic cup rolling by - - NO FACES",
CTD_AI_447_CabinPanic02,101,Air France Flight 447,447,Sent to Cream,WS,,,,2,"EXPERT: The plane is plummeting about 10,000 feet per minute. That’s over 150 feet per second.","Int passenger cabin, dimly lit, see: CTD_ARCH_Getty_447_1334021105.mp4 ⏎ CU passenger hand grabbing arm rest in terror`- - NO FACES",
CTD_AI_447_CabinPanic03,101,Air France Flight 447,447,Sent to Cream,WS,,,,2,"EXPERT: The plane is plummeting about 10,000 feet per minute. That’s over 150 feet per second.","Int passenger cabin, dimly lit, see: CTD_ARCH_Getty_447_1334021105.mp4 ⏎ CU passenger hand grabbing blanket in front of chest in terror - NO FACES",
CTD_AI_447_CabinPanic04,101,Air France Flight 447,447,Sent to Cream,WS,,,,2,"EXPERT: The plane is plummeting about 10,000 feet per minute. That’s over 150 feet per second.","Int passenger cabin, dimly lit, see: CTD_ARCH_Getty_447_1334021105.mp4 ⏎ CU or MS: plane at 45 degree angle, falling, passengers pressed into their seat, pressing hands to seat in front, cabin shaking wildly, hair flying - NO FACES",
CTD_AI_447_CallButton,101,Air France Flight 447,447,Sent to Cream,WS,,,,3,VO: ⏎ ROBERT PUSHES THE REST COMPARTMENT CALL BUTTON TRYING TO GET THE CAPTAIN BACK TO THE COCKPIT. BUT HE GETS NO RESPONSE.,"CU: Robert repeatedly hits call button. Get sense of urgency. He hits it hard multiple times. Would be great to have rest of cockpit out of focus in bg, like Bonin's hands grabbing control (if button on Airbus A330 is in position that allows that perspective). Strong turbulence",
CTD_AI_447_ComputerBlaring02,101,Air France Flight 447,447,Sent to Cream,WS,,,,3,"EXPERT: The computer keeps blaring out “STALL, STALL, STALL.” Robert says, “We’ve got engines,” meaning they have power, so what the hell is happening? He asks Bonin, “Do you understand what’s happening?”","POV Bonin, then switching to POV of Robert looking down at control panel, their hands moving around frantically, pushing buttons. Would be great to switch perspective quickly and get a sense of being inside their heads as chaos unfolds. Wild turbulence in cockpit.",
CTD_AI_447_ComputerBlaringStall01,101,Air France Flight 447,447,Sent to Cream,WS,,,,2,"EXPERT: The computer keeps blaring out “STALL, STALL, STALL.” Robert says, “We’ve got engines,” meaning they have power, so what the hell is happening? He asks Bonin, “Do you understand what’s happening?”","MS/CU control panel of Airbus A330 blinking with alarm for ""Stall, stall"" - would be great to see Robert/Bonin in bg out of focus still struggling with plane. Wild turbulence in cockpit.",
CTD_AI_447_FaultySystem,101,Air France Flight 447,447,Sent to Cream,WS,,,,4,EXPERT: Robert is moving his side-stick and the plane isn’t responding at all. He must be thinking their problem is a control system failure.,"Interior plane, night time. CU, ideally POV Robert, moving his control stick around, then pushing/touching instruments across control panel as if to check everything is working. Wild turbulence in cockpit.",
CTD_AI_447_GEN_01,101,Air France Flight 447,447,Sent to Cream,,,,,117,,,
CTD_AI_447_LowersClimb01,101,Air France Flight 447,447,Sent to Cream,WS,,,,10,"EXPERT: Robert is yelling at Bonin. Bonin yells back, “OK, I’m going back down!” But he only lowers the climb by half a degree and the plane is still going up.","CU: POV Bonin holding the control stick, white knuckling it. Plane is still tilted up 12 degrees. Then Bonin moves stick forward slightly. Warning lights keep blinking. Stronger turbulence in cockpit.",
CTD_AI_447_LowersClimb02,101,Air France Flight 447,447,PAUSE,WS,,,,0,"EXPERT: Robert is yelling at Bonin. Bonin yells back, “OK, I’m going back down!” But he only lowers the climb by half a degree and the plane is still going up.",CU Attitude indicator showing 11.5 degrees. Warning lights blink. Stronger turbulence in cockpit.,
CTD_AI_447_Nose12Degrees01,101,Air France Flight 447,447,PAUSE,WS,,,,0,"EXPERT: At 35,000 feet, it’s considered safe to pull the nose up no more than 5 degrees. Bonin’s quick pullback puts the plane at 12 degrees, which triggers the stall warning alarm.","Interior cockpit, nighttime. Instrument that shows angle/if plane is level (Attitude Indicator). 12 degrees - plane is pointing up. Stronger turbulence in cockpit.",
CTD_AI_447_Nose12Degrees02,101,Air France Flight 447,447,Sent to Cream,SM,,,,0,"EXPERT: At 35,000 feet, it’s considered safe to pull the nose up no more than 5 degrees. Bonin’s quick pullback puts the plane at 12 degrees, which triggers the stall warning alarm.","Exterior of plane - WS/CU: similar to/progression of NoseUpward, but angle changes more drastically, plane pointing upwards more. Still hailing",
CTD_AI_447_NoseUpward01,101,Air France Flight 447,447,Sent to Cream,SM,,,,26,EXPERT: This makes the plane start to climb steeply.,"Exterior of plane, CU: Nose lurches up, plane begins to climb - - possible view from side so change in angle is visible. Nighttime, hail",
CTD_AI_447_NoseUpward02,101,Air France Flight 447,447,PAUSE,WS,,,,8,EXPERT: This makes the plane start to climb steeply.,"Interior cockpit, nighttime. Instrument that shows angle/if plane is level (Attitude Indicator). 0 degrees - plane is level. Very mild turbulence.",
CTD_AI_447_NoseUpward02,101,Air France Flight 447,447,Sent to Cream,SM,,,,8,EXPERT: This makes the plane start to climb steeply.,"Exterior of plane, WS: Nose lurches up, begins to climb - from side or another perspective that shows changing angle clearly. Nighttime, hail",
CTD_AI_447_Override01,101,Air France Flight 447,447,Sent to Cream,WS,,,,2,EXPERT: Robert finally asserts that he’s taking control. He grabs his stick and hits the override button that takes priority away from Bonin’s controller.,MS/CU - POV Robert as he hits the Override button. Then switch to POV Bonin as he hits his own Override button. Strong turbulence in cockpit.,
CTD_AI_447_Override02,101,Air France Flight 447,447,Cancelled,WS,,,,0,EXPERT: Robert finally asserts that he’s taking control. He grabs his stick and hits the override button that takes priority away from Bonin’s controller.,CUs - different perspective than Override01 - Robert hits override button. Then Bonin hits his own override button. Strong turbulence in cockpit.,
CTD_AI_447_PilotLeaving01,101,Air France Flight 447,447,Sent to Cream,WS,,,,11,"# VO: ⏎ # THREE HOURS AND 27 MINUTES AFTER TAKEOFF, THE CAPTAIN LEAVES THE COCKPIT FOR HIS BREAK IN THE REST CABIN.","Dark Airbus 330 cockpit. Dark outside, no storm yet. POV captain standing behind his two co-pilots as they sit at the controls. Two pilots at edge of frame, no faces visible. He pats one of their shoulders as a gesture of appreciation and assurance. No turbulence",
CTD_AI_447_PilotLeaving02,101,Air France Flight 447,447,Sent to Cream,WS,,,,5,"# VO: ⏎ # THREE HOURS AND 27 MINUTES AFTER TAKEOFF, THE CAPTAIN LEAVES THE COCKPIT FOR HIS BREAK IN THE REST CABIN.","POV captain, his hand opening door of cockpit",
CTD_AI_447_PilotReturns,101,Air France Flight 447,447,Sent to Cream,WS,,,,10,"VO: WHEN THE CAPTAIN RETURNS TO THE COCKPIT, HE SEES UTTER CHAOS.","POV captain, barging through door into cockpit, then looking down on pilots struggling with plane. Wild turbulence. No faces visible. ⏎ If too hard: ⏎ 1) CU captain's feet rushing into cockpit, POV groundlevel ⏎ 2) POV MS captain looking down on pilots, their hand on the control sticks moving back and forth, struggling with plane. Wild turbulence",
CTD_AI_447_PilotsPanicking01,101,Air France Flight 447,447,Sent to Cream,WS,,,,7,Various spots,"Int cockpit, vibe/light like CTD_AI_447_RightStick_20260507_1b.mov ⏎ CU forehead of pilot (either left or right, doesn't need to be clear), beads of sweat forming. CU needs to be so extreme we don't see the face",
CTD_AI_447_PilotsPanicking02,101,Air France Flight 447,447,Sent to Cream,WS,,,,5,Various spots,"Int cockpit, vibe/light like CTD_AI_447_RightStick_20260507_1b.mov ⏎ CU of temple of pilot (left or right, doesn't need to be clear). Beads of sweat rolling down. CU needs to be so extreme we don't see the face",
CTD_AI_447_PilotsPanicking03,101,Air France Flight 447,447,Sent to Cream,WS,,,,4,Various spots,"Int cockpit, vibe/light like CTD_AI_447_RightStick_20260507_1b.mov ⏎ CU pilot on right grabbing his own thigh with hand, then balling hand into white knuckle fist",
CTD_AI_447_PilotsPanicking04,101,Air France Flight 447,447,Sent to Cream,WS,,,,3,Various spots,"Int cockpit, vibe/light like CTD_AI_447_RightStick_20260507_1b.mov ⏎ two shots: ⏎ 1) CU over left shoulder of left pilot, turning towards right pilot - NO FACES ⏎ 2) CU of hands of left pilot, gesticulating wildly to right pilot in gestures of desperation - NO FACES",
CTD_AI_447_PilotsPanicking05,101,Air France Flight 447,447,Sent to Cream,WS,,,,3,Various spots,"Int cockpit, vibe/light like CTD_AI_447_RightStick_20260507_1b.mov ⏎ CU left pilot grabbing forearm of right pilot",
CTD_AI_447_PilotsPanicking06,101,Air France Flight 447,447,Sent to Cream,WS,,,,2,Various spots,"Int cockpit, vibe/light like CTD_AI_447_RightStick_20260507_1b.mov ⏎ CU pilot wiping sweat off his own forehead with his hand in desperation",
CTD_AI_447_PitotTubes,101,Air France Flight 447,447,Sent to Cream,WS,,,,14,EXPERT: Outside the plane there are these sensors called pitot tubes that tell how fast the plane is going – the airspeed. They begin to ice over.,"CU: Pitot tubes outside plane while flying, night time, it's hailing intensely. The tubes begin to ice over",
CTD_AI_447_PlaneClimbing,101,Air France Flight 447,447,Sent to Cream,SM,,,,0,"EXPERT: They need to level out, and they need to stop climbing. But for some reason, Bonin keeps pulling back on the controls, pitching the plane further up, taking them higher.","Exterior of plane, its nose tilting up, climbing steeply, it's still hailing",
CTD_AI_447_PlaneFalls01,101,Air France Flight 447,447,Sent to Cream,SM,,,,1,"EXPERT: The plane reaches an altitude of 38,000 feet. It’s at a 23-degree up-angle and it stalls. And then it starts falling tail first out of the sky.","WS: Exterior of plane. Plane tilted up, flying. Then stalls and begins falling, tail first.",
CTD_AI_447_PlaneFalls02,101,Air France Flight 447,447,Sent to Cream,WS,,,,8,"EXPERT: The plane reaches an altitude of 38,000 feet. It’s at a 23-degree up-angle and it stalls. And then it starts falling tail first out of the sky.",MS/CU: POV pilots as plane stalls and begins falling. Use clouds outside as visual cue. Wild turbulence.,
CTD_AI_447_PlanePlummets01,101,Air France Flight 447,447,Sent to Cream,SM,,,,7,"EXPERT: The plane is plummeting about 10,000 feet per minute. That’s over 150 feet per second.","Exterior plane, night time. Hail. Plane is falling, tail first. Choose different perspective than ""PlaneFalls"" - would be great to get some MS or CUs of wings slicing through clouds",
CTD_AI_447_PlanePlummets02,101,Air France Flight 447,447,Sent to Cream,SM,,,,5,"EXPERT: The plane is plummeting about 10,000 feet per minute. That’s over 150 feet per second.","WS/MS/CU - various options of plane falling, tail first",
CTD_AI_447_Realization01,101,Air France Flight 447,447,Sent to Cream,SM,,,,5,"EXPERT: The captain finally understands what’s happening. He realizes they’re in a stall and falling. He yells at Bonin “Don’t climb,” meaning put the nose down. But it’s too late.",POV Dubois hovering over Robert and Bonin. Then grabbing the control from Bonin and pushing it forward. Stronger turbulence.,
CTD_AI_447_Stall02,101,Air France Flight 447,447,Sent to Cream,WS,,,,19,"EXPERT: It’s called a stall, and it’s really dangerous. At 35,000 feet, it’s considered safe to pull the nose up no more than 5 degrees. Bonin’s quick pullback puts the plane at 12 degrees, which triggers the stall warning alarm.","CU: POV Bonin, his hands gripping the control - get sense from change of clouds outside that plane is starting to tilt its nose upward. Warning lights are blinking. Stronger turbulence",
CTD_AI_447_ThreePilots01,101,Air France Flight 447,447,Sent to Cream,WS,,,,4,"EXPERT: There are three pilots flying this Airbus A330 - Captain Marc Dubois, and two First Officers - Pierre-Cédric Bonin and David Robert.","WS: Cockpit of Airbus A330. DON'T INCLUDE FACES. The sun is setting outside, some clouds, NO RAIN. POV from over the shoulder of third pilot, his shoulder, part of head just at edge of frame, possibly even out of focus, other two pilots at controls in bg Pilots have hands on control panel, casually. All is calm.",
CTD_AI_447_ThrottleBackandForth01,101,Air France Flight 447,447,Sent to Cream,WS,,,,7,"EXPERT: Neither pilot is communicating very well. At one point, both of them adjust the engine thrust. One of them pulls back to idle. Six seconds later, the other cranks the engines back up. It’s like they don’t know what the other is doing.",POV Bonin pulling back the control while Robert next to him pushes it forward. Strong turbulence,
CTD_AI_447_ThrottleBackandForth02,101,Air France Flight 447,447,Cancelled,WS,,,,0,"EXPERT: Neither pilot is communicating very well. At one point, both of them adjust the engine thrust. One of them pulls back to idle. Six seconds later, the other cranks the engines back up. It’s like they don’t know what the other is doing.","Perspective that shows clearly how Bonin and Robert do the opposite with their controls - pushing forward, then pulling it back. Stronger turbulence",
CTD_AI_447_WarningAutoPilotOff,101,Air France Flight 447,447,Sent to Cream,WS,,,,4,"EXPERT: The crew gets a warning, and that's their signal to start manually controlling the aircraft.","Interior cockpit, nighttime. CU of visual alarm that autopilot has disengaged and that manual control is necessary. Little bit of turbulence.",
CTD_AI_447_WindshieldCloud01,101,Air France Flight 447,447,Sent to Cream,WS,,,,34,"# **VO:** ⏎ # **SIX MINUTES AFTER THE CAPTAIN LEAVES FOR HIS BREAK, THE PLANE ENTERS A CLOUD BANK AND HITS TURBULENCE.**","POV pilots looking forward at windshield, nighttime (darker than CTD_AI_447_WideCockpit_20260423_1b) entering cloudbank, then hail starts to hit the windshield. Would be great to add slight shake to shot when entering cloudbank, to suggest turbulence. NO FACES - fine to see silhouetted shoulders/parts of heads at edge of frame if need be. A little bit of turbulence.",
CTD_AI_447_WindshieldCloud02,101,Air France Flight 447,447,Sent to Cream,WS,,,,4,"# **VO:** ⏎ # **SIX MINUTES AFTER THE CAPTAIN LEAVES FOR HIS BREAK, THE PLANE ENTERS A CLOUD BANK AND HITS TURBULENCE.**","CU: Airbus 330 windshield, Hail hitting. Outside a bit darker than CTD_AI_447_WindshieldCloud01. A little bit of turbulence",
,101,China Floods,CHF,Not started,,,,,10,,,
CTD_AI_CHF_CycloneVillage,101,China Floods,CHF,Sent to Cream,,,,,19,"EXPERT: Starting in July, the region gets hit by not one, not two…but nine cyclones. The normal average is two over a whole year.","Same village as CTD_AI_CHF_HeavyRain. WS/MS/CU up to you. A cyclone is tearing through the village. Heavy rain, but no floods just yet. Trees are swaying, roof(s) is being blown off. Dishes or something else clutters across the road. Cyclone is causing damage - feel free to think of other moments. We just needs 2-3 shots.",
CTD_AI_CHF_DikeBreaking,101,China Floods,CHF,Sent to Cream,,,,,69,EXPERT: A local railroad clerk named Jin Shilong is just coming off the night shift. He knows the river is swelling but says the dike break came without warning. He hears the noise first and then sees the water heading his way.,Wuhan 1931. Similar to WallofWater as this will be edited as part of the flooding sequence - but with a stronger POV first person perspective.,
CTD_AI_CHF_FarmlandFloods,101,China Floods,CHF,Sent to Cream,,,,,60,"EXPERT: In May and June, the Yangtze basin starts to flood, and farming communities have to evacuate. People start moving east, looking for food and shelter. Unfortunately, the floods also move east.","One WS to set us up: Trek of refugees moving along muddy road, flooded fields on either side. Mountains in bg if possible. Oxen pull wagons loaded with bags, housewares, people walking. Then CUs: POV from middle of trek. Feet in muddy road. Hooves pulling carts. Impressions of people. Avoid faces, ideally it's raining, but if too hard it's fine if it's overcast",
CTD_AI_CHF_GEN,101,China Floods,CHF,Not started,,,,,0,,,
CTD_AI_CHF_HeavyRain,101,China Floods,CHF,Sent to Cream,,,,,22,"EXPERT: Unfortunately for the people who live on the river, that spring also brings abnormally heavy, unrelenting rain. They get something like a year-and-a- half worth of rainfall in just one month.","WS, MS, CU - definitely more CUs than wides: 1930s western Chinese farming village in heavy rain. One WS to set it up, then CUs. Huts in pouring rain. CU water dripping off roof, bg out of focus. CU people, bundled up, walking in rain, stepping in puddles. CU rivulets of water running through middle of muddy roads, wheel of wagon going through puddle. Just giving some impressions here, you can be creative. Avoid facesa",
CTD_AI_CHF_Marooned,101,China Floods,CHF,Sent to Cream,,,,,5,"EXPERT: Luckily, he’s able to race to the third floor of a new office building where he ends up marooned for 70 days.","Wuhan 1931, first person POV from third floor looking out at flooded Wuhan. CUs like [arts of window in fg, flooded streets in bg.",
CTD_AI_CHF_MeltingSnow01,101,China Floods,CHF,Sent to Cream,,,,,0,"EXPERT: In 1931, when spring arrives, the unusually dense snow-pack up in the mountains starts to melt and run into the river below.",WCUs snow melting in mountains. Water dripping from snowpack,
CTD_AI_CHF_MeltingSnow02,101,China Floods,CHF,Sent to Cream,,,,,19,"EXPERT: In 1931, when spring arrives, the unusually dense snow-pack up in the mountains starts to melt and run into the river below. EXPERT: In 1931, when spring arrives, the unusually dense snow-pack up in the mountains starts to melt and run into the river below.","Winter, mountains. CUs of rivulets of water running over rocks, joining small creek",
CTD_AI_CHF_MeltingSnow03,101,China Floods,CHF,Sent to Cream,,,,,16,"EXPERT: In 1931, when spring arrives, the unusually dense snow-pack up in the mountains starts to melt and run into the river below.","Winter, mountains. CUs of small creek joining river",
CTD_AI_CHF_RoaringRiver,101,China Floods,CHF,First request,,,,,0,"In 1931, when spring arrives, this unusually dense snowpack begins to melt and trickle down into the river below.","1931, same village we see in winter and flood. Roaring river flowing by camera in fg in focus. Banks of village and village in bg, out of focus.",
CTD_AI_CHF_StormHits,101,China Floods,CHF,Sent to Cream,,,,,17,"EXPERT: Starting in July, the region gets hit by not one, not two…but nine cyclones. The normal average is two over a whole year.","1930s western Chinese village, can be the same as CTD_AI_CHF_HeavyRain. 1-2 WS to set us up: Storm tears through village, rips off roofs. MS or CUs roof being torn off, items flying through muddy roads. Heavy rain. Avoid faces.",
CTD_AI_CHF_WallOfWater,101,China Floods,CHF,Sent to Cream,,,,,48,"EXPERT: A huge wall of water rushes into the city. It’s unclear exactly how many people drown instantly, but it’s tens of thousands.","1931, Wuhan streets. Wall of water crashes through streets. Kinds of shots can be similar to group of shots of wave coming over seawall in FDN. POV from street, wave coming right at camera. MS looking at rushing water, debris, wagons, animals, people being carried away. People running away from floodwaters. Avoid faces.",
CTD_AI_CHF_WinterVillage,101,China Floods,CHF,Sent to Cream,,,,,27,"EXPERT: Across much of China, the winter of 1930 to 1931 is brutally cold.","1930s western Chinese village, can be the same as already depicted. WS and mostly CUs: village buried in snow. Roof tops piled high with snow. Huddled figures struggle through deep snow. Buffalo covered in snow.",
CTD_AI_CHF_WuhanDikes01,101,China Floods,CHF,Sent to Cream,,,,,0,"VO: ⏎ ON JULY 27TH, THE DIKES PROTECTING WUHAN START TO CRACK…AND THEN GIVE WAY.","Dikes of Wuhan INTACT. We just need one or two shots WS and CU that show the dikes protecting the city, so we see them once before we go in for the CU of them breaking.",
CTD_AI_CHF_WuhanDikes02,101,China Floods,CHF,Sent to Cream,,,,,0,"VO: ⏎ ON JULY 27TH, THE DIKES PROTECTING WUHAN START TO CRACK…AND THEN GIVE WAY.","1931, Wuhan dikes. CU of them breaking. Similar to CUs of bulge breaking up in MSH. Cracks emerging in earthen dam, earth shifting.",
CTD_AI_FDN_CoreMelting01,101,Fukushima Nuclear Disaster,FDN,Sent to Cream,WS,,,,1,"EXPERT: They have to figure out a way to vent out all of that pressure, otherwise this whole thing is going to blow up.","Int dark reactor - same space as CTD_AI_FDN_BootsWading_20260429_1a.mov. Workers in white suits and flashlights gather around reactor core, look at/point flashlight at temperature gauge attached to reactor core. Temp is rising to 5000 Fahrenheit. Would be great if workers were moving faster. The slo mo is a bit weird. Would be great if it felt more frantic - would be amazing if it was POV of a workers, through the goggles.",
CTD_AI_FDN_CoreMelting02,101,Fukushima Nuclear Disaster,FDN,Sent to Cream,WS,,,,7,"EXPERT: They have to figure out a way to vent out all of that pressure, otherwise this whole thing is going to blow up.","CU: Temperature gauge inside dark reactor. Workers gathered around it, shining flashlight on it. Temperature rises to 5000 Fahrenheit - would be amazing if it was POV of a workers, through the goggles.",
CTD_AI_FDN_CoreMelting03,101,Fukushima Nuclear Disaster,FDN,Sent to Cream,WS,,,,11,,CU: Various options of temperature gauge on reactor core inside dark reactor. Temperature slowly rising from 500 degrees to 1200 degrees. No workers present. We're hoping to use this shot to build up towards the moment where the workers gather around it.,
CTD_AI_FDN_DarkControlRoom01,101,Fukushima Nuclear Disaster,FDN,Sent to Cream,WS,,,,20,EXPERT: This is a nuclear reactor's nightmare scenario. They are in danger of a meltdown.,"WS: Dark control room, not pitch black, but realistically dark. No lights on. No lights on control panel. Workers opening drawers and grabbing flashlights and turning them on (drawers not super necessary). Just grabbing flashlights and turning them on works, too. Workers shine lights around. Punching buttons on control panel, but nothing comes to life.",
CTD_AI_FDN_DarkControlRoom02,101,Fukushima Nuclear Disaster,FDN,Sent to Cream,WS,,,,5,EXPERT: This is a nuclear reactor's nightmare scenario. They are in danger of a meltdown.,"CU: Worker grabbing flashlight and turning it on, shining it around in dark control room, punching buttons on control happens, but machine is dead",
CTD_AI_FDN_DarkControlRoom03,101,Fukushima Nuclear Disaster,FDN,Sent to Cream,WS,,,,5,EXPERT: This is a nuclear reactor's nightmare scenario. They are in danger of a meltdown.,"MS/CU: Workers with flashlights in dark control room, gathered around table with papers, looking at reactor chart, marking it with pencil (suggesting they're trying to find a solution for the power outage)",
CTD_AI_FDN_EmergShutDown01,101,Fukushima Nuclear Disaster,FDN,Sent to Cream,SM,,,,7,"VO: NEARLY A HUNDRED MILES SOUTHWEST OF THE EPICENTER, THE FUKUSHIMA NUCLEAR FACILITY GOES INTO AUTOMATIC EMERGENCY SHUTDOWN MODE.","CU: Alarm lights starting to blink on control panel in Fukushima control room. E.g. one light in fg, many others out of focus in bg",
CTD_AI_FDN_EmergShutDown02,101,Fukushima Nuclear Disaster,FDN,Sent to Cream,SM,,,,6,"VO: NEARLY A HUNDRED MILES SOUTHWEST OF THE EPICENTER, THE FUKUSHIMA NUCLEAR FACILITY GOES INTO AUTOMATIC EMERGENCY SHUTDOWN MODE.",MS: wider shot than above and different perspective. E.g. dead on. Alarm lights blinking in control room,
CTD_AI_FDN_EmergShutDown03,101,Fukushima Nuclear Disaster,FDN,Sent to Cream,SM,,,,5,"VO: NEARLY A HUNDRED MILES SOUTHWEST OF THE EPICENTER, THE FUKUSHIMA NUCLEAR FACILITY GOES INTO AUTOMATIC EMERGENCY SHUTDOWN MODE.",CU: Feet running in control room,
CTD_AI_FDN_EmergShutDown04,101,Fukushima Nuclear Disaster,FDN,Sent to Cream,SM,,,,7,"VO: NEARLY A HUNDRED MILES SOUTHWEST OF THE EPICENTER, THE FUKUSHIMA NUCLEAR FACILITY GOES INTO AUTOMATIC EMERGENCY SHUTDOWN MODE.",CU: Hands flipping off switches on control panel. Alarm lights stop blinking (various options of this would be great),
CTD_AI_FDN_GEN_01,101,Fukushima Nuclear Disaster,FDN,Sent to Cream,SM,,,,70,,,
CTD_AI_FDN_Geigercounter01,101,Fukushima Nuclear Disaster,FDN,Sent to Cream,SM,,,,3,"EXPERT: The engineers, who are working in the control room between the reactor buildings, see worrisome spikes in radiation. They start pulling out their safety gear, like masks and radiation suits.","CU: Geigercounter, screen showing high level of radiation",
CTD_AI_FDN_GeneratorsFlood01,101,Fukushima Nuclear Disaster,FDN,Sent to Cream,WS,,,,16,"EXPERT: In a matter of minutes, the water floods the backup generators, which are located underground. Most of them are knocked offline. The water also knocks out power to the safety systems and monitors.","WS: POV standing between two rows of diesel generators in basement of Fukushima power plant. Wave of water coming towards ""camera""",
CTD_AI_FDN_GeneratorsFlood02,101,Fukushima Nuclear Disaster,FDN,Sent to Cream,WS,,,,13,"EXPERT: In a matter of minutes, the water floods the backup generators, which are located underground. Most of them are knocked offline. The water also knocks out power to the safety systems and monitors.","MS / CU: Control panel on diesel generator, all lights go off. Generator powers down",
CTD_AI_FDN_GeneratorsFlood03,101,Fukushima Nuclear Disaster,FDN,Sent to Cream,WS,,,,27,"EXPERT: In a matter of minutes, the water floods the backup generators, which are located underground. Most of them are knocked offline. The water also knocks out power to the safety systems and monitors.",MS/ CU: control room (same location as EmergShutdown) monitors go black,
CTD_AI_FDN_GeneratorsKickIn01,101,Fukushima Nuclear Disaster,FDN,Sent to Cream,WS,,,,10,EXPERT: The plant has 12 diesel backup generators and these kick in right away. Their job is to power the circulation of cold water over the nuclear reactor cores to prevent a meltdown.,"WS: Generators (same as in files GeneratorsFlood) in still dry basement kick in, rumble to life and start working",
CTD_AI_FDN_GeneratorsKickIn02,101,Fukushima Nuclear Disaster,FDN,Sent to Cream,WS,,,,8,EXPERT: The plant has 12 diesel backup generators and these kick in right away. Their job is to power the circulation of cold water over the nuclear reactor cores to prevent a meltdown.,CU: Generators (same as in files GeneratorsFlood) in still dry basement kick in and start working - show something like exhaust pipe rumbling and smoke comes out and/or radiator starting to turn,
CTD_AI_FDN_GroundShakes01,101,Fukushima Nuclear Disaster,FDN,Sent to Cream,SM,,,,7,EXPERT: The ground shakes. And some of the workers are literally knocked off their feet.,"WS: control room (same location as EmergShutdown) people working. Suddenly whole room shakes (ok to see people from behind here, they're all generic). Alarm lights start flashing across control panels",
CTD_AI_FDN_GroundShakes02,101,Fukushima Nuclear Disaster,FDN,Sent to Cream,SM,,,,13,EXPERT: The ground shakes. And some of the workers are literally knocked off their feet.,"CU: Back of seat of worker at control panel, hands on control panel. Suddenly entire room shakes, lights in bg start flashing",
CTD_AI_FDN_MeltdownWarning,101,Fukushima Nuclear Disaster,FDN,PAUSE,,,,,0,"1) ⏎ EXPERT: This is a nuclear reactor's nightmare scenario. They are in danger of a meltdown. ⏎ 2) ⏎ EXPERT: What they didn't realize was that as the core was melting down, it released highly explosive hydrogen","CUs: gauge inside reactor - can look similar to temp gauge inside reactor - with flashing ""WARNING!! MELTDOWN!! - can we get a Japanese and an English version, please. ⏎ Can we get separate versions both with and without workers present",
CTD_AI_FDN_NoWater01,101,Fukushima Nuclear Disaster,FDN,PAUSE,,,,,0,"EXPERT: At 7:30pm, the fuel rods inside the core burn off all their water and they get hot, quick. They hit over 5000 degrees, and begin to melt. This is probably what causes a radiation leak.","MS: Inside control room (same as EmergShutdown). POV worker looking at monitor that shows water level lowering. A different monitor shows the temperature of fuel rods climbing, then reaching 5000 Fahrenheit. Alarm lights go off. THIS NEEDS TO BE IN THE DARK CONTROL ROOM",
CTD_AI_FDN_NoWater02,101,Fukushima Nuclear Disaster,FDN,PAUSE,,,,,0,"EXPERT: At 7:30pm, the fuel rods inside the core burn off all their water and they get hot, quick. They hit over 5000 degrees, and begin to melt. This is probably what causes a radiation leak.","CUs: Inside control room. A different monitor shows the temperature of fuel rods climbing, then reaching 5000 Fahrenheit. Alarm lights go off. THIS NEEDS TO BE IN THE DARK CONTROL ROOM",
CTD_AI_FDN_PowerOff,101,Fukushima Nuclear Disaster,FDN,PAUSE,WS,,,,0,"VO: THE FUKUSHIMA NUCLEAR FACILITY IS NEARLY A HUNDRED MILES FROM THE QUAKE’S EPICENTER. FOR SAFETY, THE PLANT IMMEDIATELY GOES INTO EMERGENCY SHUTDOWN MODE.","CU of control panel/panels including various lights and monitors in control room of power plant (same as all other control room shots). Suddenly and decisively, lights and monitors go out.",
CTD_AI_FDN_PowerOnControlRoom,101,Fukushima Nuclear Disaster,FDN,Sent to Cream,WS,,,,3,"**VO:** ⏎ **FUKUSHIMA SURVIVES THE EARTHQUAKE, BUT THINGS ARE ABOUT TO GET WORSE**.","WS/MS/CUs: Inside control room: power coming back on: Room goes from realistically dark - no lights on ceiling and control panel, no monitors working - to lights on ceiling switching on, monitors coming on, control panel lights coming on. Workers can be present. Put flashlights down, return to work.",
CTD_AI_FDN_PressureRises01,101,Fukushima Nuclear Disaster,FDN,Sent to Cream,WS,,,,5,"EXPERT: As the core melts, it causes pressure inside Reactor 1 to increase dramatically. Engineers realize they have to try and vent it off…or the whole thing is going to explode.","MS and CUs: Inside control room, monitors showing pressure rising in reactor 1",
CTD_AI_FDN_PressureRises02,101,Fukushima Nuclear Disaster,FDN,Sent to Cream,,,,,0,"EXPERT: As the core melts, it causes pressure inside Reactor 1 to increase dramatically. Engineers realize they have to try and vent it off…or the whole thing is going to explode.","CUs: POV engineers looking down on table, holding pencil and paper with schematic of reactor (see CTD_AI_FDN_EarthquakeControlRoom_20260416_1a.mov for reference of pencil and paper) drawing lines, crosisng things out (just needs to look like they're working on a solution) THIS NEEDS TO BE IN THE DARK CONTROL ROOM",
CTD_AI_FDN_Reactor,101,Fukushima Nuclear Disaster,FDN,Sent to Cream,,,,,11,"EXPERT: But you can't just turn off a nuclear reaction like you would a switch. You need to slowly cool it down. ⏎ AND ⏎ EXPERT: But as the core began to melt down, it created a significant volume of highly explosive hydrogen.","Inside dark reactor building, same dark, concrete space as CTD_AI_FDN_BootsWadingSearching_20260617_2a.mov. BUT NO PEOPLE. ⏎ POV ground level standing close to and looking up at ominous MS of containment structure looming large in a dark, tall hall, surrounded by concrete walls (see ref shot to right - structure during construction. No other shot found). Top can disappear in darkness. No flashlights as there are no people. Partially obscure structure by pipes in foreground. Can we get a few options, camera movement can be slow, as this is a quiet tension building movement, not high action moment",
CTD_AI_FDN_Reactor1Explosion01,101,Fukushima Nuclear Disaster,FDN,Sent to Cream,SM,,,,50,"VO: AT 3:36 PM, A MASSIVE EXPLOSION BLOWS APART REACTOR BUILDING NUMBER ONE.","WS: Variety of POV from on ground outside reactor #1. It explodes, debris flying around. Ground is shaking, vehicles shake. A worker walking is knocked to the ground. ""Camera"" then engulfed in smoke",
CTD_AI_FDN_Reactor1Explosion02,101,Fukushima Nuclear Disaster,FDN,Sent to Cream,SM,,,,0,"VO: AT 3:36 PM, A MASSIVE EXPLOSION BLOWS APART REACTOR BUILDING NUMBER ONE.","WS top down view onto reactor building #1. It explodes. ""camera"" engulfed in smoke",
CTD_AI_FDN_Reactor2Explosion01,101,Fukushima Nuclear Disaster,FDN,Sent to Cream,SM,,,,86,"VO: AND THE NEXT DAY, BUILDINGS TWO AND FOUR EXPLODE.","WS top down view onto reactor building #2. It explodes. ""camera"" engulfed in smoke",
CTD_AI_FDN_Reactor3Explosion01,101,Fukushima Nuclear Disaster,FDN,Sent to Cream,SM,,,,10,"TWO DAYS LATER, ANOTHER EXPLOSION DESTROYS THE TOP OF BUILDING THREE.","WS: Variety of POV from on ground outside reactor #3. It explodes, debris flying around. Ground is shaking, vehicles shake. ""Camera"" then engulfed in smoke",
CTD_AI_FDN_Reactor4Explosion01,101,Fukushima Nuclear Disaster,FDN,First request,SM,,,,0,"VO: AND THE NEXT DAY, BUILDINGS TWO AND FOUR EXPLODE.","WS: Variety of POV from on ground outside reactor #4. It explodes, debris flying around. Ground is shaking, vehicles shake. ""Camera"" then engulfed in smoke",
CTD_AI_FDN_RunningOut01,101,Fukushima Nuclear Disaster,FDN,Sent to Cream,SM,,,,13,"EXPERT: At 7:30 PM, they finally used all the cooling water. It's gone. The fuel rods start to heat up and reach temperatures over 5,000 degrees Fahrenheit.",See reference: ⏎ WS: Nightime at power plant. Only lights are headlamps from firefighters and lights of fire engines. Firefighters use hose to spray water onto reactor 1,
CTD_AI_FDN_RunningOut02,101,Fukushima Nuclear Disaster,FDN,Sent to Cream,SM,,,,12,"EXPERT: At 7:30 PM, they finally used all the cooling water. It's gone. The fuel rods start to heat up and reach temperatures over 5,000 degrees Fahrenheit.","See reference: ⏎ CU: Nightime at power plant. Only lights are headlamps from firefighters and lights of fire engines. CU of point of hose, water stops shooting out, slows to a trickle, stops",
CTD_AI_FDN_RunningOut03,101,Fukushima Nuclear Disaster,FDN,Sent to Cream,SM,,,,6,"EXPERT: At 7:30 PM, they finally used all the cooling water. It's gone. The fuel rods start to heat up and reach temperatures over 5,000 degrees Fahrenheit.","See reference: ⏎ MS: Nightime at power plant. Only lights are headlamps from firefighters and lights of fire engines. MS of firefighter holding hose spraying water, slows to trickle, stops",
CTD_AI_FDN_SafetyGear01,101,Fukushima Nuclear Disaster,FDN,Sent to Cream,WS,,,,9,"EXPERT: The engineers, who are working in the control room between the reactor buildings, see worrisome spikes in radiation. They start pulling out their safety gear, like masks and radiation suits.","MS/CU: POV worker, pulling out masks and radiation suits from a locker",
CTD_AI_FDN_SafetyGear02,101,Fukushima Nuclear Disaster,FDN,Sent to Cream,WS,,,,43,"EXPERT: The engineers, who are working in the control room between the reactor buildings, see worrisome spikes in radiation. They start pulling out their safety gear, like masks and radiation suits.","WS: Workers in room, all putting on safety gear",
CTD_AI_FDN_SafetyGear03,101,Fukushima Nuclear Disaster,FDN,Sent to Cream,WS,,,,3,"EXPERT: The engineers, who are working in the control room between the reactor buildings, see worrisome spikes in radiation. They start pulling out their safety gear, like masks and radiation suits.",CU: Worker zipping up radiation suit,
CTD_AI_FDN_SafetyGear04,101,Fukushima Nuclear Disaster,FDN,Sent to Cream,WS,,,,12,"EXPERT: The engineers, who are working in the control room between the reactor buildings, see worrisome spikes in radiation. They start pulling out their safety gear, like masks and radiation suits.","CU: POV worker as he/she pulls masks over their head, then POV through the visor of the mask of others doing the same",
CTD_AI_FDN_SuckedIntoOcean01,101,Fukushima Nuclear Disaster,FDN,Cancelled,SM,,,,0,EXPERT: There’s one story from a head engineer who claims he saw entire buildings and 5000-ton fuel tanks just get sucked out into the ocean.,"WS: Water receding between Fukushima plant buildings (after wave has hit and pulling back into ocean), ripping up structures and fuel tanks",
CTD_AI_FDN_SuckedIntoOcean02,101,Fukushima Nuclear Disaster,FDN,Sent to Cream,SM,,,,0,EXPERT: There’s one story from a head engineer who claims he saw entire buildings and 5000-ton fuel tanks just get sucked out into the ocean.,"CU: POV as if standing in that receding water, tanks, structures, moving byx",
CTD_AI_FDN_TankDump01,101,Fukushima Nuclear Disaster,FDN,Sent to Cream,SM,,,,2,"EXPERT: Despite great public uproar, the Japanese government allows the tank water to periodically be dumped into the ocean.","MS: tanker truck backing up on dock (we don't have archival available for this, so there's no reference)",
CTD_AI_FDN_TankDump02,101,Fukushima Nuclear Disaster,FDN,Sent to Cream,WS,,,,8,"EXPERT: Despite great public uproar, the Japanese government allows the tank water to periodically be dumped into the ocean.",CU: Hands moving level on tanker truck (no archival reference available),
CTD_AI_FDN_TankDump03,101,Fukushima Nuclear Disaster,FDN,Sent to Cream,SM,,,,6,"EXPERT: Despite great public uproar, the Japanese government allows the tank water to periodically be dumped into the ocean.",CU: Water gushing from tanker truck into ocean below - perhaps top down perspective? (no archival reference available),
CTD_AI_FDN_TeamsEnterBuilding01,101,Fukushima Nuclear Disaster,FDN,Sent to Cream,WS,,,,4,"EXPERT: Multiple teams enter throughout the morning. It’s dark, it’s brutally hot, and they’re in their radiation suits. The place is a total disaster zone.","WS: POV of worker through visor of radiation suit as they enter the plant with flashlights. Wading through ankle deep water, various sections of interior of flooded plant come into view as beam of flashlight hits them (see reference doc for archival samples)",
CTD_AI_FDN_TeamsEnterBuilding02,101,Fukushima Nuclear Disaster,FDN,Sent to Cream,WS,,,,25,"EXPERT: Multiple teams enter throughout the morning. It’s dark, it’s brutally hot, and they’re in their radiation suits. The place is a total disaster zone.","CU: Feet in radiation suit boots wading through ankle deep water, beam of flashlights striking interior parts of plant visible in bg",
CTD_AI_FDN_TeamsEnterBuilding03,101,Fukushima Nuclear Disaster,FDN,Sent to Cream,WS,,,,30,"EXPERT: Multiple teams enter throughout the morning. It’s dark, it’s brutally hot, and they’re in their radiation suits. The place is a total disaster zone.",CU: Hands in radiation suit gloves turn big industrial wheel inside plant (what big wheel is attached to can be generic),
CTD_AI_FDN_WaveComingIn01,101,Fukushima Nuclear Disaster,FDN,Sent to Cream,SM,,,,9,"VO: FUKUSHIMA SURVIVES THE EARTHQUAKE, BUT THINGS ARE ABOUT TO GET WORSE.","WS: Tsunami wave approaching shore of Fukushima nuclear power plant. Looking at wave from the side would be great, moving with it as it approaches the shore, power plant visible in distance - doesn't need to crash. That moment has already been requested. We just need to have that anticipatory moment of it rolling in.",
CTD_AI_FDN_WaveSmash01,101,Fukushima Nuclear Disaster,FDN,Sent to Cream,SM,,,,13,"EXPERT: About 50 minutes after the quake, Fukushima gets hit by a monster of a wave. Scientists estimate it’s 40-50 feet high. When it hits, it looks and sounds like a bomb going off.","WS: Tsunami wave smashing into Fukushima power plant (don't replicate perspective from news footage - see reference document) Would suggest vantage points such as: top down view of wave hitting, close to ground, close to plant",
CTD_AI_FDN_WaveSmash02,101,Fukushima Nuclear Disaster,FDN,Sent to Cream,WS,,,,14,"EXPERT: About 50 minutes after the quake, Fukushima gets hit by a monster of a wave. Scientists estimate it’s 40-50 feet high. When it hits, it looks and sounds like a bomb going off.","WS: Tsunami wave smashing into Fukushima power plant (don't replicate perspective from news footage - see reference document) Would suggest vantage points such as: top down view of wave hitting, close to ground, close to plant",
CTD_AI_FDN_WorkersGather01,101,Fukushima Nuclear Disaster,FDN,Sent to Cream,SM,,,,0,"EXPERT: Plant manager Masao Yoshida gathers the workers, about 250 of them and says, We can't do anymore. We're going to evacuate you for your own safety.","Inside meeting hall at Fukushima (no reference available - would be great if it had similar industrial vibe as rest of Fukushima interiors. We don't need to see much of it.) Space dimly lit by indeterminate lightsource ⏎ Group of 250 workers in white radiation suits, wearing masks, face in direction of foreman also in white suit, who's addressing them. ⏎ Ideally, perspective is: CU PAN along back of heads of workers, foreman in front out of focus",
CTD_AI_FDN_WorkersGather02,101,Fukushima Nuclear Disaster,FDN,Sent to Cream,SM,,,,7,"EXPERT: Plant manager Masao Yoshida gathers the workers, about 250 of them and says, We can't do anymore. We're going to evacuate you for your own safety.","Inside meeting hall at Fukushima (no reference available - would be great if it had similar industrial vibe as rest of Fukushima interiors. We don't need to see much of it.) Space dimly lit by indeterminate lightsource ⏎ Group of 250 workers in white radiation suits, wearing masks, face in direction of foreman also in white suit, who's addressing them. ⏎ CU: Panning along row of workers from side, back to front. First workers in focus, others further back out of focus. Foreman in front out of focus",
CTD_AI_HIN_ApproachingNYC01,101,Hindenburg,HIN,Sent to Cream,,,,,2,"In its first season, the Hindenburg flies more than a thousand passengers across the Atlantic. It's a great success","POV from passenger cabin of Hindenburg, approaching the US coast and NYC. No need to see people in cabin, just their POV would be great (see reference pic on right (pic shows German landscape, just fyi)) as the US coast emerges far below between clouds. Would be awesome to have 1936 NYC emerge, maybe even the statue of liberty and/or recognizable Manhattan.",
CTD_AI_HIN_ApproachingNYC02,101,Hindenburg,HIN,Sent to Cream,,,,,2,"landing at the US Naval Air Station in Lakehurst, New Jersey.","POV from passenger cabin of Hindenburg, approaching the Lakehurst NJ naval base on a sunny day. No need to see people in cabin, just their POV would be great (see reference pic on right (pic shows German landscape, just fyi) Some clouds to pass through would be great for a more cinematic effect",
CTD_AI_HIN_BracingWire01,101,Hindenburg,HIN,Sent to Cream,,,,,2,"EXPERT: Others claim that taking that erratic “S” turn at the end of its approach caused a bracing wire inside the airship to snap, ripping open one of the helium pouches and maybe causing a spark.",CU bracing wire inside Hindenburg snaps,
CTD_AI_HIN_BracingWire02,101,Hindenburg,HIN,Sent to Cream,,,,,2,"EXPERT: Others claim that taking that erratic “S” turn at the end of its approach caused a bracing wire inside the airship to snap, ripping open one of the helium pouches and maybe causing a spark.",CU hydrogen/helium pouch rips,
CTD_AI_HIN_CaptainPOV,101,Hindenburg,HIN,Sent to Cream,,,,,29,"# VO: ⏎ # THEN, AT 7:25 PM, DISASTER STRIKES.","Int cockpit Hindenburg. Over shoulder of captain - he's barely visible at edge of frame, if at all. DEFINITELY NO FACE visible. His POV as Hindenburg comes in to land. Airship is about 300-400 feet in air, ground is visible, ground crews pulling on ropes. Zeppelin above captain bursts into flames, Hindenburg descends. (This is basically the moment you guys made a style frame for)",
CTD_AI_HIN_CottonSkin,101,Hindenburg,HIN,Sent to Cream,,,,,1,EXPERT: Other scientists believe the spark actually first ignited the flammable paint that was used to coat the Hindenburg. And maybe it wouldn’t have started burning if not for that.,CU spark igniting cotton skin,
CTD_AI_HIN_Enlarging,101,Hindenburg,HIN,Sent to Cream,,,,,2,"EXPERT: That first season, they fly more than a thousand passengers, and the Hindenburg is a huge success. In fact, when the company halts service and grounds it for winter maintenance, they reconfigure it to hold more paying","Int zeppelin construction facility in Friedrichshafen. CUs and MS working on passenger area of airship, enlarging it",
CTD_AI_HIN_FlyingOcean01,101,Hindenburg,HIN,Sent to Cream,,,,,4,"On May 6th, 1936, the Hindenburg begins regular transatlantic trips between Europe and North America","WS - POV from surface of water, looking up, Hindenburg flying over ocean, no land in sight. Would be great to have some dramatic cumulus clouds and have the Hindenburg fly through, slowly and majestically (clouds don't need to be dark). Would be great if light was interesting, like a rosy dusk.",
CTD_AI_HIN_FlyingOcean02,101,Hindenburg,HIN,Sent to Cream,,,,,4,"On May 6th, 1936, the Hindenburg begins regular transatlantic trips between Europe and North America","CU of Hindenburg flying through cumulus clouds. POV further up in sky than CTD_AI_HIN_FlyingOcean01, same height as Hindenburg's altitude. Light should match the WS CTD_AI_HIN_FlyingOcean01. Would be great to see just clouds and then have the Hindenburg emerge and fly right by the ""camera"" - no land in sight, just ocean if need be",
CTD_AI_HIN_GEN,101,Hindenburg,HIN,Not started,,,,,0,,,
CTD_AI_HIN_GassingUp,101,Hindenburg,HIN,Sent to Cream,,,,,22,"EXPERT: People know this is dangerous. Even the head of the company that built the Hindenburg, Hugo Eckener, has his concerns. But all German airships are filled with hydrogen. The government thinks it’s safe, as long as you know what you’re doing.",MS and CU of Hindenburg being inflated with hydrogen,
CTD_AI_HIN_HinConstruction,101,Hindenburg,HIN,Sent to Cream,,,,,13,"EXPERT: The Hindenburg is a zeppelin airship built in Friedrichshafen, Germany, between 1931 and 1935. And it’s monstrous.",Int zeppelin construction facility Friedrichshafen - variety of CUs and MS of zeppelin being constructed,
CTD_AI_HIN_MooringTower,101,Hindenburg,HIN,Sent to Cream,,,,,7,"EXPERT: At the mooring tower, the wind suddenly changes direction. So Pruss decides to perform a tight “S” turn to get the nose lined up properly.","POV from inside Hindenburg, approaching mooring tower, don't need to see people inside cabin",
CTD_AI_HIN_Spark,101,Hindenburg,HIN,Sent to Cream,,,,,1,EXPERT: There’s a bright flash from the rear of the ship as fire erupts near the tail and starts to consume the Hindenburg.,CU spark at tail of Hindenburg,
CTD_AI_HIN_StaticElectricity01,101,Hindenburg,HIN,Sent to Cream,,,,,2,EXPERT: There’s a theory that dropping the mooring lines caused a static electricity spark to ignite the helium.,CU static traveling along thrown down landing ropes,
CTD_AI_HIN_StaticElectricity02,101,Hindenburg,HIN,Sent to Cream,,,,,2,EXPERT: There’s a theory that dropping the mooring lines caused a static electricity spark to ignite the helium.,CU static from ropes igniting a spark,
CTD_AI_HIN_StormClouds,101,Hindenburg,HIN,Sent to Cream,,,,,17,"EXPERT: At the landing site in Lakehurst, New Jersey, Navy commander Charles Rosendahl checks the weather report, and he does not like what he’s seeing.","Int, naval base New Jersey, 1937, POV looking out window. CU - not much of space needs to be visible at all (no particular preference what the space looks like, just needs to be believable). Stormclouds and some lightning in distance",
CTD_AI_HIN_ThrowingRopes,101,Hindenburg,HIN,Sent to Cream,,,,,13,"EXPERT: On final approach, the captain has the forward landing ropes dropped to the ground crew so they can start pulling the Hindenburg in.","POV inside Hindenburg, throwing ropes to the ground, preparing for landing. Don't need to see people inside cabin.",
CTD_AI_HIN_WeatherReport,101,Hindenburg,HIN,Sent to Cream,,,,,1,"EXPERT: At the landing site in Lakehurst, New Jersey, Navy commander Charles Rosendahl checks the weather report, and he does not like what he’s seeing.","Int, POV looking down on desk, hands shuffling papers, landing on weather report for May 6, Lakehurst New Jersey. Storms in area. Weather report needs to be up for long enough so it's legible.",
CTD_AI_MSH_BulgeForming,101,Mount St. Helens Eruption,MSH,Sent to Cream,,,,,5,Seismologists are shocked to learn that the bulge is growing at a rate of about five feet a day. That is fast and it can't be good.,"WS, Mount St Helens, day. Some ash/steam coming out at top. Same POV as reference pic on right (bulge is circled). Shot should start with mountain having no bulge, then bulge is growing - like a timelapse. No humans or devices in shot. Ideally, this shot is more than 5 seconds long, so the bulge doesn't grow too quickly.",
CTD_AI_MSH_BulgeSlide01,101,Mount St. Helens Eruption,MSH,Sent to Cream,WS,,,,22,"EXPERT: That bulge was actually covering a massive pocket of hot magma and gas. And once it slides away, it’s kind of like opening a shaken can of soda …sideways.","For reference of location and what ground looks like see: ⏎ CTD_ARCH_SBG_MSH_KATU_MSH_6pm ⏎ 36:15 aerial, cracks starting on form on top of mountain ⏎ 1) POV CU sliding/creeping closely across ground on mountainside. Passing by rocks, snow and ash. Steam rising in distance",
CTD_AI_MSH_BulgeSlide02,101,Mount St. Helens Eruption,MSH,Sent to Cream,WS,,,,15,"EXPERT: That bulge was actually covering a massive pocket of hot magma and gas. And once it slides away, it’s kind of like opening a shaken can of soda …sideways.","2) ECU crack openly in ground - give it a bit of a direction, like starting in top left frame and proceed to bottom right (or something like that)",
CTD_AI_MSH_BulgeSlide03,101,Mount St. Helens Eruption,MSH,Sent to Cream,WS,,,,3,"EXPERT: That bulge was actually covering a massive pocket of hot magma and gas. And once it slides away, it’s kind of like opening a shaken can of soda …sideways.","3) CU or MS cracks multiplying across mountain side, steam rising out of cracks - possibly change perspective top down (consider it, might look better creeping along ground)",
CTD_AI_MSH_BulgeSlide04,101,Mount St. Helens Eruption,MSH,Sent to Cream,SM,,,,25,"EXPERT: That bulge was actually covering a massive pocket of hot magma and gas. And once it slides away, it’s kind of like opening a shaken can of soda …sideways.","4) MS ground opening, revealing orange glow deep down, more steam rising past ""lens"", ground starts sliding",
CTD_AI_MSH_DJCampDestruction01,101,Mount St. Helens Eruption,MSH,Sent to Cream,SM,,,,3,EXPERT: It’s the last thing anyone ever hears from him before this giant fast-moving wall of fiery rock and ash takes out his camp.,"See CTD_ARCH_USGS_MSH_1980 3:56-4:05 and 4:32-4:34 for potentially preceding archival shots ⏎ This shot is the next moment after David radios his colleague (""ScorchingDebris""). While in the previous shots there was some hot ash and debris, he'll now be totally engulfed in it. ⏎ 1) WS aerial, POV straight down, moving to right from mountain over valley, POV totally immersed in ash, debris flying by, some out of focus (oof) in fg. David Johnston's camp comes into view, perched on ridge, barely visible through flying ash/pyroclastic flow",
CTD_AI_MSH_DJCampDestruction02,101,Mount St. Helens Eruption,MSH,Sent to Cream,SM,,,,11,EXPERT: It’s the last thing anyone ever hears from him before this giant fast-moving wall of fiery rock and ash takes out his camp.,"2) POV pyroclastic flow hurtling at David's camp, get a sense of high speed the hot gas and ash is going across valley and towards the ridge David is on",
CTD_AI_MSH_DJCampDestruction03,101,Mount St. Helens Eruption,MSH,Sent to Cream,SM,,,,0,EXPERT: It’s the last thing anyone ever hears from him before this giant fast-moving wall of fiery rock and ash takes out his camp.,"3) POV CU David, thick, dark, pyroclastic flow coming at him, he's raising his hands trying to shield himself",
CTD_AI_MSH_DJCampDestruction04,101,Mount St. Helens Eruption,MSH,Sent to Cream,SM,,,,1,EXPERT: It’s the last thing anyone ever hears from him before this giant fast-moving wall of fiery rock and ash takes out his camp.,4) CU monitoring device (see ref doc) topples over in onslaught of ashw,
CTD_AI_MSH_DJCampDestruction05,101,Mount St. Helens Eruption,MSH,Sent to Cream,SM,,,,8,EXPERT: It’s the last thing anyone ever hears from him before this giant fast-moving wall of fiery rock and ash takes out his camp.,"5) POV CU David falling to ground, trying to crawl away, succumbs to pyroclastic flows",
CTD_AI_MSH_GEN,101,Mount St. Helens Eruption,MSH,Sent to Cream,,,,,10,,,
CTD_AI_MSH_LodgeWipedOut01,101,Mount St. Helens Eruption,MSH,Sent to Cream,SM,,,,25,"EXPERT: Harry Truman, whose lodge is just north of the mountain, is basically a sitting duck. In the blink of an eye, Harry, his home, and all the surrounding forest are wiped from the face of the earth.","1) POV dark, menacing pyroclastic flow flowing down mountainside and into forest. Feels like we're right in the middle of the flow itself, trees coming at us, Spirit Lake and Harry's lodge come into view, barely visible through the debris (see ref doc)",
CTD_AI_MSH_LodgeWipedOut02,101,Mount St. Helens Eruption,MSH,Sent to Cream,SM,,,,6,"EXPERT: Harry Truman, whose lodge is just north of the mountain, is basically a sitting duck. In the blink of an eye, Harry, his home, and all the surrounding forest are wiped from the face of the earth.","2)POV Harry, CU his feet in slippers walking to door, two cats slinking around his legs",
CTD_AI_MSH_LodgeWipedOut03,101,Mount St. Helens Eruption,MSH,Sent to Cream,SM,,,,34,"EXPERT: Harry Truman, whose lodge is just north of the mountain, is basically a sitting duck. In the blink of an eye, Harry, his home, and all the surrounding forest are wiped from the face of the earth.","3) POV Harry, opens front door, pyroclastic flow, dark, hurtling debris approaches over Spirit Lake, racing towards him, single pieces of ash in fg oof, then flow overwhelms him",
CTD_AI_MSH_ResearchStationPOV,101,Mount St. Helens Eruption,MSH,Sent to Cream,,,,,12,VO: ⏎ VOLCANOLOGIST DAVID JOHNSTON TAKES HIS POST AT THE RESEARCH STATION. ⏎ ON MARCH 27TH HE HAS A FRONT ROW SEAT AS THE MOUNTAIN ERUPTS.,"WS of the mountain, POV from research station, same as CTD_AI_MSH_Pyroclasticflowwide_20260427_1b.mov BUT in early stages of eruption (see reference pic - disregard the lake though, just choose same forground as CTD_AI_MSH_Pyroclasticflowwide_20260427_1b ). I.e. whole mountain needs to be visible (no bulge yet and less snow than in ref pic), and some smoke/steam coming out of top (see reference aerial for amount of smoke)",
CTD_AI_MSH_ScorchingDebris01,101,Mount St. Helens Eruption,MSH,Sent to Cream,SM,,,,13,"EXPERT: Johnston, who’s at the research station, is right in the blast zone. And when he sees this mass of scorching debris heading right for him, he radios an alert to his colleagues at a USGS base about 50 miles away.","See CTD_ARCH_Getty_MSH_2246543046 00:26-00:34 for potentially preceding archival shot (also consider for style of visual) ⏎ 1) WS POV David Johnston at his camp (see ref doc): Mount Helens spewing ash and debris. Mountain partially obscured by ash cloud moving towards him. Camera moving backwards, debris/ash in CU coming right at camera, some out of focus. Camera moving backwards reveals CU David (can be visible only in parts, so it doesn't feel hoaky, striped sweater, see ref doc) looking through monitoring instrument (see ref doc).",
CTD_AI_MSH_ScorchingDebris02,101,Mount St. Helens Eruption,MSH,Sent to Cream,SM,,,,5,"EXPERT: Johnston, who’s at the research station, is right in the blast zone. And when he sees this mass of scorching debris heading right for him, he radios an alert to his colleagues at a USGS base about 50 miles away.","2) CU David's hand grabbing VHF field radio from lawnchair (see ref doc). Track shot radio, hand presses button.",
CTD_AI_MSH_ScorchingDebris03,101,Mount St. Helens Eruption,MSH,Sent to Cream,SM,,,,18,"EXPERT: Johnston, who’s at the research station, is right in the blast zone. And when he sees this mass of scorching debris heading right for him, he radios an alert to his colleagues at a USGS base about 50 miles away.",3) CU David back of head holding VHF to face while debris and ash keeps flying by. His hair and sweater (see ref doc) blow in wind,
CTD_AI_SNF_BanksBurn,101,San Francisco Earthquake,SNF,Not started,,,,,0,"EXPERT: All 50 banks burn down. This is the real gut-punch to the city as firefighters, the military, and government totally lose control.",,
CTD_AI_SNF_Blasting,101,San Francisco Earthquake,SNF,Not started,,,,,0,"EXPERT: The blasting doesn’t actually do much good initially. If anything, the loud explosions just terrify the citizens even more than they already are.",,
CTD_AI_SNF_GEN,101,San Francisco Earthquake,SNF,Not started,,,,,0,,,
CTD_AI_SNF_SmokeAndFire,101,San Francisco Earthquake,SNF,Not started,,,,,0,"EXPERT: Within minutes of the earthquake, large black plumes of smoke start appearing all over the city. Gas lines have ruptured and fires are popping up everywhere.",,
CTD_AI_TXC_Baseball01,101,Texas City Disaster,TXC,Sent to Cream,,,,,5,"EXPERT: Even from that great distance, Bob and his friends not only see the blast, they’re actually knocked down by the shockwave.","Ext POV from baseball diamond. WS and MS (a few different options of each) Kids playing - can be casual, wearing uniforms or not, whatever is easier. No big spectator crowds. Avoid faces. Explosion in distance, Black smoke billowing over buildings. ⏎ Same shot or next shot if AI has trouble: Kids knocked to ground by shockwave",
CTD_AI_TXC_Baseball02,101,Texas City Disaster,TXC,Sent to Cream,,,,,7,"EXPERT: Even from that great distance, Bob and his friends not only see the blast, they’re actually knocked down by the shockwave.","Ext POV from baseball diamond. Kids playing - can be casual, wearing uniforms or not, whatever is easier. No big spectator crowds. Avoid faces. ⏎ POV of explosion of ""camera"" getting knocked to the ground, continues ""filming""",
CTD_AI_TXC_BlowPortWindows,101,Texas City Disaster,TXC,Sent to Cream,,,,,13,"EXPERT: In a matter of minutes, the pressure blows the hatches open. And this thick plume of orange smoke erupts into the sky.",Ext ship. WS and CU: port windows blow out and orange smoke billows out. Would be great to get CUs of a number of different port windows,
CTD_AI_TXC_BurningInShip01,101,Texas City Disaster,TXC,Sent to Cream,,,,,6,"EXPERT: They don’t know what started it. Could be the chemicals are stored improperly. Could be a careless cigarette. But they’ve stacked these bags of fertilizer like Lego blocks, one on top of the other. And they realize that, about eight layers down…one of the bags is on fire.","WS/MS: Cargo hold, dimly lit. Workers moving bags around, removing layer by layer, looking for burning bag - preferably don't show faces - feel free to choose perspectives that cut workers off at shoulders",
CTD_AI_TXC_BurningInShip02,101,Texas City Disaster,TXC,Sent to Cream,,,,,2,"EXPERT: They don’t know what started it. Could be the chemicals are stored improperly. Could be a careless cigarette. But they’ve stacked these bags of fertilizer like Lego blocks, one on top of the other. And they realize that, about eight layers down…one of the bags is on fire.","CU/POV worker, removing bags from orderly stack, removing layer by layer, looking for burning bag",
CTD_AI_TXC_BurningInShip03,101,Texas City Disaster,TXC,Sent to Cream,,,,,7,"EXPERT: They don’t know what started it. Could be the chemicals are stored improperly. Could be a careless cigarette. But they’ve stacked these bags of fertilizer like Lego blocks, one on top of the other. And they realize that, about eight layers down…one of the bags is on fire.","CU/ideally POV worker, finding burning bag - please make sure ""burning"" of ammonium nitrate is accurate. I don't think it's an open flame (?), more like a red hot smoulder",
CTD_AI_TXC_CargoHoldFertilizer01,101,Texas City Disaster,TXC,Sent to Cream,,,,,5,"EXPERT: In the cargo hold area, the workers notice that the 100-pound bags of fertilizer are warm to the touch. When ammonium nitrate is stored improperly, it can heat up and start giving off flammable gas.","WS: Cargo hold, dimly lit. Workers arrange 100-pound bags of fertilizer like lego bricks - preferably don't show faces - feel free to choose perspectives that cut workers off at shoulders",
CTD_AI_TXC_CargoHoldFertilizer02,101,Texas City Disaster,TXC,Sent to Cream,,,,,1,"EXPERT: In the cargo hold area, the workers notice that the 100-pound bags of fertilizer are warm to the touch. When ammonium nitrate is stored improperly, it can heat up and start giving off flammable gas.","CU: Ideally POV worker touching bag, to check temperature. He touches a few bags in different spots, as if to make certain of what he's feeling",
CTD_AI_TXC_ClosingHatches,101,Texas City Disaster,TXC,Sent to Cream,,,,,8,"EXPERT: Instead of using water, the captain thinks they can put out the fire by starving it of oxygen. He orders the crew to seal all the hatches and cover them with tarps. He then has all the ventilators closed and turns on the ship’s steam system.","Interior ship, cargo hold, dimly lit. Various CUs of workers closing a number of hatches with tarps. Would be great if there were various hatches in slightly different locations so it looks like we're putting tarps on a few, not just one",
CTD_AI_TXC_Explosion01,101,Texas City Disaster,TXC,Sent to Cream,,,,,18,"# **VO:** ⏎ **AT 9:12 AM…. THE FERTILIZER ON BOARD THE GRANDCAMP EXPLODES, DESTROYING THE SHIP AND EVERYTHING NEAR IT. **","Ext ship, WS and CU (CU important) - SS Grand Camp explodes. Make CU immersive feeling. Pieces of ship, smoke going right by camera",
CTD_AI_TXC_FightingFire01,101,Texas City Disaster,TXC,Sent to Cream,,,,,3,"EXPERT: Workers try dowsing it with jugs of water and fire extinguishers, hoping it’ll trickle down to the fire. Unfortunately, that doesn’t work. They even lower a hose down into the ship, but they’re stopped by the captain.","CU, interior cargo hold, dimly lit. Tracking shot of bucket of water being passed from worker to worker in a line",
CTD_AI_TXC_FightingFire02,101,Texas City Disaster,TXC,Sent to Cream,,,,,13,"EXPERT: Workers try dowsing it with jugs of water and fire extinguishers, hoping it’ll trickle down to the fire. Unfortunately, that doesn’t work. They even lower a hose down into the ship, but they’re stopped by the captain.","CU, interior cargo hold, dimly lit. Worker dumping water on burning bag. ""Camera"" very close to water, possibly even POV of getting water dumped on.",
CTD_AI_TXC_FightingFire03,101,Texas City Disaster,TXC,Sent to Cream,,,,,12,"EXPERT: Workers try dowsing it with jugs of water and fire extinguishers, hoping it’ll trickle down to the fire. Unfortunately, that doesn’t work. They even lower a hose down into the ship, but they’re stopped by the captain.","Ext ship, CU workers dragging firehose. ⏎ Int ship, CU workers dragging firehose, dousing bags",
CTD_AI_TXC_GEN,101,Texas City Disaster,TXC,Sent to Cream,,,,,10,,,
CTD_AI_TXC_Houston,101,Texas City Disaster,TXC,PAUSE,,,,,1,"# **VO:** ⏎ # **THE EXPLOSION IS SO POWERFUL, IT SHATTERS WINDOWS IN HOUSTON, 40 MILES AWAY.**",CU window. Interior 1947 residential building. Windowpane cracks,
CTD_AI_TXC_PressureBuilds,101,Texas City Disaster,TXC,Sent to Cream,,,,,9,"EXPERT: The captain orders the men to do exactly the wrong thing. Ammonium nitrate doesn’t need oxygen to burn and heat makes if more unstable. With the hatches and ventilators closed, pressure starts to build.","Interior cargo hold, dimly lit. CU of burning bags. Zoom in on them. (Please make sure depiction is accurate - I don't think it's an openly burning flame, more like a red hot smoulder",
CTD_AI_TXC_ViewingBlasts,101,Texas City Disaster,TXC,PAUSE,,,,,0,"THE EXPLOSION IS SO POWERFUL, IT SHATTERS WINDOWS IN HOUSTON, 40 MILES AWAY.",,
CTD_AI_TXC_Wave15ft01,101,Texas City Disaster,TXC,Sent to Cream,,,,,8,EXPERT: The port blast creates a 15-foot wave that rolls over surrounding docks and crashes into buildings.,"WS port, 15ft wave rolls over docks, crashes into buildings. See Fukushima wave crashing as an example. Including the ""Low Wave"" crashing right at ""camera""",
CTD_AI_TXC_Wave15ft02,101,Texas City Disaster,TXC,Sent to Cream,,,,,11,EXPERT: The port blast creates a 15-foot wave that rolls over surrounding docks and crashes into buildings.,"CU POV looking up at 15ft wave crashing on ""camera"" - - see CTD_AI_FDN_LowAngleTsunami_20260416_1a.mov for reference. Movement great. Obviously fg would have to be appropriate to 1947 Texas port",
CTD_TXC_FertilizerExplodes,101,Texas City Disaster,TXC,Sent to Cream,,,,,21,"VO: ⏎ THEN… AT 9:12 AM…. THE FERTILIZER ON BOARD THE GRANDCAMP EXPLODES, DESTROYING THE SHIP AND EVERYTHING NEAR IT.","Interior cargo hold, dimly lit. CU bags exploding. Make it feel immersive, smoke and wood and fire engulfs ""camera""",
CTD_AI_BMF_BadRivets,102,Boston Molasses Flood,BMF,Sent to Cream,,,,,7,The tank is problematic from the start. It's shoddily built in a hurry. They didn't consult engineers and there was no sort of oversight.,"CU/ECU: Day Boston Harbor in Jan 1919. Various CUs of various sections of tank, tracking along tank, showing shoddily riveted together steel plates. Loose rivets, rusty rivets, lines of rivets bend out of shape, bowed, deformed steel plates, missing rivets. Choose various perspectives, would be great if some showed city out of fg in bg. Some ECU rivets sticking out, loose. Shallow depth of field. ⏎ Re: ref pics on right. These show mostly show rusty rivet work. Please make deteriation stronger but not cartoonish. Needs to be realistic. E.g. some plates could be bent outward at edges. Rivets cou",
CTD_AI_BMF_BostonWarming01,102,Boston Molasses Flood,BMF,Sent to Cream,,,,,4,EXPERT: The temperatures in Boston start rising rapidly from two degrees Fahrenheit all the way to 41 degrees.,"ECU: Day Boston Harbor in Jan 1919: Sun is poking through fog/clouds. back of dock worker carrying bag over shoulder (doesn't need to specified what it is, can look like flour or something). Putting down bag, peeling off gloves, then picking bag back up. Follow and stay super close to that action, don't show his face. Have him walk out of frame. Tank in bg. Shallow depth of field.",
CTD_AI_BMF_BostonWarming02,102,Boston Molasses Flood,BMF,Sent to Cream,,,,,5,EXPERT: The temperatures in Boston start rising rapidly from two degrees Fahrenheit all the way to 41 degrees.,"CU: Day Boston Harbor in Jan 1919: Sun is poking through fog/clouds. POV of person standing near tank, look up at towering tank, pan along top of tank, sun is poking over rim of tank, sending sun flares into lens. Shallow depth of field.",
CTD_AI_BMF_GEN,102,Boston Molasses Flood,BMF,Sent to Cream,,,,,2,,,
CTD_AI_BMF_ImposingTank01,102,Boston Molasses Flood,BMF,Sent to Cream,,,,,8,"**VO:** ⏎ **BOSTON MASSACHUSETTS, 1915.** ⏎ **THE UNITED STATES INDUSTRIAL ALCOHOL COMPANY BUILDS A NEW ADDITION TO THE CITY’S WATERFRONT - A TOWERING STEEL TANK TO STORE AN ESSENTIAL RAW MATERIAL. **","MS: Day Boston Harbour in Jan 1919. (Light in all current BMF shots is lovely, stick with that moody, foggy vibe. If anything make it stronger and moodier, you can add more fog) ⏎ POV: Molasses tank from ground. Tank should be towering over POV. Choose dramatic reveal, like camera turns corner of building at dock and tank comes into view, huge, towering over the POV and nearby buildings. Ideally camera tilts up as tank is revealed. Shallow depth of field. ⏎ Make sure tank is depicted according to real size. ⏎ We need a variety of shots like this on a few occasions. See other requests ""ImposingTank""",
CTD_AI_BMF_ImposingTank02,102,Boston Molasses Flood,BMF,Sent to Cream,,,,,0,**VO:** ⏎ **THE TANK MEASURES 50 FEET TALL AND 90 FEET IN DIAMETER. IT CAN HOLD UP TO 2.5 MILLION GALLONS OF THE THICK BROWN LIQUID.**,"MS/CU: Day Boston Harbor in Jan 1919. (Light in all current BMF shots is lovely, stick with that moody, foggy vibe. If anything make it stronger and moodier, you can add more fog) ⏎ POV: Molasses tank from ground towering over the POV and buildings. Choose different position and camera movement than 01. Add some camera movement so it's not static. ⏎ Make sure tank is depicted according to real size ⏎ Location of tank: https://maps.app.goo.gl/g5J7GPmbfoJqohCeA",
CTD_AI_BMF_ImposingTank03,102,Boston Molasses Flood,BMF,Sent to Cream,,,,,2,**VO:** ⏎ **THE TANK MEASURES 50 FEET TALL AND 90 FEET IN DIAMETER. IT CAN HOLD UP TO 2.5 MILLION GALLONS OF THE THICK BROWN LIQUID.**,"CU: Day Boston Harbor in Jan 1919. (Light in all current BMF shots is lovely, stick with that moody, foggy vibe. If anything make it stronger and moodier, you can add more fog) ⏎ POV: CU shot tracking up molasses tank, city out of focus in bg. To underscore huge size. ⏎ Make sure tank is depicted according to real size ⏎ Location of tank: https://maps.app.goo.gl/g5J7GPmbfoJqohCeA",
CTD_AI_BMF_ImposingTank04,102,Boston Molasses Flood,BMF,Sent to Cream,,,,,7,EXPERT: USIA wants to turn this molasses into rum as quickly as possible before alcohol is banned.,"CU: Day Boston Harbor in Jan 1919. (Light in all current BMF shots is lovely, stick with that moody, foggy vibe. If anything make it stronger and moodier, you can add more fog. Use it to your advantage and feel free to obscure bgs in fog) ⏎ POV: Molasses tank from ground towering over the POV and buildings. Choose different position, reveal and camera movement than 01 and 02. Shallow depth of field. ⏎ Make sure tank is depicted according to real size ⏎ Location of tank: https://maps.app.goo.gl/g5J7GPmbfoJqohCeA",
CTD_AI_BMF_InsideTankFilled,102,Boston Molasses Flood,BMF,Sent to Cream,,,,,8,"EXPERT: A ship comes into port and delivers an entire new load of molasses fresh from the Caribbean and pumps it into the tank to the top, 2.3 million gallons.","ECU: Inside tank, near the top. First we see just the steel wall, then brown gooey level of molasses is coming into shot at bottom of frame. Like the level of the molasses is being pushed up as the tank is filled from below. Tank is closed so keep this moment dark. Light might come in through a small crack at top (out of frame). Shallow depth of field.",
CTD_AI_BMF_IsaacGrabsLadder,102,Boston Molasses Flood,BMF,Sent to Cream,,,,,11,"EXPERT: Isaac tries to run but the wave engulfs him and starts carrying him away. Fortunately, an onlooker sees Isaac and is able to reach out to him with a ladder. Many others aren’t as lucky.",CU: Day. End of wooden ladder with bottom two rungs in focus in foreground with molasses flood in background. Molasses covered hands holding on to bottom rung.,
CTD_AI_BMF_MolassesBubbles,102,Boston Molasses Flood,BMF,Sent to Cream,,,,,3,"EXPERT: The new shipment of molasses that came in is warm, and mixing it with the cold molasses that was in the tank, it's all starting to ferment.","CU/ECU: Inside tank. Surface of molasses (same space as InsideTankFilled). Surface of molasses bubbles gently - not like a jacuzzi, more like lazy bubbles - like a viscous soup barely simmering on very low heat. Shallow depth of field.",
CTD_AI_BMF_MolassesBubblesBig,102,Boston Molasses Flood,BMF,Sent to Cream,,,,,5,"EXPERT: One of the byproducts of fermentation is the production of carbon dioxide. With the tank full, it's producing loads of it, causing there to be more pressure inside it.","CU/ECU: Inside tank. Surface of molasses (same space as InsideTankFilled and MolassesBubbles). Surface of molasses bubbles a bit stronger now - still not like a jacuzzi, still more like a viscous soup simmering on very low heat, just a bit stronger than before. Shallow depth of field.",
CTD_AI_BMF_MolassesHitsStreet,102,Boston Molasses Flood,BMF,Sent to Cream,,,,,4,EXPERT: 2.3 million gallons of molasses burst out of the tank. And a 25-foot-high wall of the dark goo starts surging through the densely populated North End neighborhood.,MS: Day. POV looking out through 1919 era 2nd floor apartment window with curtains pulled back at north Boston street. Molasses flood appears in window traveling quickly from right to left completely obscuring view and breaking window. Extend shot.,
CTD_AI_BMF_MolassesPipe01,102,Boston Molasses Flood,BMF,Sent to Cream,,,,,1,"EXPERT: ⏎ A ship comes into port and delivers an entire new load of molasses fresh from the Caribbean and pumps it into the tank to the top, 2.3 million gallons.","ECU: Day Boston Harbor in Jan 1919: Gloved hands start turning wheel on pipe in port (suggesting flow of molasses starts from ship to tank). This is on the same dock the ship is moored on. Choose perspective where we don't see much environment at all, since we can't find photos of this pipe system. Generally speaking wheel and pipe can look similar to HIN hydrogen pump - just a much tighter shot. Shallow depth of field.",
CTD_AI_BMF_MolassesPipe02,102,Boston Molasses Flood,BMF,Sent to Cream,,,,,2,"EXPERT: ⏎ A ship comes into port and delivers an entire new load of molasses fresh from the Caribbean and pumps it into the tank to the top, 2.3 million gallons.","CU: Day Boston Harbor in Jan 1919: Tracking shot along pipe. Don't see anything besides pipe and dirty, wet cobblestone. Then turn corner, tilt up and reveal tank, pipe disappearing under tank. Tank and pipe underneath can be softened by fog. Shallow depth of field.",
CTD_AI_BMF_MolassesPumpedIn,102,Boston Molasses Flood,BMF,Sent to Cream,,,,,10,"EXPERT: On the morning of January 13th, the tank is partly full. A fresh molasses shipment arrives from the Caribbean and is pumped in from the harbor, filling it almost to the brim. The tank makes the familiar groaning sounds.",WS: Day. Boston Harbor in January 1919. Stern area and smokestack of molasses freighter in focus docked in foreground. Rack focus to reveal Boston molasses tank in background. See reference images of molasses freighter and tank.,
CTD_AI_BMF_MolassesTankLeaks,102,Boston Molasses Flood,BMF,Sent to Cream,,,,,9,"EXPERT: The tank leaks molasses from day one, and nearby residents report hearing it groan whenever it’s filled, which is a little disconcerting.",MS: Day. Ground level shot. Base of Boston molasses tank exterior in background. Narrow molasses stream rolling down wall of tank near centre of shot to ground then expanding out like lava slowly toward camera.,
CTD_AI_BMF_RivetsLoosen,102,Boston Molasses Flood,BMF,Sent to Cream,,,,,4,"**VO: ** ⏎ **AROUND 1PM, RIVETS ON THE RUMBLING TANK BURST, AND ITS MASSIVE STEEL STRUCTURE RUPTURES. **","CU/ECU: Day Boston Harbor in Jan 1919: Weather the same as RivetsRumble (i.e. a tiny bit sunnier now than beginning of story, but not all blue skies). CU/ECU of rivets burstin. Feel free to see a row of them bursting one by one. Choose various perspectives and various dynamic camera movements for 3-4 shots so we can cut fast between them before the tank bursts for real. Shallow depth of field.",
CTD_AI_BMF_RivetsRumble,102,Boston Molasses Flood,BMF,Sent to Cream,,,,,4,"EXPERT: By the morning of January 15th, that groaning sound at the tank has turned into a loud rumble that's impossible to ignore.","CU/ECU: Day Boston Harbor in Jan 1919: Weather a bit sunnier now, but don't go overboard. Keep it moody, sun poking through clouds, not all out blue skies. Various CUs (various differing perspectives, different camera movements) of rivets and steel plates. Some rivets shaking slightly, some seams vibrating slightly from pressure within tank. Keep it real, don't make shaking cartoonishly large. Shallow depth of field.",
CTD_AI_BMF_TankGroaning,102,Boston Molasses Flood,BMF,Sent to Cream,,,,,8,EXPERT: The giant steel colossus starts making these discomforting sounds as if it has indigestion.,ECU/CU: Day Boston Harbor in Jan 1919. 2-3 CUs of various sections of exterior of tank. Track along tank. A couple of different perspectives would be great. Tank should not visibly move yet. Shallow depth of field.,
CTD_AI_BMF_TankHarbour01,102,Boston Molasses Flood,BMF,Sent to Cream,,,,,1,"**VO:** ⏎ **BOSTON MASSACHUSETTS, 1915.** ⏎ **THE UNITED STATES INDUSTRIAL ALCOHOL COMPANY BUILDS A NEW ADDITION TO THE CITY’S WATERFRONT - A TOWERING STEEL TANK TO STORE AN ESSENTIAL RAW MATERIAL. **","WS: Day Boston Harbour in Jan 1919. (Light in all current BMF shots is lovely, stick with that moody, foggy vibe. If anything make it stronger and moodier, you can add more fog. Use fog to your advantage: obscure bg in fog, have bg disappear in fog) POV: Molasses tank seen from docks on opposite shore of Charles River (NOT an aerial, see location marker of tank below and reference pic on right (this pic just for reference of location, look of opposite shore, obviously tank is intact at this point). Tank sits behind one row of port buildings, not directly on water. Include ships going by in fg,",
CTD_AI_BMF_TankHarbour02,102,Boston Molasses Flood,BMF,Sent to Cream,,,,,2,"**VO:** ⏎ **BOSTON MASSACHUSETTS, 1915.** ⏎ **THE UNITED STATES INDUSTRIAL ALCOHOL COMPANY BUILDS A NEW ADDITION TO THE CITY’S WATERFRONT - A TOWERING STEEL TANK TO STORE AN ESSENTIAL RAW MATERIAL. **","WS: Day Boston Harbour in Jan 1919. (Light in all current BMF shots is lovely, stick with that moody, foggy vibe. If anything make it stronger and moodier, you can add more fog) POV: Molasses tank seen from docks on SAME shore of tank of Charles River (NOT an aerial, see location marker of tank below and reference pic on right (this pic just for reference of location, obviously tank is intact at this point). Tank sits behind one row of port buildings, not directly on water. Include ships at dockside in fg, out of focus, to suggest busy port. Tank towers over buildings, add some gentle camera m",
CTD_AI_BMF_TankNeighbourhood01,102,Boston Molasses Flood,BMF,Sent to Cream,,,,,3,It's in Boston's north end where molasses coming in from the Caribbean is stored and is then piped across to their distillery in Cambridge.,"WS: Day Boston Harbour in Jan 1919. POV onto tank from window of trolley going by tank. No passengers visible. See tank, neighbourhood and port beyond (see location of tracks in ref pic on right). Feel free to include people, horse carts in city below, silhouetted in fog",
CTD_AI_BMF_TankNeighbourhood02,102,Boston Molasses Flood,BMF,Sent to Cream,,,,,5,It's in Boston's north end where molasses coming in from the Caribbean is stored and is then piped across to their distillery in Cambridge.,"CU: Day Boston Harbour in Jan 1919. CU: street activity: Kids running by camera in ECU, out of focus (just parts of their bodies visible, NO FACES. Tank towering beyond. Ideally trolley going by in bg. Want to establish some neighbourhood life here. Feel free to include people walking, horse carts, vehicles in bg - silhouetted in fog. Shallow depth of field.",
CTD_AI_BMF_TankNeighbourhood03,102,Boston Molasses Flood,BMF,Sent to Cream,,,,,3,It's in Boston's north end where molasses coming in from the Caribbean is stored and is then piped across to their distillery in Cambridge.,"CU: Day Boston Harbour in Jan 1919. CU: Horse drawn carts loaded with bags (doesn't need to be anything specific) in fg, revealing tank in bg. Tank can be out of focus, soft in fog. Feel free to include people walking, horse carts, vehicles in bg - silhouetted in fog. Shallow depth of field.",
CTD_AI_BMF_TankRuptures,102,Boston Molasses Flood,BMF,Sent to Cream,,,,,27,"VO: ⏎ AROUND 1PM, RIVETS ON THE RUMBLING TANK BURST, AND THE MASSIVE TANK RUPTURES.",WS: Day. Low angle of molasses tank. Tank bursts open explosively creating a wide seam from top of tank to bottom. Towering waterfall of molasses bursts out of tank toward camera engulfing it. See reference image of tank,
CTD_AI_BMF_TorrentOfMolasses,102,Boston Molasses Flood,BMF,Sent to Cream,,,,,28,"EXPERT: The molasses is gushing at speeds of up to 35 miles per hour. It flattens buildings, engulfing people and horses, and basically obliterates everything in its path.","WS: Day. Aerial. Looking down on north Boston street in 1919 running Molasses flood enters frame traveling down street. Debris from shattered houses, horse and period automobiles floating on top of flood. Extend shot.",
CTD_AI_BMF_TrolleyComingAtIsaac,102,Boston Molasses Flood,BMF,Sent to Cream,,,,,13,"EXPERT: A local man named Isaac Yetton hears the tank burst and then turns to see one of the city’s electric railway cars surfing a wave of molasses, coming straight at him.",WS: Day. POV from middle of north Boston 1919 street as 25 foot wall of molasses flows directly at camera. Elevated rail car can be seen floating in molasses. See reference image for car.,
,102,Hurricane Katrina,HKA,Not started,,,,,10,,,
,102,Hurricane Katrina,HKA,Not started,,,,,10,,,
CTD_AI_HKA_9thWardFlood,102,Hurricane Katrina,HKA,Sent to Cream,,,,,3,"Paul Sutter: ⏎ Imagine a wall of water coming through the breach, mowing down house after house in the Ninth Ward like some sort of Hollywood disaster movie.","EXT. DAY. 9th Ward during Hurricane Katrina. High winds. Pouring rain. POV of someone standing in middle of 9th Ward street as 15 foot wall of water rushes toward them carrying debris like broken house debris, broken trees, compact car, lawn furniture, bicycle, and other debris. Wave submerges camera. Extend shot. ⏎ See CTD_AI_CHF_WuhanFlood_20260623_3a for example of frame and water action. ⏎ Employ soft field of focus where applicable. Please generate four variations of frame size and angle. Extend shot. Thanks!",
CTD_AI_HKA_CarThroughHouse,102,Hurricane Katrina,HKA,Sent to Cream,,,,,6,"Paul Sutter: ⏎ Imagine a wall of water coming through the breach, mowing down house after house in the Ninth Ward like some sort of Hollywood disaster movie.",EXT. DAY. 9th Ward during Hurricane Katrina. High winds. Pouring rain. MS Car parked in front of house. 20foot wall of water slams into car throwing it through the front of house. Wave follows knocking house down completely submerging it. ⏎ Employ soft field of focus where applicable. ⏎ Please generate four variations of frame size and angle. Extend shot. Thanks!,
CTD_AI_HKA_FloodComesThroughWindow,102,Hurricane Katrina,HKA,Sent to Cream,,,,,6,"Paul Sutter: ⏎ Imagine a wall of water coming through the breach, mowing down house after house in the Ninth Ward like some sort of Hollywood disaster movie.",Day. Interior. New Orleans 9th Ward house. ⏎ Zoom in to CU of front room window as wall of water crashes through and submerges camera. ⏎ Feel free to generate addition variations on angle and frame size. employ shallow depth of focus if applicable.,
CTD_AI_HKA_FloodDestroysHouses,102,Hurricane Katrina,HKA,Sent to Cream,,,,,10,"Paul Sutter: ⏎ Imagine a wall of water coming through the breach, mowing down house after house in the Ninth Ward like some sort of Hollywood disaster movie.","This shot is an extension of existing WS CTD_AI_HKA_LeveeBreaks_20260622_3a ⏎ EXT Ninth Ward Day during Hurricane Katrina. Ground level MS Ninth Ward house swept away by wall of floodwater. ⏎ Feel free to include additional shots with different angle, camera moves, and frame sizes. Or additional houses if time permits. ⏎ As always, employ shallow depth of focus where applicable.",
CTD_AI_HKA_FloodWatersRising,102,Hurricane Katrina,HKA,Sent to Cream,,,,,3,"Paul Sutter: ⏎ Imagine a wall of water coming through the breach, mowing down house after house in the Ninth Ward like some sort of Hollywood disaster movie.","EXT. DAY. 9th Ward during Hurricane Katrina. High winds. Pouring rain. ⏎ MS from camera as it bobs on top of flood waters as they rapidly rise to roof level of the neighbourhood houses. ⏎ As always, employ shallow depth of focus where applicable. ⏎ Extend shot",
CTD_AI_HKA_FloodwallsInstalled,102,Hurricane Katrina,HKA,Sent to Cream,,,,,4,EXPERT: The walls are made of concrete or steel and they’re anchored deep in the levee bank to stabilize them against the pressure from rising water.,WS: Day. Levee with floodwall seen from river side seen stretching into distance. See reference images,
CTD_AI_HKA_IndustriaCanalRisingWaters1,102,Hurricane Katrina,HKA,Sent to Cream,,,,,10,Karlene Chavis ⏎ So these strong winds start to push in that water and ⏎ It starts to fill the core of the city and the water levels are rising and rising. And New Orleans is like a boxer and Katrina just keeps delivering blow after blow and it's about to give the knockout punch.,EXT. DAY. Hurricane Katrina. CU Shot runs along water side of Industrial Canal floodwall protecting the 9th Ward. Pouring rain and hurricane force winds whipping water. Canal water should be dangerously high approaching the top of the floodwall. ⏎ *Feel free to include versions with different angles and shot sizes.,
CTD_AI_HKA_IndustriaCanalRisingWaters2,102,Hurricane Katrina,HKA,Sent to Cream,,,,,1,Karlene Chavis ⏎ So these strong winds start to push in that water and ⏎ It starts to fill the core of the city and the water levels are rising and rising. And New Orleans is like a boxer and Katrina just keeps delivering blow after blow and it's about to give the knockout punch.,"EXT. DAY. Hurricane Katrina. CU water surface level shot zooms directly in on a section of water side of Industrial Canal floodwall protecting the 9th Ward. Pouring rain and hurricane force winds whipping water. Canal water should be arriving at the top of the floodwall without topping it. 9th ward out of focus on other side of wall. Part way through shot, rack focus to reveal 9th ward on other side of wall. ⏎ *Use shallow depth of focus. Feel free to include versions with variations on angle and frame size.",
CTD_AI_HKA_IndustrialCanalFlyover,102,Hurricane Katrina,HKA,Sent to Cream,,,,,5,Karlene Chavis ⏎ So these strong winds start to push in that water and ⏎ It starts to fill the core of the city and the water levels are rising and rising. And New Orleans is like a boxer and Katrina just keeps delivering blow after blow and it's about to give the knockout punch.,EXT. DAY. Hurricane Katrina. WS. Shot swoops down through hurricane clouds to reveal New Orleans's Industrial Canal and follows along canal at a low altitude. Both banks with levees and Floodwalls on either side visible. Pouring rain and hurricane force winds whipping water. ⏎ *Feel free to include versions with different angles and shot sizes.,
CTD_AI_HKA_IndustrialCanalTopped1,102,Hurricane Katrina,HKA,Sent to Cream,,,,,2,"**VO:** ⏎ **JUST BEFORE 7AM, RISING WATER MAKES IT OVER THE FLOODWALLS ALONG BOTH SIDES OF THE CITY’S INDUSTRIAL CANAL. **",EXT. DAY. Hurricane Katrina. 9th Ward side of Industrial Canal floodwall. Pouring rain and hurricane force winds. ⏎ CU zoom in on section of floodwall as first waters begin to flow over it. Water should gradually increase in volume. ⏎ *Feel free to include versions with variations on angle and frame size.,
CTD_AI_HKA_IndustrialCanalTopped2,102,Hurricane Katrina,HKA,Sent to Cream,,,,,7,"**VO:** ⏎ **JUST BEFORE 7AM, RISING WATER MAKES IT OVER THE FLOODWALLS ALONG BOTH SIDES OF THE CITY’S INDUSTRIAL CANAL. **",XT. DAY. Hurricane Katrina. 9th Ward side of Industrial Canal floodwall. Pouring rain and hurricane force winds. ⏎ CU tracking shot along section of top of FLOODWALL as first waters begin to flow over it. Water should gradually increase in volume. ⏎ *Feel free to include versions with variations on angle and frame size.,
CTD_AI_HKA_LeveeBreaks,102,Hurricane Katrina,HKA,Sent to Cream,,,,,10,"EXPERT: After about an hour, there just isn’t enough soil left to support the floodwall. The immense pressure from the high water in the canal pushes the floodwalls over.","WS: Day. Gale force wind. Heavy rain falling. Flood water falling over New Orleans 9th Ward floodwall along most of floodwall and muddy water flowing downhill toward foreground of shot. Floodwall then collapses in direction of shot foreground. As wall falls, enormous amount of water behind it pours into shot, completely flooding foreground. Water level quickly rises. Extend shot. See attached reference photo.",
CTD_AI_HKA_WaterDemolishHouse,102,Hurricane Katrina,HKA,Sent to Cream,,,,,8,"Paul Sutter: ⏎ Imagine a wall of water coming through the breach, mowing down house after house in the Ninth Ward like some sort of Hollywood disaster movie.","EXT. DAY. 9th Ward during Hurricane Katrina. High winds. Pouring rain. ⏎ Ground level MS of wall of water smashing into front of house, breaking it apart and sweeping it away. ⏎ Please generate four variations of frame size and angle. Extend shot. Thanks!",
CTD_AI_HKA_WaterErodingLevee,102,Hurricane Katrina,HKA,Sent to Cream,,,,,9,"EXPERT: In some sections, the water starts cascading on to the land side of the levee banks. The power of it starts scouring out the weak soil and washing it away.",WS: Day. Gale force wind. Heavy rain falling. Flood water falls over New Orleans 9th Ward floodwall and breaks up levee grass and soil at base of wall. Muddy water flows downhill toward foreground of shot. Extend shot. See attached reference photo.,
CTD_AI_KAR_AncientKrakatoa,102,Krakatoa Eruption,KAR,Sent to Cream,,,,,3,EXPERT: Krakatoa is a volcanic island in the Sunda Strait. It’s the narrow body of water that separates the islands of Java and Sumatra.,WS: Day. Clear sky. Calm sea. Landscape shot of ancient island of Krakatoa. Lush jungle at base of mountain. See reference image for island shape.,
CTD_AI_KAR_AshBlocksSun,102,Krakatoa Eruption,KAR,Sent to Cream,,,,,9,"EXPERT: All that ash, blasted up into the atmosphere, sets off a global “volcanic winter,” that dims the sun and cools the entire planet for five years. Krakatoa is one of the very rare natural disasters that affects the entire world.",WS: Silhouette of 1883 American midwest barn and farm field in background. Very hazy sky and air. Deep red sun low obscured by band of dark cloud. See reference image for sky and sun look.,
CTD_AI_KAR_BelchesAsh,102,Krakatoa Eruption,KAR,Sent to Cream,,,,,0,"EXPERT: In May 1883, the mountain starts to rumble and belch ash in huge bursts. Reports say Krakatoa’s activity rattles buildings 300 miles away. That whole summer, the volcano continues to vent.",WS: Day. Clear sky. Calm sea. Aerial shot circling Krakatoa summit. Ash erupts from crater in two short but large bursts. Camera passes through ash cloud. See reference video for camera move,
CTD_AI_KAR_BlackCloudInSky,102,Krakatoa Eruption,KAR,Sent to Cream,,,,,0,"VO: ⏎ THE ERUPTION LAUNCHES 6 CUBIC MILES OF ROCK AND ASH, AND 20 MILLION TONS OF SULFUR DIOXIDE INTO THE STRATOSPHERE.",WS: Day. High angle view from space as ash cloud from Krakatoa explosion spreads over surrounding region. See reference image for shot angle and cloud look.,
CTD_AI_KAR_BlowsUp,102,Krakatoa Eruption,KAR,Sent to Cream,,,,,7,"VO: ⏎ AT 10AM, THE MOUNTAIN IS BLOWN APART BY A CATACLYSMIC BLAST EQUIVALENT TO A 200 MEGATON NUCLEAR DEVICE. ⏎ THAT’S ABOUT 10,000 TIMES MORE POWERFUL THAN THE BOMB DROPPED ON HIROSHIMA IN 1945.","WS: Day. Clear sky. Calm sea. Landscape shot of volcanic island of Krakatoa. Base of mountain is barren. Mountain explodes sending ash and rock hurting toward camera, engulfing it.",
CTD_AI_KAR_GEN,102,Krakatoa Eruption,KAR,Sent to Cream,,,,,3,,,
CTD_AI_KAR_KrakatoaExplodes,102,Krakatoa Eruption,KAR,Sent to Cream,,,,,5,VO: ⏎ COMING UP: A VOLCANIC ERUPTION FELT AROUND THE WORLD. ⏎ *****Same as below CTD_AI_KAR_BlowsUp*****,,
CTD_AI_KAR_KrakatoaShudders,102,Krakatoa Eruption,KAR,Sent to Cream,,,,,4,"EXPERT: Krakatoa itself may be uninhabited, but the surrounding islands are densely populated. The people there know from those oral histories of Krakatoa that the shaking earth is a _really_ bad sign that an eruption could be imminent.","WS: Day. Clear sky. Low angle shot of Krakatoa barren slope littered with boulders and loose rocks, looking up toward summit. Entire slope shudders causing boulders and loose rock to shift and tumble toward camera. Extend shot",
CTD_AI_KAR_LegendaryKrakatoa,102,Krakatoa Eruption,KAR,Sent to Cream,SM,,,,8,Bradley Greive: ⏎ // the people there remember the ancient stories of this gigantic mountain and its great fire and what that means.,WS Shot flies up the slope of Krakatoa arriving at the top where it tilts down to reveal lava-filled crater.,
CTD_AI_KAR_NorhamCastleEnveloped,102,Krakatoa Eruption,KAR,Sent to Cream,,,,,5,EXPERT: A British mail ship called the Norham Castle is just 25 40 miles from Krakatoa at the time of the explosion. It’s totally enveloped by the expanding cloud of ash.,WS: Day. Calm sea. High angle side view of British mail ship Norham Castle is sailing from left to right when it is completely engulfed by ash cloud approaching from its port side. Cloud continues toward camera until it fills entire shot. Extend shot. See reference image for Norham Castle ship.,
CTD_AI_KAR_NorhamCastleEnveloped2,102,Krakatoa Eruption,KAR,Sent to Cream,SM,,,,6,EXPERT: A British mail ship called the Norham Castle is just 25 40 miles from Krakatoa at the time of the explosion. It’s totally enveloped by the expanding cloud of ash.,Same environment as existing shot CTD_AI_KAR_NorhamCastleEnveloped ⏎ This one is a WS POV looking back off the stern of the Norham Castle as the massive ash cloud overtakes and envelops the ship.,
CTD_AI_KAR_NorhamCastleEnveloped3,102,Krakatoa Eruption,KAR,PAUSE,SM,,,,3,Lance Geiger: ⏎ The captain is a man named Sampson and records in his logs that half his crews ears have been blown out.,CU: Sailor facing away from camera on his knees on deck of Norham Castle with hands over his ears in pain. See reference photo for uniform,
CTD_AI_KAR_PrelimExplosins,102,Krakatoa Eruption,KAR,Sent to Cream,,,,,2,EXPERT: There are two huge explosions. But those are just a preview of what’s to come.,"MS: Day. Clear sky. Tropical treetop in bottom of frame foreground. Krakatoa Island visible on calm sea in far distance. Explosion at top of Krakatoa Island volcano. Immediately after explosion, a small flock of Indonesian tropical birds suddenly takes off from inside treetop.",
CTD_AI_KAR_ScorcedLandscape,102,Krakatoa Eruption,KAR,Sent to Cream,,,,,3,"EXPERT: This time around, that’s all changed. He watches the mountain, “throwing up large chunks of fire” and sees that the landscape is now completely scorched and barren. So, Krakatoa is clearly still an active volcano.",WS: Day. Clear sky. Calm sea. Landscape shot of volcanic island of Krakatoa. Base of mountain is barren. Volcano ejects chunks of lava into the air which land on the mountain slopes and base See reference images for island shape and eruption look.,
CTD_AI_KAR_SeaShockwave1,102,Krakatoa Eruption,KAR,PAUSE,SM,,,,0,"Lance Geiger ([17:17:37](https://www.rev.com/app/transcript/NjlkZTdjMWFjOTA5N2ZlYTdjN2M1MThjQkF3SzEyeE10ODlL/o/VEMwNjM1OTcxMDk0?ts=7749.72)): ⏎ The blast is about 10,000 times more powerful than the bomb that was dropped on Hiroshima in 1945.",WS Aerial of coast of tree-covered Indonesian island. Krakatoa explosion shockwave seen approaching across water. It reaches land and levels all trees on the island.,
CTD_AI_KAR_SeaShockwave2,102,Krakatoa Eruption,KAR,PAUSE,SM,,,,0,,WS looking down along tree-line at head of small Indonesian island beach stretching away into the distance. Krakatoa explosion shockwave rushes in from sea and flattens all trees. See attached photo for approximate shot angle,
CTD_AI_KAR_ShockwaveAndTsunami,102,Krakatoa Eruption,KAR,Sent to Cream,,,,,1,"VO: ⏎ THE EXPLOSION ALSO TRIGGERS A TSUNAMI 120 FEET HIGH THAT DEVASTATES THE SURROUNDING ISLANDS. ⏎ 165 TOWNS ARE DESTROYED, CLAIMING MORE THAN 36,000 LIVES.",WS: Day. Hazy sky. Sea at low tide to left of frame. Tropical island beach shore to right of frame. Group of Indonesian stilt huts standing in shallow water close to shore. 120 foot tsunami wave enters frame from left and engulfs huts continuing inland. Extend shot. See reference images for huts and shore look.,
CTD_AI_KAR_ShockwaveAndTsunami2,102,Krakatoa Eruption,KAR,PAUSE,SM,,,,0,"**VO:** ⏎ **165 TOWNS ARE DESTROYED, CLAIMING MORE THAN 36,000 LIVES. **",MS: Debris from stilt-huts destroyed by tsunami floating in surf at edge of shore.,
CTD_AI_KAR_ShockwaveAndTsunami3,102,Krakatoa Eruption,KAR,Sent to Cream,SM,,,,4,"**VO:** ⏎ **165 TOWNS ARE DESTROYED, CLAIMING MORE THAN 36,000 LIVES. **",CU MS: Debris from stilt-huts destroyed by tsunami laying on swampy ground at top of beach. Victim's lifeless hand see sticking out from debris.,
CTD_AI_KAR_SundaStrait1,102,Krakatoa Eruption,KAR,PAUSE,SM,,,,0,"Hakeem Oluseyi: ⏎ While Krakatoa itself is uninhabited, the nearby islands are densely populated.","WS Aerial. Passenger jet altitude 30,000ft? view of the Sunda Strait islands including Krakatoa seen through wispy clouds. 1880s settlements visible.",
CTD_AI_KAR_SundaStrait2,102,Krakatoa Eruption,KAR,Sent to Cream,SM,,,,7,"Hakeem Oluseyi: ⏎ While Krakatoa itself is uninhabited, the nearby islands are densely populated.","WS Aerial. Altitude 10,000ft? view of the Sunda Strait islands including Krakatoa seen through wispy clouds. More 1880s settlements visible than in CTD_AI_KAR_SundaStrait1. a",
CTD_AI_KAR_SundaStrait3,102,Krakatoa Eruption,KAR,PAUSE,SM,,,,0,"Hakeem Oluseyi: ⏎ While Krakatoa itself is uninhabited, the nearby islands are densely populated.",WS Aerial. Altitude 1000ft view of dense settlements lining a Sunda Strait island coast,
CTD_AI_JawsOfLife,102,Loma Prieta Earthquake,LPE,Sent to Cream,WS,,,,6,"Lance Geiger ([16:40:01](https://www.rev.com/app/transcript/NjlkZTdjMWFjOTA5N2ZlYTdjN2M1MThjQkF3SzEyeE10ODlL/o/VEMwNjM1OTcxMDk0?ts=5493.22)): ⏎ Tim is badly injured, but he's still alive. It takes six hours for firefighters to safely remove him from his vehicle, but many others aren't so lucky.","EXT truck crushed under collapsed cypress street viaduct. CU of front half of passenger side door. dust in air. truck illuminated by flashlight. See screen grab for frame size reference. (No F-150 logo!) ⏎ After a couple of seconds, crouching firefighter enters frame holding Jaws Of Life tool with blades in closed position. Tool blades open up. ⏎ Employ shallow depth of focus. ⏎ Feel free to generate additional versions with different angles and frame sizes.",
CTD_AI_LPE_BuildingSway01,102,Loma Prieta Earthquake,LPE,Sent to Cream,,,,,4,"Andrew Nelson ⏎ The entire Bay Area convulses for 15 seconds. And for those experiencing it, those are the longest 15 seconds of their lives.",EXT - SAN FRANCISCO STREET. DAY. SUNNY ⏎ 2 WS. Varying POVs. Handheld camera feel. ⏎ Low-rise office building shakes from earthquake. Windows crack and shatter. Glass falls to sidewalk below. ⏎ Shallow depth of field. Possibly focus on glass falling in fg and have building shake out of focus in bg.,
CTD_AI_LPE_BuildingSway02,102,Loma Prieta Earthquake,LPE,Sent to Cream,,,,,1,"Andrew Nelson ⏎ The entire Bay Area convulses for 15 seconds. And for those experiencing it, those are the longest 15 seconds of their lives.",EXT - SAN FRANCISCO STREET. DAY. SUNNY ⏎ Same low-rise office building shaking from earthquake as 01. ⏎ 2 MS. Varying POVs. Handheld camera feel. ⏎ Windows crack and shatter. Shallow depth of field. Include out of focus elements in fg and bg,
CTD_AI_LPE_BuildingSway03,102,Loma Prieta Earthquake,LPE,Sent to Cream,,,,,2,"Andrew Nelson ⏎ The entire Bay Area convulses for 15 seconds. And for those experiencing it, those are the longest 15 seconds of their lives.",EXT - SAN FRANCISCO STREET. DAY. SUNNY ⏎ Same low-rise office building shaking from earthquake as 01. ⏎ 2 CU. Varying POVs. Handheld camera feel. ⏎ Windows crack and shatter. Shallow depth of field. out of focus elements in fg and bg.,
CTD_AI_LPE_BuildingSway04,102,Loma Prieta Earthquake,LPE,Sent to Cream,,,,,0,"Andrew Nelson ⏎ The entire Bay Area convulses for 15 seconds. And for those experiencing it, those are the longest 15 seconds of their lives.",EXT - SAN FRANCISCO STREET. DAY. SUNNY ⏎ Same low-rise office building shaking from earthquake as 01. ⏎ 2 CU. Varying POVs. Handheld camera feel. ⏎ Glass falls to sidewalk below. Shallow depth of field. out of focus elements in fg and bg.,
CTD_AI_LPE_CypressViaductCollapse01,102,Loma Prieta Earthquake,LPE,Sent to Cream,,,,,2,"VO: ⏎ THE BRIDGE BUCKLES AND TWISTS, CAUSING A ONE-AND-A-QUARTER MILE STRETCH OF THE UPPER DECK TO COLLAPSE ONTO THE LOWER DECK, TAKING VEHICLES, AND THE PEOPLE INSIDE THEM, DOWN WITH IT.",Same environment as CTD_AI_LPE_ViaductShakes_20260526 ⏎ Same frame as above. Need to see 80s cars driving in both directions along ground level street to left of viaduct. Need to see 80s cars driving in both directions along both levels of viaduct. After a couple of seconds viaduct begins to shake. Cracks form in support pillars between middle and upper levels of viaduct only. Ground level pillars and middle level roadway remain intact throughout shot. After a few seconds of cracking support pillars between middle and upper levels crumble and upper level collapses on to middle level. ⏎ Feel free,
CTD_AI_LPE_CypressViaductCollapse02,102,Loma Prieta Earthquake,LPE,Sent to Cream,,,,,8,"VO: ⏎ THE BRIDGE BUCKLES AND TWISTS, CAUSING A ONE-AND-A-QUARTER MILE STRETCH OF THE UPPER DECK TO COLLAPSE ONTO THE LOWER DECK, TAKING VEHICLES, AND THE PEOPLE INSIDE THEM, DOWN WITH IT.",Same environment as CTD_AI_LPE_ViaductShakes_20260526 ⏎ CU on support pillar. See screen grab for frame size. Pillar shakes and then begins to crack and crumble apart Upper level roadway falls through frame. ⏎ Feel free to generate additional versions with different frame sizes and angles. Employ shallow depth of focus on all.,
CTD_AI_LPE_DriverPovCypressViaduct,102,Loma Prieta Earthquake,LPE,Sent to Cream,WS,,,,5,EXPERT: Oakland rookie firefighter Tim Peterson is driving on the viaduct to his station at the time of the quake.,CU POV of driver in 80s pick-up truck driving in medium traffic on middle level of Cypress Street Viaduct. Viaduct begins to shake and a few seconds later the support pillars crack and then crumble and upper level collapses on to the lower level and truck and shot goes to black. ⏎ Employ shallow depth of focus.,
CTD_AI_LPE_FirefighterHand,102,Loma Prieta Earthquake,LPE,Sent to Cream,,,,,4,EXPERT: Oakland rookie firefighter Tim Peterson is driving on the viaduct to his station at the time of the quake.,CU: 1980s pick-up truck cab. Roof crushed down to steering wheel level. Dust in air. Low light. Bloody hand reaching up from below clutches interior door handle.,
CTD_AI_LPE_GloveCompartment,102,Loma Prieta Earthquake,LPE,Sent to Cream,JJ,,,,2,"EXPERT: During rescue operations, firefighters find a young man pinned in the cab of his crushed pick-up with just a 20-inch gap between him and a giant slab of concrete above. It’s Tim.",Interior. Crushed truck cab environment as seen in existing shot CTD_AI_LPE_TimPulledOut_20260615_1c ⏎ ECU of dashboard glove compartment door hanging open. Papers hanging out. ⏎ Dust in air. Employ shallow depth of focus. ⏎ Feel free to generate additional variations of shot angle and frame size.,
CTD_AI_LPE_KeysInIgnition1,102,Loma Prieta Earthquake,LPE,Sent to Cream,WS,,,,3,EXPERT: Oakland rookie firefighter Tim Peterson is driving on the viaduct to his station at the time of the quake.,Interior. Crushed truck cab environment as seen in existing shot CTD_AI_LPE_TimPulledOut_20260615_1c ⏎ ECU of keys in ignition. See reference screen grabs for frame size and ignition and keys look. Keys should swing back and forth slightly until they stop and are hang still. Extend shot. ⏎ Dust in air. Employ shallow depth of focus. ⏎ Feel free to generate additional variations of shot angle and frame size.,
CTD_AI_LPE_KeysInIgnition2,102,Loma Prieta Earthquake,LPE,Sent to Cream,WS,,,,8,"EXPERT: During rescue operations, firefighters find a young man pinned in the cab of his crushed pick-up with just a 20-inch gap between him and a giant slab of concrete above. It’s Tim.",Interior. Crushed truck cab environment as seen in existing shot CTD_AI_LPE_TimPulledOut_20260615_1c ⏎ Extension of CTD_AI_LPE_KeysInIgnition1 ⏎ ECU of keys in ignition. See reference screen grabs for frame size and ignition and keys look. Keys hanging from ignition. ⏎ Keys glint as they are illuminated by a flashlight light entering from passenger side window. ⏎ Dust in air. Employ shallow depth of focus. ⏎ Feel free to generate additional variations of shot angle and frame size.,
CTD_AI_LPE_LibraryShelvesCollapse,102,Loma Prieta Earthquake,LPE,Sent to Cream,SM,,,,8,"Andrew Nelson ⏎ The entire Bay Area convulses for 15 seconds. And for those experiencing it, those are the longest 15 seconds of their lives.",INT. Library Day. CU Bookshelves shake and then collapse like falling dominoes. ⏎ Employ shallow depth of focus. ⏎ Feel free to generate additional variations of shot angle and frame size.,
CTD_AI_LPE_OfficeCeilingCollapse,102,Loma Prieta Earthquake,LPE,Sent to Cream,SM,,,,13,"Andrew Nelson ⏎ The entire Bay Area convulses for 15 seconds. And for those experiencing it, those are the longest 15 seconds of their lives.",INT. Office Day. CU of office worker seen from behind hiding under office desk. Chunks of ceiling fall on desktop followed by fluorescent light fixture. ⏎ Employ shallow depth of focus. ⏎ Feel free to generate additional variations of shot angle and frame size.,
CTD_AI_LPE_RearViewMirror01,102,Loma Prieta Earthquake,LPE,Sent to Cream,JJ,,,,2,"EXPERT: During rescue operations, firefighters find a young man pinned in the cab of his crushed pick-up with just a 20-inch gap between him and a giant slab of concrete above. It’s Tim.",Interior. Crushed truck cab environment as seen in existing shot CTD_AI_LPE_TimPulledOut_20260615_1c ⏎ ECU of cracked rear view mirror resting on dashboard. ⏎ Dust in air. Employ shallow depth of focus. ⏎ Feel free to generate additional variations of shot angle and frame size.,
CTD_AI_LPE_RearViewMirror02,102,Loma Prieta Earthquake,LPE,Sent to Cream,JJ,,,,1,"EXPERT: Tim is badly injured, but he’s still alive. It takes six hours, but firefighters are able to pull him out. Many others, though, are less fortunate.","Interior. Crushed truck cab environment as seen in existing shot CTD_AI_LPE_TimPulledOut_20260615_1c. Extension of CTD_AI_LPE_RearViewMirror02 ⏎ ECU of cracked rear view mirror resting on dashboard. After a couple of seconds, flashlight light flickers across the mirror as firefighters discover Tim trapped in truck. Extend shot. ⏎ Dust in air. Employ shallow depth of focus. ⏎ Feel free to generate additional variations of shot angle and frame size.",
CTD_AI_LPE_RowHouseInterior,102,Loma Prieta Earthquake,LPE,Sent to Cream,JJ,,,,1,"Andrew Nelson ⏎ The entire Bay Area convulses for 15 seconds. And for those experiencing it, those are the longest 15 seconds of their lives.",MS Int. San Francisco row house second floor living room. Contents of living room slide and eventually fall toward window as row house collapses on to street below. ⏎ Please generate multiple angles and frame sizes. Thanks!,
CTD_AI_LPE_RowHouseWindowPOV,102,Loma Prieta Earthquake,LPE,Sent to Cream,JJ,,,,1,"Andrew Nelson ⏎ The entire Bay Area convulses for 15 seconds. And for those experiencing it, those are the longest 15 seconds of their lives.",INT DAY CU looking out second floor San Francisco row house window as house collapses. Window view tilts down to reveal parked 80s car on street below and drops down on top of it in an explosion of shattered glass and splintered wood.,
CTD_AI_LPE_SanFranciscoHouseFallsOnCar,102,Loma Prieta Earthquake,LPE,Sent to Cream,SM,,,,26,"Andrew Nelson ⏎ The entire Bay Area convulses for 15 seconds. And for those experiencing it, those are the longest 15 seconds of their lives.",EXT. San Francisco. DAY CU of San Francisco housing row falling on top of a parked 1980s car. ⏎ Employ shallow depth of focus. ⏎ Feel free to generate additional variations of shot angle and frame size.,
CTD_AI_LPE_SanFranciscoHousingRowCollapses,102,Loma Prieta Earthquake,LPE,Sent to Cream,SM,,,,20,"Andrew Nelson ⏎ The entire Bay Area convulses for 15 seconds. And for those experiencing it, those are the longest 15 seconds of their lives.","EXT. San Francisco. DAY CU POV looking up at San Francisco housing row as it shakes violently, cracks and topples over on to camera. Employ shallow depth of focus. ⏎ Feel free to generate additional variations of shot angle and frame size.",
CTD_AI_LPE_SanFranciscoStreetBuckles,102,Loma Prieta Earthquake,LPE,Sent to Cream,SM,,,,6,"Andrew Nelson ⏎ // The entire Bay Area convulses for 15 seconds. And for those experiencing it, those are the longest 15 seconds of their lives.","EXT. San Francisco. DAY CU Sidewalk pavement shakes, buckles and cracks. Streetlights sway violently. Employ shallow depth of focus. Extend shot. ⏎ Feel free to generate additional variations of shot angle and frame size.",
CTD_AI_LPE_SanFranciscoStreetlightSways,102,Loma Prieta Earthquake,LPE,Sent to Cream,WS,,,,6,"Andrew Nelson ⏎ // The entire Bay Area convulses for 15 seconds. And for those experiencing it, those are the longest 15 seconds of their lives.",EXT. San Francisco. DAY MS looking up at corner streetlight as it sways violently but not breaking during the earthquake. Employ shallow depth of focus. Extend shot. ⏎ Feel free to generate additional variations of shot angle and frame size.,
CTD_AI_LPE_TimDiscovered,102,Loma Prieta Earthquake,LPE,Sent to Cream,WS,,,,4,"Lance Geiger: ⏎ During rescue operations, firefighters find a young man in the crush cab of his pickup, just 20 inches below a slab of concrete. It's Tim.",Same environment as CTD_AI_LPE_TimPulledOut_20260615_1c ⏎ Same frame size as above. Hand limply holding door handle. after a few seconds a flashlight shines through the window. Hand lets go of handle and is raised up into the light and fingers spread outwards. Extend shot. ⏎ Add some dust in air. Employ soft field of focus where possible,
CTD_AI_LPE_TimPinnedInTruck,102,Loma Prieta Earthquake,LPE,Sent to Cream,,,,,2,"EXPERT: During rescue operations, firefighters find a young man pinned in the cab of his crushed pick-up with just a 20-inch gap between him and a giant slab of concrete above. It’s Tim.","CU: 1980s pick-up truck cab. Dust in air. Low light. Roof crushed down to steering wheel level. Bloody hand reaching up from below clutches interior door handle. Faint flashlight light shines in. Bloody hand lets go of handle and raises, fingers spread wide into beam of flashlight light.",
CTD_AI_LPE_TimPulledOut,102,Loma Prieta Earthquake,LPE,Sent to Cream,,,,,2,"EXPERT: Tim is badly injured, but he’s still alive. It takes six hours, but firefighters are able to pull him out. Many others, though, are less fortunate.",CU: 1980s pick-up truck cab. Dust in air. Low light. Roof crushed down to steering wheel level. Bloody hand near interior door handle. Door slowly pulled partly open and bright flashlight light shines in,
CTD_AI_LPE_TimReached,102,Loma Prieta Earthquake,LPE,Sent to Cream,WS,,,,5,"EXPERT: Tim is badly injured, but he’s still alive. It takes six hours, but firefighters are able to pull him out. Many others, though, are less fortunate.",Same environment as CTD_AI_LPE_TimPulledOut_20260615_1c ⏎ Hand limply holding door handle. Flashlight shining through window. After a few seconds hand lets go of handle as door is pulled out of frame and truck cab is filled with flashlight light. Firefighter reaches in and gently takes hold of injured driver's forearm. ⏎ Add some dust in air. Employ soft field of focus where possible,
CTD_AI_LPE_TimRescued,102,Loma Prieta Earthquake,LPE,Sent to Cream,WS,,,,3,"Lance Geiger ([16:40:01](https://www.rev.com/app/transcript/NjlkZTdjMWFjOTA5N2ZlYTdjN2M1MThjQkF3SzEyeE10ODlL/o/VEMwNjM1OTcxMDk0?ts=5493.22)): ⏎ Tim is badly injured, but he's still alive. It takes six hours for firefighters to safely remove him from his vehicle, but many others aren't so lucky.",Same environment as CTD_AI_LPE_TimPulledOut_20260615_1c ⏎ CU Door removed. Cab illuminated by flashlight. Injured passenger's legs and booted feet pass through frame as they are slowly pulled through the door and out of the crushed cab. Passenger has been pulled from the cab head-first so we do not see the upper portion of his body. Only legs and feet. Extend shot. ⏎ Add dust in air. Employ soft field of focus where possible,
CTD_AI_LPE_TimTrapped,102,Loma Prieta Earthquake,LPE,Sent to Cream,JJ,,,,1,"EXPERT: Tim is badly injured, but he’s still alive. It takes six hours, but firefighters are able to pull him out. Many others, though, are less fortunate.",Same environment as CTD_AI_LPE_TimPulledOut_20260615_1c ⏎ Same CU frame size as above. Hand weakly pulls the door handle. Door does not move. No firefighter or flashlight. ⏎ Add some dust in air. Employ soft field of focus where possible,
CTD_AI_LPE_ViaductCollapses,102,Loma Prieta Earthquake,LPE,Sent to Cream,,,,,15,"VO: ⏎ THE BRIDGE BUCKLES AND TWISTS, CAUSING A ONE-AND-A-QUARTER MILE STRETCH OF THE UPPER DECK TO COLLAPSE ONTO THE LOWER DECK, TAKING VEHICLES, AND THE PEOPLE INSIDE THEM, DOWN WITH IT.","WS: Day. Side view of section of lower level of Cypress Street Viaduct. Base of upper level visible at top of shot. Viaduct shudders and sways slightly. 1980s cars pass left to right through shot on lower level. Support columns crack and upper level collapses down, landing on top of lower level. See attached reference images.",
CTD_AI_LPE_ViaductShakes,102,Loma Prieta Earthquake,LPE,Sent to Cream,,,,,0,"EXPERT: The Viaduct is a double-deck reinforced concrete bridge built on former marshland. Rattled by the quake, its support columns fail to hold.",WS: Day. Low angle of Cypress Street Viaduct. Viaduct shudders and sways slightly. See attached reference image.,
CTD_AI_LPE_WindshieldReflection,102,Loma Prieta Earthquake,LPE,Sent to Cream,JJ,,,,1,"VO: ⏎ THE BRIDGE BUCKLES AND TWISTS, CAUSING A ONE-AND-A-QUARTER MILE STRETCH OF THE UPPER DECK TO COLLAPSE ONTO THE LOWER DECK, TAKING VEHICLES, AND THE PEOPLE INSIDE THEM, DOWN WITH IT.","EXT.DAY 80s Truck driving on Cypress Street Viaduct. CU of reflection of level above in windshield. Driver not visible. After a few seconds, concrete at base of level above cracks, breaks apart, and falls down on windshield. ⏎ Feel free to generate additional versions with different angles and frame sizes.",
CTD_AI_OTI_DescentIntoDarkness,102,OceanGate Titan Implosion,OTI,Sent to Cream,,,,,30,"EXPERT: Ten minutes after launch, everything is going according to plan. The pings are coming in and the _Polar Prince_ can see that _Titan_ is descending at a little over 100 feet per minute. ⏎ EXPERT: Pressure on the submersible’s cabin doubles roughly every 30 feet as they descend.",WS: Undersea. Shot angle looking down into deep ocean. Exterior of _Titan _submersible (seen from side at slight angle) descends into shot from above continuing to descend and disappearing into darkness. See attached image for visual reference.,
CTD_AI_OTI_HandGripsBar,102,OceanGate Titan Implosion,OTI,Sent to Cream,WS,,,,2,"Paul Sutter: ⏎ They managed to work themselves free, but when they're ascending, some of the passengers report hearing a loud bang… ⏎ …which is not a sound you want to hear, generally ever, and especially thousands of feet under the ocean.",Titan sub interior CU of passenger hand holding safety handle attached to hull interior. Hand suddenly grips the handle tightly,
CTD_AI_OTI_HeadTurn,102,OceanGate Titan Implosion,OTI,Sent to Cream,SM,,,,0,"Paul Sutter: ⏎ They managed to work themselves free, but when they're ascending, some of the passengers report hearing a loud bang…which is not a sound you want to hear, generally ever, and especially thousands of feet under the ocean.",Titan interior. ECU of passenger head seen from behind. Head suddenly looks slightly up in reaction to the sound of a loud bang.,
CTD_AI_OTI_ImplosionClose,102,OceanGate Titan Implosion,OTI,Sent to Cream,WS,,,,3,EXPERT: What they_ _don’t know is that the message about dropping the weights was sent _before_ the bang sound happened. The text message just took time to reach them.,CU of Titan middle cylinder section (bow facing left) as it implodes instantaneously in real time.,
CTD_AI_OTI_PipeWeights,102,OceanGate Titan Implosion,OTI,Sent to Cream,,,,,18,VO: ⏎ THE_ TITAN_ CARRIES A SERIES OF 37-POUND DETACHABLE WEIGHTS THAT CAN BE DROPPED TO SLOW ITS DESCENT WHEN APPROACHING THE BOTTOM.,MS: Deep undersea. Looking up at _Titan_ submersible from below as it descends. 10 pipe weights visible in harness (8 on bottom and 1 more on each side - 2 have already dropped at that moment in the story). See attached images for reference.,
CTD_AI_OTI_PolarPrinceAtSea,102,OceanGate Titan Implosion,OTI,Sent to Cream,,,,,1,"PAUL SUTTER ⏎ Aboard the surface ship, the Polar Prince. Rush's wife, Wendy, is part of the team monitoring the dive.","EXT. Day. Overcast. Polar Prince On Open Ocean. No land in sight. No anchor dropped. Need multiple WS, MS, CUs of Polar Prince on water while Titan dives to Titanic wreck. Shots should include tights on the cabin section. See attached photos and screenshots for reference. Thanks!",
CTD_AI_OTI_PolarPrinceBow,102,OceanGate Titan Implosion,OTI,Sent to Cream,,,,,2,"**VO** ⏎ **A YEAR LATER, IN THE EARLY MORNING OF JUNE 18th 2023, OCEANGATE’S TRANSPORT VESSEL THE POLAR PRINCE, ARRIVES AT THE TITANIC_ _SITE TO LAUNCH THE TITAN’S 14TH TOUR OF THE WRECK. **",CU: OCEAN. DAWN. Bow of Polar Prince cuts through water as ship sails out to Titanic wreck site. No land in shot. See attached screen-grab for frame reference. Thanks!,
CTD_AI_OTI_PolarPrinceSearch,102,OceanGate Titan Implosion,OTI,Sent to Cream,,,,,17,"Andrew Nelson: ⏎ // The Polar Prince searches the area, but finds no sign of them.",EXT. Day. Overcast. Polar Prince sailing. Please include CU of bow plowing throw water as well as larger shots of the whole ship filling frame as much as possible to avoid wide shot complaints from broadcaster. Thanks!,
CTD_AI_OTI_RealTimeImplosion,102,OceanGate Titan Implosion,OTI,Sent to Cream,,,,,29,"EXPERT: If there is any comfort to be found here, it's in the fact that the collapse of the hole took place in probably 40 milliseconds, so almost instantaneous.",WS: Deep undersea. _Titan _submersible seen from side implodes instantaneously and debris drops toward ocean floor. Extend shot. See attached video for visual reference.,
CTD_AI_OTI_SloMoImplosion,102,OceanGate Titan Implosion,OTI,Sent to Cream,,,,,4,EXPERT: What they_ _don’t know is that the message about dropping the weights was sent _before_ the bang sound happened. The text message just took time to reach them.,WS: Deep undersea. _Titan _submersible seen from side implodes in slow motion and debris drops toward ocean floor. Extend shot. See attached video for visual reference.,
CTD_AI_OTI_TITANIC_SINKS1,102,OceanGate Titan Implosion,OTI,Sent to Cream,WS,,,,2,"Bradley Greive: The Titanic is one of the biggest stories ever. Audiences around the world are transfixed by this epic ship, the unsinkable ship that sank and eat up every detail that comes out.",EXT. NIGHT Calm sea. MS aerial passing over _Titanic_ ship back half sticking out of water at a 40degree angle. Ship lights still on. A few full lifeboats visible nearby. Extend shot,
CTD_AI_OTI_TITANIC_SINKS2,102,OceanGate Titan Implosion,OTI,Sent to Cream,WS,,,,3,"Bradley Greive: The Titanic is one of the biggest stories ever. Audiences around the world are transfixed by this epic ship, the unsinkable ship that sank and eat up every detail that comes out.",EXT. NIGHT Calm sea. Sea level MS looking at _Titanic_ stern section from side as it sinks through shot and disappears down into water at almost 90 degree angle. No ship lights. Extend shot.,
CTD_AI_OTI_TITANIC_SINKS3,102,OceanGate Titan Implosion,OTI,Sent to Cream,WS,,,,2,"Bradley Greive: The Titanic is one of the biggest stories ever. Audiences around the world are transfixed by this epic ship, the unsinkable ship that sank and eat up every detail that comes out.",EXT. NIGHT Calm sea. CU of Titanic life ring floating on water.,
CTD_AI_OTI_TITAN_ASCEND_BANG2,102,OceanGate Titan Implosion,OTI,Sent to Cream,SM,,,,12,"Paul Sutter: ⏎ They managed to work themselves free, but when they're ascending, some of the passengers report hearing a loud bang…which is not a sound you want to hear, generally ever, and especially thousands of feet under the ocean.",Titan interior. CU of passenger hand pressed gently against lower cabin wall. Fingers suddenly splay outward in reaction to loud bang sound.,
CTD_AI_OTI_TITAN_HULL1,102,OceanGate Titan Implosion,OTI,Sent to Cream,SM,,,,6,"Paul Sutter: ⏎ Oceangate's own director of marine operations, David Lochridge, speaks up and says that there are real safety concerns with this carbon fibre composite hull. And his reward, he is fired from the company and later sued.",Underwater. CU. Shot looks down the length of side of Titan hull from bow to stern as the sub passes slowly through frame driven by horizontal thrusters.,
CTD_AI_OTI_TITAN_HULL2,102,OceanGate Titan Implosion,OTI,Sent to Cream,WS,,,,3,"Paul Sutter: ⏎ Oceangate's own director of marine operations, David Lochridge, speaks up and says that there are real safety concerns with this carbon fibre composite hull. And his reward, he is fired from the company and later sued.","Underwater. MS. Shot looking down at Titan submersible as it passes slowly through frame, driven by horizontal thrusters.",
CTD_AI_OTI_TITAN_HULL_PROBLEM1,102,OceanGate Titan Implosion,OTI,Sent to Cream,SM,,,,3,"Andrew Nelson: ⏎ All of these dives seem to go smoothly, but it turns out that repeated exposure to the pressure, the crushing pressure at those depths has begun to compromise the carbon fibre hull.","MS aerial passes low over _Horizon Arctic_ ship sailing with Titan sub on top of launch sled facing stern, resting on middle of ship deck. No red ramp off stern.",
CTD_AI_OTI_TITAN_HULL_PROBLEM2,102,OceanGate Titan Implosion,OTI,Sent to Cream,SM,,,,2,"Andrew Nelson: ⏎ All of these dives seem to go smoothly, but it turns out that repeated exposure to the pressure, the crushing pressure at those depths has begun to compromise the carbon fibre hull.",Day. Sunny. CU ¾ side front view of Titan sub on top of launch sled resting on deck of_ Horizon Arctic _while sailing_._,
CTD_AI_OTI_TITAN_HULL_PROBLEM3,102,OceanGate Titan Implosion,OTI,Sent to Cream,WS,,,,2,"Andrew Nelson: ⏎ All of these dives seem to go smoothly, but it turns out that repeated exposure to the pressure, the crushing pressure at those depths has begun to compromise the carbon fibre hull.",Day. Sunny. CU zoom in on Titan wet white hull near where cylinder attaches to titanium bow section.,
CTD_AI_OTI_TITAN_INTERIOR1,102,OceanGate Titan Implosion,OTI,Sent to Cream,SM,,,,16,Paul Sutter: ⏎ The cabin of the Titan is really an empty tube where passengers sit on the floor to look out of a big front window to view the _Titanic_.,Interior of Titan. CU POV of passenger looking over shoulders of two passengers seated in front of sub main window watching as sub descends. GoPro camera mounted in front of Titan window looking out. Bubbles pass window. Water outside becomes slightly darker as sub descends.,
CTD_AI_OTI_TITAN_INTERIOR2,102,OceanGate Titan Implosion,OTI,Sent to Cream,WS,,,,3,Paul Sutter: ⏎ The cabin of the Titan is really an empty tube where passengers sit on the floor to look out of a big front window to view the _Titanic_.,Interior of Titan. CU of back of GoPro camera mounted in front of Titan main window looking out. Bubbles pass window. Water outside becomes slightly darker as sub descends.,
CTD_AI_OTI_TITAN_INTRO1,102,OceanGate Titan Implosion,OTI,Sent to Cream,WS,,,,8,"**VO:** ⏎ **IN 2018, RUSH UNVEILS OCEANGATE’S NEW SUBMERSIBLE DESIGNED TO CARRY A PILOT AND FOUR PASSENGERS DOWN TO THE _TITANIC_. HE CALLS IT THE _TITAN_.**",UNDERWATER. MS. Titan sub descends into shot sitting level with front window facing camera at a ¾ angle sub pauses for two seconds and then thrusters start and sub moves forward out of frame past camera. Extend shot.,
CTD_AI_OTI_TITAN_INTRO2,102,OceanGate Titan Implosion,OTI,Sent to Cream,WS,,,,5,"**VO:** ⏎ **IN 2018, RUSH UNVEILS OCEANGATE’S NEW SUBMERSIBLE DESIGNED TO CARRY A PILOT AND FOUR PASSENGERS DOWN TO THE _TITANIC_. HE CALLS IT THE _TITAN_.**",UNDERWATER. CU. Titan horizontal thruster seen from front starts up.,
CTD_AI_OTI_TITAN_INTRO3,102,OceanGate Titan Implosion,OTI,Sent to Cream,WS,,,,6,"**VO:** ⏎ **IN 2018, RUSH UNVEILS OCEANGATE’S NEW SUBMERSIBLE DESIGNED TO CARRY A PILOT AND FOUR PASSENGERS DOWN TO THE _TITANIC_. HE CALLS IT THE _TITAN_.**",UNDERWATER. MS. Titan submersible seen from directly behind and slightly above. Horizontal thrusters start up and Titan moves forward away from camera. Extend shot.,
CTD_AI_OTI_TITAN_LAUNCH1,102,OceanGate Titan Implosion,OTI,Sent to Cream,WS,,,,7,"**VO:** ⏎ **AT 9:14AM LOCAL TIME, THE _TITAN_ BEGINS THE ROUGHLY TWO-HOUR DESCENT TO THE WRECK.**",1. Titan sub interior. CU POV looking out front window on cloudy day and calm sea as Titan descends into water.,
CTD_AI_OTI_TITAN_LAUNCH2,102,OceanGate Titan Implosion,OTI,Sent to Cream,SM,,,,2,"**VO:** ⏎ **AT 9:14AM LOCAL TIME, THE _TITAN_ BEGINS THE ROUGHLY TWO-HOUR DESCENT TO THE WRECK.**",Underwater 10 metres below surface. MS Titan sub seen from front as it launches from LARS launch platform.,
CTD_AI_OTI_TITAN_LAUNCH3,102,OceanGate Titan Implosion,OTI,Sent to Cream,SM,,,,6,"**VO:** ⏎ **AT 9:14AM LOCAL TIME, THE _TITAN_ BEGINS THE ROUGHLY TWO-HOUR DESCENT TO THE WRECK.**",Underwater. CU front of Titan sub undercarriage skid. Water becomes darker as Titan descends.,
CTD_AI_OTI_TITAN_POLAR_PRINCE_TOW1a,102,OceanGate Titan Implosion,OTI,Sent to Cream,SM,,,,9,"**VO:** ⏎ **JUNE 18th, 2023. OCEANGATE’S TRANSPORT VESSEL THE _POLAR PRINCE_ ARRIVES AT THE _TITANIC _SITE TO LAUNCH THE _TITAN_’S 14TH TOUR OF THE WRECK.**",Day. Cloudy. Calm sea. No land in shot. MS aerial shot passes over _Polar Prince_ ship from bow to stern revealing that it is towing Titan sub on top of launch sled behind.,
CTD_AI_OTI_TITAN_POLAR_PRINCE_TOW2,102,OceanGate Titan Implosion,OTI,Sent to Cream,SM,,,,0,"**VO:** ⏎ **JUNE 18th, 2023. OCEANGATE’S TRANSPORT VESSEL THE _POLAR PRINCE_ ARRIVES AT THE _TITANIC _SITE TO LAUNCH THE _TITAN_’S 14TH TOUR OF THE WRECK.**",Day. Cloudy. Calm sea. CU Titan sub front on top of launch sled as it is towed to sea. Water reflected in window.,
CTD_AI_OTI_TITAN_TOURS_TITANIC1,102,OceanGate Titan Implosion,OTI,Sent to Cream,WS,,,,3,"**VO:** ⏎ **IN 2021, OCEANGATE STARTS EXCURSIONS TO THE _TITANIC_. THE COST PER PASSENGER IS $250,000.**","Interior of Titan sub. POV looking out of front window, wide view as sub approaches wreck of Titanic illuminated by Titan spotlights.",
CTD_AI_OTI_TITAN_TOURS_TITANIC2,102,OceanGate Titan Implosion,OTI,Sent to Cream,WS,,,,2,"**VO:** ⏎ **IN 2021, OCEANGATE STARTS EXCURSIONS TO THE _TITANIC_. THE COST PER PASSENGER IS $250,000.**",Interior of Titan sub. POV looking out of front window as medium view of wreck of Titanic illuminated by Titan spotlights passes by.,
CTD_AI_OTI_TITAN_TOURS_TITANIC3,102,OceanGate Titan Implosion,OTI,Sent to Cream,WS,,,,9,"**VO:** ⏎ **IN 2021, OCEANGATE STARTS EXCURSIONS TO THE _TITANIC_. THE COST PER PASSENGER IS $250,000.**",Underwater. MS from side follows Titan sub as it passes low over the deck of the Titanic.,
CTD_AI_OTI_TITAN_UNDERWATER1,102,OceanGate Titan Implosion,OTI,Sent to Cream,WS,,,,1,"Jess Phoenix: ⏎ The hull of the Titan is made out of a carbon fibre composite, which is not a material that has ever been used for deep sea exploration.",Underwater. MS. Titan sub descends sitting level. Shot circles around the length of vessel focusing on its hull.,
CTD_AI_OTI_TITAN_UNDERWATER2,102,OceanGate Titan Implosion,OTI,Sent to Cream,WS,,,,9,"Jess Phoenix: ⏎ The hull of the Titan is made out of a carbon fibre composite, which is not a material that has ever been used for deep sea exploration.",Underwater. CU. Shot looks down the length of side of Titan hull from bow to stern as sub descends. Extend shot,
CTD_AI_OTI_TitanDebris1,102,OceanGate Titan Implosion,OTI,Sent to Cream,WS,,,,8,Bradley Greive: ⏎ That bang that they heard // is the sound of catastrophic structural failure. ⏎ The experimental carbon fibre composite hull has completely imploded.,Ocean floor. low light. MS of debris from imploded Titan sub raining down and landing on ocean floor. Extend shot. ⏎ Feel free to include shots with variation in frame size and shot angle.,
CTD_AI_OTI_TitanDebris2,102,OceanGate Titan Implosion,OTI,Sent to Cream,WS,,,,4,Bradley Greive: ⏎ That bang that they heard // is the sound of catastrophic structural failure. ⏎ The experimental carbon fibre composite hull has completely imploded.,Ocean floor. Low light. CU of titanium bow section from imploded Titan sub falling on to ocean floor. Extend shot. ⏎ Feel free to include shots with variation in frame size and shot angle.,
CTD_AI_OTI_TitanDescent,102,OceanGate Titan Implosion,OTI,Sent to Cream,,,,,0,"VO: ⏎ AT 9:14AM LOCAL TIME, THE _TITAN_ BEGINS THE ROUGHLY TWO-HOUR DESCENT TO THE WRECK.",WS: Undersea. Exterior of _Titan _submersible seen from 3/4 angle behind descending through increasingly dark water as it descends. _ _See attached image and this reference video starting at 22secs:,
CTD_AI_OTI_TitanShudders,102,OceanGate Titan Implosion,OTI,Sent to Cream,,,,,23,"EXPERT: They managed to work themselves free, but when they're ascending, some of the passengers report hearing a loud bang, which is not a sound you want to hear, generally ever, and especially thousands of feet under the ocean.",MS: Titan submersible seen from 3/4 rear angle ascending through dark water. Submersible shudders slightly for an instant as it ascends.,
CTD_AI_OTI_TitanSnaggedInWreck,102,OceanGate Titan Implosion,OTI,Sent to Cream,WS,,,,13,"VO ⏎ DURING A DIVE ON JULY 15TH, 2022, THE _TITAN_ GETS TOO CLOSE TO THE _TITANIC_ AND BECOMES ENTANGLED IN THE WRECK.",CU Titan submersible with front part of skid snagged/caught in jagged Titanic wreckage.,
CTD_AI_OTI_TitanicTour,102,OceanGate Titan Implosion,OTI,Sent to Cream,,,,,10,"VO: ⏎ IN 2021, OCEANGATE STARTS EXCURSIONS TO THE _TITANIC_. THE COST PER PASSENGER IS $250,000.",WS: Atlantic Ocean floor. Exterior of _Titan _submersible approaching _Titanic_ wreck bow head on and slightly above and continuing to pass above and slightly to the _Titanic's _starboard bow. _Titan_ spotlight is focused on the _Titanic_ bow deck. See attached reference document and archival shot of _Titanic _bow as reference for _Titan_ position in this shot as it passes over _Titanic wreck_.,
CTD_AI_PAO_Alarm01,102,Piper Alpha Oil Rig Disaster,PAO,Sent to Cream,,,,,2,"ANDREW NELSON ⏎ At 9:45 PM, an alarm goes off in the rig's control room that Pump B has malfunctioned and shut down.",ECU: Red alarm light on oil rig control room panel begins flashing. ⏎ Control panel should match panel seen in CTD_AI_PAO_BollandsBlast_20260527,
CTD_AI_PAO_Alarm02,102,Piper Alpha Oil Rig Disaster,PAO,Sent to Cream,,,,,1,"**VO** ⏎ **IN THE CONTROL ROOM, ANOTHER ALARM GOES OFF. **",ECU: Red alarm light on oil rig control room panel begins flashing. Should be different section of control panel from CTD_AI_PAO_Alarm01. ⏎ Control panel should match panel seen in CTD_AI_PAO_BollandsBlast_20260527,
CTD_AI_PAO_Alarm03,102,Piper Alpha Oil Rig Disaster,PAO,Sent to Cream,,,,,1,ANDREW NELSON ⏎ Operator Geoff Bollands is in the middle of trying to figure out what's caused this alarm to go off when three more alarms sound.,ECU: Row of three red alarm lights on oil rig control room panel begins flashing. Should be different section of control panel from CTD_AI_PAO_Alarm01 and CTD_AI_PAO_Alarm02. ⏎ Control panel should match panel seen in CTD_AI_PAO_BollandsBlast_20260527,
CTD_AI_PAO_BollandsBlast,102,Piper Alpha Oil Rig Disaster,PAO,Sent to Cream,,,,,2,"GEOFF BOLLANDS: The explosion came from my right-hand side and threw me 10, 15 feet into space.","WS: Piper Alpha Control Room. Bulkhead door thrown open. At same time, oil rig worker, in work coveralls and helmet seen from behind is thrown 15 feet across room disappearing below frame as he lands in middle of floor. Smoke begins filling room. extend shot",
CTD_AI_PAO_BollandsEscapes1,102,Piper Alpha Oil Rig Disaster,PAO,Sent to Cream,,,,,1,Lance Geiger: ⏎ Bollands realises that the situation is out of control. He starts making his way down looking for any way off the rig.,"CU: POV looking out open Control Room door, seen in CTD_AI_PAO_BollandsBlast. Smoke filling frame. Bollands in blue coveralls seen from behind runs out of door and turns right exiting shot.",
CTD_AI_PAO_BollandsEscapes2,102,Piper Alpha Oil Rig Disaster,PAO,Sent to Cream,,,,,4,Lance Geiger: ⏎ Bollands realises that the situation is out of control. He starts making his way down looking for any way off the rig.,"CU: POV looking at oil rig metal stairwell steps from side. Bollands, in boots and blue coveralls, lower half seen running right to left downstairs and out of shot. Flames visible in background. Smoke fills shot.",
CTD_AI_PAO_BollandsEscapes3,102,Piper Alpha Oil Rig Disaster,PAO,Sent to Cream,,,,,1,Lance Geiger: ⏎ Bollands realises that the situation is out of control. He starts making his way down looking for any way off the rig.,"CU: POV looking at oil rig metal stairwell handrail from side. Bollands, in blue coveralls, mid section seen running right to left downstairs and out of shot. Hand slides along railing as he runs downstairs. Flames visible in background. Smoke fills shot.",
CTD_AI_PAO_BollandsLooksAtRig,102,Piper Alpha Oil Rig Disaster,PAO,Sent to Cream,,,,,6,"EXPERT: Geoff Bollands climbs down a long rope tied to a guardrail by a coworker. He’s standing on one of the rig’s immense legs when the intense heat forces him to jump in the water, where he’s picked up by a rescue boat.",CU: Night. Oil rig worker's dirty hands clinging to thick rope in foreground. See reference image. Rack focus to reveal Piper Alpha rig on fire in near background.,
CTD_AI_PAO_BollandsOnRope1,102,Piper Alpha Oil Rig Disaster,PAO,Sent to Cream,,,,,3,Lance Geiger: ⏎ Geoff Bollands manages to climb down a rope rescued by a rescue boat.,CU: Bollands in hard hat and blue coveralls seen from directly above shimmying down rope off rig toward water far below. Hollands's face not visible. Smoke in frame. Intense fire seen reflected in water.,
CTD_AI_PAO_BollandsOnRope2,102,Piper Alpha Oil Rig Disaster,PAO,Sent to Cream,,,,,1,Lance Geiger: ⏎ Geoff Bollands manages to climb down a rope rescued by a rescue boat.,CU: Bollands in hard hat and blue coveralls seen from behind shimmying down rope off rig toward water far below. Smoke in frame. Flaming oil rig in near background,
CTD_AI_PAO_BollandsRope,102,Piper Alpha Oil Rig Disaster,PAO,Sent to Cream,,,,,2,LANCE GEIGER ⏎ Geoff Bollands manages to climb down a rope and is rescued by a rescue boat.,EXT. Twilight. Oil rig on fire. ECU of thick rope tied to metal railing on edge of rig. Rope is taught running down out of frame. ⏎ Employ shallow field of focus if applicable. Feel free to generate additional versions. Thanks!,
CTD_AI_PAO_BoltingBlindFlange1,102,Piper Alpha Oil Rig Disaster,PAO,Sent to Cream,,,,,7,"EXPERT: At 6pm, the maintenance crew’s shift is over but they haven’t completed the job.",MS: High angle shot of worker with wrench bolting Pump A flange into place. Pump B safety valve visible in background. See attached reference image.,
CTD_AI_PAO_BoltingBlindFlange2,102,Piper Alpha Oil Rig Disaster,PAO,Sent to Cream,,,,,8,Lance Geiger: ⏎ The temporary cover should be safe as long as the pump remains offline.,CU slow zoom in on blind flange bolted in place,
CTD_AI_PAO_CafeteriaBurns1,102,Piper Alpha Oil Rig Disaster,PAO,Sent to Cream,,,,,2,"Hakeem Oluseyi: A hundred other workers seek refuge in a cafeteria near their crew quarters while they await rescue. But instead, they find themselves trapped in there by the flames.",CU: Zoom in on round window in cafeteria wall. Huge flames rising outside window until entire window is filled with flames.,
CTD_AI_PAO_CafeteriaBurns2,102,Piper Alpha Oil Rig Disaster,PAO,Sent to Cream,,,,,2,"Hakeem Oluseyi: A hundred other workers seek refuge in a cafeteria near their crew quarters while they await rescue. But instead, they find themselves trapped in there by the flames.",CU. Slow motion. Oil rig worker grease covered hand holding helmet drops it out of frame.,
CTD_AI_PAO_CafeteriaBurns3,102,Piper Alpha Oil Rig Disaster,PAO,Sent to Cream,,,,,1,"Hakeem Oluseyi: A hundred other workers seek refuge in a cafeteria near their crew quarters while they await rescue. But instead, they find themselves trapped in there by the flames.",Floor level CU. Slow motion. Oil rig worker helmet drops to floor and bounces.,
CTD_AI_PAO_ClipboardWithPen,102,Piper Alpha Oil Rig Disaster,PAO,Sent to Cream,,,,,4,"EXPERT: The on-duty engineer does the necessary paperwork, but somehow, that paperwork gets misplaced. So, the order to keep Pump A offline never reaches the night shift control room crew.",CU: Table edge. Hand drops clipboard with string pen attached on table. Pen slides off edge of table and dangles. Extend shot. See reference image.,
CTD_AI_PAO_CoffeeCup,102,Piper Alpha Oil Rig Disaster,PAO,Sent to Cream,,,,,1,ANDREW NELSON ⏎ Operator Geoff Bollands is in the middle of trying to figure out what's caused this alarm to go off when three more alarms sound.,ECU Geoff Bollands's hand places coffee cup down on control panel. ⏎ Bollands blue sleeve should match coveralls from CTD_AI_PAO_BollandsBlast_20260527 ⏎ Control panel should match panel seen in CTD_AI_PAO_BollandsBlast_20260527 ⏎ Employ shallow depth of focus if applicable. Feel free to generate alternate versions. Extend shot. Thanks!,
CTD_AI_PAO_DavidJumps,102,Piper Alpha Oil Rig Disaster,PAO,Sent to Cream,,,,,2,EXPERT: Kinrade decides to jump. He’s one of five men who make the leap of faith that night…and survive.,WS: Night. POV of person jumping off of Piper Alpha helipad into sea below.,
CTD_AI_PAO_DavidJumpsOffHelipad,102,Piper Alpha Oil Rig Disaster,PAO,Cancelled,,,,,0,"ANDREW NELSON ⏎ In that moment, you're weighing a certain death versus the slim chance of survival. ⏎ HAKEEM OLUSEYI ⏎ Kinrade decides to jump.","Same environment as re-spin of CTD_AI_PAO_KinradeToHelipad_20260615. Sky at twilight. Huge flames coming up from raging oil rig fire below. ⏎ MS David Kinrade POV takes a few steps backward to the centre of the helipad, pauses for a second, and then rushes forward to the edge of the helipad and jumps off, dropping 175feet into the water below. Extend shot. ⏎ For jump action reference--see CTD_AI_PAO_DavidJumps_20260527 ⏎ Employ shallow field of focus if applicable. Please generate additional variations of frame size and shot angle. Thanks!",
CTD_AI_PAO_DavidLooksAtRig,102,Piper Alpha Oil Rig Disaster,PAO,Sent to Cream,,,,,2,"EXPERT: Up on the helipad, David Kinrade is trapped by the fire and faced with an unimaginable dilemma. The rig is collapsing. If he stays up there, he dies. But the only way off is to jump.",WS: Night. POV looking over edge of Piper Alpha helipad down at rig on fire below.,
CTD_AI_PAO_DavidLooksAtWater,102,Piper Alpha Oil Rig Disaster,PAO,Sent to Cream,,,,,12,"EXPERT: From the helipad, it’s 175 feet down to the North Sea below. Hitting the water from that height is said to feel like hitting concrete.",WS: Night. POV looking over edge of Piper Alpha helipad down at sea below.,
CTD_AI_PAO_DavidLooksDownStairs,102,Piper Alpha Oil Rig Disaster,PAO,Cancelled,,,,,0,"PAUL SUTTER ⏎ Up on the helipad, David Kinrade is faced with a terrible choice. The rig underneath him is collapsing, which means certain death, but the only other choice is to make a leap.",Same environment as re-spin of CTD_AI_PAO_KinradeToHelipad_20260615. Sky at twilight. Huge flames coming up from raging oil rig fire below. ⏎ MS David Kinrade POV approaches top stairs leading down off helipad and looks down them to see Piper Alpha oil rig below him being consumed by huge flames. Extend shot. ⏎ Employ shallow field of focus if applicable. Please generate additional variations of frame size and shot angle. Thanks!,
CTD_AI_PAO_DavidLooksOverEdge,102,Piper Alpha Oil Rig Disaster,PAO,Cancelled,,,,,0,"BRADLEY GREIVE ⏎ From the helipad, it's 175 feet down to the ocean. And from that height, hitting the water would be like hitting concrete.",Same environment as re-spin of CTD_AI_PAO_KinradeToHelipad_20260615. Sky at twilight. Huge flames coming up from raging oil rig fire below. ⏎ MS David Kinrade POV approaches edge of helipad and looks over the edge at water 175 feet below. Extend shot. ⏎ Employ shallow field of focus if applicable. Please generate additional variations of frame size and shot angle. Thanks!,
CTD_AI_PAO_Endofshift,102,Piper Alpha Oil Rig Disaster,PAO,Sent to Cream,,,,,1,"Andrew Nelson: At 6:00 PM, the maintenance crew's shift is over, but they haven't yet completed the job.",MS looking directly down on gap in pipe where Pump A safety valve was in,
CTD_AI_PAO_FeetRunningToCafeteria,102,Piper Alpha Oil Rig Disaster,PAO,Sent to Cream,,,,,2,"HAKEEM OLUSEYI ⏎ A hundred other workers seek refuge in a cafeteria near their crew quarters while they await rescue. But instead, they find themselves trapped in there by the flames.",Same environment as CTD_AI_PAO_RunToCafeteria_20260616_1a ⏎ Floor level ECU of many oil rig workers' booted feet running past camera. Extend shot. ⏎ Employ shallow field of focus if applicable. Feel free to generate additional versions. Thanks!,
CTD_AI_PAO_FinalCollapse,102,Piper Alpha Oil Rig Disaster,PAO,Sent to Cream,,,,,6,"EXPERT: Around 12:45 in the morning, less than 3 hours after the emergency began, most of the Piper Alpha platform collapses and disappears into the North Sea.",WS: Night. Piper Alpha rig on fire. Oil well section standing. Remaining portion of rig hanging off of oil well section breaks off and drops into the sea.,
CTD_AI_PAO_FireConsumesRadio,102,Piper Alpha Oil Rig Disaster,PAO,Sent to Cream,,,,,4,EXPERT: Radio operator David Kinrade manages to send a mayday message before he’s forced out of the room. The fire is blocking his way down. So his only choice is to go up to the helipad at the top of the rig.,CU: Piper Alpha radio panel. Flames in foreground. Plastic buttons and phone cords melting. Extend shot. See attached reference images.,
CTD_AI_PAO_FireEntersRadioRoom01,102,Piper Alpha Oil Rig Disaster,PAO,Sent to Cream,,,,,3,**VO** ⏎ **FOUR MINUTES LATER THE FIRE ENTERS THE NEARBY RADIO ROOM.**,INT. Oil rig hallway. MS push-in on open door to radio room. Fiery glow visible inside. Smoke coming out of doorway into hall. ⏎ Hall environment should match CTD_AI_PAO_BollandsEscapes1_20260615 ⏎ Thanks!,
CTD_AI_PAO_FireEntersRadioRoom02,102,Piper Alpha Oil Rig Disaster,PAO,Sent to Cream,,,,,2,**VO** ⏎ **FOUR MINUTES LATER THE FIRE ENTERS THE NEARBY RADIO ROOM.**,CU Bulletin board on radio room wall with papers pinned to it goes up in flames. Extend shot. ⏎ Environment should match existing shot CTD_AI_PAO_RadioRoomFire_20260529_2a ⏎ Employ shallow field of focus if applicable. Feel free to generate additional angles and frame sizes. Thanks!,
CTD_AI_PAO_FirstExplosion01,102,Piper Alpha Oil Rig Disaster,PAO,Sent to Cream,,,,,2,"BRADLEY GRIEVE: ⏎ At 10:00 PM, the gas hits an unknown heat source or ignition point. And it explodes.","EXT. TWILIGHT. WS of mid-section of Piper Alpha rid. See attached screenshot for frame reference. Huge jet of flame erupts outward from the heart of rig, which catches fire. ⏎ Please generate additional angles and frame sizes. Thanks!",
CTD_AI_PAO_FlangeFlyingOff,102,Piper Alpha Oil Rig Disaster,PAO,Sent to Cream,,,,,1,EXPERT: The flange immediately goes flying off and gas starts blasting out of the pipe.,"CU: Flange. Flange is blasted off of pipe. Extend shot. See reference image. Gas (gaseous, not liquid) jets out from open pipe. Extend shot.",
CTD_AI_PAO_FlangeFlyingOffRedux,102,Piper Alpha Oil Rig Disaster,PAO,Sent to Cream,,,,,1,Lance Geiger: ⏎ The flange immediately goes flying off and gas starts blasting out of the pipe.,"Same environment as existing shot CTD_AI_PAO_BoltingBlindFlange. ⏎ CU: Flange is blasted off of pipe. Extend shot. See reference image. Gas (gaseous, not liquid) jets out from open pipe. Extend shot.",
CTD_AI_PAO_HandOnButton,102,Piper Alpha Oil Rig Disaster,PAO,Sent to Cream,,,,,3,GEOFF BOLLANDS: All the lights were out and I went back to the main panel and pushed the main shutdown button.,CU: Low light. Smoke in frame. red button on Piper Alpha control panel. Oil rig worker hand enters shot and slams down on button.,
CTD_AI_PAO_KinradeToHelipad,102,Piper Alpha Oil Rig Disaster,PAO,Sent to Cream,,,,,8,Andrew Nelson: ⏎ A radio operator named David Kinrade is able to send a Mayday message before he's forced out of the room. Now he can't go down because of fire. His only path is up to the helipad.,CU: Kinrade POV as he runs up the last few steps of middle of oil rig steps arriving at helipad level . Heavy smoke in frame. Flames seen rising up from a few places around permitter of helipad.,
CTD_AI_PAO_Maintenance1,102,Piper Alpha Oil Rig Disaster,PAO,Sent to Cream,,,,,1,"VO: ⏎ TO DO THE MAINTENANCE JOB, PUMP A HAS TO BE SHUT DOWN AND THE PRESSURE SAFETY VALVE REMOVED.","CU: Looking down on open red metal toolbox. Among other tools, large open ended wrench is visible.",
CTD_AI_PAO_Maintenance2,102,Piper Alpha Oil Rig Disaster,PAO,Sent to Cream,,,,,4,"VO: ⏎ TO DO THE MAINTENANCE JOB, PUMP A HAS TO BE SHUT DOWN AND THE PRESSURE SAFETY VALVE REMOVED.",Same environment as existing shot CTD_AI_PAO_BoltingBlindFlange. ⏎ CU: Oil rig worker's gloved hand places safety valve on deck. Tilt up from valve to see gap in pipe where safety valve was recently removed. See reference image of safety valve as seen in existing CTD_AI_PAO_BoltingBlindFlange,
CTD_AI_PAO_OfficeChair,102,Piper Alpha Oil Rig Disaster,PAO,Sent to Cream,,,,,2,ANDREW NELSON ⏎ Operator Geoff Bollands is in the middle of trying to figure out what's caused this alarm to go off when three more alarms sound.,"INT. PIPER ALPHA CONTROL ROOM. Same environment as CTD_AI_PAO_BollandsBlast. ⏎ CU of back of Geoff Bollands, in blue coveralls, seated in rolling office chair near control panel desk. We don't need to see above his shoulders. Bollands gets up from the chair and exits frame.",
CTD_AI_PAO_PiperAlpha,102,Piper Alpha Oil Rig Disaster,PAO,Sent to Cream,,,,,1,"EXPERT: Piper Alpha also serves as a hub for other natural gas platforms. By the 1980s, it's one of the busiest rigs in the world, responsible for nearly 10% of the North Sea’s annual oil and natural gas production.",WS: Daylight. Aerial shot of Piper Alpha rig. See attached reference image.,
CTD_AI_PAO_PiperAlphaExplodes,102,Piper Alpha Oil Rig Disaster,PAO,Sent to Cream,,,,,32,"EXPERT: Tons of high-pressured gas starts blasting into the already burning Piper Alpha. The explosion that follows is enormous, sending jets of fire hundreds of feet into the air.",WS. Night. Aerial shot of Piper Alpha on fire. Huge explosion on rig sends flames and black smoke 2 times its height into the air. See reference image and this video,
CTD_AI_PAO_PipesBurst,102,Piper Alpha Oil Rig Disaster,PAO,Sent to Cream,,,,,6,"VO: ⏎ AT 10:20PM, ANY CHANCE OF SURVIVAL PLUMMETS WHEN THE FIRE REACHES A GAS PIPE HUB CONNECTING PIPER ALPHA TO ANOTHER PLATFORM. ⏎ THE INTENSE HEAT CAUSES THE PIPE TO BURST. ⏎ THE INTENSE HEAT CAUSES THE PIPE TO BURST.","MS: Fire beside Piper Alpha hub pipe. Pipe bursts wide open. Gas (gaseous, not liquid) blasts out causing flames to flicker briefly. Extend shot.",
CTD_AI_PAO_PumpA,102,Piper Alpha Oil Rig Disaster,PAO,Sent to Cream,,,,,3,"VO: ⏎ JULY 6, 1988. A MAINTENANCE CREW BEGINS SCHEDULED WORK ON PIPER ALPHA’S PUMP A.",WS: High angle shot of Piper Alpha condensate pumps. Pump A prominent in foreground. Pump B visible in background. See attached reference image.,
CTD_AI_PAO_PumpAOnButton,102,Piper Alpha Oil Rig Disaster,PAO,Sent to Cream,,,,,4,"**VO** ⏎ **TEN MINUTES LATER, UNAWARE THAT PUMP A IS NOT TO BE USED, THE NIGHT SHIFT PERSONNEL TURN IT ON. **",ECU Oil rig worker hand reaches into frame and presses green button on control panel labelled Pump A. Sleeve should be orange. Extend shot. ⏎ Control panel should match panel seen in CTD_AI_PAO_BollandsBlast_20260527.,
CTD_AI_PAO_RadioRoomFire,102,Piper Alpha Oil Rig Disaster,PAO,Sent to Cream,,,,,2,"VO: ⏎ AT 10:04PM, THE FIRE ENTERS THE NEARBY RADIO ROOM.","WS: Piper Alpha radio room begins filling with smoke. Oil rig radio operator, seen from behind, seated at radio holding phone to his ear. Extend shot. See attached reference images.",
CTD_AI_PAO_RadioRoomPhone1,102,Piper Alpha Oil Rig Disaster,PAO,Sent to Cream,,,,,1,Andrew Nelson: ⏎ A radio operator named David Kinrade is able to send a Mayday message before he's forced out of the room. Now he can't go down because of fire. His only path is up to the helipad.,Same environment as CTD_AI_PAO_RadioRoomFire_20260529_1a ⏎ CU: Black rotary phone on radio operator's desk. Hand quickly seizes phone receiver and picks it up out of shot. Smoke entering frame.,
CTD_AI_PAO_RadioRoomPhone2,102,Piper Alpha Oil Rig Disaster,PAO,Sent to Cream,,,,,4,Andrew Nelson: ⏎ A radio operator named David Kinrade is able to send a Mayday message before he's forced out of the room. Now he can't go down because of fire. His only path is up to the helipad.,Same environment as CTD_AI_PAO_RadioRoomFire_20260529_1aCU: Black rotary phone coil cord jerks and swings as Kinrade makes emergency mayday call to shore. Smoke entering frame.,
CTD_AI_PAO_RadioRoomPhone3,102,Piper Alpha Oil Rig Disaster,PAO,Sent to Cream,,,,,5,Andrew Nelson: ⏎ A radio operator named David Kinrade is able to send a Mayday message before he's forced out of the room. Now he can't go down because of fire. His only path is up to the helipad.,Same environment as CTD_AI_PAO_RadioRoomFire_20260529_1a CU: Black phone receiver thrown down on to radio operator's desk. Smoke in frame.,
CTD_AI_PAO_RunToCafeteria,102,Piper Alpha Oil Rig Disaster,PAO,Sent to Cream,,,,,15,"Hakeem Oluseyi: ⏎ A hundred other workers seek refuge in a cafeteria near their crew quarters while they await rescue. But instead, they find themselves trapped in there by the flames.",Torso level CU of large group of oil rig workers running quickly in single file past camera down narrow white hallway. Smoke visible.,
CTD_AI_PAO_SinkingIntoWater,102,Piper Alpha Oil Rig Disaster,PAO,Sent to Cream,,,,,5,"EXPERT: About an hour after the second explosion, the scorched and melting section that houses the cafeteria and crew quarters starts sliding into the water with the men who took refuge there still inside.","WS: Night. Piper Alpha rig on fire. Oil well section standing. Rest of rig, including main accommodation, module sinking into sea. Extend shot.",
CTD_AI_PAO_Sprinkler,102,Piper Alpha Oil Rig Disaster,PAO,Sent to Cream,,,,,7,"**VO ** ⏎ **THE BLAST DISABLES THE FIRE SPRINKLER CONTROLS, AND FLAMES START TO SPREAD QUICKLY THROUGHOUT THE RIG. **",CU of oil rig sprinkler head as flames rise up all around it and eventually obscure it entirely from view. ⏎ Extend shot. ⏎ See attached photo for sprinkler reference and frame size. Background should be pipes and tanks as though sprinkler is situated in the heart of the rig. ⏎ Thanks!,
CTD_AI_PAO_Toolboxdrop,102,Piper Alpha Oil Rig Disaster,PAO,Sent to Cream,,,,,9,"VO: ⏎ JULY 6, 1988. A MAINTENANCE CREW BEGINS SCHEDULED WORK ON PIPER ALPHA’S PUMP A.","Low Angle zoom in to CU of PUMP A as seen in existing shot CTD_AI_PAO_PumpA. A large red metal toolbox lowered into shot as a worker places it on the deck directly in front of camera, mostly blocking PUMP A from view.",
CTD_AI_TAD_BombGoesOff,102,Tenerife Airport Disaster,TAD,Cancelled,,,,,0,"EXPERT: They set off bombs in hotels, tourist offices, and travel agencies. Their goal is to scare tourists away to break the economy and try to convince the Spanish government that hanging on to the islands isn’t worth the trouble. *****SEQUENCE CUT FROM EPISODE*****",,
CTD_AI_TAD_FlowerShopExplosion,102,Tenerife Airport Disaster,TAD,Sent to Cream,,,,,16,"At 1:15pm, as promised, a bomb goes off inside the airport flower shop, injuring four people, and causing panic and chaos. Spanish authorities are forced to close Gran Canaria Airport.",WS: Day. Hold on shot of front of airport terminal with bus parked in front for 2 seconds then flash of light in window on second floor and at same time the same window shatters outwards. Extend shot. See attached reference photos.,
CTD_AI_TAD_HandOnThrottle,102,Tenerife Airport Disaster,TAD,Sent to Cream,,,,,3,"EXPERT: On the KLM flight, Captain van Zanten has had enough of all the delays and throttles forward to begin takeoff. But the first officer can be heard on the radio saying “Wait a minute. We don’t have an ATC clearance”, reminding the captain that the tower hasn’t given them the green light yet.",CU: Pilot right hand on 747 throttle pushes throttle forward slightly and stops. Extend shot. See reference image for framing of shot.,
CTD_AI_TAD_JustBeforeImpact01,102,Tenerife Airport Disaster,TAD,Sent to Cream,WS,,,,11,"EXPERT: KLM tries to take off, but it's not high enough to clear the Pan Am plane.",CU/ECUs: Ext KLM plane JUST (milliseconds) before hitting Pan Am. ⏎ ECU wheels leaving ground in attempt to take off,
CTD_AI_TAD_JustBeforeImpact02,102,Tenerife Airport Disaster,TAD,Sent to Cream,WS,,,,3,"EXPERT: KLM tries to take off, but it's not high enough to clear the Pan Am plane.","CU/ECUs: Ext KLM plane JUST (milliseconds) before hitting Pan Am. ⏎ CU nose of KLM coming into frame, then side of Pan Am",
CTD_AI_TAD_JustBeforeImpact03,102,Tenerife Airport Disaster,TAD,Sent to Cream,WS,,,,4,"EXPERT: KLM tries to take off, but it's not high enough to clear the Pan Am plane.","CU/ECUs: Ext KLM plane JUST (milliseconds) before hitting Pan Am. ⏎ CU from the other side of Pan Am, POV looking towards KLM will be coming from. Top of Pan Am is bottom of frame. Then KLM plane emerges behind, towering, attempting to take off, slamming into Pan Am, passing right over camera",
CTD_AI_TAD_KLMCatchesPanAm,102,Tenerife Airport Disaster,TAD,Sent to Cream,,,,,6,"EXPERT: KLM takes off, but can’t clear the Pan Am plane. It rips the top off the aircraft before crashing.",WS: KLM 747 attempts to take off and tears through top of PAN AM 747 fuselage. Extend shot See reference image for plane orientation and reference video 55mins17secs https://youtu.be/_RBLM6qO0g0?si=r5-HDvAsk4U08DjL&t=3317,
CTD_AI_TAD_KLMCockpit,102,Tenerife Airport Disaster,TAD,Sent to Cream,WS,,,,17,The first officer radios the tower saying they're ready for takeoff.,"CU: Interior KLM cockpit. POV from behind pilots, stay close to them. Do not show their heads, barely their arms and shoulders should be in frame. Shallow depth of field. Pilot on left has right hand resting on thruster. Foggy outside, line on ground just visible before disappearing in fog beyond. Plane turns and gets into starting position",
CTD_AI_TAD_KLMCrash,102,Tenerife Airport Disaster,TAD,Sent to Cream,WS,,,,14,"VO: ⏎ BOTH PLANES, NEARLY FULL OF FUEL, ERUPT INTO FLAMES. ⏎ OF THE 644 PEOPLE ABOARD THE TWO JETS, 583 ARE KILLED IN WHAT REMAINS THE WORST AVIATION ACCIDENT IN HISTORY.","Various CUs of KLM plane crashing and bursting into flames - stay very, very close to plane. Don't show people. Choose extreme POVs, camera movements, flames engulfing camera. Make it look violent and chaotic.",
CTD_AI_TAD_KLMFlightTaxis,102,Tenerife Airport Disaster,TAD,Sent to Cream,,,,,6,"VO: ⏎ AT 4:58PM, KLM IS FINALLY GIVEN PERMISSION TO TAXI TO THE OPPOSITE END OF THE RUNWAY WHERE IT WILL MAKE A 180° TURN IN PREPARATION FOR TAKE OFF.",MS: Day. Los Rodeos Airport tarmac. Gran Canaria hills visible in background. Fog clouds blow through foreground. KLM 747 nose and cockpit enter foreground from right almost filling shot and jet continues to pass through shot from right to left. Extend shot. See attached photos for background and plane reference.tend shot.E,
CTD_AI_TAD_KLMHoldingPosition01,102,Tenerife Airport Disaster,TAD,Sent to Cream,,,,,0,"EXPERT ⏎ This causes a shrill noise on the radio and as a result, Van Zanten hears neither message.","END OF RUNWAY. FOG. ⏎ 1 Aerial. Top down view. KLM in waiting position at end of runway, surrounded by fog. No need to see too much environment around the plane. Some fog in fg, close to camera would be great.",
CTD_AI_TAD_KLMHoldingPosition02,102,Tenerife Airport Disaster,TAD,Sent to Cream,,,,,0,"EXPERT ⏎ This causes a shrill noise on the radio and as a result, Van Zanten hears neither message.","END OF RUNWAY. FOG. ⏎ 2 CUs. Varying POVs. Camera low to ground. KLM in waiting position at end of runway, surrounded by fog. No need to see too much environment around the plane. Needs to be clear KLM is stationary, waiting for take off",
CTD_AI_TAD_KLMInFog,102,Tenerife Airport Disaster,TAD,Sent to Cream,,,,,12,"EXPERT: Captain Grubbs sees the KLM plane emerge from the mist, barreling directly towards them. He can be heard saying, “Goddam, that son of a bitch is coming!”",WS: Day. KLM 747 emerges from heavy fog taxiing head on at high speed for take-off . Extend shot. See reference image and following video:,
CTD_AI_TAD_KLMPANAMJETSPARKED,102,Tenerife Airport Disaster,TAD,Sent to Cream,,,,,6,"EXPERT: Amidst all this chaos, there are two 747s, the biggest passenger planes in the world, a KLM flight and a Pan Am jet. And they're both behind schedule and they're both eager to get up into the sky.",WS: Day. Thick fog. Tail sections of 1970s era KLM 747 and PAN AM 747 parked beside each other on Los Rodeos airport tarmac. Vertical stabilizers visible. Most of rest of both planes shrouded in fog. See reference image for stacking of vertical stabilizers in shot.,
CTD_AI_TAD_KLMTakeoffPosition,102,Tenerife Airport Disaster,TAD,Sent to Cream,,,,,10,"VO: ⏎ AFTER BEING STUCK IN THE FOG FOR MORE THAN THREE HOURS AT THE TENERIFE AIRPORT, THE PILOT OF A KLM JET MAKES A CRITICAL DECISION.",WS: Day. Side view of front half of KLM jet at end of Los Rodeos runway in heavy fog. See reference image.,
CTD_AI_TAD_LosRodeosEstablisher,102,Tenerife Airport Disaster,TAD,Sent to Cream,,,,,7,Lance Geiger: ⏎ Los Rodeos is a sort of a smaller regional airport. It's not really built to handle these large wide body jets.,"Ext. Day. Tenerife. Canary Islands. Los Rodeos Airport 1977. ⏎ WS establishing Los Rodeos airport. A few clouds in the sky at the point. But no fog. Tarmac should be crowded with parked jets. Maybe include a jet touching down on runway during. ⏎ Feel free to generate additional shots with different frame sizes, camera angles and camera moves.",
CTD_AI_TAD_PamAmFlames,102,Tenerife Airport Disaster,TAD,Sent to Cream,WS,,,,4,"VO: ⏎ BOTH PLANES, NEARLY FULL OF FUEL, ERUPT INTO FLAMES. ⏎ OF THE 644 PEOPLE ABOARD THE TWO JETS, 583 ARE KILLED IN WHAT REMAINS THE WORST AVIATION ACCIDENT IN HISTORY.","Various CUs: Pan Am bursts into flames - stay very, very close to plane, as tight as just seeing a couple of windows. Do not show the whole plane. Don't show people. Choose extreme POVs, camera movements. Flames engulfing camera. Make it look violent, chaotic",
CTD_AI_TAD_PanAmBehindKLM,102,Tenerife Airport Disaster,TAD,Sent to Cream,,,,,11,"EXPERT: Four minutes later, the tower clears the Pan Am jet, commanded by Captain Victor Grubbs, to follow the same path.",MS: Day. Same angle and background as CTD_AI_TAD_KLMFlightTaxis. Slightly wider shot. Los Rodeos Airport tarmac. Gran Canaria hills visible in background. Fog clouds blow through foreground. PAN AM 747 nose and cockpit enter foreground from right almost filling shot and jet continues to pass through shot from right to left. Extend shot. See attached photos for background and plane reference.,
CTD_AI_TAD_PanAmInFog,102,Tenerife Airport Disaster,TAD,Sent to Cream,,,,,14,"EXPERT: Van Zanten sees the Pan Am jet at the last second. But there’s no time to slam on the brakes, so he attempts to take off.",WS: Day. Shot pushes ahead through thick fog which parts to reveal PAN AM 747 directly ahead as it attempts to turn left off of runway onto. Extend shot. See attached image for reference.,
CTD_AI_TAD_PanAmMissingExit01,102,Tenerife Airport Disaster,TAD,Sent to Cream,WS,,,,2,"EXPERT: In this confusion, the Pan Am plane misses its exit","CU: Day: Thick fog: Front wheel (or backwheel, whatever turns out to be easier) rolling by unmarked exit in taxiway.",
CTD_AI_TAD_PanAmMissingExit02,102,Tenerife Airport Disaster,TAD,Sent to Cream,WS,,,,7,"EXPERT: In this confusion, the Pan Am plane misses its exit","CU: Day: Thick fog: Top down view onto section of Pan Am plane rolling by unmarked exit. Do not show more than a quarter of the plane, stay tight",
CTD_AI_TAD_PlanesBurning,102,Tenerife Airport Disaster,TAD,Sent to Cream,,,,,4,"VO: ⏎ BOTH PLANES, NEARLY FULL OF FUEL, ERUPT INTO FLAMES. ⏎ OF THE 644 PEOPLE ABOARD THE TWO JETS, 583 ARE KILLED IN WHAT REMAINS THE WORST AVIATION ACCIDENT IN HISTORY.",WS: Day. Post collision PAN AM 747 sits on runway in flames. Extend shot. See reference image.,
CTD_AI_TAD_TarmacInFog,102,Tenerife Airport Disaster,TAD,Sent to Cream,,,,,4,"EXPERT: As the Pan Am flight starts taxiing, the fog on the runway thickens and visibility drops to near zero, meaning the tower controllers can’t really see the two planes.",WS: Day. Los Rodeos Airport Air traffic controller POV looking down at tarmac crowded with parked 1970s era passenger jets as thick fog rolls in across tarmac mostly obscuring them.,
CTD_AI_TAD_TowerBeforeTakeOff01,102,Tenerife Airport Disaster,TAD,Sent to Cream,WS,,,,14,"EXPERT: As the KLM plane near the end of the runway where they need to make a turn in order to take off, ⏎ both the air traffic control crew and the Pan Am flight crew realised [10:37:00] that they need to get the heck out of the way for the KLM flight to safely take off.","CU/ECU: Inside air traffic control tower. Various CU/ECUs: ⏎ air traffic controller moving slides representing planes on wooden board, ear phones on head (no faces), shallow depth of field ⏎ (we have another section similar to this below, CTD_AI_TAD_TowerBeforeTakeOff02) ⏎ See archival vid for reference what ATC desk looks like - FRAMING SHOULD BE TIGHTER - - CTD_ARCH_P5_TAD_265946581_H264HD1080.mov",
CTD_AI_TAD_TowerBeforeTakeOff02,102,Tenerife Airport Disaster,TAD,Sent to Cream,WS,,,,0,"EXPERT: As the KLM plane near the end of the runway where they need to make a turn in order to take off, ⏎ both the air traffic control crew and the Pan Am flight crew realised [10:37:00] that they need to get the heck out of the way for the KLM flight to safely take off.","CU/ECU: Inside air traffic control tower. Various CU/ECUs: ⏎ air traffic controller moving slides representing planes on wooden board, ear phones on head (no faces), shallow depth of field ⏎ FRAMING NEEDS TO BE TIGHTER THAN REFERENCE ⏎ See archival vid for reference (just what ATC desk looks like): CTD_ARCH_P5_TAD_265946581_H264HD1080.mov",
CTD_AI_TAD_TowerCoveredInFog,102,Tenerife Airport Disaster,TAD,Sent to Cream,WS,,,,8,"**VO: ** ⏎ **AROUND 4:30PM, FOG DESCENDS ON THE AIRPORT, ADDING TO THE CONFUSION. **",MS: Day. Fog descends. MS of top of tower from outside. Whisps of fog going by. Tower comes in and out of view behind fog. Top of tower (glass) fills entire frame. Air traffic controllers slightly visible behind glass,
,103,American Airlines Flight 191,AA191,Not started,,,,,10,----> Plane Model,AI MODEL of AA191 for use.,
CTD_AI_AA191_ATCReacts,103,American Airlines Flight 191,AA191,Sent to Cream,WS,,,,3,SOT: AIR TRAFFIC CONTROLLER ⏎ He’s gonna lose a wing. There he goes! There he goes!,"Int air traffic control room/tower. POV air traffic controllers as plane flies by, rolled to extreme left",
CTD_AI_AA191_AdjustRudder01,103,American Airlines Flight 191,AA191,Sent to Cream,WS,,,,1,"EXPERT: The First Officer uses his rudder to try to level the wings. But the plane keeps rolling more and more left. The roll gets so extreme, the plane starts to turn upside down. And the nose pitches down.",Int Cockpit. CU of pilot's hand trying to adjust rudder.,
CTD_AI_AA191_AdjustRudder02,103,American Airlines Flight 191,AA191,Sent to Cream,WS,,,,8,"EXPERT: The First Officer uses his rudder to try to level the wings. But the plane keeps rolling more and more left. The roll gets so extreme, the plane starts to turn upside down. And the nose pitches down.","Ext AA191, flying, rolled strongly to the left. POV right behind the plane, so we can see the rudder going back and forth. The roll gets more extreme, plane almost turns upside down, nose pitches down",
CTD_AI_AA191_AdjustRudder03,103,American Airlines Flight 191,AA191,Sent to Cream,WS,,,,6,"EXPERT: The First Officer uses his rudder to try to level the wings. But the plane keeps rolling more and more left. The roll gets so extreme, the plane starts to turn upside down. And the nose pitches down.","Int cockpit AA191, POV pilots as plane rolls strongly to left, flying on its side. The roll gets more extreme, plane almost turns upside down, nose pitches down",
CTD_AI_AA191_AirTrafficAware01,103,American Airlines Flight 191,AA191,PAUSE,SM,,,,0,"EXPERT: The pilots likely figure out the engine has failed, but they’re unaware it’s fallen off the wing. They can’t see it from the cockpit. But air traffic controllers can.","Int Air traffic control room/tower Chicago O'Hare 1979. POV air traffic controllers as AA191 accelerates and takes off, engine and pylon rip off. Not necessary to see air traffic controllers but feel free to include a version where we can see one or a few at their stations ⏎ IMPORTANT: No fire is showing on wings or engine",
CTD_AI_AA191_AirTrafficAware02,103,American Airlines Flight 191,AA191,PAUSE,SM,,,,0,"EXPERT: The pilots likely figure out the engine has failed, but they’re unaware it’s fallen off the wing. They can’t see it from the cockpit. But air traffic controllers can.","Int Air traffic control room/tower Chicago O'Hare 1979. POV air traffic controllers as AA191 accelerates and takes off, engine and pylon rip off. CU, over the shoulder POV of air traffic controllers, they react to engine/pylon ripping off and plane continues take off. Don't show faces reacting. Maybe just see them standing up, pointing at plane - something like that. ⏎ IMPORTANT: No fire is showing on wings or engine",
CTD_AI_AA191_AirTrafficResponds,103,American Airlines Flight 191,AA191,Sent to Cream,SM,,,,5,"SOT: AIR TRAFFIC CONTROLLERS ⏎ Look at this, look at this. He blew up an engine. Equipment. We need equipment. He blew an engine. ⏎ Holy fuck. ⏎ American 191, heavy. You want to come back and to what runway? (Pause) ⏎ He’s not talking to me.","Int Air traffic control room/tower, Chicago O'Hare 1979. Various CUs: ⏎ 1) Air traffic controller finger pushing buttons, trying to reach AA 191. ⏎ 2) Air traffic controller holding mic to mouth or holding ear phones to ears, as if speaking to AA 191 (don't show mouth) ⏎ Avoid faces ⏎ 3) Air traffic controller leaning over to colleague as if sharing news that AA 191 is not responding, don't show faces or mouths moving",
CTD_AI_AA191_Camera,103,American Airlines Flight 191,AA191,Sent to Cream,WS,,,,0,"EXPERT Michael Laughlin is on a three-hour layover, waiting to fly a plane to Wichita, Kansas. He can’t believe what he’s seeing but he’s documenting all of it.","EXT. PARKING LOT - DAY ⏎ ECU - man's hands taking photo with 1970s era camera in slight profile. NO DISCERNIBLE features of man, just his hands, BG out of focus. CAMERA should have no text,no branding.",
CTD_AI_AA191_CrashesAndExplodes01,103,American Airlines Flight 191,AA191,Sent to Cream,WS,,,,4,"DISASTER AI - ⏎ EXPLOSION ⏎ VO: ⏎ AFTER JUST FIFTY SECONDS OF FLIGHT, THE DC-10 CRASHES IN A FIELD…AND EXPLODES.","WS and MS, AA191 crashes in field, huge fireball erupts ⏎ A few perspectives would be great. Include POV from person standing on ground seeing it happen (to take us there, for an immersive feel)",
CTD_AI_AA191_CrashesAndExplodes02,103,American Airlines Flight 191,AA191,Sent to Cream,WS,,,,4,"DISASTER AI - ⏎ EXPLOSION ⏎ VO: ⏎ AFTER JUST FIFTY SECONDS OF FLIGHT, THE DC-10 CRASHES IN A FIELD…AND EXPLODES.","Int cockpit. POV pilots as AA191 crashes, fire consumes cockpit. Don't show pilots, just their POV",
CTD_AI_AA191_EngineDetaches,103,American Airlines Flight 191,AA191,Sent to Cream,SM,,,,4,"EXPERT: But just as they’re getting airborne, the left engine suddenly detaches, along with the pylon that connects it to the wing.","CU left engine as plane accelerates down the runway. POV from outside plane (no specific person's POV). Suddenly, as plane is taking off, left engine and pylon rip off wing. ⏎ IMPORTANT: No fire is showing on wings or engine ⏎ In reality, both immediately flipped over the top of the wing, ripping out a three foot chunk of the wing in the process, but I can imagine we might have to separate this into two shots? See CTD_AI_AA191_WingTears below 1) CU left engine and pylon rip off, 2) CU (different POV) both flip over the wing towards the back and take out chunk of wing in process? ⏎ Here’s a good cl",
CTD_AI_AA191_EngineOnRunway01,103,American Airlines Flight 191,AA191,Vetting,,,,,0,,"EXT RUNWAY - DAY - SUMMER, HAZY ⏎ 3 WS. Various POV. Camera is on runway, stationary, ground level. NO PLANE in shot. Airport in BG. In fg, in focus, the 4,000 pound engine and pylon crashes/scrapes/slides violently into frame and comes to a rest on runway. Show it at rest for 2 seconds.","can you add ref pic for engine? ⏎ if you want to see the airport in bg, can you attach a pic of that as well? ⏎ Attached it on left, please. Ref doc is getting too unwieldy and it's much easier for AI team if they're all here"
CTD_AI_AA191_EngineOnRunway02,103,American Airlines Flight 191,AA191,Vetting,,,,,0,,"EXT RUNWAY - DAY - SUMMER, HAZY ⏎ 3 MS. Various POV. Camera is on runway, stationary, ground level. NO PLANE in shot. Airport in BG, out of focus. In fg, in focus, The 4,000 pound engine and pylon crashes/scrapes/slides violently TOWARD CAMERA and comes to a rest. Show it at rest for 2 seconds.",can you add ref pic for engine?
CTD_AI_AA191_EngineOnRunway03,103,American Airlines Flight 191,AA191,Vetting,,,,,0,,"EXT RUNWAY - DAY - SUMMER, HAZY ⏎ 3 CU. Various POV. CU detail of damaged engine on runway.",can you add ref pic for engine?
CTD_AI_AA191_EngineOnRunway04,103,American Airlines Flight 191,AA191,Vetting,,,,,0,,"EXT PLANE - LEFT SIDE- DAY -WS ⏎ 1. WS. One second after take off. Camera is mounted on left side of plane BEHIND WING, NEAR TAIL pointed backward, showing runway behind plane. Just as plane lifts off, the 4,000 pound engine is seen crashing/sliding down runway as it is left behind. Engine gets smaller/more distant as plane ascends but remains in frame. ⏎ 2. WS - POV - NO PLANE IN SHOT Same idea as (1.) above, but NO plane in shot. POV off the back of plane (as if camera mounted on rear tip of plane pointing backward. Just as plane lifts off, the 4,000 pound engine is seen crashing/sliding down ru",more than one shot in description still :)
CTD_AI_AA191_ExposedWires,103,American Airlines Flight 191,AA191,Vetting,,,,,0,,EXT - PLANE LEFT WING - DAY ⏎ ECU of damaged wing area highlighting wires ripped apart and/or severed. NOTE: wind damage is on FRONT/LEADING EDGE of wing.,how many shots - format is: ⏎ 3 ECU. Various POV.
CTD_AI_AA191_LaughlinCrashPOV,103,American Airlines Flight 191,AA191,PAUSE,SM,,,,0,"EXPERT: Michael Laughlin stands there, stunned, thinking, what the hell just happened? It seems too impossible to be true.",~~Ext parking lot. POV of crash of Laughlin. Don't include him in shot~~,
CTD_AI_AA191_LaughlinPOV,103,American Airlines Flight 191,AA191,Sent to Cream,WS,,,,3,"EXPERT Michael Laughlin is on a three-hour layover, waiting to fly a plane to Wichita, Kansas. He can’t believe what he’s seeing but he’s documenting all of it.","EXT. PARKING LOT - O'Hare -DAY ⏎ **Status was marked ""Sent to cream"" but ""CTD_AI_AA191_PlaneRolling"" under GEN AI ASSETS column is not correct. Should be ""CTD_AI_AA191_LaughlinPOV"".** ⏎ EXT PLANE - DAY -WS - POV of Laughlin from parking lot as he tracks plane. DO NOT SHOW LAUGHLIN - NOT OTS. CLOSER than his real life POV. Plane is in the sky, NO DETAILS OF PARKING LOT OR AIRPORT can be seen. ⏎ 1. WS - plane at 65 degree roll (nose pointed up, very slightly) 4 seconds ⏎ 2. WS - plane goes from 65 degree to 85 degree roll (nose pointed up, very slightly) , 4 seconds ⏎ 3. WS - plane goes from 85 to 110 deg",RC 33:54
CTD_AI_AA191_LeftSidePlane,103,American Airlines Flight 191,AA191,Vetting,,,,,0,,"EXT PLANE - LEFT SIDE - DAY ⏎ 1. WS - camera is ""mounted"" on left side of plane, looking straight back toward damaged left wing, a couple of seconds after take off-- LEFT ENGINE IS ALREADY GONE. Hydralic fluid (white mist) comes out of wing. Left engine can be seen left on runway as runway recedes into deep background. ⏎ 2. CU/ECE variant of wing damage from this camera position. ⏎ NOTE: PLANE'S LANDING GEAR IS DOWN, IT NEVER RETRACTS AFTER TAKEOFF BUT MAY NOT BE VISIBLE FROM THIS PERSPECTIVE",more than one shot in description still :)
CTD_AI_AA191_LiftoffContinues,103,American Airlines Flight 191,AA191,First request,SM,,,,0,EXPERT: The plane can fly just fine with two operational engines – and the pilots are trained to do this. So the liftoff continues.,"Int Air traffic control room/tower, Chicago O'Hare 1979. POV air traffic controllers as AA191 continues lift off",
CTD_AI_AA191_LiftoffPilotsPOV,103,American Airlines Flight 191,AA191,Sent to Cream,WS,,,,2,"EXPERT: It’s too late to abort the takeoff. The best they can do is ascend and then turn around, return to the airport and land.","Int cockpit AA191. Pilots POV as plane lifts off, looking out windshield. Possibly show hand on thruster, shoulders, but no faces",
CTD_AI_AA191_ParkingLotMan,103,American Airlines Flight 191,AA191,Vetting,,,,,0,"ANDREW NELSON ⏎ At this exact moment, there is another pilot standing in the airport parking lot.","EXT O'HARE PARKING LOT - DAY ⏎ MS/WS of man in black pants, black shoes (pilot uniform) from waist down, standing in full parking lot. Camera is at waist level. 1970s era cars are parked around him.",How many shots? ⏎ RC 33:52
CTD_AI_AA191_PilotsInCockpit,103,American Airlines Flight 191,AA191,Sent to Cream,WS,,,,2,AI: Pilots in cockpit ⏎ EXPERT: Dillard is at the controls and Captain Lux is handling checklists and communicating with air traffic control. They’re both veteran pilots with lots of experience flying DC-10s like this one.,"WS, Int cockpit DC-10, 1979. Similar framing as 447 CTD_AI_447_WideCockpit_20260423_1b.mov. Just make sure we're not seeing so much of the pilots. No faces please, just a hint of their shoulders. ⏎ Dillard is on right, his left hand on the thruster in middle of cockpit. Lux is on left working on a checklist. Plane is slowing taxiing towards runway at Chicago O'Hare (visible outside cockpit window)",
CTD_AI_AA191_PlaneRollsLeft01,103,American Airlines Flight 191,AA191,Sent to Cream,SM,,,,3,"EXPERT: The plane is still climbing – but barely. Just 325 feet up, it starts to roll left.",POV Int Air traffic control/room tower O'Hare 1979 as AA191 rolls to left,
CTD_AI_AA191_PlaneRollsLeft02,103,American Airlines Flight 191,AA191,Sent to Cream,WS,,,,1,"EXPERT: The plane is still climbing – but barely. Just 325 feet up, it starts to roll left.","POV Int cockpit AA191 as plane rolls left. Don't include pilots, possibly just hands on control wheels, trying to steady plane",
CTD_AI_AA191_PlaneStraightOn01,103,American Airlines Flight 191,AA191,Vetting,,,,,0,,"EXT - DAY -WS ⏎ WS - Camera points back toward plane showing entirety of wingspan (left engine missing - screen right). Nose/cockpit in the center. About 3 seconds after liftoff, we see see plane slowly gaining altitude, 80-100 feet. Hydraulic fluid (white mist) from damaged left wing. After 2 seconds, camera ZOOMs IN to cockpit area (pilots should be barely visible in silhouette through windscreen) LANDING GEAR VISIBLE",Do you also want CUs of the hydraulic fluid or do you have that already? ⏎ How many shots?
CTD_AI_AA191_PlaneStraightOn02,103,American Airlines Flight 191,AA191,Vetting,,,,,0,,"EXT - DAY -WS ⏎ (similar to 01, but camera starting on cockpit window and ZOOM OUT to WS showing entire wingspan) ⏎ Camera points back at nose/cockpit. 3 seconds after liftoff, we see see plane slowly ascending, engine already gone. Plane is slowly gaining altitude 80-100 feet. Hydraulic fluid (white mist) from damaged left wing. After 2 seconds, camera ZOOMs OUT showing entire wingspan LANDING GEAR VISIBLE",
CTD_AI_AA191_PlaneTakesOff01,103,American Airlines Flight 191,AA191,Vetting,,,,,0,,"EXT. RUNWAY - DAY ⏎ WS - Plane accelerates on O'Hare airport runway. Camera tracks, ground level, BG hazy/blurry from heat of runway. Plane accelerates down runway to takeoff speed (but doesn't liftoff).",RC 31:20
CTD_AI_AA191_PlaneTakesOff02,103,American Airlines Flight 191,AA191,Vetting,,,,,0,,"EXT. RUNWAY - DAY ⏎ WS - Plane accelerates on O'Hare airport runway. Camera static, ground level, straight on as plane achieves take off speed (but doesn't lift off)",RC 31:20
CTD_AI_AA191_PlaneTaxi01,103,American Airlines Flight 191,AA191,Sent to Cream,WS,,,,4,EXPERT: Dillard is at the controls and Captain Lux is handling checklists and communicating with air traffic control. They’re both veteran pilots with lots of experience flying DC-10s like this one.,"WS, EXT AA191, DC-10, 1979 slowly taxiing towards runway at Chicago O'Hare - - POV no specific person, just outside plane",
CTD_AI_AA191_PlaneTaxi02,103,American Airlines Flight 191,AA191,Sent to Cream,WS,,,,2,EXPERT: Dillard is at the controls and Captain Lux is handling checklists and communicating with air traffic control. They’re both veteran pilots with lots of experience flying DC-10s like this one.,"MS, EXT AA191, DC-10, 1979 - plane slowly turning, getting into position to take off. POV no specific person, just outside plane. Would be great if motion of plane was dynamic and cinematic. Like the ""camera"" is so close, we don't see the whole plane, one of the wings is going by very close to ""camera"" - something like that",
CTD_AI_AA191_ShakyGauges,103,American Airlines Flight 191,AA191,Vetting,,,,,0,,INT COCKPIT - DAY - CU ⏎ 1. CU/ECU can we get various shaky CU/ECU shots of gauges and non-functioning instruments inside cockpit? Shaking should be violent enough that you can't read text on them. The idea is to add chaos inside cockpit as pilots struggle to control plane.,
CTD_AI_AA191_Slats01,103,American Airlines Flight 191,AA191,Vetting,WS,,,,0,EXPERT: The cockpit indicator should tell the crew the slats are failing on the left side,"EXT PLANE RIGHT WING, CU on SLATS ⏎ CU on SLATS on FRONT of RIGHT wing. They pivot indicating that they are working correctly. Please include ECU variant.",
CTD_AI_AA191_Slats02,103,American Airlines Flight 191,AA191,Vetting,WS,,,,0,EXPERT: The cockpit indicator should tell the crew the slats are failing on the left side,"EXT PLANE RIGHT WING, CU on FLAPS ⏎ CU on SLATS on BACK of RIGHT wing. They pivot indicating that they are working correctly. Please include ECU variant.",
CTD_AI_AA191_Slats03,103,American Airlines Flight 191,AA191,Vetting,WS,,,,0,EXPERT: The cockpit indicator should tell the crew the slats are failing on the left side,"EXT PLANE LEFT WING, CU on SLATS ⏎ CU on SLATS on FRONT of LEFT wing. They DO NOT pivot indicating that they are NOT working. Please include ECU variant.",
CTD_AI_AA191_Slats04,103,American Airlines Flight 191,AA191,Vetting,WS,,,,0,EXPERT: The cockpit indicator should tell the crew the slats are failing on the left side,"EXT PLANE LEFT WING, CU on FLAPS ⏎ CU on FLAPS on BACK of LEFT wing. They DO NOT pivot indicating that they are NOT working. Please include ECU variant.",
CTD_AI_AA191_SlatsIndicator,103,American Airlines Flight 191,AA191,Sent to Cream,WS,,,,3,"EXPERT: The cockpit indicator should tell the crew the slats are failing on the left side, but they have been knocked out by the torn hydraulic lines.",Int cockpit. CU slat indicator NOT lighting up.,
CTD_AI_AA191_TurnsUpsideDown,103,American Airlines Flight 191,AA191,PAUSE,WS,,,,0,"EXPERT: The First Officer uses his rudder to try to level the wings. But the plane keeps rolling more and more left. The roll gets so extreme, the plane starts to turn upside down. And the nose pitches down.",,
CTD_AI_AA191_WingTears,103,American Airlines Flight 191,AA191,Sent to Cream,WS,,,,5,"EXPERT: The engine with pylon weighs 9,000 pounds. It flips over the top of the wing. As it falls, it tears a three-foot chunk off the front of the wing.",Immediate continuation of shotcode CTD_AI_AA191_EngineDetaches: CU of the just ripped off left engine and pylon flip over wing towards the back and take out 3 foot chunk in process as plane is in moment of taking off ⏎ IMPORTANT: No fire is showing on wings or engine ⏎ See:,
CTD_AI_AA191_WiresRipped,103,American Airlines Flight 191,AA191,Sent to Cream,SM,,,,2,EXPERT: It also rips out the electrical wires that provide power to several aircraft systems.,"Extreme CU of the ""hole"" left in wing showing ripped apart wiring, loose wires hanging down. Plane is still accelerating down runway ⏎ IMPORTANT: No fire is showing on wings or engine",
CTD_AI_CCS_BowClears,103,Costa Concordia Ship Capsize,CCS,Sent to Cream,,,,,5,EXPERT: The helmsman follows the captain’s order. The bow turns away from the rock and just clears it. But the stern swings too close and doesn’t make it.,"EXT. SEA, NIGHT ⏎ CTD_AI_CCS_BowClears01: At water level, MS a large rock juts out a few feet above the water's surface (different angle of rock than before). The bow of the Concordia enters from screen right and passes behind the rock, just missing it by a few meters.",
CTD_AI_CCS_CabinHallway01,103,Costa Concordia Ship Capsize,CCS,Sent to Cream,SM,,,,2,BRADLEY GREIVE ⏎ This is the last noise that you ever want to hear on board a ship.,"INT. CABIN HALLWAY - NIGHT ⏎ Pre-chaos, everything is quiet, lights are ON. NO alarms. SHIP IS LEVEL, THEN STARTS LISTING ⏎ 2 WS. Camera close to ground, near wall, looking down hallway. Shallow depth of field2-3 seconds into shot, ship starts to list - meaning camera stays level, ship tilts (roughly 10%, just for reference. Needs to be noticeable, but not extreme) ⏎ For reference of hallway: CTD_AI_CCS_JUL9AlarmSpeaker_20260715_2b.mov ⏎ For reference of look of emergency lights see pics",RC: ⏎ 13:11:05
CTD_AI_CCS_CabinHallway02,103,Costa Concordia Ship Capsize,CCS,Sent to Cream,SM,,,,1,HAKEEM ⏎ The lights go out. But there's no public announcement or emergency alarm.,"INT. CABIN HALLWAY - NIGHT ⏎ Pre-chaos, everything is quiet, lights are ON. NO alarms. SHIP IS LISTING (cont. of previous shot (01)) ⏎ 2-3 CUs. Varying POVs. Pot light on ceiling of hallway. About 2 secs into shot light flickers and goes out. In bg emergency lights (flourescent, dim) come on. Emergency lights themselves not in shot. Just sheen on ceiling. Shallow depth of field. ⏎ For ref of pot light & hallway see: ⏎ CTD_AI_CCS_JUL9AlarmSpeaker_20260715_2b.mov ⏎ For reference of look of emergency lights:",RC: ⏎ 13:12
CTD_AI_CCS_CabinHallway03,103,Costa Concordia Ship Capsize,CCS,Sent to Cream,SM,,,,2,HAKEEM ⏎ The lights go out. But there's no public announcement or emergency alarm.,"INT. CABIN HALLWAY - NIGHT ⏎ Lights are OFF. Emergency lights on. NO alarms. SHIP IS LISTING (about 10%). (cont. of previous shot (03)) ⏎ 2-3 CU (bg WS). Camera close to ground, looking down empty hallway. Potted palm in corner of hallway falls over. Shallow depth of field. ⏎ For ref of hallway see: ⏎ CTD_AI_CCS_JUL9AlarmSpeaker_20260715_2b.mov ⏎ For reference of look of emergency lights:",RC ⏎ 13:16
CTD_AI_CCS_CabinHallway04,103,Costa Concordia Ship Capsize,CCS,Sent to Cream,SM,,,,5,HAKEEM ⏎ The lights go out. But there's no public announcement or emergency alarm.,INT. CABIN HALLWAY - NIGHT ⏎ Lights are OFF. Emergency lights on. NO alarms. SHIP IS LISTING. (cont. of previous shot (02)) ⏎ 1 WS. Camera moving forward through dark hallway. Shallow depth of field ⏎ For ref of hallway see: ⏎ CTD_AI_CCS_JUL9AlarmSpeaker_20260715_2b.mov ⏎ For reference of look of emergency lights:,RC ⏎ 13:16
CTD_AI_CCS_CabinHallway05,103,Costa Concordia Ship Capsize,CCS,Sent to Cream,SM,,,,2,HAKEEM ⏎ The lights go out. But there's no public announcement or emergency alarm.,"INT. CABIN HALLWAY - NIGHT ⏎ Lights are OFF. Emergency lights on. NO alarms. SHIP IS LISTING. (cont. of previous shot (03)) ⏎ 2-3 CU (bg WS). Camera close to floor looking down listing hallway. Janitor supply closet door pops open. Bucket slides out and across floor, right at camera. ⏎ For ref of hallway see: ⏎ CTD_AI_CCS_JUL9AlarmSpeaker_20260715_2b.mov ⏎ For reference of look of emergency lights:",RC ⏎ 13:16
CTD_AI_CCS_CaptainsDate01,103,Costa Concordia Ship Capsize,CCS,Sent to Cream,,,,,5,BRADLEY GREIVE: he has organised a dinner and drinks for himself and his young date and his greatest concern is that Domnica's dessert has yet to arrive.,"INT. PRIVATE DINING ROOM, NIGHT ⏎ CTD_AI_CCS_CaptainsDate01: CU of captain's left hand (with wedding band on ring finger) as he gently caresses the hand (red painted nails fingernails) of his 25 year old date as they sit at a table. Candlelit.",
CTD_AI_CCS_CoastGuardCall01,103,Costa Concordia Ship Capsize,CCS,Sent to Cream,,,,,3,"VO: ⏎ FORTY-FIVE MINUTES AFTER STRIKING THE ROCKS, THE COAST GUARD CALLS AGAIN. THE CAPTAIN FINALLY ADMITS THE SHIP IS TAKING ON WATER.","INT. COSTA CONCORDIA - BRIDGE, NIGHT ⏎ CTD_AI_CCS_CoastGuardCall01: CU of captain's hand as he hangs up a phone on a console (this is not his cell phone, but ship's official communications phone)",
CTD_AI_CCS_CoastGuardCall02,103,Costa Concordia Ship Capsize,CCS,Sent to Cream,,,,,3,"VO: ⏎ FORTY-FIVE MINUTES AFTER STRIKING THE ROCKS, THE COAST GUARD CALLS AGAIN. THE CAPTAIN FINALLY ADMITS THE SHIP IS TAKING ON WATER.",,
CTD_AI_CCS_Control Room01,103,Costa Concordia Ship Capsize,CCS,Sent to Cream,,,,,2,VO: BUT THE SITUATION IS FAR MORE SERIOUS. THE CONCORDIA IS TAKING ON MASSIVE AMOUNTS OF WATER.,"INT. CONTROL ROOM, NIGHT ⏎ CTD_AI_CCS_Control Room01: MS two crew members (we see them from behind, in foreground, no faces, one on left and one on right) sit at the high tech control panel showing all the ships systems on various computer monitors and consoles with various switches and buttons. A blinking yellow light on the console indicates a breach of the hull.",
CTD_AI_CCS_Control Room02,103,Costa Concordia Ship Capsize,CCS,Sent to Cream,,,,,6,VO: BUT THE SITUATION IS FAR MORE SERIOUS. THE CONCORDIA IS TAKING ON MASSIVE AMOUNTS OF WATER.,"INT. CONTROL ROOM, NIGHT ⏎ CTD_AI_CCS_Control Room01: CU a blinking yellow light on the console indicates a breach of the hull.",
CTD_AI_CCS_DeckChaos01,103,Costa Concordia Ship Capsize,CCS,Sent to Cream,SM,,,,2,HAKEEM OLUSEYI ⏎ Frantic passengers and crew members call their families or the local police who then go on to call the Coast Guard.,"EXT. SUN DECK - NIGHT ⏎ Lights are OFF. Emergency lights on. NO alarm lights. SHIP IS LISTING (about 10%). ⏎ 3 CUs. Varying POVs. Camera low to ground. Large deck chair sliding along the floor, and a deck table sliding after it. Shallow depth of field. Make it immersive, messy, chaotic. ⏎ E.g.: Chairs slide right at camera. Chairs hit railing (railing at 10% angle)","RC ⏎ 14:17, 14:24"
CTD_AI_CCS_DeckChaos02,103,Costa Concordia Ship Capsize,CCS,In Progress,SM,,,,0,HAKEEM OLUSEYI ⏎ Frantic passengers and crew members call their families or the local police who then go on to call the Coast Guard.,"EXT. SUN DECK - NIGHT ⏎ Lights are OFF. Emergency lights on. NO alarm lights. SHIP IS LISTING (about 10%). ⏎ 3 CU. Varying POVs. Chair legs in fg in focus. In bg out focus feet (different shoes/clothes, men’s and women’s, dressy and casual) rushing past lens. Make it messy, chaotic. Shallow depth of field.","RC ⏎ 14:17, 14:24"
CTD_AI_CCS_DinnerInRestaurant01,103,Costa Concordia Ship Capsize,CCS,Sent to Cream,,,,,4,"POV AI ⏎ EXPERT: A Canadian married couple, Andrea and Laurence Davis, are having dinner in one of the restaurants when they hear the strange sounds.","INT. RESTAURANT IN COSTA CONCORDIA, NIGHT ⏎ CTD_AI_CCS_DinnerInRestaurant01: MS of a Mr. Davis and Mrs. Davis as they sit opposite one another and clink their wine glasses (cheers-ing). No faces visible. Over the man's shoulder so we can see the woman opposite him, with wine glasses clinking in foreground. Table should have a table cloth and set up in a way you would see at a nice restaurant. In the BG, other diners can be seen at other tables. out of focus. They should be dressed nicely but still fairly casual and suitable for warm weather cruise.",
CTD_AI_CCS_DinnerInRestaurant02,103,Costa Concordia Ship Capsize,CCS,Sent to Cream,,,,,2,"POV AI ⏎ EXPERT: A Canadian married couple, Andrea and Laurence Davis, are having dinner in one of the restaurants when they hear the strange sounds.","INT. RESTAURANT IN COSTA CONCORDIA, NIGHT ⏎ CTD_AI_CCS_DinnerInRestaurant02: MS. A moment after shot 01. Wine glasses are now resting on table. We see a the hand of a waiter placing plates of food in front of each of them. This time, it is REVERSED: Now over the woman's shoulder so we can see the man opposite her. No faces visible. Table should have a table cloth and set up in a way you would see at a nice restaurant. In the BG, other diners can be seen at other tables. out of focus. The man and woman should be dressed nicely but still fairly casual.",
CTD_AI_CCS_EngineRoomFlooding01,103,Costa Concordia Ship Capsize,CCS,Sent to Cream,,,,,4,EXPERT: An officer checks the engine room and tells the captain it’s flooding. He says ‘we’ve lost control of the ship’.,"INT. COSTA CONCORDIA - ENGINE ROOM, NIGHT ⏎ CTD_AI_CCS_EngineRoomFlooding01: In the large cruise ship engine room there is approximately a foot of water on the floor.",
CTD_AI_CCS_HallwayChaos01,103,Costa Concordia Ship Capsize,CCS,Sent to Cream,SM,,,,1,"ANDREW NELSON ⏎ The captain knows they're in serious trouble, but for some unknown reason he does not immediately call for help.","INT. CABIN HALLWAY - NIGHT ⏎ Lights are OFF. Emergency lights on. NO alarms. SHIP IS LISTING. (cont. of previous shot (03)). NO LIFE PRESERVERS ⏎ 4-5 CUs (some hallway visible in bg out of focus). Varying POVS. Panicked evacuation. People open doors of cabins and rush out into hallway and towards exit at back of hallway (away from camera). Feet running (carious types of shoes). Make it messy, shaky, chaotic - like bad cellphone footage. ⏎ For reference see: 447 FIND CLIP ⏎ For reference of hallway ⏎ CTD_AI_CCS_JUL9AlarmSpeaker_20260715_2b.mov","RC ⏎ 14:17, 14:24"
CTD_AI_CCS_HallwayChaos02,103,Costa Concordia Ship Capsize,CCS,Sent to Cream,SM,,,,5,"ANDREW NELSON ⏎ The captain knows they're in serious trouble, but for some unknown reason he does not immediately call for help.","INT. CABIN HALLWAY - NIGHT ⏎ Lights are OFF. Emergency lights on. NO alarm lights. SHIP IS LISTING. (cont. of previous shots). NO LIFE PRESERVERS ⏎ 2-3 CU. Varying POVs. People’s feet rushing down hall, one high heel shoe gets left behind in the mad scramble. Shallow depth of field. In bg out of focus people rush past left behind shoe. Make it messy, shaky, chaotic - like bad cellphone footage. For ref see 447 FIND CLIP ⏎ CTD_AI_CCS_JUL9AlarmSpeaker_20260715_2b.mov","RC ⏎ 14:17, 14:24"
CTD_AI_CCS_HallwayChaos03,103,Costa Concordia Ship Capsize,CCS,Sent to Cream,SM,,,,1,"ANDREW NELSON ⏎ The captain knows they're in serious trouble, but for some unknown reason he does not immediately call for help.","INT. CABIN HALLWAY - NIGHT ⏎ Lights are OFF. Emergency lights on. NO alarms. SHIP IS LISTING. (cont. of previous shots). NO LIFE PRESERVERS ⏎ 2 CUs. Cellphone in person's hand (from back so we don't see screen). Person is typing in number. NO FACE. ⏎ Shallow depth of field. Other people rush by in bg, totally out of focus. Panic, chaos, immersive feeling, like shitty cell phone footage. ⏎ For reference see: BROOKS ADD ARCHIVAL REF CLIP","RC ⏎ 14:17, 14:24"
CTD_AI_CCS_HallwayChaos04,103,Costa Concordia Ship Capsize,CCS,Sent to Cream,SM,,,,3,HAKEEM OLUSEYI ⏎ Frantic passengers and crew members call their families or the local police who then go on to call the Coast Guard.,"INT. CABIN HALLWAY - NIGHT ⏎ Lights are OFF. Emergency lights on. NO alarm lights. SHIP IS LISTING. (cont. of previous shots) NO LIFE PRESERVERS ⏎ 2 CUs. Cellphone at person's ear at edge of frame. NO FACE, can be slightly over shoulder. ⏎ Shallow depth of field. Other people rush by in bg, totally out of focus. Panic, chaos, immersive feeling, like shitty cell phone footage. Blurry.","RC ⏎ 14:17, 14:24"
CTD_AI_CCS_HallwayEvacuation01,103,Costa Concordia Ship Capsize,CCS,Sent to Cream,SM,,,,4,VO: THE CAPTAIN FINALLY SOUNDS THE EMERGENCY ALARM,"INT. HALLWAY TO STAIRWELL - NIGHT ⏎ Lights are OFF. Emergency lights on. Alarm light turning (don't really need one, but if there's one in shot it needs to be on). SHIP IS LISTING (20%). LIFE PRESERVERS. ⏎ 3 CUs. Varying POVs. Lots of passengers crammed at end of hallway, exiting through open door to stairwell. ⏎ Camera slightly behind some passengers, looking towards open door and stairwell, also crammed with people beyond. ⏎ Camera follows as if cameraman also evacuating. ⏎ Make it messy, blurry, chaotic.",RC ⏎ 14:50
CTD_AI_CCS_HallwayEvacuation02,103,Costa Concordia Ship Capsize,CCS,Sent to Cream,SM,,,,7,VO: THE CAPTAIN FINALLY SOUNDS THE EMERGENCY ALARM,"INT. HALLWAY TO STAIRWELL - NIGHT ⏎ Lights are OFF. Emergency lights on. Alarm light turning (don't really need one in shot, but if there's one it needs to be on). SHIP IS LISTING (20%). LIFE PRESERVERS. ⏎ 2 CUs. Varying POVs. Emergency Exit sign above exit door illuminated in focus in fg. Below, lots of passengers crammed together and slowly exiting open door to stairwell. ⏎ For ref of emergency lighting see pic on right",RC ⏎ 14:50
CTD_AI_CCS_HardToStarboard01,103,Costa Concordia Ship Capsize,CCS,Sent to Cream,,,,,2,"POV AI ⏎ EXPERT: When he finally does see the rock, ⏎ he yells out an order: “Hard to starboard!”","On the bridge, CU of captain’s left hand (wedding ring, white cuff, blue blazer) holding date’s right hand (25 year old woman, bracelet, red fingernails) as he shows off the slow drive by of Giglio",
CTD_AI_CCS_HardToStarboard02,103,Costa Concordia Ship Capsize,CCS,Sent to Cream,,,,,2,"POV AI ⏎ EXPERT: When he finally does see the rock, ⏎ he yells out an order: “Hard to starboard!”","INT. COSTA CONCORDIA BRIDGE - NIGHT. ⏎ CTD_AI_CCS_HardToStarboard02: CU of helmsman's hands on the wheel on ship's steering console, turning hard to starboard (right)",
CTD_AI_CCS_HugeRock,103,Costa Concordia Ship Capsize,CCS,Sent to Cream,SM,,,,6,"EXPERT: About half a mile out from the ⏎ Giglio shore, the captain doesn’t ⏎ immediately spot a huge rock that’s ⏎ jutting up in the water and he stays the ⏎ course.","EXT. SEA, NIGHT ⏎ CTD_AI_CCS_HugeRock01: WS at water level in the foreground, a large rock juts out a few feet above the water's surface. The camera pans up to reveal the Costa Concordia about 200 meters in the distance heading straight for it.a",
CTD_AI_CCS_JUL9AlarmSpeaker,103,Costa Concordia Ship Capsize,CCS,Sent to Cream,james,,,,4,,INT-NIGHT ⏎ CU of emergency alarm speaker on interior deck- various frames,
CTD_AI_CCS_JUL9BridgePOV,103,Costa Concordia Ship Capsize,CCS,Sent to Cream,james,,,,5,,INT-NIGHT -view looking out bridge windows straight off the bow of ship (no people visible). We can see twinkling lights from shore about a mile in the distance,
CTD_AI_CCS_JUL9HoldHands ,103,Costa Concordia Ship Capsize,CCS,Sent to Cream,james,,,,5,,"INT-NIGHT ⏎ On the bridge of ship, CU of captain’s left hand (wedding ring, white cuff, blue blazer) holding date’s right hand (25 year old woman, bracelet, red fingernails) as he shows off the slow drive by of Giglio island",
CTD_AI_CCS_JUL9Instruments,103,Costa Concordia Ship Capsize,CCS,Sent to Cream,james,,,,4,,"INT-NIGHT ⏎ CU of ships instruments on bridge, navigation, ocean floor radar, etc.",
CTD_AI_CCS_JUL9LoudSpeaker,103,Costa Concordia Ship Capsize,CCS,Sent to Cream,james,,,,6,,INT-NIGHT ⏎ CU of announcement loudspeaker on interior deck- various frames,
CTD_AI_CCS_JUL9RockHitAboveWater,103,Costa Concordia Ship Capsize,CCS,Sent to Cream,james,,,,0,,"EXT-NIGHT ⏎ Rock jutting out of water in foreground, side of ship very close to rock moving right to left (10-15 feet away). Side of ship does not visibly hit rock because impact is underwater, but upon impact we see metal hull above waterline shudder slightly, and water bubbles up from below from impact of rock hitting hull underwater (should work in cut sequence with CTD_AI_CCS_MassiveGash02_20260702_1a.mov)",
CTD_AI_CCS_JUL9ShipListing,103,Costa Concordia Ship Capsize,CCS,Sent to Cream,james,,,,0,,"EXT-NIGHT ⏎ WS (aerial) showing ship off the coast of Giglio as ship lists 10-15 degrees to PORT (left) - the point of this is to show early stage of the ship leaning, shortly after impact. It should be slight but still obvious so we may need to try different angels to achieve the ""lean"" effect. The were about 300 meters off shore of Giglio at this time. Perhaps the camera is looking at port side of vessel so we can see that it it tipped toward camera.",
CTD_AI_CCS_LightAlarm01,103,Costa Concordia Ship Capsize,CCS,Sent to Cream,SM,,,,4,"VO ⏎ FORTY-EIGHT MINUTES AFTER STRIKING THE ROCKS, THE CAPTAIN FINALLY SOUNDS THE EMERGENCY ALARM",INT. CABIN HALLWAY - NIGHT ⏎ Lights are OFF. Emergency lights on. NO alarms. SHIP IS LISTING. ⏎ ECU Alarm light on ceiling. Off for 2-3 seconds. Then switches on. ⏎ See ref pic on right for kind of light ⏎ For ref of hallway see: ⏎ CTD_AI_CCS_JUL9AlarmSpeaker_20260715_2b.mov,RC ⏎ 14:46
CTD_AI_CCS_MaritimeSalute01,103,Costa Concordia Ship Capsize,CCS,Sent to Cream,,,,,5,"VO: ⏎ WITH THE SHIP APPROACHING THE ⏎ ISLAND, THE CAPTAIN’S MARITIME ⏎ SALUTE STARTS TO UNRAVEL.","EXT. GIGLIO ISLAND SHORELINE, NIGHT. ⏎ CTD_AI_CCS_MaritimeSalute01: POV of random person looking from island shore as Costa Concordia passes by (about 250 meters away). WS Ship should loom large, we are seeing the port side, bow facing screen left. Waving hands in foreground (slightly out of focus) as if waving to the ship as it passes by.",
CTD_AI_CCS_MaritimeSalute02,103,Costa Concordia Ship Capsize,CCS,Sent to Cream,,,,,2,"VO: ⏎ WITH THE SHIP APPROACHING THE ⏎ ISLAND, THE CAPTAIN’S MARITIME ⏎ SALUTE STARTS TO UNRAVEL.","EXT. COSTA CONCORDIA DECK - PORT SIDE, NIGHT. ⏎ CTD_AI_CCS_MaritimeSalute02: WS ship passengers in foreground (from behind, dimly lit silhouette) looking from exterior ship deck at coastline of Giglio (about 250 meters away). We see the glow of buildings with lights (marinas, seaside apartments, etc)",
CTD_AI_CCS_MassiveGash01,103,Costa Concordia Ship Capsize,CCS,Sent to Cream,james,,,,0,"DISASTER MOMENT AI ⏎ VO: ⏎ AT 9:45 PM, THE COSTA CONCORDIA HITS A ROCKY OUTCROP…RIPPING A MASSIVE GASH IN ITS HULL.","EXT. SEA, NIGHT ⏎ CTD_AI_CCS_MassiveGash01: At water level, MSsimilar to shot (BowClears01) above. Now the side of the ship (near the stern) scrapes against the rock, and a large gash is ripped in the hull. NOTE: I cannot find information about rock ripped into the ship's hull was above or below the water's surface but it likely was below. See MassiveGash02",
CTD_AI_CCS_MassiveGash02,103,Costa Concordia Ship Capsize,CCS,Sent to Cream,,,,,8,"DISASTER MOMENT AI ⏎ VO: ⏎ AT 9:45 PM, THE COSTA CONCORDIA HITS A ROCKY OUTCROP…RIPPING A MASSIVE GASH IN ITS HULL.","EXT. SEA, NIGHT ⏎ CTD_AI_CCS_MassiveGash02: Under water, the ship's hull striking the rock below the water's surface.",
CTD_AI_CCS_MusterStation01,103,Costa Concordia Ship Capsize,CCS,Sent to Cream,SM,,,,2,JOHN MOSER ⏎ People are pushing and shoving to try to get on the next lifeboat.,"INT. MUSTER STATION - NIGHT ⏎ Lights are OFF. Emergency lights on. Alarm light turning (don't really need one, but if there's one it needs to be on). SHIP IS LISTING (20%). LIFE PRESERVERS ⏎ 4-5 CUs. Various POVs. Feet and legs shuffling forward slowly - it is crowded and crammed. We can see men, women and children’s legs. Shallow depth of field. Very dim (lights are blocked by bodies) ⏎ Make it messy, blurry, chaotic.",RC ⏎ 15:03
CTD_AI_CCS_MusterStation02,103,Costa Concordia Ship Capsize,CCS,Sent to Cream,SM,,,,8,JOHN MOSER ⏎ People are pushing and shoving to try to get on the next lifeboat.,"INT. MUSTER STATION - NIGHT ⏎ Lights are OFF. Emergency lights on. Alarm light turning (don't really need one, but if there's one it needs to be on). SHIP IS LISTING (20%). LIFE PRESERVERS ⏎ 4-5 ECUs. Varying POVs. People crammed closely together. NO FACES. Make it messy, blurry, chaotic, immersive. Light is dim, blocked by bodies ⏎ E.g.: Person's hands as they nervously squeeze life preserver; camera track alongside torsos of waiting people (super tightly crammed together)",RC ⏎ 15:03
CTD_AI_CCS_MusterStation03,103,Costa Concordia Ship Capsize,CCS,Sent to Cream,SM,,,,1,"ANDREW NELSON ⏎ Deck four is crammed with passengers, including Laurence and Andrea Davis.","INT. MUSTER STATION - NIGHT ⏎ Lights are OFF. Emergency lights on. Alarm light turning (don't really need one, but if there's one it needs to be on). SHIP IS LISTING (20%). LIFE PRESERVERS ⏎ 2 ECUs. Varying POVs. Elderly husband grabbing elderly wife's hand. Crammed in closely with other people (no faces, dim lighting) ⏎ Make it messy, blurry, chaotic. Shallow depth of field.",RC ⏎ 15:03
CTD_AI_CCS_MusterStation04,103,Costa Concordia Ship Capsize,CCS,Sent to Cream,SM,,,,1,"ANDREW NELSON ⏎ Deck four is crammed with passengers, including Laurence and Andrea Davis.","INT. MUSTER STATION - NIGHT ⏎ Lights are OFF. Emergency lights on. Alarm light turning (don't really need one, but if there's one it needs to be on). SHIP IS LISTING (20%). LIFE PRESERVERS ⏎ 2 ECUs. Varying POVs. Elderly man pushes life preserver over his head. NO FACE. Make it super tight. Like camera is smooshed right up to the guy. ⏎ Shallow depth of field. Make it messy, blurry, chaotic.",RC ⏎ 15:03
CTD_AI_CCS_NavigatingBySight01,103,Costa Concordia Ship Capsize,CCS,Sent to Cream,,,,,2,"EXPERT: Now, not only is Schettino distracted, he’s also navigating by sight. He has the latest in radar equipment but he's not using it.",INT. COSTA CONCORDIA BRIDGE - NIGHT. ⏎ CTD_AI_CCS_NavigatingBySight01: CU of binoculars hanging aroun captain's neck. His hand pulls them upward out of frame.,
CTD_AI_CCS_NavigatingBySight02,103,Costa Concordia Ship Capsize,CCS,Sent to Cream,,,,,1,"EXPERT: Now, not only is Schettino distracted, he’s also navigating by sight. He has the latest in radar equipment but he's not using it.","INT. COSTA CONCORDIA BRIDGE - NIGHT. ⏎ CTD_AI_CCS_NavigatingBySight02: CU of captain's finger pointing toward shoreline through window, as if giving direction to the helmsman.",
CTD_AI_CCS_PeopleJump01,103,Costa Concordia Ship Capsize,CCS,Sent to Cream,,,,,8,POV AI - water on shoes ⏎ AI - People jumping into water from listing ship ⏎ EXPERT: Laurence Davis sees water start to cover his shoes. He looks at his wife and says “This is it. We’ve gotta swim or we’re gonna die.” They jump in the ocean and make it safely to shore.,"INT. COSTA CONCORDIA - DECK 4, NIGHT ⏎ Eerie emergency (flourescent) lighting. ⏎ CTD_AI_CCS_PeopleJump01: CU (man's POV) looking down at his own feet (nice loafers or dress shoes, they were just at dinner) and beside his, his wife's feet (open toe high heels) as water begins to pool and run over them.",
CTD_AI_CCS_PeopleJump02,103,Costa Concordia Ship Capsize,CCS,Sent to Cream,,,,,2,POV AI - water on shoes ⏎ AI - People jumping into water from listing ship ⏎ EXPERT: Laurence Davis sees water start to cover his shoes. He looks at his wife and says “This is it. We’ve gotta swim or we’re gonna die.” They jump in the ocean and make it safely to shore.,"INT. COSTA CONCORDIA - DECK 4, NIGHT ⏎ Eerie emergency (flourescent) lighting. ⏎ CTD_AI_CCS_PeopleJump02: CU of the same feet from 01 (this time in profile) as they run down the deck in two inches of water. Other people's feet can be seen running in BG. ⏎ CTD_AI_CCS_PeopleJump03: EXT. COSTA CONCORDIA - DECK 4 ⏎ The same two pairs of feet/legs are now perched on outside on the edge of the deck over a railing (the ship is now pitched at 50 degrees). They jump off. ⏎ CTD_AI_CCS_PeopleJump04: EXT. SEA - NIGHT ⏎ WS A man and a woman hit the water after they jump from above. We don't want to see faces so we j",
CTD_AI_CCS_PeopleJump03,103,Costa Concordia Ship Capsize,CCS,Sent to Cream,james,,,,0,POV AI - water on shoes ⏎ AI - People jumping into water from listing ship ⏎ EXPERT: Laurence Davis sees water start to cover his shoes. He looks at his wife and says “This is it. We’ve gotta swim or we’re gonna die.” They jump in the ocean and make it safely to shore.,"EXT. COSTA CONCORDIA - DECK 4, NIGHT ⏎ Eerie emergency (flourescent) lighting. ⏎ CTD_AI_CCS_PeopleJump03 (note we are EXTERIOR NIGHT now) ⏎ The same two pairs of feet/legs are now perched on outside on the edge of the deck over a railing (the ship is now pitched at 50 degrees). They jump off.",
CTD_AI_CCS_PeopleJump04,103,Costa Concordia Ship Capsize,CCS,Sent to Cream,,,,,2,POV AI - water on shoes ⏎ AI - People jumping into water from listing ship ⏎ EXPERT: Laurence Davis sees water start to cover his shoes. He looks at his wife and says “This is it. We’ve gotta swim or we’re gonna die.” They jump in the ocean and make it safely to shore.,"INT. COSTA CONCORDIA - DECK 4, NIGHT ⏎ Eerie emergency (flourescent) lighting. ⏎ CTD_AI_CCS_PeopleJump04: EXT. SEA - NIGHT ⏎ WS A man and a woman hit the water after they jump from above. We don't want to see faces so we just see them in silhouette, dimly lit from the emergency lights coming from the ship behind them. The ship is at 50 degrees.",
CTD_AI_CCS_PlatesFlying01,103,Costa Concordia Ship Capsize,CCS,Sent to Cream,,,,,4,POV AI ⏎ EXPERT: They see plates literally start flying across the room. And they have no idea what’s going on. No one does.,"INT. RESTAURANT IN COSTA CONCORDIA, NIGHT ⏎ CTD_AI_CCS_PlatesFlying01: CU of wine glass as it slides off of a table. In BG people seated at their tables, out of focus, no faces.",
CTD_AI_CCS_PlatesFlying02,103,Costa Concordia Ship Capsize,CCS,Sent to Cream,,,,,5,POV AI ⏎ EXPERT: They see plates literally start flying across the room. And they have no idea what’s going on. No one does.,"INT. RESTAURANT IN COSTA CONCORDIA, NIGHT ⏎ CTD_AI_CCS_PlatesFlying02: CU of full plate of food and utensils hitting the floor and spilling. In BG feet and legs of people seated at their tables, out of focus, no faces.",
CTD_AI_CCS_SchettinoOnPhone01,103,Costa Concordia Ship Capsize,CCS,Sent to Cream,,,,,2,"EXPERT: Meanwhile, Schettino is talking on his cell phone. He called his mentor who lives on the island to tell him about the salute.",INT. COSTA CONCORDIA BRIDGE - NIGHT. ⏎ CTD_AI_CCS_SchettinoOnPhone01: Dimly lit on bridge as per night navigation. CU the captain's hand as he taps his friend's name on his phone. Show phone at an angle whereby no text on screen is legible.,
CTD_AI_CCS_SchettinoOnPhone02,103,Costa Concordia Ship Capsize,CCS,Sent to Cream,,,,,1,"EXPERT: Meanwhile, Schettino is talking on his cell phone. He called his mentor who lives on the island to tell him about the salute.","INT. COSTA CONCORDIA BRIDGE - NIGHT. ⏎ CTD_AI_CCS_SchettinoOnPhone02: Dimly lit on bridge as per night navigation. The captain in foreground (side of head, out of focus) raises his phone to his ear, as he looks out the window of the bridge.",
CTD_AI_CCS_SchettinoOnPhone03,103,Costa Concordia Ship Capsize,CCS,Sent to Cream,SM,,,,2,"EXPERT: Meanwhile, Schettino is talking on his cell phone. He called his mentor who lives on the island to tell him about the salute.","INT. COSTA CONCORDIA BRIDGE - NIGHT. ⏎ CTD_AI_CCS_SchettinoOnPhone03: Dimly lit on bridge as per night navigation. Camera pushes past captain on phone (out of focus in foreground) and looks through window at Giglio shoreline, 300 meters away.",
CTD_AI_CCS_SeawaterGushesIn01,103,Costa Concordia Ship Capsize,CCS,Sent to Cream,james,,,,7,EXPERT: Seawater immediately starts gushing in…and things are about to go from bad to worse.,"INT. LOWER DECK - COSTA CONCORDIA, NIGHT ⏎ CTD_AI_CCS_SeawaterGushesIn01: MS A large gash is punctured in the steel inner hull of the ship and seawater gushes in. Flourescent industrial lighting in a mechanical room on the ship.",
CTD_AI_CCS_SeawaterGushesIn02,103,Costa Concordia Ship Capsize,CCS,Sent to Cream,,,,,4,EXPERT: Seawater immediately starts gushing in…and things are about to go from bad to worse.,"INT. LOWER DECK - COSTA CONCORDIA, NIGHT ⏎ CTD_AI_CCS_SeawaterGushesIn02: CU A large gash is punctured in the steel inner hull of the ship and seawater gushes in. Flourescent industrial lighting in a mechanical room on the ship.",
CTD_AI_CCS_ShipStartsDetour 03,103,Costa Concordia Ship Capsize,CCS,Sent to Cream,,,,,3,AI: ship starts its detour ⏎ EXPERT: He gives his helmsman the ⏎ coordinates and tells him to follow them ⏎ closely to avoid hitting any rocks.,"INT. COSTA CONCORDIA BRIDGE - NIGHT. ⏎ CTD_AI_CCS_ShipStartsDetour03: CU of helmsman's hands as they hold the wheel on steering console. After a beat, the wheel turn very slightly to the left.",
CTD_AI_CCS_ShipStartsDetour01,103,Costa Concordia Ship Capsize,CCS,Sent to Cream,,,,,4,AI: ship starts its detour ⏎ EXPERT: He gives his helmsman the ⏎ coordinates and tells him to follow them ⏎ closely to avoid hitting any rocks.,"INT. COSTA CONCORDIA BRIDGE - NIGHT. ⏎ CTD_AI_CCS_ShipStartsDetour01: The bridge is dimly lit for night time navigation. It is dark outside through the windows but lights from the shoreline can be seen 1km away in deep BG. MS The captain (out of focus, foreground, screen left) takes a couple of steps forward and settles just behind the helmsman's left shoulder. The helmsman is at the ship's high tech steering console. We can see the helmsman's hands on the wheel as it turns slightly to port (left) to adjust the ship's heading.",
CTD_AI_CCS_ShipStartsDetour02,103,Costa Concordia Ship Capsize,CCS,Sent to Cream,SM,,,,2,AI: ship starts its detour ⏎ EXPERT: He gives his helmsman the ⏎ coordinates and tells him to follow them ⏎ closely to avoid hitting any rocks.,"INT. COSTA CONCORDIA BRIDGE - NIGHT. ⏎ CTD_AI_CCS_ShipStartsDetour02: MS waist to shoulder of helmsan (no head or face), hands on wheel, in profile facing right. Captain enters frame so we can see him (no head or face) waist to shoulder in frame, facing toward us. The captain settles to the helmsman's left. There could be other crew visible in BG, out of focus.",
CTD_AI_CCS_Stairwell01,103,Costa Concordia Ship Capsize,CCS,Sent to Cream,SM,,,,4,VO: THE CAPTAIN FINALLY SOUNDS THE EMERGENCY ALARM,"INT. EMERGENCY STAIRWELL - NIGHT ⏎ Lights are OFF. Emergency lights on. Alarm light turning (don't really need one, but if there's one it needs to be on). SHIP IS LISTING (20%). LIFE PRESERVERS ⏎ 3 CUs. Varying POVs. Backs of peoples heads as the rush up dark stairwell in emergency lighting. Camera follows as if cameraman also evacuating. We see backs of their heads, tops of shoulders - passengers are wearing life preservers now. ⏎ Make camera unstable as if a cameraman struggles to maintain balance on a listing ship. Quick camera moves and rack focus. Make it messy, blurry, chaotic.",RC ⏎ 14:50
CTD_AI_CCS_Stairwell02,103,Costa Concordia Ship Capsize,CCS,Sent to Cream,SM,,,,5,VO: THE CAPTAIN FINALLY SOUNDS THE EMERGENCY ALARM,"INT. EMERGENCY STAIRWELL - NIGHT ⏎ Lights are OFF. Emergency lights on. Alarm light turning (don't really need one, but if there's one it needs to be on). SHIP IS LISTING (20%). LIFE PRESERVERS ⏎ 3 CUs. Varying POVs. Feet shuffling, rushing up stairs. ⏎ Make camera unstable as if a cameraman struggles to maintain balance on a listing ship. Quick camera moves and rack focus. Make it messy, blurry, chaotic.",RC ⏎ 14:50
CTD_AI_CCS_Stampede03,103,Costa Concordia Ship Capsize,CCS,Sent to Cream,SM,,,,4,PAUL SUTTER: The lights go out and it's pure chaos,"INT. RESTAURANT, NIGHT ⏎ CTD_AI_CCS_Stampede03: Flourescent emergency lighting. CU of various men's and women's feet/legs running in a panic out of the restaurant, as plates, cutlery and wine glasses hit the floor. No faces.",
CTD_AI_CCS_TooFastToTurn,103,Costa Concordia Ship Capsize,CCS,Sent to Cream,,,,,1,"EXPERT: The problem is, the ship is moving ⏎ at fifteen and a half knots – which is ⏎ way too fast to make the turn.","EXT. SEA, NIGHT ⏎ CTD_AI_CCS_TooFastToTurn01: From behind Costa Concordia straight on WS facing stern of ship as the ship pivots right. Giglio coast should be visible in BG (out of focus) about 1km away.",
CTD_AI_CSS_JUL9FiftyDegreeList,103,Costa Concordia Ship Capsize,CCS,Sent to Cream,james,,,,6,,EXT-NIGHT ⏎ -WS aerial of ship now listing at 50 degrees to STARBOARD (and much of it submerged) as it has now settled on rock. It is now very close to shore with bow pointed toward camera and starboard side submerged to a large extent. Daylight reference photos show ship full submerged and at almost 90 degrees so it can't look like that. 50 not 90. Also do not include lifeboats parked in front. Maybe just some rocky shoreline in foreground and some dim light source rom the shore.,
CTD_AI_CSS_LifeboatEvacuation01,103,Costa Concordia Ship Capsize,CCS,Sent to Cream,SM,,,,3,JOHN MOSER ⏎ People are pushing and shoving to try to get on the next lifeboat. ⏎ KATE BIBERDORF ⏎ Lifeboats ferry passengers to shore and then come back for more people.,"INT. LIFEBOAT - NIGHT ⏎ 3-4 CUs (bg WS in focus). Varying POVs from inside lifeboat looking back through entrance at ship, listed at 50%, about 70-80 feet away. ⏎ Very dark inside lifeboat - people can only be seen in silhouette, out of focus - we can see ship in BG through window behind people. Camera jostling around, dim light bleeding in from exterior. Add dynamism, like camera is jostling around among panicked passengers. ⏎ See ref pics for appearance of lifeboats and feeling inside it ⏎ -WS Stern of lifeboat in foreground looking back at ship as it looms in BG tilted 50 degrees (we are seeing fr",RC ⏎ 15:19
CTD_AI_CSS_LifeboatEvacuation02,103,Costa Concordia Ship Capsize,CCS,Sent to Cream,SM,,,,1,JOHN MOSER ⏎ People are pushing and shoving to try to get on the next lifeboat. ⏎ KATE BIBERDORF ⏎ Lifeboats ferry passengers to shore and then come back for more people.,"EXT. LIFEBOATS - NIGHT ⏎ General environment: Lifeboats on water near CC looming large, listing at 50%. For lighting see ref pic. ⏎ 2-3 CUs (bg WS out of focus). Various POV. Camera at water level. Part of lifeboat splashing down in fg. Other lifeboats floating out of focus in bg, parts of CC visible out of focus as well. ⏎ Make it feel messy, partially blurry, chaotic","RC ⏎ 15:19, 15:30, 15:44"
CTD_AI_CSS_LifeboatEvacuation03,103,Costa Concordia Ship Capsize,CCS,Sent to Cream,SM,,,,2,JOHN MOSER ⏎ People are pushing and shoving to try to get on the next lifeboat. ⏎ KATE BIBERDORF ⏎ Lifeboats ferry passengers to shore and then come back for more people.,"EXT. LIFEBOATS - NIGHT ⏎ General environment: Lifeboats on water near CC looming large, listing at 50%. For lighting see ref pic. ⏎ 2-3 CUs (bg WS out of focus). Varying POVs. Camera at water level. Position camera very close directly behind lifeboat. Move camera and reveal other life boats crowding around and CC looming beyond. Make it immersive, camera at times partially submerged. ⏎ Make it feel messy, partially blurry, chaotic","RC ⏎ 15:19, 15:30, 15:44"
CTD_AI_CSS_LifeboatEvacuation04,103,Costa Concordia Ship Capsize,CCS,Sent to Cream,SM,,,,3,JOHN MOSER ⏎ People are pushing and shoving to try to get on the next lifeboat. ⏎ KATE BIBERDORF ⏎ Lifeboats ferry passengers to shore and then come back for more people.,"EXT. LIFEBOATS - NIGHT ⏎ General environment: Lifeboats on water near CC looming large, listing at 50%. For lighting see ref pic. ⏎ 2-3 ECUs (bg WS out of focus). Varying POVs. Legs stepping from CC into entrance of lifeboat. Other lifeboats on water out of focus in bg ⏎ Make it feel messy, partially blurry, chaotic","RC ⏎ 15:19, 15:30, 15:44"
CTD_AI_CSS_LifeboatEvacuation05,103,Costa Concordia Ship Capsize,CCS,Sent to Cream,SM,,,,3,JOHN MOSER ⏎ People are pushing and shoving to try to get on the next lifeboat. ⏎ KATE BIBERDORF ⏎ Lifeboats ferry passengers to shore and then come back for more people.,"EXT. LIFEBOATS - NIGHT ⏎ General environment: Lifeboats on water near CC looming large, listing at 50%. For lighting see ref pic. ⏎ 2 Aerials. Varying POVs. Camera flying over lifeboats being launched, others are motoring away. Parts of CC visible in shot. No people. ⏎ Make it feel messy, partially blurry, chaotic","RC ⏎ 15:19, 15:30, 15:44"
CTD_AI_CSS_LifeboatEvacuation06,103,Costa Concordia Ship Capsize,CCS,Sent to Cream,SM,,,,3,JOHN MOSER ⏎ People are pushing and shoving to try to get on the next lifeboat. ⏎ KATE BIBERDORF ⏎ Lifeboats ferry passengers to shore and then come back for more people.,"EXT. LIFEBOATS - NIGHT ⏎ General environment: Lifeboats on water near CC looming large, listing at 50%. For lighting see ref pic. ⏎ 3-4 CUs (bg WS out of focus). Varying POVs. Camera at water level. ⏎ Bow of lifeboat in focus in fg as it heads toward CC looming in BG tilted 50%. Other lifeboats out of focus coming towards us. ⏎ Make it dynamic, immersive, messy, partially blurry, chaotic","RC ⏎ 15:19, 15:30, 15:44"
,103,Halifax Mont-Blanc Explosion,HMB,Not started,,,,,10,,,
CTD_AI_HMB_ApproachingMB,103,Halifax Mont-Blanc Explosion,HMB,Sent to Cream,JJ,,,,3,"EXPERT: On the same evening, a French cargo ship called the SS Mont-Blanc is trying to get _into_ the port.","Ext Hfx port, nighttime. POV from deck of harbor pilot tug boat approaching the Mont-Blanc in the dark. Start shot fairly close to MB so we don’t need too much bg. Possibly include bow of pilot tug boat. Mont-Blanc is dimly lit, looming in the darkness. No people.",
CTD_AI_HMB_CrewInLifeboats01,103,Halifax Mont-Blanc Explosion,HMB,Sent to Cream,JJ,,,,8,"EXPERT: The crew, knowing what’s onboard, realizes the entire ship ⏎ could blow up at any second. They take off in lifeboats and start rowing to shore as fast as they can, frantically signaling to other boats to stay away.",POV crew clambering overboard of MB into lifeboats (row boats). Similar to person jumping off Piper Alpha. Don't include body parts.,
CTD_AI_HMB_CrewInLifeboats02,103,Halifax Mont-Blanc Explosion,HMB,Sent to Cream,JJ,,,,3,"EXPERT: The crew, knowing what’s onboard, realizes the entire ship ⏎ could blow up at any second. They take off in lifeboats and start rowing to shore as fast as they can, frantically signaling to other boats to stay away.",Ext Hfx port. In lifeboat (row boat). CU oar striking water hard. Burning MB in bg out of focus. Would be great to get smoke and reflection of fire on water,
CTD_AI_HMB_EngulfedInFlames,103,Halifax Mont-Blanc Explosion,HMB,Sent to Cream,JJ,,,,3,"EXPERT: This extremely flammable tar-like substance comes spilling out onto the deck. Sparks from the ship’s engines reach the spilled benzol. Within seconds, the Mont-Blanc is engulfed in flames.",WS MB from POV of deck of Imo. The fire spreads rapidly and the MB is engulfed. Flames are huge and leap towards camera. Camera engulfed (similar to what we did with water in FDN),
CTD_AI_HMB_FlamesApproachTNT,103,Halifax Mont-Blanc Explosion,HMB,PAUSE,,,,,0,"KATE BIBERDORF ⏎ So since the crew knows what's on board, they know that this ship could blow up in any second.","EXT. MONT BLANC - DAY ⏎ MS of several large crates/containers labeled ""DANGER: TNT"" with flames and an smoke in the foreground. See RC 41:03",
CTD_AI_HMB_GameOfChicken,103,Halifax Mont-Blanc Explosion,HMB,Sent to Cream,JJ,,,,9,"EXPERT: Captain From replies with two whistle blasts, meaning he refuses to yield. It’s like a high stakes game of chicken.","Morning, Hfx port. Would be great to get a variety of CU shots of parts of both ships as they speedily move forward. E.g.: Bow just above the water. Part of the stern and wake. Water spraying. Include their names or at least part of them so we can identify them (not necessary for every shot, but sometimes)",
CTD_AI_HMB_HfxAerial ,103,Halifax Mont-Blanc Explosion,HMB,Sent to Cream,JJ,,,,2,"**VO:** ⏎ **NEITHER SHIP YIELDS THE RIGHT OF WAY, PUTTING THEM ON A COLLISION COURSE.**","Morning, Hfx port. Aerial. Straight down aerial, both ships moving toward each other. Would be great to have low lying clouds moving through shot so port and ships aren’t fully visible entire time",
CTD_AI_HMB_ImoInPassage01,103,Halifax Mont-Blanc Explosion,HMB,Sent to Cream,JJ,,,,11,"The IMO can finally set off for Belgium, and Captain From wastes no time leaving port. He pushes his ship hard through the passage, at well above the speed limit.","Hfx port, morning. POV from deck of Imo looking ahead, entering passage (called “The Narrows”), passing ships, Halifax and Dartmouth are going by. Mont-Blanc is not visible. Would be great if there were ships in bg, but MB is not identifiable. Bow of Imo can be visible, people only in bg, out of focus or small, not recognizable silhouettes",
CTD_AI_HMB_ImoInPassage02,103,Halifax Mont-Blanc Explosion,HMB,Sent to Cream,JJ,,,,3,"The IMO can finally set off for Belgium, and Captain From wastes no time leaving port. He pushes his ship hard through the passage, at well above the speed limit.","Hfx port, morning. CU bow of Imo just above water. Water is spraying, hitting “lens,” get sense ship is moving fast.",
CTD_AI_HMB_ImoStartsLeaving01,103,Halifax Mont-Blanc Explosion,HMB,Sent to Cream,JJ,,,,3,"The IMO can finally set off for Belgium, and Captain From wastes no time leaving port. He pushes his ship hard through the passage, at well above the speed limit.","Hfx port, morning. Underwater, MS Imo above, starting to move quickly and gaining speed. Zoom in on her propeller churning the water",
CTD_AI_HMB_ImoStartsLeaving02,103,Halifax Mont-Blanc Explosion,HMB,Sent to Cream,JJ,,,,3,"The IMO can finally set off for Belgium, and Captain From wastes no time leaving port. He pushes his ship hard through the passage, at well above the speed limit.","Hfx port, morning. Underwater, CU Imo’s propeller. Would be great to surface right next to propeller and get feel of ship moving fast",
CTD_AI_HMB_ImoStraightOn01,103,Halifax Mont-Blanc Explosion,HMB,PAUSE,,,,,0,,"EXT HALIFAX PORT - DAY ⏎ WS of the Imo as it heads straight at camera (level with bridge) - the shore line should be visible on screen right (at this point the MB is hugging the eastern shore, which is screen right, its port side) Can we get 3 versions of this? 01) ship 600m away 02) ship 400m away 03) 200m away ALL STRAIGHT ON (similar to POVBowImo_063026_1b but NOT through window, just clean)",
CTD_AI_HMB_ImoStraightOn02,103,Halifax Mont-Blanc Explosion,HMB,PAUSE,,,,,0,,"EXT HALIFAX PORT - DAY ⏎ WS of the Imo as it heads straight at camera (level with bridge) - the shore line should be visible on screen right (at this point the MB is hugging the eastern shore, which is screen right, its port side) Can we get 3 versions of this? 01) ship 600m away 02) ship 400m away 03) 200m away ALL STRAIGHT ON (similar to POVBowImo_063026_1b but NOT through window, just clean)",
CTD_AI_HMB_ImoStraightOn03,103,Halifax Mont-Blanc Explosion,HMB,PAUSE,,,,,0,,"EXT HALIFAX PORT - DAY ⏎ WS of the Imo as it heads straight at camera (level with bridge) - the shore line should be visible on screen right (at this point the MB is hugging the eastern shore, which is screen right, its port side) Can we get 3 versions of this? 01) ship 600m away 02) ship 400m away 03) 200m away ALL STRAIGHT ON (similar to POVBowImo_063026_1b but NOT through window, just clean)",
CTD_AI_HMB_ImoThroughNarrow,103,Halifax Mont-Blanc Explosion,HMB,PAUSE,,,,,0,**VO** ⏎ **FRANCIS MACKEY CAUTIOUSLY PILOTS THE EXPLOSIVE LADEN MONT BLANC INTO PORT AS THE IMO APPROACHES**,EXT. HARBOUR - DAY ⏎ WS of the Imo as it travels toward camera along a narrow stretch of harbour (0.5km wide). Imo should be closer to the right shore line. There should be docked boats on either side. Perhaps we could use another camera angle of this same idea.,
CTD_AI_HMB_ImoWhistle,103,Halifax Mont-Blanc Explosion,HMB,Sent to Cream,SM,,,,4,"EXPERT: When the ships are about three-quarters of a mile apart, Mackey sees the IMO ahead and sounds a single whistle blast, indicating he has the right of way.","Morning, Hfx port, Int POV from bridge of MB. CU Imo whistle (a couple of varieties would be great, so we can use this again further below)",
CTD_AI_HMB_Inspection01,103,Halifax Mont-Blanc Explosion,HMB,Sent to Cream,SM,,,,2,"EXPERT: The Halifax harbor pilot, Francis Mackey, boards the ship for a routine inspection. He sees the cargo includes six million pounds of explosives, including benzol, TNT, picric acid and gun cotton heading to France.","Ext deck of MB on ocean just outside Hfx. Can include twinkle of city lights in bg if need be. POV Mackey inspecting cargo on deck. Don’t show him, no other people. MS/CU - not too wide! - See barrels of benzol on deck. Fyi, there are close to 500 barrels. Choose your CUs in such a way we only see a handful up close but suggest there are many more, e.g. out of focus in bg. Dimly lit. Consider 1917 lanterns as light source as barrels are illuminated, taking shape from darkness",
CTD_AI_HMB_Inspection02,103,Halifax Mont-Blanc Explosion,HMB,Sent to Cream,SM,,,,3,"EXPERT: The Halifax harbor pilot, Francis Mackey, boards the ship for a routine inspection. He sees the cargo includes six million pounds of explosives, including benzol, TNT, picric acid and gun cotton heading to France.","Int cargo hold MB. POV Mackey as he inspects TBT, picric acid and gun cotton. Stay in CU or MS. Don't show him. Consider 1917 lanterns as light source as cargo is illuminated, taking shape from darkness.",
CTD_AI_HMB_MBExplodes,103,Halifax Mont-Blanc Explosion,HMB,Sent to Cream,SM,,,,10,"VO: ⏎ AT 9:05 AM, THE MONT-BLANC EXPLODES, SENDING A MASSIVE BLAST WAVE THROUGH THE CITY OF HALIFAX.","Ext port HFX. Start w POV from lifeboat, looking towards burning MB and Imo. Don’t include people in focus, possibly consider parts of a couple of sailors in lifeboat out of focus in fg. No faces. Then explosion happens. Sailors should be out of frame when giant explosion rips apart MB. “Camera” engulfed in flames. Can we try and visualize the shockwave, too?",
CTD_AI_HMB_MBInPassage01,103,Halifax Mont-Blanc Explosion,HMB,Sent to Cream,SM,,,,12,"EXPERT: At the same time, the Mont-Blanc is moving into the passage. Harbor pilot Mackey asks for an escort, not taking chances with all the explosives on board. But no one responds to his request.","Morning. CU side of MB, looking forward as she moves towards port, her name on ship passes through shot. Make this shot dynamic, sense of moving with purpose. Ship can take up most of shot, avoid too much bg. Make bg out of focus",
CTD_AI_HMB_MBInPassage02,103,Halifax Mont-Blanc Explosion,HMB,Sent to Cream,JJ,,,,4,"EXPERT: At the same time, the Mont-Blanc is moving into the passage. Harbor pilot Mackey asks for an escort, not taking chances with all the explosives on board. But no one responds to his request.",Morning on deck of MB. CU barrels of benzol on deck. There are close to 500 barrels on the MB. Let's be so close to only see a handful but choose a perspective that suggests more are present. Railing included in shot. Choose perspective so we can see water going by and understand she’s moving speedily,
CTD_AI_HMB_MBInPassage03,103,Halifax Mont-Blanc Explosion,HMB,Sent to Cream,JJ,,,,2,"EXPERT: At the same time, the Mont-Blanc is moving into the passage. Harbor pilot Mackey asks for an escort, not taking chances with all the explosives on board. But no one responds to his request.","Morning, just outside Hfx port. POV from deck of MB entering passage from opposite way as Imo, looking towards port. Imo is not visible. Ship is moving at a pace that feels very determinate. Can include bow of MB, some bg should be out of focus to give a more dynamic feel",
CTD_AI_HMB_MBStraightOn01,103,Halifax Mont-Blanc Explosion,HMB,PAUSE,,,,,0,,"EXT HALIFAX PORT - DAY ⏎ WS of the Mont Blanc as it heads straight at camera (level with bridge) - the shore line should be visible on screen left (at this point the MB is hugging the eastern shore, which is screen left, its starboard side) Can we get 3 versions of this? 01) ship 600m away 02) ship 400m away 03) 200m away ALL STRAIGHT ON (similar to POVBowImo_063026_1b but NOT through window, just clean)",
CTD_AI_HMB_MBStraightOn02,103,Halifax Mont-Blanc Explosion,HMB,PAUSE,,,,,0,,"EXT HALIFAX PORT - DAY ⏎ WS of the Mont Blanc as it heads straight at camera (level with bridge) - the shore line should be visible on screen left (at this point the MB is hugging the eastern shore, which is screen left, its starboard side) Can we get 3 versions of this? Can we get 3 versions of this? 01) ship 600m away 02) ship 400m away 03) 200m away ALL STRAIGHT ON (similar to POVBowImo_063026_1b but NOT through window, just clean)",
CTD_AI_HMB_MBStraightOn03,103,Halifax Mont-Blanc Explosion,HMB,PAUSE,,,,,0,,"EXT HALIFAX PORT - DAY ⏎ WS of the Mont Blanc as it heads straight at camera (level with bridge) - the shore line should be visible on screen left (at this point the MB is hugging the eastern shore, which is screen left, its starboard side) Can we get 3 versions of this? 01) ship 600m away 02) ship 400m away 03) 200m away ALL STRAIGHT ON (similar to POVBowImo_063026_1b but NOT through window, just clean)",
CTD_AI_HMB_MBWhistle,103,Halifax Mont-Blanc Explosion,HMB,Sent to Cream,JJ,,,,5,"EXPERT: Captain From replies with two whistle blasts, meaning he refuses to yield. It’s like a high stakes game of chicken.","Morning, Hfx port, Int POV from bridge of Imo. CU Imo whistle (a couple of varieties would be great, so we can use this again further below)",
CTD_AI_HMB_MackeyPilotingDay,103,Halifax Mont-Blanc Explosion,HMB,PAUSE,,,,,0,VO ⏎ FRANCIS MACKEY CAUTIOUSLY PILOTS THE EXPLOSIVE LADEN MONT BLANC INTO PORT AS THE IMO APPROACHES,"INT. SHIP - DAY ⏎ Various shots of Mackey cautiously piloting ship. CU hands on wheel, holding it steady. MS over the shoulder of Mackey seeing out the wind (but at an angle where nothing is clear in BG - IMO not visible). Other variations? Refer to CTD_AI_HMB_SteeringRight_063026_1a.mov for palate and continuity. See 39:10 in RC",
CTD_AI_HMB_MackeySentFlying,103,Halifax Mont-Blanc Explosion,HMB,Sent to Cream,SM,,,,2,"EXPERT: Harbor pilot Francis Mackey is paddling toward land when the blast sends his lifeboat flying into a tree. Somehow, he survives.",POV from FM’s lifeboat. Do not include him at all. Possible to see MB explode and get POV of him hurtled into a tree? Let's discuss if too complicated,
CTD_AI_HMB_MackeySpotsImo01,103,Halifax Mont-Blanc Explosion,HMB,Sent to Cream,SM,,,,4,"EXPERT: When the ships are about three-quarters of a mile apart, Mackey sees the IMO ahead and sounds a single whistle blast, indicating he has the right of way.","Morning, Hfx port, Int POV from bridge of MB. Imo is now visible approaching from three quarter of a mile away. Ship is moving forward. Don’t include Mackey or anyone else. Include out of focus elements in bg",
CTD_AI_HMB_NightInPort ,103,Halifax Mont-Blanc Explosion,HMB,Sent to Cream,JJ,,,,7,"EXPERT: The ship is trapped in port and her captain, Haakon From, is furious that he has to wait another day to leave.","Ext Hfx port, nighttime. POV from deck of Imo, other ships crowded around. Would be great to get sense of lots of ships jammed into small port. It’s dark, sky can still contain sliver of light if that looks better. Lit lanterns on board other ships. Silhouetted people out of focus moving on other ships, bobbing gently on waves. Going for an impressionistic, atmospheric feel here. Include out of focus elements and some camera movement. Sense of calm",
CTD_AI_HMB_POVBowImo,103,Halifax Mont-Blanc Explosion,HMB,Sent to Cream,JJ,,,,3,EXPERT: The Mont Blanc sounds another single blast and gets the same response.,"Hfx, port, morning. POV from bridge of Imo looking towards the MB as she races towards the “camera”. Include bow of Imo if you like, no people, MB should be fairly close now. Bg port out of focus",
CTD_AI_HMB_POVBowMB,103,Halifax Mont-Blanc Explosion,HMB,Sent to Cream,JJ,,,,2,EXPERT: The Mont Blanc sounds another single blast and gets the same response.,"Hfx, port, morning. POV from bridge of MB looking towards the Imo as she races towards the “camera”. Include bow of MB if you like, no people, Imo should be fairly close now. Bg port out of focus",
CTD_AI_HMB_ShipsParallel01,103,Halifax Mont-Blanc Explosion,HMB,Sent to Cream,JJ,,,,2,EXPERT (gestures with hands): The ships are almost parallel to each other but the front of the IMO’s bow pushes into the Mont Blanc on the starboard side.,"Ext, Hfx port, morning. Aerial. POV directly above ships looking down as Imo veers hard to right and ships almost slip by each other, then Imo hits MB",
CTD_AI_HMB_ShipsParallel02,103,Halifax Mont-Blanc Explosion,HMB,Sent to Cream,JJ,,,,3,EXPERT (gestures with hands): The ships are almost parallel to each other but the front of the IMO’s bow pushes into the Mont Blanc on the starboard side.,"Ext, Hfx port, morning. POV from Imo (like someone standing near bow), the MB coming closer and closer, Imo veers hard to right, ships parallel, then Imo strikes MB. Make it dramatic and give it a really close up feel",
CTD_AI_HMB_ShipsPostCollision,103,Halifax Mont-Blanc Explosion,HMB,PAUSE,,,,,0,"KATE BIBERDORF ⏎ So it's not a huge collision and both ships are actually okay,",EXT. HALIFAX - PORT - DAY ⏎ POV off the bow of the Imo looking at the starboard side hull of the Mont Blanc right after the collision (bow of Imo almost touching hull of Mont Blanc). The Mont Blanc looks undamaged. We can see docked ships on the western shoreline in the BG about 300 meters away. See image on right to see orientation of ships at collision - this is moments after.,
CTD_AI_HMB_SparksMB,103,Halifax Mont-Blanc Explosion,HMB,Sent to Cream,JJ,,,,8,"EXPERT: This extremely flammable tar-like substance comes spilling out onto the deck. Sparks from the ship’s engines reach the spilled benzol. Within seconds, the Mont-Blanc is engulfed in flames.",CU engine. Give us a few seconds without sparks. Then suddenly have a couple of sparks,
CTD_AI_HMB_SparksReachBenzol,103,Halifax Mont-Blanc Explosion,HMB,Sent to Cream,JJ,,,,4,"EXPERT: This extremely flammable tar-like substance comes spilling out onto the deck. Sparks from the ship’s engines reach the spilled benzol. Within seconds, the Mont-Blanc is engulfed in flames.",Ext deck of MB. CU puddle of spilled benzol on deck. We see reflection of sparks in benzol. Instantly ignites. Flames engulf camera,
CTD_AI_HMB_SpilledBenzol,103,Halifax Mont-Blanc Explosion,HMB,Sent to Cream,JJ,,,,3,EXPERT: It’s not a huge collision. Both ships are okay. But it knocks over several barrels of benzol on the Mont-Blanc.,"Ext, deck MB. CU several barrels of benzol are getting knocked over on deck of MB, tar-like substance comes spilling out on to deck. Choose dynamic perspective and camera movement, e.g. spilling tar very close to camera",
CTD_AI_HMB_SteeringRight,103,Halifax Mont-Blanc Explosion,HMB,Sent to Cream,JJ,,,,2,"EXPERT: Mackey blinks first and steers the ship to the right, trying to avoid a crash.","Int bridge of MB. POV Mackey. Let’s try and include his hands frantically turning wheel to the right. If the POV looks too much like a video game, do a CU of his hands from a different POV than his own. Imo in bg coming closer, out of focus",
CTD_AI_HMB_SubmarineNetsLowered,103,Halifax Mont-Blanc Explosion,HMB,Sent to Cream,JJ,,,,7,"Early the next morning, the submarine nets are lowered.","Hfx port, morning. Underwater, CU submarine net is being lowered. Would be great to see some part of the net in focus in fg and some of it ouf of focus in bg. Make it haunting and spooky, think “Das Boot”",
CTD_AI_HMB_SubmarineNetsRaised,103,Halifax Mont-Blanc Explosion,HMB,Sent to Cream,JJ,,,,3,EXPERT: The IMO’s departure has already been delayed three days. And now there’s another issue: the anti-submarine nets have been raised for the night.,"Underwater, CU submarine net is being raised. Would be great to see some part of the net in focus in fg and some of it ouf of focus in bg. Make it haunting and spooky, think “Das Boot”",
CTD_AI_HMB_Tsunami,103,Halifax Mont-Blanc Explosion,HMB,Sent to Cream,JJ,,,,7,"EXPERT: The explosion causes a tsunami in the harbor. A giant wave, 20 feet high, smashes into buildings and sweeps people out to sea.","POV from someone standing on dock. Exploded, burning MB and Imo as well as other burning ships in bg. Giant wave coming right at us (similar to TXC)",
CTD_AI_LMR_ApartmentByTracks,103,Lac-Megantic Rail Disaster,LMR,Sent to Cream,JJ,,,,1,POV AI ⏎ VO: FIRE RIPS THROUGH AN APARTMENT BUILDING CLOSE TO THE TRACKS.,EXT NIGHT - WS - A low-rise apartment building like one of these on fire; it's completely engulfed in huge flames,
CTD_AI_LMR_BeerVibes,103,Lac-Megantic Rail Disaster,LMR,Sent to Cream,SM,,,,21,"Nehemiah Mabry ([09:53:11](https://www.rev.com/app/transcript/NmEwZjI1YWE5YjVhM2YxZTZjYTM1MGQzQVpzS3l1cnRHY2Ri/o/VEMwNjI1NDQ3OTk2?ts=1807.5)): A local man named Christian LaFontaine is in the bar with his wife, his brother, and other family members when he feels the ground rumble under his feet.","CTD_AI_LMR_BeerVibes - INT. MUSI-CAFE. Night - CU of a full pint of beer on table in foreground. Patrons in background, out of focus. The table vibrates slightly, the beer in the glass gets agitated and spills a little bit over the edge of the rim.",
CTD_AI_LMR_BehindLastCar,103,Lac-Megantic Rail Disaster,LMR,Sent to Cream,SM,,,,3,"VO: JULY 5th, 2013. LOCOMOTIVE #5017 IS HEADING EAST TOWARD THE VILLAGE OF NANTES, QUEBEC. IT’S HAULING 72 TANKERS LOADED WITH TEN THOUSAND TONS OF CRUDE OIL.","CTD_AI_LMR_BehindLastCar - EXT Day The train travels through forest/farmland countryside. WS The camera flies behind and slightly above the last car (oil tanker) of the train showing the vast expanse of 72 oil tankers ahead. In the distance, at the front of the train, the locomotive belches smoke.",
CTD_AI_LMR_BrakesFail01,103,Lac-Megantic Rail Disaster,LMR,Sent to Cream,SM,,,,4,VO: THE HAND BRAKES ALONE CAN’T HOLD BACK THE IMMENSE WEIGHT OF THE TRAIN.,"CTD_AI_LMR_BrakesFail01 - EXT. TRAIN NIGHT Forest/farmland. camera at ground at wheels (NOTE: solid wheels, no spokes). MS of one oil tank car. It is at rest for a beat but then vibrates very slightly (hand brakes failing) and then begins to roll very slowly forward.",
CTD_AI_LMR_BrakesFail02,103,Lac-Megantic Rail Disaster,LMR,In Progress,SM,,,,0,**VO: THE HAND BRAKES ALONE CAN’T HOLD BACK THE IMMENSE WEIGHT OF THE TRAIN.**,"EXT. TRAIN - NIGHT ⏎ This shot was pulled due to artefacting so we're requesting it again ⏎ Same location as CTD_AI_LMR_BrakesFail01_20260630_1b.mov ⏎ Wooded area. Wider version of 1b. Camera low to ground. Static WS showing rail cars at rest for a beat, then very slowly begin to roll forward.",5:06
CTD_AI_LMR_ChristianMakesItOut,103,Lac-Megantic Rail Disaster,LMR,Sent to Cream,JJ,,,,1,POV AI they look back at the bar on fire ⏎ EXPERT: Christian LaFontaine and his wife j make it out just in the nick of time.,"EXT. NIGHT - WS Christian's POV where he stands on a dark street, at a safe distance from the explosion, looking towards the flames. Just a shadow of his body. From his POV, we see huge flames in the near distance. Reference photo:",
CTD_AI_LMR_CoupleLooksOn,103,Lac-Megantic Rail Disaster,LMR,Sent to Cream,SM,,,,3,John Moser (09:23:15): Christian LaFontaine and his wife make it out just in the nick of time.,CTD_AI_LMR_CoupleLooksOn: WS Rue Frontenac in darkness due to power outage but raging fire provides glow. We see several buildings including Musi-Cafe consumed by fire as another massive fireball rises in the deep background. Camera gently pulls back until we see the out of focus heads (in silhouette) of a man and woman holding each other looking back at the Musi-Cafe from about 50-100 feet away.,
CTD_AI_LMR_DarkTrainPOV,103,Lac-Megantic Rail Disaster,LMR,Sent to Cream,,,,,3,"Hakeem Oluseyi (09:22:42): The runaway train is now racing downhill at 65 miles per hour, three times its normal speed. And just 30 feet from the bar, it hits a curve in the track.","CTD_AI_LMR_DarkTrainPOV - INT. LOCOMOTIVE, NIGHT. Camera is inside the darkened cab of the locomotive, looking out the front window. On the right there fast approaches a row of low rise commercial buildings (one, two or three floors, we are seeing the back of the buildings, so not too well lit). We cross the road. Then there is a slight bend in the tracks. As it hits the bend the camera jostles violently as the train derails. We see the derailment from POV inside train **JUL 15: since this is a bumpy train going 65 miles an hour, camera should be shaking. It is now within the town and lights a",
CTD_AI_LMR_DerailmentCUs,103,Lac-Megantic Rail Disaster,LMR,First request,,,,,0,,"EXT. TRAIN TRACKS. NIGHT ⏎ Need a variety of collision and derailment CUs and ECUs to cover almost 20 seconds. ⏎ You can disregard physics and geography, just go super immersive: camera low to ground, very close to action, ""in your face"", lots of different POVs as oil cars derail, collide and pile up. NO FIRE yet.",
CTD_AI_LMR_EpoxyRepair ,103,Lac-Megantic Rail Disaster,LMR,Sent to Cream,,,,,8,"Hakeem Oluseyi ([09:04:41](https://www.rev.com/app/transcript/NmExNjEwZDM0NTY3ZGQ5MmNkYjFkN2ZmWEZvb3pKMFpxak1Y/o/VEMwMjM2MjY5Nzgw?ts=375.12)): But instead of fixing it properly, they use a sticky epoxy-like substance to essentially glue it back together.",CTD_AI_LMR_EpoxyRepair INT. Workshop CU of engine being repaired with epoxy. Technician’s gloved hands ready in and do repair.,
CTD_AI_LMR_Failing Locomotive,103,Lac-Megantic Rail Disaster,LMR,Sent to Cream,JJ,,,,1,"EXPERT: The lead diesel locomotive has had a patchwork of repairs. Several months earlier, it had been in the shop with an engine failure.","EXT - DAY - MS ⏎ Similar to AI_LMR_HardingDrivingTrain - but view is off the front left side of the train window, showing locomotive moving on the track. Reference: ⏎ @ 24:23",
CTD_AI_LMR_FireErupts,103,Lac-Megantic Rail Disaster,LMR,Sent to Cream,,,,,4,RESIDENT: I’m between Nantes and Lac-Mégantic and there’s a train on fire.,CTD_AI_LMR_FireErupts - EXT. TRAIN NIGHT Forest/farmland. MS of top of parked locomotive. Flames start coming out of the top and fire grows bigger.,
CTD_AI_LMR_FirefighterShutsEngine,103,Lac-Megantic Rail Disaster,LMR,In Progress,,,,,0,"JOHN MOSER ⏎ Within minutes, a dozen firefighters are on the scene. They shut off the engines. Then they put out the fire and leave.","INT. LOCOMOTIVE - NIGHT ⏎ Light source would be firefighter flashlight. Should be dimly lit otherwise. ⏎ 2 ECUs of the gloved hand of a firefighter as it moves one of the protruding levers on the console from one side to the other. ⏎ Very shallow depth of field. 2 different POVs for variety please. Frame shot so tightly we really only see one of the levers and part of the hand, maybe another piece of the console totally out of focus in bg. ⏎ See first photo on page 1 of visual reference doc. ⏎ 4:47 in network RC",4:47 network RC
CTD_AI_LMR_FlyIntoEngine01,103,Lac-Megantic Rail Disaster,LMR,Cancelled,,,,,0,"Hakeem Oluseyi (09:04:41): But instead of fixing it properly, they use a sticky epoxy-like substance to essentially glue it back together.",CTD_AI_LMR_FlyIntoEngine01 - EXT dusk/magic hour. WS as camera flies alongside locomotive (pointing toward screen right) as huge amounts of smoke emanates from train.,
CTD_AI_LMR_FlyIntoEngine02,103,Lac-Megantic Rail Disaster,LMR,Sent to Cream,,,,,5,"Hakeem Oluseyi (09:04:41): But instead of fixing it properly, they use a sticky epoxy-like substance to essentially glue it back together.","CTD_AI_LMR_FlyIntoEngine02 - INT. CU Locomotive engine interior as the engine mechanics vibrate, overheat and smoke",
CTD_AI_LMR_GroundRumbles,103,Lac-Megantic Rail Disaster,LMR,Sent to Cream,SM,,,,2,"POV AI ⏎ EXPERT: A local man named Christian LaFontaine is in the bar with his wife, his brother, and other family members when he feels the ground rumble under his feet.","INT. of crowded Musi-Cafe bar: NIGHT - lights on - POV - MS from Christian's perspective as he watches a bartender pour a beer from a tap and slide it towards him. He picks up the full pint, which starts to shake; some of the beer spills out. Reference photos of bar interior here:",
CTD_AI_LMR_HandBrake01 ,103,Lac-Megantic Rail Disaster,LMR,Sent to Cream,,,,,6,Andrew Nelson (09:06:58): The train has automatic air brakes and then there are also manual brakes that the engineer can set by hand.,"CTD_AI_LMR_HandBrake01 - EXT, TRAIN, NIGHT - follow Harding from behind waist down (foreground, out of focus) as we walks toward first hand brake. He crouches down and sets the brake.",
CTD_AI_LMR_HandBrake02,103,Lac-Megantic Rail Disaster,LMR,Sent to Cream,,,,,3,Andrew Nelson (09:06:58): The train has automatic air brakes and then there are also manual brakes that the engineer can set by hand.,"CTD_AI_LMR_HandBrakeCU - EXT, TRAIN, NIGHT CU of hardings hands as he sets a hand brake on the train",
CTD_AI_LMR_HardingDrivingTrain,103,Lac-Megantic Rail Disaster,LMR,Sent to Cream,JJ,,,,3,"POV AI ⏎ EXPERT: Engineer Tom Harding is driving the train, which is operated by an American company called Montreal, Main & Atlantic Railway, or MMA.","EXT - DAY - MS/ ⏎ Over Harding's shoulder, we look through front window as he drives slowly through the countryside. ⏎ Reference: @ 23:58",
CTD_AI_LMR_HardingOnPhone,103,Lac-Megantic Rail Disaster,LMR,Sent to Cream,JJ,,,,6,"EXPERT: Once the brakes have been set, Harding calls the traffic controller in Farnham – RJ Labrie – to tell him that he’s heading out.","EXT. NIGHT - Continues from CTD_AI_LMR_HardingSetsBrakes ⏎ In the dark of night, after we pull wide to see the locomotive engines are running, we see the shadowy figure of Harding from behind. As he stands and looks at the train, he pulls his cell phone out of a pocket and punches in some numbers.",
CTD_AI_LMR_HardingOnPhone,103,Lac-Megantic Rail Disaster,LMR,Sent to Cream,,,,,6,"Hakeem Oluseyi ([09:12:00](https://www.rev.com/app/transcript/NmExNjEwZDM0NTY3ZGQ5MmNkYjFkN2ZmWEZvb3pKMFpxak1Y/o/VEMwMjM2MjY5Nzgw?ts=814.65)):Once he's parked, Harding calls the main office of MMA in Bangor, Maine and lets them know about the smoke coming from the locomotive.",CTD_AI_LMR_HardingOnPhone - EXT. TRAIN NIGHT Forest/farmland. MS Harding out of focus over shoulder in foreground (silhouette) holding cellphone to ear. Shot is focused on smoke coming out of parked locomotive.,
CTD_AI_LMR_HardingSetsBrakes,103,Lac-Megantic Rail Disaster,LMR,Sent to Cream,JJ,,,,1,POV AI ⏎ EXPERT: Harding sets seven hand brakes. He also leaves the locomotive’s air brakes activated with the engines idling. That's because the air brakes only work when the engine is operating.,"EXT - NIGHT - MS Harding crouches down to set a hand brake on a train car, which looms large over him. As he stands we pull wide to see the engines on the front locomotive are running.",
CTD_AI_LMR_HardingUsingPayloader,103,Lac-Megantic Rail Disaster,LMR,Sent to Cream,JJ,,,,1,POV AI ⏎ EXPERT: Harding races to the scene and he jumps into a payloader and starts to try to drag unexploded tankers away from the fire.,EXT NIGHT - ⏎ A huge wall of flames in near distance; the dark figure of a payloader drives towards them with just the shadow of Harding's head at the wheel. Ref photo for flames: and for payloader:,
CTD_AI_LMR_HardingWalksAway,103,Lac-Megantic Rail Disaster,LMR,Sent to Cream,,,,,5,"VO: LEAVING THE SMOKING LOCOMOTIVE BEHIND, HARDING TAKES A TAXI TO A HOTEL IN LAC-MÉGANTIC … A TOWN SEVEN MILES DOWNHILL FROM NANTES.","CTD_AI_LMR_HardingWalksAway - EXT. TRAIN NIGHT Forest/farmland. WS as Harding (foreground in silhouette out of focus) walks out of frame, leaving smoking locomotive parked in background.",
CTD_AI_LMR_HazardFlammable,103,Lac-Megantic Rail Disaster,LMR,Sent to Cream,,,,,11,"VO: JULY 5th, 2013. LOCOMOTIVE #5017 IS HEADING EAST TOWARD THE VILLAGE OF NANTES, QUEBEC. IT’S HAULING 72 TANKERS LOADED WITH TEN THOUSAND TONS OF CRUDE OIL.","CTD_AI_LMR_HazardFlammable - EXT Day. CU camera flies alongside the moving train, showing close up on the hazardous materials/flammable symbol on the side of an oil car.",1:47
CTD_AI_LMR_HeadsForDoor,103,Lac-Megantic Rail Disaster,LMR,PAUSE,SM,,,,0,POV AI ⏎ EXPERT: He instinctively grabs his wife’s hand and heads immediately to the door.,INT - crowded Bar (same as **CTD_AI_LMR_GroundRumbles)** Lights on: CU on Christian's hand reaching for his wife's hand beside him. His hand pulls hers forward.,
CTD_AI_LMR_HomeInFlames,103,Lac-Megantic Rail Disaster,LMR,Sent to Cream,JJ,,,,1,POV AI ⏎ EXPERT: He rushes home only to find the oil and flames reaching everywhere. He can't get inside.,"EXT - NIGHT - same location as CTD_AI_LMR_ApartmentByTracks. We see Christian's shadow from behind, flickering by the light of the flames as he runs towards the building. Beyond him, we see the building engulfed in flames.",
CTD_AI_LMR_JUL8RueFrontenac02,103,Lac-Megantic Rail Disaster,LMR,Sent to Cream,,,,,11,,EXT-NIGHT ⏎ As above but closer to Music-Cafe. Try to get a sense of people inside but with no discernible features. DO NOT show Musi-Cafe sign. Various shots/angles if possible. See Rue Frontenac reference:,
CTD_AI_LMR_JUL8TrainCountrysideDay,103,Lac-Megantic Rail Disaster,LMR,Sent to Cream,,,,,17,,"EXT - DAY ⏎ Various angles/camera positions. Static and moving camera. Just need lots of variety while train is chugging along, summertime DAY, sunny. Should have lots of black smoke emanating from locomotive.",2:00 ⏎ 2:09 ⏎ 2:30
CTD_AI_LMR_JUL8TrianInteriorDay02,103,Lac-Megantic Rail Disaster,LMR,In Progress,,,,,0,,"INT-DAY ⏎ POV looking out front window of train in countryside, DAY. Engineer out of focus in foreground, NO discernible feature. Various shots/angles if possible.",
CTD_AI_LMR_LeaveBar01,103,Lac-Megantic Rail Disaster,LMR,In Progress,,,,,0,RESIDENT: I’m between Nantes and Lac-Mégantic and there’s a train on fire.,"CTD_AI_LMR_LeaveBar01 - INT. MUSI-CAFE. Night - CU of a woman’s hand resting on a table, beside a half finished cocktail. Suddenly a man’s hand reaches in and takes her hand. He gently pulls her hand until they both leave frame.",
CTD_AI_LMR_LeaveBar02,103,Lac-Megantic Rail Disaster,LMR,In Progress,,,,,0,RESIDENT: I’m between Nantes and Lac-Mégantic and there’s a train on fire.,CTD_AI_LMR_LeaveBar02 - INT. MUSI-CAFE. Night - CU camera tracks along with a man and woman’s feet (both wearing casual shoes) in foreground as the briskly walk toward exit. Legs and feet of other bar patrons can be seen out of focus in background.,
CTD_AI_LMR_MainStreet,103,Lac-Megantic Rail Disaster,LMR,In Progress,,,,,0,Paul Sutter (11:38:39): It's a hot Friday night in July and the place to be in Lac-Mégantic is a little bar called the Musi-Café.,"CTD_AI_LMR_MainStreet - EXT. LAC MEGANTIC MAIN STRIP (RUE FRONTENAC), NIGHT. Camera tracks down Rue Frontenac in Lac- Magnetic revealing the front entrance of Musi-Cafe. Patrons can be seen inside in silhouette",
CTD_AI_LMR_ManWomanExit01,103,Lac-Megantic Rail Disaster,LMR,Sent to Cream,,,,,1,,INT-EXT. NIGHT ⏎ CU legs of man and woman walking quickly out of pub. Shoes and clothes should match CTD_AI_LMR_Walkintopub_20260706_1a.mov,
CTD_AI_LMR_MassiveExplosion,103,Lac-Megantic Rail Disaster,LMR,Sent to Cream,JJ,,,,9,"DISASTER AI/ARCHIVE ⏎ VO: ⏎ LESS THAN 15 SECONDS LATER, THERE’S A HUGE EXPLOSION.",EXT - NIGHT: Top down view cont'd from **CTD_AI_LMR_TrainDerails: **The spilled oil ignites and a giant fireball rises high in the sky towards us on the overhead shot. ⏎ FF,
CTD_AI_LMR_Musi-CafeRevelry01 ,103,Lac-Megantic Rail Disaster,LMR,Sent to Cream,,,,,3,,"INT BAR - NIGHT - CU pint of beer lifted to man’s mouth - no discernible features - other patrons in BG out of focus. Use GroundRumbles1a for aesthetic reference, but dimmer lighting.",
CTD_AI_LMR_Musi-CafeRevelry02,103,Lac-Megantic Rail Disaster,LMR,Sent to Cream,,,,,11,,"INT BAR - NIGHT - CU cocktail glass lifted to woman’s mouth - no discernible features - other patrons in BG out of focus. Use GroundRumbles1a for aesthetic reference, but dimmer lighting.",
CTD_AI_LMR_Musi-CafeRevelry03,103,Lac-Megantic Rail Disaster,LMR,Sent to Cream,,,,,3,,"INT BAR - NIGHT - CU of bartenders hand as they pour booze over ice in a rock glass on bar - no discernible features - other patrons in BG out of focus. Use GroundRumbles1a for aesthetic reference, but dimmer lighting.",
CTD_AI_LMR_Musi-CafeRevelry04,103,Lac-Megantic Rail Disaster,LMR,Sent to Cream,,,,,6,,"INT BAR - NIGHT - CU musician’s hand strumming guitar on stage. Use GroundRumbles1a for aesthetic reference, but dimmer lighting.",
CTD_AI_LMR_Musi-CafeRevelry05 ,103,Lac-Megantic Rail Disaster,LMR,Sent to Cream,,,,,3,,"INT BAR - NIGHT MS From stage (raised only one foot, not a tall stage) behind solo acoustic guitar player (foreground, silhouette) we look out at patrons seated at tables, talking, laughing, drinking, only some looking toward stage, most not. No discernible features of patrons, out of focus. Use GroundRumbles1a for aesthetic reference, but dimmer lighting.",
CTD_AI_LMR_Musi-CafeRevelry06,103,Lac-Megantic Rail Disaster,LMR,Sent to Cream,,,,,14,,"INT BAR - NIGHT - CU a few pairs of women’s and men’s feet dancing in front of stage. Use GroundRumbles1a for aesthetic reference, but dimmer lighting.",
CTD_AI_LMR_Musi-CafeRevelry07a,103,Lac-Megantic Rail Disaster,LMR,Sent to Cream,,,,,3,,"INT BAR - NIGHT - ⏎ 2-3 CUs - general bar vibes. ⏎ Use GroundRumbles1a for aesthetic reference, but dimmer lighting.",
CTD_AI_LMR_MusiCafeInferno,103,Lac-Megantic Rail Disaster,LMR,Sent to Cream,JJ,,,,1,"POV AI ⏎ EXPERT: Right at ground zero, the Musi-Café is basically a raging inferno.",EXT - NIGHT: WS looking towards the Musi-Cafe; through the windows we see flames flickering. Good reference photos of ext here:,
CTD_AI_LMR_MusiCafePanic,103,Lac-Megantic Rail Disaster,LMR,Sent to Cream,SM,,,,1,"POV AI ⏎ EXPERT: This massive fireball causes panic in the Musi-Café. The power goes out, people start screaming and running for the exits.","INT - Bar - Same location as **CTD_AI_LMR_GroundRumbles - ** From inside the bar, we see the train explosion through the Musi-Cafe windows. The lights go out behind the windows, indicating the power's been cut. The light from the explosion glows even brighter in the dark room. (We aren't seeing people here)",
CTD_AI_LMR_NewDerailment01 ,103,Lac-Megantic Rail Disaster,LMR,In Progress,,,,,0,,"EXT-NIGHT ⏎ Camera flies alongside oil car at same speed (pointing forward at locomotive) for a beat, then train derails. Crashing rail cars wipe in front of camera, and wreckage overtakes the frame.",
CTD_AI_LMR_NewDerailment02,103,Lac-Megantic Rail Disaster,LMR,In Progress,,,,,0,,"EXT - NIGHT. LAC MEGANTIC ⏎ Camera flies alongside oil car at same speed (pointing forward at locomotive) for a beat, then train derails. Crashing rail cars wipe in front of camera, and wreckage overtakes the frame",
CTD_AI_LMR_NewDerailment03,103,Lac-Megantic Rail Disaster,LMR,In Progress,,,,,0,,"EXT - NIGHT. LAC MEGANTIC ⏎ Camera at side of tracks as train barrels toward it, derails. Train car rapidly rolls toward frame and ""destroys"" camera.",
CTD_AI_LMR_Outskirts01 ,103,Lac-Megantic Rail Disaster,LMR,Sent to Cream,,,,,6,"Hakeem Oluseyi (09:22:42): The runaway train is now racing downhill at 65 miles per hour, three times its normal speed. And just 30 feet from the bar, it hits a curve in the track.",CTD_AI_LMR_Outskirts01 - EXT. TRAIN NIGHT Forest/farmland. The camera is keeping pace with train as it points directly at front of train head on as it barrels forward at 65 mph,
CTD_AI_LMR_Outskirts02,103,Lac-Megantic Rail Disaster,LMR,In Progress,,,,,0,"Hakeem Oluseyi (09:22:42): The runaway train is now racing downhill at 65 miles per hour, three times its normal speed. And just 30 feet from the bar, it hits a curve in the track.","CTD_AI_LMR_Outskirts02 - EXT. TRAIN TRACKS, NIGHT Edge of town. The camera is pointing in direction speeding train is headed. We see the train from behind as it rushes into the outskirts of La Megantic. We can see many buildings, homes. And the glow of the town centre in the background.",
CTD_AI_LMR_POVWindscreenDusk,103,Lac-Megantic Rail Disaster,LMR,Sent to Cream,,,,,6,"Paul Sutter (11:30:44): Harding is the only crew member on this mile long train that is carrying hazardous cargo. Believe it or not, this has become standard practice for MMA.","CTD_AI_LMR_POVWindscreenDusk - INT locomotive Dusk/magic hour, forest/farmland countryside. Inside locomotive, Harding out of focus in foreground, looking over his shoulder out the front windscreen. (Note, train is heading east, so no sunset should be visible)",
CTD_AI_LMR_ParkedTrainSmoke01,103,Lac-Megantic Rail Disaster,LMR,In Progress,,,,,0,,"EXT - NIGHT. WOODED AREA ⏎ Same location and lighting as respin of CTD_AI_LMR_HandBrake ⏎ Train is parked in wooded area. No Harding in shot. ⏎ 5 CUs, varying POVs: Top of first engine. Smoke coming out. Top of engine should match CTD_AI_LMR_FireErupts_20260706_1a.mov ⏎ Would be great if for two of these shots POVs and camera movement worked together to reveal the smoke. E.g. camera tracking up side of train in ECU, then reaching top and revealing smoke. ⏎ Shallow depth of field, include some out of focus elements in frame. Include camera being engulfed in smoke.",
CTD_AI_LMR_ParksOnMainTrack,103,Lac-Megantic Rail Disaster,LMR,Sent to Cream,JJ,,,,12,"EXPERT: The place where the train would normally park is full. So, Harding just parks it on the main tracks, which is allowed in this situation.","EXT - Night time: In the darkness, the train creeps slowly forward on the track then comes to a stop. Could start wider then push in to the wheels. Track Reference Photo #3 here and Train Reference Photo #2 here:",2:55
CTD_AI_LMR_PowerOut01,103,Lac-Megantic Rail Disaster,LMR,Sent to Cream,,,,,12,"John Moser ([09:22:47](https://www.rev.com/app/transcript/NmExMDliYmYzOTMxYWMyOGEzNzg2N2Q1M3VZSUVWZVNKLWpO/o/VEMwMDg0MzA3MTY5?ts=1328.03)): ⏎ This massive fireball causes panic in the Musi-Café. The power goes out, people start screaming and running for the exits.","CTD_AI_LMR_PowerOut01 - INT. MUSI-CAFE. Night. CU of a light fixture— should feel like a light fixture you would see at a small town pub. It goes out and darkness ensues. The only light is now very dim (from fireball outside). **JUL 15 - NOTE: we never see window or fireball in frame. Once the power goes out, there is a dim orange glow illuminating the scene - ambient light bleeding in through the window from the massive fireball outside**",
CTD_AI_LMR_PowerOut02,103,Lac-Megantic Rail Disaster,LMR,Sent to Cream,,,,,2,"John Moser ([09:22:47](https://www.rev.com/app/transcript/NmExMDliYmYzOTMxYWMyOGEzNzg2N2Q1M3VZSUVWZVNKLWpO/o/VEMwMDg0MzA3MTY5?ts=1328.03)): ⏎ This massive fireball causes panic in the Musi-Café. The power goes out, people start screaming and running for the exits.","CTD_AI_LMR_PowerOut02 - INT. MUSI-CAFE. Night. The power is out and the only light is coming from an orange glow (the fireball happening behind the buildings). We can only see patrons from the waist down as they panic and race for the door. Pints of beer and other drinks also hit the floor, spilling and breaking in the panic. **JUL 15 - NOTE: we never see window or fireball in frame. we only see feet running on the floor, and drinks hitting the floor. There is a dim orange glow illuminating the scene - ambient light bleeding in through the window from the massive fireball outside.**",
CTD_AI_LMR_RevealLacMega,103,Lac-Megantic Rail Disaster,LMR,Sent to Cream,,,,,10,Bradley Greive (17:31:31): Now you have an unmanned runaway train rolling down the hill into Lac-Mégantic picking up speed. Now there is nothing between the train and the town but gravity and God.,"CTD_AI_LMR_RevealLacMega - EXT. TRACKS NIGHT Forest/farmland. Higher WS. Empty train tracks in the foreground. The tracks stretch into the distance toward Lac Megantic (2km away), we can see the lights of the town. Suddenly, the fast moving train enters the foreground and barrels toward the town in the distance.",
CTD_AI_LMR_RueFrontenac01 ,103,Lac-Megantic Rail Disaster,LMR,Sent to Cream,,,,,2,,"EXT-NIGHT ⏎ Establishing shot of Rue Frontenac and Musi-Cafe. The street is mainly dark (businesses closed) with streetlights but Musi-Cafe is open we see lights emanating from inside. Similar to CTD_AI_LMR_Walkintopub_20260706_1a.mov No people in shot, also do not show sign. Don’t need brightly lit church in BG. Also, real church is further in distance. DO NOT show Musi-Cafe sign. Various shots/angles if possible. See Rue Frontenac reference:",
CTD_AI_LMR_RunawayTrain,103,Lac-Megantic Rail Disaster,LMR,Sent to Cream,JJ,,,,2,"EXPERT: The runaway train is now racing downhill at 65 miles an hour – more than three times its normal speed. And just 30 feet from the bar, it hits a curve in the track.","EXT. Night: WS centered on a train in the distance; as it races down the track, it quickly gets closer and closer until it's coming right at us. Then it veers sharply away on a curve in the track.",
CTD_AI_LMR_StopWithSmoke,103,Lac-Megantic Rail Disaster,LMR,Cancelled,,,,,0,"VO: AT 10:50PM, HARDING NEARS THE END OF HIS SHIFT. HE STOPS FOR THE NIGHT AT THE HILLTOP RAILWAY CROSSING IN NANTES.","CTD_AI_LMR_StopWithSmoke - EXT. TRAIN NIGHT Forest/farmland. - low angle ground level as train slowly rolls to a stop, focused on wheels. (NOTE: modern trains do not have spoke wheels, only solid steel wheels.) BG wooded area. Camera cranes up from wheels to above locomotive, revealing huge amount of smoke billowing out.",3:09
CTD_AI_LMR_TankRupture01,103,Lac-Megantic Rail Disaster,LMR,Sent to Cream,,,,,5,Lance Geiger (15:05:29): The train derails. The cars start piling up on top of each other and two million gallons of crude oil starts gushing out.,"CTD_AI_TankRupture01 - EXT. TRACKSIDE, LAC MEGANTIC, NIGHT - CU of a big gash in a ruptured oil tank car as oil gushes out.",
CTD_AI_LMR_TankRupture02,103,Lac-Megantic Rail Disaster,LMR,Sent to Cream,,,,,17,Lance Geiger (15:05:29): The train derails. The cars start piling up on top of each other and two million gallons of crude oil starts gushing out.,"CTD_AI_TankRupture02 - EXT. TRACKSIDE, LAC MEGANTIC, NIGHT - WS low to the ground. In foreground, a massive oil slick spreads. In BG, we see a toppled oil car spewing oil from gas in tank. With other toppled oil tanks beside it.",
CTD_AI_LMR_TaxiHighway,103,Lac-Megantic Rail Disaster,LMR,Sent to Cream,,,,,1,"Jess Phoenix (15:25:40): By the time Harding's taxi hits the highway, the locomotive is erupting in flames.","CTD_AI_LMR_TaxiHighway - EXT. HIGHWAY EXIT, NIGHT. High angle WS. Taxi pulls onto highway exit in foreground and exits frame. Camera cranes up to reveal train parked in deep BG, as flames start to emerge from top of locomotive",
CTD_AI_LMR_TaxiHighway02,103,Lac-Megantic Rail Disaster,LMR,In Progress,,,,,0,,"EXT - NIGHT. WOODED AREA ⏎ CU/ WS. Camera low to ground, pointing along side rural highway. It's dark. Woods on both sides. CU Grass out of focus in fg. Taxi goes by in focus in bg. Then rack focus to grass as taxi's tail lights disappear in distance.",3:35 taxi segment will be recut somehwat)
CTD_AI_LMR_TrainDerails,103,Lac-Megantic Rail Disaster,LMR,Sent to Cream,JJ,,,,5,"EXPERT: The train derails, the cars start piling on top of each other. And then two million gallons of crude oil starts gushing out.","Night time: WS - Top down view: train goes flying off the curve in the track and multiple cars go flying off, some landing on top of each other. We see oil gushing out of a big hole in one of the cars. See reference photos 4 & 5 for curve in track:","Train derailment re-spins discussed with Sacha - need multiple shots, see RC: ⏎ 6:09 ⏎ 6:13 ⏎ 6:44 ⏎ 6:51"
CTD_AI_LMR_TrainHeadOn,103,Lac-Megantic Rail Disaster,LMR,Sent to Cream,,,,,10,Nehemiah Mabry (09:29:54): The lead diesel locomotive had been in the shop with an engine failure.,"CTD_AI_LMR_TrainHeadOn - EXT dusk/magic hour. Camera above tracks as train barrels toward it, straight on. Locomotive passes under camera at full speed. Thick smoke from Locomotive overwhelms camera.",
CTD_AI_LMR_TrainInFlames,103,Lac-Megantic Rail Disaster,LMR,Sent to Cream,SM,,,,1,"POV AI - Harding in a taxi, flames behind him ⏎ EXPERT: By the time Harding’s taxi hits the highway, the locomotive is erupting in flames. ... if he had just looked behind him, he would have seen the fire.","INT of Car/Night: POV - Harding in the back seat of a taxi. Over his shoulder as he looks forward, we see the silhouette of the driver and darkness through the front window. Then in the rearview mirror, we see flames as the train catches fire behind the taxi. Reference video for train fire: @35:21",
CTD_AI_LMR_TrainIncline ,103,Lac-Megantic Rail Disaster,LMR,In Progress,,,,,0,"John Moser (09:08:09): This particular train is hauling 3,000 tonnes more than it's supposed to up some very steep hills. And the engine is belching smoke.",CTD_AI_LMR_TrainIncline - EXT. TRAIN night. Forest/farmland. Camera flies alongside locomotive as train goes up a slight incline and around a curve. Camera rises higher to reveal massive amounts of smoke coming out of locomotive,
CTD_AI_LMR_TrainMediumSpeed,103,Lac-Megantic Rail Disaster,LMR,In Progress,,,,,0,,"EXT NIGHT - WS ⏎ Camera angle from above showing train passing underneath and receding into distance (rail cars only). NO SMOKE OR FIRE COMING FROM TRAIN. We already have train going slow, and train going fast., need something in the middle. Use ""trainmisc_20260630_1d"" as reference. Same colour scheme but it should be going faster than this.",
CTD_AI_LMR_TrainSpeedsUp,103,Lac-Megantic Rail Disaster,LMR,Sent to Cream,JJ,,,,1,"EXPERT: You have an unmanned train, lights out,heading right for Lac- Mégantic.","EXT. NIGHT - overhead WS of the train rolling downhill on tracks, a dark figure snaking towards the town of Lac-Megantic at bottom of hill. In the far distance, we see the lights of the town flickering. Photos of town at night:",
CTD_AI_LMR_TrainStatic01,103,Lac-Megantic Rail Disaster,LMR,Sent to Cream,,,,,6,"Paul Sutter (11:30:44): Harding is the only crew member on this mile long train that is carrying hazardous cargo. Believe it or not, this has become standard practice for MMA.","CTD_AI_LMR_TrainStatic01 - Dusk/magic hour, forest/farmland countryside. WS - camera is static above train tracks looking to the east (tracks recede into horizon). Suddenly the locomotive enters frame (belching smoke) pulling 72 oil tankers behind it.",
CTD_AI_LMR_TrainStops01 ,103,Lac-Megantic Rail Disaster,LMR,Sent to Cream,,,,,6,,"EXT-NIGHT ⏎ Train rolls to a stop in Nantes (wooded area, NIGHT). MODERN TRAIN WHEELS ONLY, not spoke wheels. Various shots/angles if possible.",
CTD_AI_LMR_Trainmiscearlygens_01,103,Lac-Megantic Rail Disaster,LMR,Sent to Cream,,,,,8,,,
CTD_AI_LMR_TrappedInBar,103,Lac-Megantic Rail Disaster,LMR,Sent to Cream,JJ,,,,2,"POV AI ⏎ EXPERT: Some people manage to escape before the bar implodes. But many others are trapped inside, including several of Christian LaFontaine’s family members.","EXT: Night - same view as CTD_AI_LMR_MusiCafeInferno but the flames are bigger and wilder now; we see the shadows of people running out the door, then the door and windows shatter inwards into the cafe.",
CTD_AI_LMR_WheelsDerail,103,Lac-Megantic Rail Disaster,LMR,Sent to Cream,,,,,4,Lance Geiger (15:05:29): The train derails. The cars start piling up on top of each other and two million gallons of crude oil starts gushing out.,"CTD_AI_WheelsDerail - EXT. TRACKS, NIGHT - CU of the speeding oil car wheels (NOT spoked wheels, solid wheels) as they come off the rails and hit dirt/gravel and start kicking up gravel and dust.",
CTD_AI_LMR_WhizPast ,103,Lac-Megantic Rail Disaster,LMR,In Progress,,,,,0,Bradley Greive ([17:31:31](https://www.rev.com/app/transcript/NmExMGJjZGU3NTUwN2VkOGYxMzQyMzUwbDRuZWlkem45dHdP/o/VEMwMjExMDQ0NzQw?ts=9557.63)): ⏎ Now you have an unmanned runaway train rolling down the hill into Lac-Mégantic picking up speed. Now there is nothing between the train and the town but gravity and God.,"CTD_AI_LMR_WhizPast - EXT. TRAIN NIGHT Forest/farmland. WS round level as the train whizzes past, oil car after oil car, left to right.",
CTD_AI_PFS_BlownToGround,103,Peshtigo Firestorm,PFS,Sent to Cream,,,,,3,"EXPERT: It’s almost impossible to outrun the flames. People are blown to the ground, hot air burning their lungs.","Ext Peshtigo on fire. CU Flames in fg in focus, people running and falling in bg out of focus. Horses running, dogs. Let's try this, but definitely needs to be subtle, more suggestive than actually seeing people falling and burning. Would be great to try different locations in town and the flames in fg on e.g. a building, a roof, a veranda, a carriage in road, and people or animals in bg OUT OF FOCUS",
CTD_AI_PFS_Broom,103,Peshtigo Firestorm,PFS,Sent to Cream,,,,,1,"EXPERT: The mill and factory create a lot of waste, like bark and sawdust.","Ext sawmill in Peshtigo. CU broom sweeping bark and sawdust into a pile. Handheld ""camera"" feel",
CTD_AI_PFS_BurnDebris01,103,Peshtigo Firestorm,PFS,Sent to Cream,,,,,1,"EXPERT: Farmers and rail workers also use small, controlled fires to burn debris.","Ext outside Peshtigo on railroad tracks. Same location as CTD_AI_PFS_ClearingTracks. CU/MS workers burning piles and stoking burning piles at side of track in fg. In bg workers throwing more branches to side of track. Piles should be about hip height max, not massive. Avoid faces. Handheld feel. ⏎ .",
CTD_AI_PFS_BurnDebris02,103,Peshtigo Firestorm,PFS,Sent to Cream,,,,,1,"EXPERT: Farmers and rail workers also use small, controlled fires to burn debris.","Ext outside Peshtigo on railroad tracks. Same location as CTD_AI_PFS_ClearingTracks. CU flames consuming brush piles. Flames should be looking small and manageable, not a raging blaze",
CTD_AI_PFS_BurnSawdust,103,Peshtigo Firestorm,PFS,Sent to Cream,,,,,1,"EXPERT: The mill and factory create a lot of waste, like bark and sawdust. And what’s the easiest way to get rid of it? You burn it.","Ext sawmill Peshtigo. Same location as CTD_AI_PFS_Broom. CU hand striking match and lighting pile of sawdust and bark on fire. Handheld ""camera"" feel",
CTD_AI_PFS_ClearingTracks,103,Peshtigo Firestorm,PFS,Sent to Cream,,,,,1,And rail workers dump piles of branches and brush as they clear the tracks.,"Ext outside Peshtigo, in mostly White Pine forest, on railroad tracks. CU hands grabbing loose branches and brush (that has just been cut from trees overhanging railroad tracks) and throwing them to side of tracks where branches and brush is already piling up. Potentially include workers out of focus in bg cutting branches from mostly White Pine trees. Make shot dynamic, like tracking the movement of branches being thrown",
CTD_AI_PFS_CloudOfSmoke,103,Peshtigo Firestorm,PFS,Sent to Cream,,,,,1,"EXPERT: Parish priest Peter Pernin looks out his window and sees what to him looks like “a dense cloud of smoke over-hanging the earth”. He hears a distant roar, like a freight train approaching.","INT parish house Peshtigo. POV priest looking out window (don't see priest, just parts of the window - similar to CTD_AI_CHF_WuhanFloodPOV_20260520_1a.mov). Outside some village houses. The houses are already partially obscure by smoke hanging low over the town. Forest beyond village, the sky above the forest (mostly white pine) is black with thick smoke. In the distance just above the trees, an ominous orange glow indicates the approaching fire. The trees (mostly white pine) are swaying in wind. No people necessary",
CTD_AI_PFS_DryPeshtigo01,103,Peshtigo Firestorm,PFS,Sent to Cream,,,,,1,"**VO:** ⏎ **THE SUMMER AND EARLY FALL OF 1871 ARE UNUSUALLY HOT AND DRY. BY OCTOBER, PESHTIGO HASN’T SEEN RAIN IN MORE THAN TEN WEEKS. **","Ext Peshtigo. Low flying drone through town baking under an intense sun. Late summer vibe. Get sense of intense heat and dryness. Include some limited human activity, like a horse carriage going slowly down the road. Dust swirling to suggest dry ground. Avoid faces. Include some dry grass or bushes/flowers with drooping leaves",
CTD_AI_PFS_DryPeshtigo02,103,Peshtigo Firestorm,PFS,Sent to Cream,,,,,2,"**VO:** ⏎ **THE SUMMER AND EARLY FALL OF 1871 ARE UNUSUALLY HOT AND DRY. BY OCTOBER, PESHTIGO HASN’T SEEN RAIN IN MORE THAN TEN WEEKS. **","Ext Peshtigo, same location and weather as DryPeshtigo01. CU dry grass or bush/flowers with drooping leaves in fg, dust blowing by, some human activity like horse drawn carriage in bg, out of focus.",
CTD_AI_PFS_FiresGrow01,103,Peshtigo Firestorm,PFS,Sent to Cream,,,,,1,"EXPERT: All those small fires that are burning across the region start to spread, and they quickly merge into one giant firestorm.","Ext clearcut. Same location as previous clear cut. CU or MS fires growing and merging. Be careful to make fires larger and more ferocious step by step, don't just go all out suddenly. NO PEOPLE.",
CTD_AI_PFS_FiresGrow02,103,Peshtigo Firestorm,PFS,Sent to Cream,,,,,1,"EXPERT: All those small fires that are burning across the region start to spread, and they quickly merge into one giant firestorm.","Ext railroad tracks. Same location as previous tracks. Smoke building up. Trailing across tracks. CU or MS fires growing and merging. Be careful to make fires larger and more ferocious step by step, don't just go all out suddenly. NO PEOPLE.",
CTD_AI_PFS_FiresGrow03,103,Peshtigo Firestorm,PFS,Sent to Cream,,,,,1,"EXPERT: All those small fires that are burning across the region start to spread, and they quickly merge into one giant firestorm.","Ext clear cut. Same location as previous clear cut. CU fires expanding into forest, fires growing. NO PEOPLE. NOT an aerial, work with camera movement, foreground and background, e.g. like fire spreading in foreground in focus, while larger flames out of focus in bg",
CTD_AI_PFS_FiresGrow04,103,Peshtigo Firestorm,PFS,Sent to Cream,,,,,1,"EXPERT: All those small fires that are burning across the region start to spread, and they quickly merge into one giant firestorm.","Ext forest. Fire spreading, getting ferocious and growing in size, smoke billowing to sky. Convey sense of speed, fire is moving more rapidly and getting out of control",
CTD_AI_PFS_OpenFields01,103,Peshtigo Firestorm,PFS,Sent to Cream,,,,,1,EXPERT: Larger ‘slash and burn’ fires are set in the surrounding forest to open up fields for settlement.7,"Ext mostly White Pine forest outside Peshtigo. Aerial of clearcut. Dynamic camera movement, like drone flying over clearcut. Workers cutting down trees. Massive ""slash and burn"" piles of waste wood, like branches and smaller trees. Some of them are burning. Would be great if view was partially obscured by smoke as ""camera"" ""flies"" over the clear cut",
CTD_AI_PFS_OpenFields02,103,Peshtigo Firestorm,PFS,In Progress,,,,,0,And all these fires are left to burn themselves out.,"Ext mostly White Pine forest outside Peshtigo. Same location as OpenFields01. CU/MS PAN over slashpile that's mostly reduced to black, smouldering, smoking remnants of wood. Burning piles out of focus in bg. Workers can be visible in bg, throwing more wood on burning heaps, out of foucs",
CTD_AI_PFS_PerninToRiver,103,Peshtigo Firestorm,PFS,Sent to Cream,,,,,1,EXPERT: Reverend Pernin makes his way toward the river. He’s forced to keep his eyes closed due to all the smoke.,"POV Pernin making his way to river through thick smoke and flames. Don't include parts of Pernin, just have ""camera"" move towards water. Ideally ""camera"" enters water and gets fully submerged.",
CTD_AI_PFS_PeshtigoBurns,103,Peshtigo Firestorm,PFS,Sent to Cream,,,,,1,"EXPERT: He can hear horses neighing, chimneys crashing, and uprooted trees falling all around him.","Ext Peshtigo burning. Various CUs that bring us inside the fire and smoke. Chimney crashing down right in front of ""camera,"" house falling down, burning branches falling, everything partially obscured by thick smoke. No people or people out of focus in bg",
CTD_AI_PFS_SandToGlass,103,Peshtigo Firestorm,PFS,Sent to Cream,,,,,1,"EXPERT: The temperature soars to 2,000 degrees. Sand turns to glass.","Ext Peshtigo. ""Camera"" close to ground, CU of sand at river. In fg sand melts to glass, burning town out of focus in bg. Possible to see running people out of focus in bg",
CTD_AI_PFS_ScrapPiles,103,Peshtigo Firestorm,PFS,Sent to Cream,,,,,1,"EXPERT: At that time, no one is really paying much attention to safe waste disposal. Scrap lumber is discarded along the riverbanks.","Ext Peshtigo riverbank. MS PAN along piles of scraplumber, river and village in bg. Lumberyard workers throwing pieces of scrapwood on piles. Avoid faces. Handheld camera feel",
CTD_AI_PFS_Submerged,103,Peshtigo Firestorm,PFS,Sent to Cream,,,,,2,The Reverend survives by spending several hours in the cold river while Peshtigo burns. Others with him actually die of hypothermia.,"Ext burning Peshtigo. POV from river, no part of Pernin visible in shot. Would be great to have sense that ""camera"" is just at the water's surface, almost submerged, possibly sometimes actually going under, as Peshtigo burns in bg",
CTD_AI_PFS_TornadoFireball01,103,Peshtigo Firestorm,PFS,Sent to Cream,,,,,1,EXPERT: The wind whips the flames into a tornado-like fireball that flattens houses in seconds.,"Ext White Pine Forest on fire. Strong wind fanning flames. CU flames racing up white pine tree trunk, setting entire tree on fire. Get sense of being right there. Surrounded by fire",
CTD_AI_PFS_TornadoFireball02,103,Peshtigo Firestorm,PFS,Sent to Cream,,,,,1,EXPERT: The wind whips the flames into a tornado-like fireball that flattens houses in seconds.,Ext White Pine Forest on fire. Strong wind fanning flames. MS tornado like fireball approaching town. Perhaps a tracking shot moving with the fast approaching fireball? Include camera movement,
CTD_AI_PFS_TornadoFireball03,103,Peshtigo Firestorm,PFS,Sent to Cream,,,,,1,EXPERT: The wind whips the flames into a tornado-like fireball that flattens houses in seconds.,"Ext White Pine Forest on fire. Strong wind fanning flames. POV from town, standing in street (no specific person's POV) MS tornado like fireball approaching, houses alight instantly, exploding in fire, fire comes right at ""camera"", engulfs it in flames (similar to wave coming at ""camera"" in FDN and TXC). Include some camera movement",
CTD_AI_PFS_TornadoFireball04,103,Peshtigo Firestorm,PFS,In Progress,,,,,0,EXPERT: The wind whips the flames into a tornado-like fireball that flattens houses in seconds.,Int parish house. POV out window as town is overcome by firestorm,
CTD_AI_PFS_TornadoFireball05,103,Peshtigo Firestorm,PFS,Sent to Cream,,,,,1,EXPERT: The wind whips the flames into a tornado-like fireball that flattens houses in seconds.,"Ext Peshtigo on fire, engulfed in flames. CU flames in fg, out of focus people running in bg",
CTD_AI_PFS_WallOfFlames01,103,Peshtigo Firestorm,PFS,Sent to Cream,,,,,1,"DISASTER AI ⏎ VO: ⏎ THE WINDS CARRY THE WALL OF FLAMES STRAIGHT TOWARD PESHTIGO. IT MOVES SO FAST, FEW PEOPLE SEE IT COMING.","Ext mostly White Pine forest outside Peshtigo. POV from ground level, ""wall of flames"" coming right at camera,"" overcoming ""camera."" Would be great to get various versions of this shot",
CTD_AI_PFS_WallOfFlames02,103,Peshtigo Firestorm,PFS,Sent to Cream,,,,,2,"DISASTER AI ⏎ VO: ⏎ THE WINDS CARRY THE WALL OF FLAMES STRAIGHT TOWARD PESHTIGO. IT MOVES SO FAST, FEW PEOPLE SEE IT COMING.","Ext mostly White Pine forest outside Peshtigo. Aerial, looking straight down, ideally include some ""camera"" movement. Show Peshtigo and wall of flames approaching town",
CTD_AI_PFS_WindPicksUp01,103,Peshtigo Firestorm,PFS,Sent to Cream,,,,,1,"EXPERT: On the morning of October 8th, a cold front sweeps in from the west, with winds of up to 100 miles an hour.","Ext clear cut outside Peshtigo. CU, POV low to ground, leaves lying on ground and picked up and blown around. Ideally includes camera movement like a pan or tracking of leaves. NO PEOPLE. Sense of foreboding.",
CTD_AI_PFS_WindPicksUp02,103,Peshtigo Firestorm,PFS,Sent to Cream,,,,,1,"EXPERT: On the morning of October 8th, a cold front sweeps in from the west, with winds of up to 100 miles an hour.","Ext railroad tracks (same location as previous rail road tracks). CU, camera close to ground, leaves blowing around. Pan to burning piles. Wind blows into piles, flames flare up. NO PEOPLE. Sense of foreboding. Smoke building",
CTD_AI_SDS_AC,103,Sampoong Department Store Collapse,SDS,Sent to Cream,,,,,3,"EXPERT: Within 3 years, neighbors complain about the loud noise coming from three 16-ton air conditioning units on the roof, management agrees to move them to the other side.","Ext, department store roof, Seoul. MS PAN along three massive AC units on roof, fans spinning. Handheld feel. No people. Include out of focus elements if you can.",
CTD_AI_SDS_ACFirstCracks,103,Sampoong Department Store Collapse,SDS,Sent to Cream,,,,,5,"EXPERT: This is almost 50 tons of weight – ⏎ more than the roof was ever designed to ⏎ hold. And as they drag these things, cracks start to form in the roof slabs around the columns.","Ext, department store roof, Seoul. CU cracks starting to appear in roof as AC unit is being dragged. Make it subtle. Not a huge amount of cracks everywhere. Avoid people. Include some camera movement and out of focus elements.",
CTD_AI_SDS_ACMoved01,103,Sampoong Department Store Collapse,SDS,Sent to Cream,,,,,7,"EXPERT: But they don’t use a crane for the heavy lifting. No, they just drag these massive units across the roof with pulleys and rollers.","Ext, department store roof, Seoul. CU pulley being attached to AC unit. Avoid people. Include some camera movement and out of focus elements.",
CTD_AI_SDS_ACMoved02,103,Sampoong Department Store Collapse,SDS,Sent to Cream,,,,,4,"EXPERT: But they don’t use a crane for the heavy lifting. No, they just drag these massive units across the roof with pulleys and rollers.","Ext, department store roof, Seoul. CU AC being dragged across roof unit. Avoid people. Include some camera movement and out of focus elements.",
CTD_AI_SDS_ACMoved03,103,Sampoong Department Store Collapse,SDS,Sent to Cream,,,,,1,"EXPERT: But they don’t use a crane for the heavy lifting. No, they just drag these massive units across the roof with pulleys and rollers.","Ext, department store roof, Seoul. CU bottom edge of AC unit scraping the roof as it’s being dragged across the roof. Get sense of just how heavy these things are. Avoid people, only show partial people if need be. Include some camera movement and out of focus elements.",
CTD_AI_SDS_ACMoved04,103,Sampoong Department Store Collapse,SDS,Sent to Cream,,,,,2,"EXPERT: But they don’t use a crane for the heavy lifting. No, they just drag these massive units across the roof with pulleys and rollers.","Ext, department store roof, Seoul. Aerial (similar to FDN explosion of reactor aerials) circling the department store as AC units being dragged across. Ok to include some people, but don't center them too much. Include some camera movement and out of focus elements.",
CTD_AI_SDS_ACVibrates01,103,Sampoong Department Store Collapse,SDS,Sent to Cream,,,,,5,"EXPERT: After that, every morning, when the units are turned on, they vibrate. And over time, those vibrations cause the cracks to widen…and widen.","Ext, department store roof, Seoul. Morning. CU AC unit. Shot starts with fan not spinning. Then fan starts spinning. Unit vibrates.",
CTD_AI_SDS_ACVibrates02,103,Sampoong Department Store Collapse,SDS,Sent to Cream,,,,,6,"EXPERT: After that, every morning, when the units are turned on, they vibrate. And over time, those vibrations cause the cracks to widen…and widen.","Ext, department store roof, Seoul. Morning. MS AC units. Fans are spinning. All three units vibrate. Include interesting “camera” movement, perspective or focus pull from unit to unit. No people.",
CTD_AI_SDS_ACVibrates03,103,Sampoong Department Store Collapse,SDS,Sent to Cream,,,,,1,"EXPERT: After that, every morning, when the units are turned on, they vibrate. And over time, those vibrations cause the cracks to widen…and widen.","Ext, department store roof, Seoul. Morning. CU near bottom of vibrating AC unit. Cracks are already visible at beginning of shot. Subtley widen over duration of shot. No people. Include interesting camera movement or out of focus elements.",
CTD_AI_SDS_Atrium01,103,Sampoong Department Store Collapse,SDS,First request,,,,,0,,"INT DEPT STORE, ATRIUM - DAY ⏎ Store operational, calm normal day, shoppers present. Same moment and environment as the ShoppersUnaware series. ⏎ LAYOUT: Five storeys. Floors of merchandise surround a large open atrium spanned by a skylight. Escalators run parallel to each other inside the atrium, connecting the floors. ⏎ 2 WS. Camera tracking DOWN inside the atrium, movement like CTD_AI_SDS_ACUnit_20260611_1b. START ON THE CEILING WITH THE SKYLIGHT — DO NOT SHOW THE ROOF. ⏎ Match colour/light of CTD_AI_SDS_PleaseLeave02_20260720_1d. ⏎ High-end store, only five years old — clean and immaculate, nothi",
CTD_AI_SDS_Atrium02,103,Sampoong Department Store Collapse,SDS,First request,,,,,0,,"INT DEPT STORE, ATRIUM - DAY ⏎ Store operational, calm normal day, shoppers present. Same moment and environment as the ShoppersUnaware series. ⏎ LAYOUT: Five storeys. Floors of merchandise surround a large open atrium spanned by a skylight. Escalators run parallel to each other inside the atrium, connecting the floors. ⏎ 2 WS. Camera tracking UP inside the atrium. ⏎ Match colour/light of CTD_AI_SDS_PleaseLeave02_20260720_1d. ⏎ High-end store, only five years old — clean and immaculate, nothing grimy or run down. ⏎ NO FACES. ⏎ ———————————————————————————————— ⏎ SOURCE NOTE (verbatim, 5 Aug 2026, from asse",
CTD_AI_SDS_Atrium03,103,Sampoong Department Store Collapse,SDS,First request,,,,,0,,"INT DEPT STORE, ATRIUM - DAY ⏎ Store operational, calm normal day, shoppers present. Same moment and environment as the ShoppersUnaware series. ⏎ LAYOUT: Five storeys. Floors of merchandise surround a large open atrium spanned by a skylight. Escalators run parallel to each other inside the atrium, connecting the floors. ⏎ 2 CUs. Camera tracking along the railing on one of the floors. Atrium with escalators and the opposite side of the shopping floor beyond; shoppers out of focus in bg. ⏎ Match colour/light of CTD_AI_SDS_PleaseLeave02_20260720_1d. ⏎ High-end store, only five years old — clean and imma",
CTD_AI_SDS_Atrium04,103,Sampoong Department Store Collapse,SDS,First request,,,,,0,,"INT DEPT STORE, ATRIUM - DAY ⏎ Store operational, calm normal day, shoppers present. Same moment and environment as the ShoppersUnaware series. ⏎ LAYOUT: Five storeys. Floors of merchandise surround a large open atrium spanned by a skylight. Escalators run parallel to each other inside the atrium, connecting the floors. ⏎ 2 WS. Camera on an escalator moving up — POV of a shopper looking up toward the atrium's skylight. ⏎ Match colour/light of CTD_AI_SDS_PleaseLeave02_20260720_1d. ⏎ High-end store, only five years old — clean and immaculate, nothing grimy or run down. ⏎ NO FACES. ⏎ PROVENANCE: moved here",
CTD_AI_SDS_Atrium05,103,Sampoong Department Store Collapse,SDS,First request,,,,,0,,"INT DEPT STORE, ATRIUM - DAY ⏎ Store operational, calm normal day, shoppers present. Same moment and environment as the ShoppersUnaware series. ⏎ LAYOUT: Five storeys. Floors of merchandise surround a large open atrium spanned by a skylight. Escalators run parallel to each other inside the atrium, connecting the floors. ⏎ 2 WS. Camera stationary near the skylight. Tilt down from the skylight to reveal the atrium and shoppers on every floor. ⏎ Match colour/light of CTD_AI_SDS_PleaseLeave02_20260720_1d. ⏎ High-end store, only five years old — clean and immaculate, nothing grimy or run down. ⏎ NO FACES.",
CTD_AI_SDS_Atrium06,103,Sampoong Department Store Collapse,SDS,First request,,,,,0,,"INT DEPT STORE, ATRIUM - DAY ⏎ Store operational, calm normal day, shoppers present. Same moment and environment as the ShoppersUnaware series. ⏎ LAYOUT: Five storeys. Floors of merchandise surround a large open atrium spanned by a skylight. Escalators run parallel to each other inside the atrium, connecting the floors. ⏎ 1 WS. POV of someone on the ground floor, looking slowly up (panning) five storeys through the open atrium. ⏎ Match colour/light of CTD_AI_SDS_PleaseLeave02_20260720_1d. ⏎ High-end store, only five years old — clean and immaculate, nothing grimy or run down. ⏎ NO FACES. ⏎ PROVENANCE: m",
CTD_AI_SDS_BasementShaking,103,Sampoong Department Store Collapse,SDS,Sent to Cream,,,,,7,"EXPERT: At this same time, 21-year-old sales clerk Choi Myung Suk is in the basement taking a break. He feels everything around him start to shake.","Int basement restaurant/food court. Doesn't need specific look. CU utensils on table - Korean soup spoon, chop sticks, something like that - starting to rattle, like in a n earthquake. Bowl or little dishes falling off table. Don't show Choi. No other people.",
CTD_AI_SDS_Breaktime,103,Sampoong Department Store Collapse,SDS,Sent to Cream,,,,,2,"EXPERT: At this same time, 21-year-old sales clerk Choi Myung Suk is in the basement taking a break. He feels everything around him start to shake.","Int basement restaurant/food court. Doesn't need specific look. CU tray with Korean food being carried, then put down on table. Suggesting Choi grabbed his food at counter and is going to sit down. Don't show too much of person carrying tray. Hands and parts of arms max. Other people can be visible in bg out of focus.",
CTD_AI_SDS_Bribe01,103,Sampoong Department Store Collapse,SDS,Sent to Cream,,,,,3,"EXPERT: After some bribe money changes hands, city officials rubberstamp the new plans in November, 1989, when construction is almost done.","Int generic office, Seoul, CU desk, silver suitcase being pushed across high quality, fancy desk (not necessary to see office at all, just suitcase on desk). Don’t include people, just the hands pushing. Handheld feel. Include some camera movement and some out of focus elements",
CTD_AI_SDS_Bribe02,103,Sampoong Department Store Collapse,SDS,Sent to Cream,,,,,7,"EXPERT: After some bribe money changes hands, city officials rubberstamp the new plans in November, 1989, when construction is almost done.","Int office, Seoul, CU hands snapping open suitcase. Bundles of money visible, hands snapping suitcase shut. No body parts besides hands. Handheld feel. Include some camera movement and out of focus elements.",
CTD_AI_SDS_BuildingCollapses01,103,Sampoong Department Store Collapse,SDS,Sent to Cream,,,,,1,"EXPERT: The building basically pancakes, floor onto floor, and the whole thing is flattened in under 20 seconds. ⏎ ALT: The building collapses from the top down, floor onto floor. Heavy pipes filled with water add to the pancake effect. The whole thing is flattened in under 20 seconds.","Ext department store, aerial, WS camera right next to building, moving down as building collapses, lots of dust and debris everywhere",
CTD_AI_SDS_BuildingCollapses02,103,Sampoong Department Store Collapse,SDS,Sent to Cream,,,,,7,"EXPERT: The building basically pancakes, floor onto floor, and the whole thing is flattened in under 20 seconds. ⏎ ALT: The building collapses from the top down, floor onto floor. Heavy pipes filled with water add to the pancake effect. The whole thing is flattened in under 20 seconds.","Ext department store, aerial, MS camera right next to building, moving down as building collapses, lots of dust and debris everywhere. Have collapsing building fill frame, so we feel close to the action. No people. Dust engulfs camera",
CTD_AI_SDS_BuildingCollapses03,103,Sampoong Department Store Collapse,SDS,Sent to Cream,,,,,1,"EXPERT: The building basically pancakes, floor onto floor, and the whole thing is flattened in under 20 seconds. ⏎ ALT: The building collapses from the top down, floor onto floor. Heavy pipes filled with water add to the pancake effect. The whole thing is flattened in under 20 seconds.","Ext department store, POV from person standing on ground next to building as it collapses, dust and debris everywhere, engulfing camera",
CTD_AI_SDS_ColumnFirstCracks,103,Sampoong Department Store Collapse,SDS,Sent to Cream,,,,,6,"EXPERT: In the spring of 1995 there are visible cracks in a column in one of the 5th floor restaurants, which should be a huge warning sign. But the floor remains open.","Int, department store, 5-th floor restaurant. CU tracking up column in fg, lots of people in bg, eating, out of focus (important). As “camera” tracks up column, cracks come into view (the column doesn’t need to crack as we watch, the cracks just need to appear in frame)",
CTD_AI_SDS_Cracking,103,Sampoong Department Store Collapse,SDS,Sent to Cream,,,,,7,"EXPERT: At 5:50 PM, loud cracking sounds throughout the building are getting hard to ignore. And finally, the decision is made to evacuate.","Int department store, 5-th floor restaurant. CU columns are cracking. Don’t show them totally collapsing just yet, but show cracks opening and the roof suddenly lowering in parts of the restaurant. A variety of shots, POVs and camera movements would be great",
CTD_AI_SDS_CracksOpen,103,Sampoong Department Store Collapse,SDS,Sent to Cream,,,,,1,"**VO:** ⏎ **BY THE MORNING OF JUNE 29TH, THE NUMBER OF CRACKS HAS INCREASED DRAMATICALLY. THE LARGEST ONES ARE FOUR INCHES WIDE.**","Int, department store, 5-th floor restaurant. CU lots of cracks, largest four inches. Find interesting perspective, camera movement. People only out of focus in bg",
CTD_AI_SDS_CutRibbon,103,Sampoong Department Store Collapse,SDS,Sent to Cream,,,,,7,"**VO:** ⏎ **ON JULY 7th, 1990, THE SAMPOONG DEPARTMENT STORE OPENS FOR BUSINESS.**","Ext, entrance to department store. CU scissors cutting ribbon. Handheld feel. Include some camera movement and out of focus elements",
CTD_AI_SDS_DiggingOut01,103,Sampoong Department Store Collapse,SDS,Sent to Cream,,,,,7,"EXPERT: It takes two hours to dig their way to Choi Myong Suk, who survived in a tight air pocket by drinking small sips of rainwater.","POV Suk, heavy concrete blocks around him. Very tight space. Don't go too wide. Stay in CUs so the space feels smaller. Light very dimly shining through. Don’t show him. Light is getting stronger as concrete further up pile is lifted.",
CTD_AI_SDS_DiggingOut02,103,Sampoong Department Store Collapse,SDS,Sent to Cream,,,,,1,"EXPERT: It takes two hours to dig their way to Choi Myong Suk, who survived in a tight air pocket by drinking small sips of rainwater.","POV Suk, heavy concrete blocks around him. Very tight space. Don't go too wide. Stay in CUs so the space feels smaller. Have shafts of light coming through. Then block right above him is lifted, avoid faces of rescuers",
CTD_AI_SDS_Evacuate,103,Sampoong Department Store Collapse,SDS,Sent to Cream,,,,,7,"EXPERT: At 5:50 PM, loud cracking sounds throughout the building are getting hard to ignore. And finally, the decision is made to evacuate.","Int atrium department store, top down view, crowd of people streaming to exit. Position ""camera"" several floors up so people appear small and possibly out of focus.",
CTD_AI_SDS_FloorOpen,103,Sampoong Department Store Collapse,SDS,Sent to Cream,,,,,7,"EXPERT: In the spring of 1995 there are visible cracks in a column in one of the 5th floor restaurants, which should be a huge warning sign. But the floor remains open.","Int, department store, 5-th floor restaurant. CU tracking shot along table loaded with various size of plates and bowls of Korean food. Include parts of people like hands or parts of upper bodies as they move and eat. NO FACES.",
CTD_AI_SDS_GettingTrapped,103,Sampoong Department Store Collapse,SDS,Sent to Cream,,,,,4,"EXPERT: More than 1500 people are trapped under tons of concrete and rubble, including Choi Myong Suk.","POV CU concrete, dust, metal crashing down around camera. Camera gets buried. Don't show people",
CTD_AI_SDS_Inspection,103,Sampoong Department Store Collapse,SDS,Sent to Cream,,,,,24,EXPERT: ⏎ Management calls in a team of structural engineers. They inspect the building and conclude it's at risk of collapse. Because it’s pretty clear to them the roof is not structurally sound.,"Int, department store, 5-th floor restaurant. POV engineer walking through restaurant, looking up at cracked columns. Don’t show the engineer, customers only out of focus. Don't make shot too wide. MS or CU",
CTD_AI_SDS_Paper,103,Sampoong Department Store Collapse,SDS,Sent to Cream,,,,,0,"EXPERT: After some bribe money changes hands, city officials rubberstamp the new plans in November, 1989, when construction is almost done.","Int generic office, Seoul, CU desk, side view of surface of desk. Stamp coming down on paper. Paper being pulled away. No body parts besides hands. Handheld feel. Include some camera movement and out of focus elements.",
CTD_AI_SDS_PleaseLeave01,103,Sampoong Department Store Collapse,SDS,Sent to Cream,,,,,5,"EXPERT: Management closes the top floor to customers but, despite the stark warning, the rest of the complex stays open. ⏎ Audio in Korean: Please leave 5-floor restaurant now. Thank you for your cooperation.","Int utility room, department store. CU side view of console with microphone and transmission button. Finger presses button as lower half of face enters frame. Don't include eyes. Include subtle camera movement",
CTD_AI_SDS_PleaseLeave02,103,Sampoong Department Store Collapse,SDS,Sent to Cream,,,,,5,"EXPERT: Management closes the top floor to customers but, despite the stark warning, the rest of the complex stays open. ⏎ Audio in Korean: Please leave 5-floor restaurant now. Thank you for your cooperation.","Int department store, 5-th floor restaurant. CU loudspeaker on wall. Push in on speaker",
CTD_AI_SDS_PleaseLeave03,103,Sampoong Department Store Collapse,SDS,Sent to Cream,,,,,2,"EXPERT: Management closes the top floor to customers but, despite the stark warning, the rest of the complex stays open. ⏎ Audio in Korean: Please leave 5-floor restaurant now. Thank you for your cooperation.","Int department store, 5th floor restaurant. ⏎ CU feet crowding around escalator as people leave 5th floor. Include out of focus elements, like feet further away",
CTD_AI_SDS_PleaseLeave04,103,Sampoong Department Store Collapse,SDS,First request,,,,,0,,"INT DEPT STORE - DAY ⏎ Additional coverage of the PA announcement moment. The existing PleaseLeave02 delivery was approved on look — this is more variations of the same beat to cut with, not a correction of it. ⏎ 3 CUs. Varying POVs. Loudspeakers in different positions around the department store. Shallow depth of field. People out of focus in bg, moving hurriedly toward the exit — it needs to feel like they are all moving in the same general direction. ⏎ Speaker must look like it belongs in the open atrium area of a modern mall, or at least on a clean wall. No window to outside — malls never have",
CTD_AI_SDS_RoofCollapse01,103,Sampoong Department Store Collapse,SDS,Sent to Cream,,,,,2,"**VO:** ⏎ **TWO MINUTES AFTER THE EVACUATION ORDER, THE AIR CONDITIONING UNITS CRASH THROUGH THE ROOF, TRIGGERING A VERTICAL COLLAPSE OF THE SAMPOONG DEPARTMENT STORE’S SOUTH WING. **","Int department store, 5-th floor restaurant. CU ceiling and top of columns. Columns collapse, roof caves in and AC units come crashing through. Lots of dust enveloping ""camera"" – stay close to action, don’t go to wide. No need to see whole restaurant. Camera movement would be great, something dynamic. No people.",
CTD_AI_SDS_RoofCollapse02,103,Sampoong Department Store Collapse,SDS,Sent to Cream,,,,,4,"**VO:** ⏎ **TWO MINUTES AFTER THE EVACUATION ORDER, THE AIR CONDITIONING UNITS CRASH THROUGH THE ROOF, TRIGGERING A VERTICAL COLLAPSE OF THE SAMPOONG DEPARTMENT STORE’S SOUTH WING. **","Int department store, 5-th floor restaurant. MS Column collapse further, walls are caving in, lots of dust. No people",
CTD_AI_SDS_RoofCollapse03,103,Sampoong Department Store Collapse,SDS,Sent to Cream,,,,,3,"**VO:** ⏎ **TWO MINUTES AFTER THE EVACUATION ORDER, THE AIR CONDITIONING UNITS CRASH THROUGH THE ROOF, TRIGGERING A VERTICAL COLLAPSE OF THE SAMPOONG DEPARTMENT STORE’S SOUTH WING. **","Int department store, 5-th floor restaurant. Would be great to get a POV as if camera was crashing through multiple floors, lots of debris and dust very close",
CTD_AI_SDS_RoofCollapse04,103,Sampoong Department Store Collapse,SDS,First request,,,,,0,,"EXT. DEPT STORE ROOF - DAY ⏎ NEW VANTAGE. RoofCollapse01–03 cover this event from INSIDE the 5th-floor restaurant looking up. This series covers it from the ROOF looking down. The sequence starts on the roof with the AC units, then the roof suddenly gives way and the units fall through. ⏎ 2 WS, varying POVs — AC unit crashes through the roof. ⏎ AC UNIT SPEC (locked across the story): rectangular box unit, two fans on top, large grates on the sides, SIX support legs, legs unpainted. Each unit weighs 16 tons — the weight has to read. ⏎ Note: the ""never show the base in contact with the roof"" rule appl",
CTD_AI_SDS_RoofCollapse05,103,Sampoong Department Store Collapse,SDS,First request,,,,,0,,"EXT. DEPT STORE ROOF - DAY ⏎ NEW VANTAGE. RoofCollapse01–03 cover this event from INSIDE the 5th-floor restaurant looking up. This series covers it from the ROOF looking down. ⏎ 2 MS, varying POVs — AC crashes through the roof. ⏎ AC UNIT SPEC (locked across the story): rectangular box unit, two fans on top, large grates on the sides, SIX support legs, legs unpainted. Each unit weighs 16 tons — the weight has to read. ⏎ Note: the ""never show the base in contact with the roof"" rule applies to the DRAGGING shots only. Here the roof surface and the failure are the subject. ⏎ No people. No legible text.",
CTD_AI_SDS_RoofCollapse06,103,Sampoong Department Store Collapse,SDS,First request,,,,,0,,"EXT. DEPT STORE ROOF - DAY ⏎ NEW VANTAGE. RoofCollapse01–03 cover this event from INSIDE the 5th-floor restaurant. This series covers it from the ROOF. ⏎ 4 CU, varying POVs — on the foundation of the AC unit where it rests on the roof. A large crack forms suddenly, then the unit crashes through the roof. ⏎ The still is the moment BEFORE — foundation intact or the crack just opening, unit still up. ⏎ AC UNIT SPEC (locked across the story): rectangular box unit, two fans on top, large grates on the sides, SIX support legs, legs unpainted. 16 tons. ⏎ Note: the foundation and the legs resting on the roof",
CTD_AI_SDS_RoofCollapse07,103,Sampoong Department Store Collapse,SDS,First request,,,,,0,,"EXT. DEPT STORE ROOF - DAY ⏎ NEW VANTAGE. RoofCollapse01–03 cover this event from INSIDE the 5th-floor restaurant. This series covers it from the ROOF. ⏎ 2 MS, varying POVs — static camera pointing STRAIGHT DOWN as the AC units crash straight through the roof. Also try a version where the camera falls through the roof along with the units. ⏎ AC UNIT SPEC (locked across the story): rectangular box unit, two fans on top, large grates on the sides, SIX support legs, legs unpainted. 16 tons. ⏎ No people. No legible text. ⏎ SOURCE: raised 5 Aug 2026 in the note on asset CTD_AI_SDS_ACVibrates_20260717_1C.",
CTD_AI_SDS_ShoppersUnaware01,103,Sampoong Department Store Collapse,SDS,First request,,,,,0,,"INT DEPT STORE - DAY ⏎ 2 MS. Varying POVs. A woman goes goes through clothing hanging on a rack. Neck down, from behind, NO FACE. Shallow depth of field. Other shoppers in deep BG, out of focus. See first ref pic for clothing department of store, second ref pic for color/lighting of shot (CTD_AI_SDS_PleaseLeave02_20260720_1d.mov)",
CTD_AI_SDS_ShoppersUnaware02,103,Sampoong Department Store Collapse,SDS,First request,,,,,0,,"INT DEPT STORE - DAY ⏎ Same moment as ShoppersUnaware01 ⏎ 2 CUs. Varying POVs. Hands of woman going through same rack of clothing as ShoppersUnaware01. Shallow depth of field. See first ref pic for clothing department of store, second ref pic for color/lighting of shot (CTD_AI_SDS_PleaseLeave02_20260720_1d.mov)",
CTD_AI_SDS_ShoppersUnaware03,103,Sampoong Department Store Collapse,SDS,First request,,,,,0,,"INT DEPT STORE - DAY ⏎ Same moment/general environment as ShoppersUnaware01 ⏎ 2 CUs. Varying POVs. Mannequin in fg, in focus. camera at chest/neck height of mannequin. Camera tracks sideways, in bg, totally out of focus reveals aisle and shoppers looking at clothing. Shallow depth of field. See first ref pic for clothing department of store, second ref pic for color/lighting of shot (CTD_AI_SDS_PleaseLeave02_20260720_1d.mov)",
CTD_AI_SDS_ShoppersUnaware04,103,Sampoong Department Store Collapse,SDS,First request,,,,,0,,"INT DEPT STORE - DAY ⏎ 2 CUs. Varying POVs. Woman's hands as she sprays some perfume on her wrist at a cosmetics counter. Shallow depth of field. If it's not too complicated, other shoppers in deep BG. Should look calm, normal. See first ref pic for perfume department of Sampoong department store, second ref pic for color/lighting of shot (CTD_AI_SDS_PleaseLeave02_20260720_1d.mov)",
CTD_AI_SDS_ShoppersUnaware05,103,Sampoong Department Store Collapse,SDS,First request,,,,,0,,"INT DEPT STORE - DAY ⏎ 3 CUs. Varying POVs. Legs of shoppers, upscale paper shopping bags dangling next to them (held by hands out of frame), going up an escalator ⏎ Shallow depth of field. See first two ref pics for space, third for color/lighting and fourth for sample of bags",
CTD_AI_SDS_SukTrapped,103,Sampoong Department Store Collapse,SDS,Sent to Cream,,,,,4,"EXPERT: Suk can’t move, so all he can do is wait for someone to come find him.","POV CU concrete, dust, metal settling down around camera. Camera gets buried. Don't show people",
CTD_AI_SDS_TurnOffAC,103,Sampoong Department Store Collapse,SDS,In Progress,,,,,0,"EXPERT: At around noon, staff and shoppers report hearing several loud bangs coming from the top floors. This time, management’s response is to turn off the air conditioning units, but the stores stay open.","Int utility room, department store. CU hand pressing one button or three buttons on control panel (whatever is easiest). Button goes from lit to not lit. Not super important what this exactly looks like. Just need clear sense that something is being turned off",
CTD_AI_SDS_TurnOffACRoof,103,Sampoong Department Store Collapse,SDS,Sent to Cream,,,,,14,"EXPERT: At around noon, staff and shoppers report hearing several loud bangs coming from the top floors. This time, management’s response is to turn off the air conditioning units, but the stores stay open.","Ext, MS, department store roof. Fans of ACs stop spinning, stop vibrating. Eerie calm settles. Include interesting camera movement or focus pull, that enables us to see at least two units",
CTD_AI_SJE_DominoEffect01,103,San Juanico LPG Explosion,SJE,Sent to Cream,,,,,9,"EXPERT: Then it’s this sort of domino effect where the first explosion causes one of the big storage tanks to rupture and release a massive amount of gas / LPG, causing another fireball.","EXT. GAS STORAGE PLANT, EARLY MORNING ⏎ NOTE: LPG is a fuel that is stored in a liquid state under pressure. As soon as a tank ruptures (and therefore releasing pressure) the LPG escaping would immediately revert to gas form before igniting ⏎ CTD_AI_SJE_DominoEffect01: ⏎ MS of the top end of a large round storage tank, suddenly a shockwave blast goes by, and a shard of metal punctures the tank making a hole. A moment later, the leaking gas leaking from the hole catches fire making a shooting flame. After a beat, the shooting flame erupts into an explosion that fills the frame.",
CTD_AI_SJE_DominoEffect02,103,San Juanico LPG Explosion,SJE,Sent to Cream,,,,,5,"EXPERT: Then it’s this sort of domino effect where the first explosion causes one of the big storage tanks to rupture and release a massive amount of gas / LPG, causing another fireball.","EXT. GAS STORAGE PLANT, EARLY MORNING ⏎ CTD_AI_SJE_DominoEffect02: ⏎ CU of small section near top of large round storage tank. Suddenly a shockwave blast goes by, and a shard of metal punctures the tank making a hole. A moment later, the leaking gas coming from the hole catches fire making a shooting flame from the hole. After a beat, the small shooting flame erupts into an explosion that fills the frame.",
CTD_AI_SJE_DominoEffect03,103,San Juanico LPG Explosion,SJE,Sent to Cream,,,,,2,"EXPERT: Then it’s this sort of domino effect where the first explosion causes one of the big storage tanks to rupture and release a massive amount of gas / LPG, causing another fireball.","EXT. GAS STORAGE PLANT, EARLY MORNING ⏎ CTD_AI_SJE_DominoEffect03: ⏎ EXT. GAS STORAGE PLANT, EARLY MORNING ⏎ WS - in the foreground is one of the smaller, oblong/cylindrical storage tanks. In the background we can see other similar tanks, as well as the large storage tank, already a flame. All around the foreground tank, a raging fire and smoke. Suddenly, the tank explodes into a thousand metal shards.",
CTD_AI_SJE_DominoEffect04,103,San Juanico LPG Explosion,SJE,Sent to Cream,,,,,5,"EXPERT: Then it’s this sort of domino effect where the first explosion causes one of the big storage tanks to rupture and release a massive amount of gas / LPG, causing another fireball.","CTD_AI_SJE_DominoEffect04: ⏎ EXT. DIRT ROAD NEAR GAS STORAGE PLANT, EARLY MORNING ⏎ MS - A nearby residential street (dirt road). In the BG out of focus are some modest cinderblock homes. Suddenly several pieces of mangled, burnt storage tank pieces land. A moment later. A fully intact (yet scorched) tank lands and rolls a few feet before coming to rest and on the dirt road. Suddenly, it spring a leak and erupts in flame.",
CTD_AI_SJE_EstablishingPlant01,103,San Juanico LPG Explosion,SJE,Sent to Cream,,,,,6,"BRADLEY GREIVE ⏎ And as the houses creep closer the Pemex storage facility spreads out. First, they have four huge storage tanks, then six and then another 48 smaller tanks.","EXT - SAN JUANICO. DAY ⏎ Early 1980s. Hot, golden, dusty. Blue skies. ⏎ 3 WS. Varying POV. Camera ground level. Four large, spherical gas tanks (see generic ref pics on right, also consult shots like CTD_AI_SJE_DominoEffect01D_20260618.mov for look of tanks we already have in cut). Tanks stacked in frame, one filling left side of frame in fg. Tanks should look new, clean, not rusty. ⏎ Add subtle camera movement, tracking, zoom, etc. Shallow depth of field. Include out of focus elements in fg and bg - e.g. pipes or metal structures ⏎ Prefer lower angles looking slightly upward to show the tanks looming",RC 26:12 - 26:36
CTD_AI_SJE_EstablishingPlant02,103,San Juanico LPG Explosion,SJE,Sent to Cream,,,,,4,"BRADLEY GREIVE ⏎ And as the houses creep closer the Pemex storage facility spreads out. First, they have four huge storage tanks, then six and then another 48 smaller tanks.","EXT - SAN JUANICO. DAY ⏎ Early 1980s. Hot, golden, dusty. Blue skies. ⏎ 2 WS. Varying POV. Camera ground level. Two large spherical tanks (different to the four in EstablishingPlant01). Tanks should look new, clean, not rusty. ⏎ Camera is placed between the 2 tanks as the loom above on screen left and right. ⏎ Add subtle camera movement, tracking, zoom, etc. Shallow depth of field. Include out of focus elements in fg and bg - e.g. pipes or metal structures.",RC 26:12 - 26:36
CTD_AI_SJE_EstablishingPlant03,103,San Juanico LPG Explosion,SJE,Sent to Cream,,,,,4,"BRADLEY GREIVE ⏎ And as the houses creep closer the Pemex storage facility spreads out. First, they have four huge storage tanks, then six and then another 48 smaller tanks.","EXT - SAN JUANICO. DAY ⏎ Early 1980s. Hot, golden, dusty. Blue skies. New facility, clean, NO RUST. Facility is jammed with tanks and pipes by now. ⏎ 2 WS. Varying POVs. 48 smaller horizontal bullet tanks (see ref pics of generic tanks). Don't need to show all 48 but get sense that there are A LOT of them. ⏎ Position camera just above their height, so we get a nice overview, showing several rows of tankers. ⏎ Add subtle camera movement, tracking, zoom, etc. Shallow depth of field. Include out of focus elements in fg and bg - e.g. pipes or metal structures.",RC 26:12 - 26:36
CTD_AI_SJE_EstablishingPlant04,103,San Juanico LPG Explosion,SJE,Sent to Cream,,,,,4,"BRADLEY GREIVE ⏎ And as the houses creep closer the Pemex storage facility spreads out. First, they have four huge storage tanks, then six and then another 48 smaller tanks.","EXT - SAN JUANICO. DAY ⏎ Early 1980s. Hot, golden, dusty. Blue skies. New facility, clean, NO RUST. Facility is jammed with tanks and pipes by now. ⏎ 3 CUs. Varying POVs. Horizontal bullet tanks (see ref pics of generic tanks). ⏎ Position camera among bullet tanks. One tank looming large in fg, others out of focus in bg. ⏎ Add subtle camera movement, tracking, zoom, etc. Shallow depth of field. Include out of focus elements in fg and bg - e.g. pipes or metal structures.",RC 26:12 - 26:36
CTD_AI_SJE_EstablishingPlant05,103,San Juanico LPG Explosion,SJE,Sent to Cream,,,,,4,"BRADLEY GREIVE ⏎ And as the houses creep closer the Pemex storage facility spreads out. First, they have four huge storage tanks, then six and then another 48 smaller tanks.","EXT - SAN JUANICO. DAY ⏎ Early 1980s. Hot, golden, dusty. Blue skies. New facility, clean, NO RUST. Facility is jammed with tanks and pipes by now. ⏎ 3 WS. Varying POVs. Varying kinds of tanks horizontal bullet tanks & spherical tanks, all jammed in closely together. ⏎ 1) Camera hovering low among tanks ⏎ 2) Camera high up, reveal from behind pipe facility spread out below. Don't include neighbourhood. See first ref pic for ""pipe at height"" ⏎ Aiming to get a bit of a sense how large this facility is without being too specific. Please make sure though that this more general shot isn't wildly different to",RC 26:32 - 26:37
CTD_AI_SJE_EstablishingPlant06,103,San Juanico LPG Explosion,SJE,Sent to Cream,,,,,3,"ANDREW NELSON ⏎ This Pemex facility can now hold roughly 570,000 cubic feet of liquified petroleum gas. That's roughly a third of Mexico City's supply.","EXT - SAN JUANICO. DAY ⏎ Early 1980s. Hot, golden, dusty. Blue skies. New facility, clean, NO RUST. Facility is jammed with tanks and pipes by now. ⏎ 2 MS. Various POV. Various piping around facility. No need for anything specific, just some variety to cut with and indicate huge size of plant. ⏎ Add subtle camera movement, tracking, zoom, etc. Shallow depth of field. Include out of focus elements in fg and bg - e.g. pipes or metal structures.",RC 26:32 - 26:37
CTD_AI_SJE_GasIgnites,103,San Juanico LPG Explosion,SJE,Sent to Cream,,,,,8,"VO: ⏎ AT 5:45 AM, THE CLOUD REACHES THE FLARE PIT…AND THE GAS IGNITES.","CTD_AI_SJE_GasIgnites ⏎ EXT. GAS PLANT, EARLY MORNING ⏎ The open flame of a flare pit. Suddenly, a massive spontaneous combustion as the flame ignites a massive gas cloud.",
CTD_AI_SJE_HomeBurns,103,San Juanico LPG Explosion,SJE,Sent to Cream,,,,,8,Lance Geiger ([15:47:03](https://www.rev.com/app/transcript/NmExNjE0NGQ0NTY3ZGQ5MmNkYjFkYTY2Rm9KdjlZOE5WQkw4/o/VEMwMTg1MjAyOTE0?ts=3648.24)): ⏎ The fire is so intense that homes near the plant are simply reduced to ash,CTD_AI_SJE_HomeBurns ⏎ EXT. RESIDENTIAL STREET - EARLY MORNING ⏎ WS A row of houses on a dirt road. The gas plant that looms in the background (600 feet away). The initial explosion instantly overwhelms the homes with a fiery blast and the are fully engulfed inflames.,
CTD_AI_SJE_HomeKnockedDown,103,San Juanico LPG Explosion,SJE,Sent to Cream,,,,,3,Lance Geiger ([15:47:13](https://www.rev.com/app/transcript/NmExNjE0NGQ0NTY3ZGQ5MmNkYjFkYTY2Rm9KdjlZOE5WQkw4/o/VEMwMTg1MjAyOTE0?ts=3658.9)): Other homes are knocked down by the shockwave from explosions.,"CTD_AI_SJE_HomeKnockedDown ⏎ EXT. HOUSE - DAY ⏎ WS - A cinderblock house is overwhelmed by a shockwave blast, tearing its roof off and collapsing a wall.",
CTD_AI_SJE_JUL9GasGhost01,103,San Juanico LPG Explosion,SJE,Sent to Cream,,,,,4,Bradley Greive: ⏎ The rupture starts leaking LPG into a giant colourless cloud and the wind pushes it across the plant. This is a massive aerosol bomb hovering over the facility like a ghost.,"EXT-DAY ⏎ Since we can't depict a ""colourless gas cloud"" by definition. The idea here is to suggest the ""POV"" of the cloud as it gets pushed by a gentle breeze toward the flare pit. So the camera creeps along few feet off the ground at 15km per hour until it reaches the flame within the flare pit, then, flames spread outward from the flame filling the entire frame in a split second",
CTD_AI_SJE_MetalShards01,103,San Juanico LPG Explosion,SJE,Sent to Cream,,,,,4,"EXPERT: Some of the smaller cylindrical tanks also explode, creating shards of hot metal that shoot as far as 600 feet away.","CTD_AI_SJE_MetalShards ⏎ EXT. HOUSE, EARLY MORNING ⏎ WS A modest wooden house is pelted with flaming metal shards, which break windows set fire to the roof.",
CTD_AI_SJE_MetalShards02,103,San Juanico LPG Explosion,SJE,Sent to Cream,,,,,4,"EXPERT: Some of the smaller cylindrical tanks also explode, creating shards of hot metal that shoot as far as 600 feet away.","CTD_AI_SJE_MetalShards ⏎ EXT. HOUSE, EARLY MORNING ⏎ CU Roof of a modest wooden house as it is pelted with flaming metal shards",
CTD_AI_SJE_PipeRuptures,103,San Juanico LPG Explosion,SJE,Sent to Cream,,,,,4,"EXPERT: Just two weeks after the last inspection, on the morning of November 19th, as gas is flowing through a pipeline into the facility, an 8-inch section of pipe ruptures.","CTD_AI_SJE_PipeRuptures ⏎ EXT. OUTSKIRTS OF SAN JUANICO Hot, hazy summer day. In deep background we can see LPG plant. In foreground we see a section of pipe that leads to the plant. The pipe looks rusted and damaged. (we will sell the idea of a gas leak with SFX)",
CTD_AI_SJE_PlantStartsLeaking01,103,San Juanico LPG Explosion,SJE,First request,,,,,0,"VO ⏎ BY THE SPRING OF 1984, LOCALS BEGIN TO SMELL GAS FUMES, INDICATING A POSSIBLE LEAK. BUT THEIR CONCERNS ARE IGNORED.","EXT - SAN JUANICO FACILITY. DAY ⏎ 1984. Hot, golden, dusty. Slightly overcast (weather not hugely important, if easier, just make this segment also blue skies). SOME RUST, NOT CLEAN (don't make it look super derelict just yet, but rust and dirt need to be noticeable). Facility is jammed with tanks and pipes by now. ⏎ 3 CUs. Varying POVs. Various complex piping systems within gas plant. (see generic ref pics on right as well as CTD_AI_SJE_PipeRuptures_20260717.mov) ⏎ Camera tracks along slowly showing several parallel pipes of varying sizes. Pipes in focus in fg, spherical and bullet tanks out of foc",RC ⏎ 26:43 - 26:52
CTD_AI_SJE_PlantStartsLeaking02,103,San Juanico LPG Explosion,SJE,First request,,,,,0,"VO ⏎ BY THE SPRING OF 1984, LOCALS BEGIN TO SMELL GAS FUMES, INDICATING A POSSIBLE LEAK. BUT THEIR CONCERNS ARE IGNORED.","XT - SAN JUANICO FACILITY. DAY ⏎ 1984. Hot, golden, dusty. Slightly overcast (weather not hugely important, if easier, just make this segment also blue skies). SOME RUST, NOT CLEAN (don't make it look super derelict just yet, but rust and dirt need to be noticeable). Facility is jammed with tanks and pipes by now. ⏎ 3 MS. Varying POVs. Various spherical and horizontal bullet tanks. Camera low to ground, tanks looming. Just need some variety of shots/tanks to allude to them leaking. ⏎ Add subtle camera movement, tracking, paning, zoom in etc. Shallow depth of field. Include out of focus elements in",RC ⏎ 26:43 - 26:52
CTD_AI_SJE_ResidentHellPOV,103,San Juanico LPG Explosion,SJE,Sent to Cream,,,,,6,POV AI ⏎ EXPERT: People start running for their lives while all these terrifying flaming projectiles are falling from the sky like rain. One person compares it to waking up in hell.,"CTD_AI_SJE_FlamingProjectiles ⏎ INT. SMALL HOME - DAY ⏎ POV of resident. Dimly lit interior. No face, out of focus, over shoulder as they push the door open and walk outside into full morning light (now EXT. STREET) they look out at the hellish streetscape. (No people - imagine this is the POV of the first person to run outside after the blast.) WS: In the deep background, a huge tower of smoke and flame rises from the gas plant. Nearby, some of the neighboring homes are on fire, other homes are fully collapsed from the blast shockwave. Metal shards and flaming debris are raining down everywhere.",
CTD_AI_SJE_TravelingCloud01,103,San Juanico LPG Explosion,SJE,Sent to Cream,,,,,2,BRADLEY GREIVE ⏎ The rupture starts leaking LPG into a giant colorless cloud and the wind pushes it across the plant. This is a massive aerosol bomb hovering over the facility like a ghost.,"EXT - SAN JUANICO. DAWN ⏎ 2 CUs to WS. Top down view of bursted pipe. White mist escaping rapidly. Camera pulls up, suggesting gas escaping. As we pull up, mist becomes less visible. This should not look like smoke or fog. It's essentially high pressure water vapor - a gas cloud/mist (accurately depicted in ref pic) ⏎ Light, bursted pipe and escaping gas cloud/mist need to match the respin of CTD_AI_SJE_PipeRuptures_20260717.mov (also see ref pic - but again, please make sure this new request will match the respin of PipeRuptures)",RC ⏎ 27:50 - 27:53
CTD_AI_SJE_TravelingCloud02,103,San Juanico LPG Explosion,SJE,First request,,,,,0,BRADLEY GREIVE ⏎ The rupture starts leaking LPG into a giant colorless cloud and the wind pushes it across the plant. This is a massive aerosol bomb hovering over the facility like a ghost.,"EXT - SAN JUANICO. DAWN ⏎ 2 WS. Aerials. POV from behind barely visible water vapour cloud. Camera follows it as it begins moving across the facility 40 feet high below, towards the flare pit. Facility and flare pit out of focus. ⏎ Light, bursted pipe and escaping gas cloud/mist need to match the RESPIN of CTD_AI_SJE_PipeRuptures_20260717.mov (also see ref pic - but again, please make sure this new request will match the respin of PipeRuptures)",RC ⏎ 27:58 - 28:03
CTD_AI_SJE_TravelingCloud03,103,San Juanico LPG Explosion,SJE,Sent to Cream,,,,,2,BRADLEY GREIVE ⏎ The rupture starts leaking LPG into a giant colorless cloud and the wind pushes it across the plant. This is a massive aerosol bomb hovering over the facility like a ghost.,"EXT - SAN JUANICO. DAWN ⏎ 2 CUs. Varying POV. Bursted pipe with escaping mist in focus in fg, plant in bg. Camera tilts up following the escaping gas cloud/mist into the sky. ⏎ Light, bursted pipe and escaping mist need to match the RESPIN of CTD_AI_SJE_PipeRuptures_20260717.mov (also see ref pic - but again, please make sure this new request will match the respin of PipeRuptures)",RC ⏎ 27:58 - 28:03
CTD_AI_SJE_TravelingCloud04,103,San Juanico LPG Explosion,SJE,Sent to Cream,,,,,3,BRADLEY GREIVE ⏎ The rupture starts leaking LPG into a giant colorless cloud and the wind pushes it across the plant. This is a massive aerosol bomb hovering over the facility like a ghost.,"EXT - SAN JUANICO. DAWN ⏎ 2 WS. Varying POV. Camera on ground level, at point between bursted pipe and flare pit (no need to see either). Random tanks/pipes in fg. Camera points into the sky to barely visible gas cloud/mist traveling through shot, camera pans with it. ⏎ If it's too hard to make the mist barely visible, just make it invisible, that would also be factually correct. ⏎ Light, bursted pipe and escaping mist need to match the RESPIN of CTD_AI_SJE_PipeRuptures_20260717.mov (also see ref pic - but again, please make sure this new request will match the respin of PipeRuptures)",RC ⏎ 27:58 - 28:03
CTD_AI_SJE_TwentyMilesAway01,103,San Juanico LPG Explosion,SJE,Sent to Cream,,,,,1,BRADLEY GREIVE ⏎ The explosion is so violent. It is felt 20 miles away. It even triggers a reading on a seismograph at the University of Mexico that is meant to study earthquakes.,"EXT. MEXICAN COUNTRYSIDE. DAWN. ⏎ 2 CUs. Varying POVs. Ground floor window of rural country home in fg in focus. Fields and mountains in far back, at horizon, out of focus. One single fireball rises into air (about 20 miles away, 1000 feet high, near mountains, out of focus.) Window shatters. ⏎ Shallow depth of field. Add camera movement, like track forward/sideways or zoom in. ⏎ Time of day needs to match RESPIN of CTD_AI_SJE_PipeRuptures_20260717.mov",RC ⏎ 28:34 - 28:39
CTD_AI_SJE_TwentyMilesAway02,103,San Juanico LPG Explosion,SJE,Sent to Cream,,,,,1,BRADLEY GREIVE ⏎ The explosion is so violent. It is felt 20 miles away. It even triggers a reading on a seismograph at the University of Mexico that is meant to study earthquakes.,"EXT. MEXICAN COUNTRYSIDE. DAWN. ⏎ 2 CUs. Varying POVs. Glass falling into dirt near house, in focus in fg (TwentyMiles01) Fields and mountains in far back, at horizon, totally out of focus. One single fireball continues rising into air (about 20 miles away, 1000 feet high, near mountains, out of focus. ⏎ Shallow depth of field. Add camera movement, like track forward/sideways or zoom in. ⏎ Time of day needs to match RESPIN of CTD_AI_SJE_PipeRuptures_20260717.mov",RC ⏎ 28:34 - 28:39
CTD_AI_ARF_EscapeToBalcony,104,Ahr River Flooding,ARF,Sent to Cream,SM,,,2,7,EXPERT: Winery owner Lukas Sermann and his father barely escape by scrambling to a nearby balcony.,MS. DUSK EXT. BUILDING BALCONY. POV - Scrambling up last few wooden stairs and stops on outside balcony. Stop and Looking down at flooded streets below - Scanning a car being dragged away by the flood. ⏎ See Reference Images for Altenahr Street and flooding ⏎ Watch Video for Ref: ⏎ 7:38,
CTD_AI_ARF_EscapeToBalcony 2,104,Ahr River Flooding,ARF,Cancelled,SM,,,2,0,EXPERT: Winery owner Lukas Sermann and his father barely escape by scrambling to a nearby balcony.,"MS. DUSK EXT. BUILDING BALCONY. ⏎ FRANTIC CU bashing open a door (shoulder into door) CU of Lucas and his dad’s feet scrambling up flooded stairs, father’s hand on banister, water rising below.",Link to IRC: ⏎ REF TC: 01:06:26
CTD_AI_ARF_EscapeToBalcony 3,104,Ahr River Flooding,ARF,Cancelled,SM,,,2,0,EXPERT: Winery owner Lukas Sermann and his father barely escape by scrambling to a nearby balcony.,MS. DUSK EXT. BUILDING BALCONY. ⏎ FRANTIC CU - Man's hands gripping balcony rail with Water rushing below on the street.,Link to IRC: ⏎ REF TC: 01:05:33
CTD_AI_ARF_FloodedCampsite A,104,Ahr River Flooding,ARF,Sent to Cream,SM,,,1,3,"EXPERT: At a campsite upriver from Altenahr, seven people are taken completely by surprise by the rising waters, and drown before they have a chance to escape.",EXT. CAMPSITE - DAY ⏎ WS: Several Camper Vehicles engulfed in Flood - Showing only up to windows (People's feet on top),
CTD_AI_ARF_FloodedCampsite B,104,Ahr River Flooding,ARF,Sent to Cream,,,,,0,"EXPERT: At a campsite in Dorsel, upriver from Altenahr, seven people are taken completely by surprise by the rising waters, and drown before they have a chance to escape.",EXT. CAMPSITE - DAY ⏎ WS: Several Camper Vehicles engulfed in Flood - Showing only up to windows (People's feet on top),
CTD_AI_ARF_FloodedStreets B,104,Ahr River Flooding,ARF,Sent to Cream,,,,,14,"EXPERT: It just won’t stop. And as darkness begins to fall, the situation becomes even more dire. You can hear pleading for help.",EXT. ALTENAHR STREETS - NIGHT ⏎ POV DOC STYLE WIDE SHOT FROM BALCONY - A man in the distance holds onto tree to no be washed away.,
CTD_AI_ARF_RisingWater01,104,Ahr River Flooding,ARF,Sent to Cream,,,,,6,VO: ⏎ OVER THE NEXT HOUR…THE FLOOD WATERS CONTINUE TO SURGE DOWN STREAM….,"EXT. AHR RIVER - DAY ⏎ BEFORE FLOOD. July, 2021. Sky is overcast, grey, rain falling (see ref. pic) (if rain looks cartoonish, make it look misty, not thick fog) ⏎ 3 CU. Various POV. Rushing, brown river water muddy, grassy, rocky river banks. The rising water continues to surge, bushes start to crumple, sticks, branches, trees are swept away and run down river. ⏎ Also archival ref: CTD_ARCH_UGF_ARF_20.00Uhr.mp4",
CTD_AI_ARF_RisingWater02,104,Ahr River Flooding,ARF,Sent to Cream,,Y,,,7,VO: ⏎ OVER THE NEXT HOUR…THE FLOOD WATERS CONTINUE TO SURGE DOWN STREAM….,"EXT. AHR RIVER - DAY ⏎ JUST BEFORE FLOOD. July 2021. Overcast, grey, rain falling (see ref. pic) (if rain looks cartoonish, make it look misty not thick fog). ⏎ 3 CU. Various POV. In focus in fg, swollen, brown, powerful river. Running fast along wall (see first ref pic), very close to sweeping over top. Large pieces of wood, a tree, going by camera, swept up in current. In bg, out of focus, houses (see first ref pic). Make it messy, chaotic, immersive. ⏎ Light/color needs to match",
CTD_AI_ARF_RisingWater03,104,Ahr River Flooding,ARF,Sent to Cream,,,,,9,VO: ⏎ OVER THE NEXT HOUR…THE FLOOD WATERS CONTINUE TO SURGE DOWN STREAM….,"EXT. ALTENAHR STREETS - DAY ⏎ JUST BEFORE FLOOD. July 2021. Overcast, grey, rain falling (see ref. pic) (if rain looks cartoonish, make it look misty not thick fog). ⏎ Ahr River (9m wide, brown/muddy) runs right through town. One side of river: concrete bank separates houses from river. Other side: black iron fence/ wall w short pillars (see first ref pic - showing river after flooding. We want PRE-FLOODING BUT SWOLLEN (see green lines). Water level should be just below black iron fence) ⏎ 4 CUs. Various POV. Water level rising fast against the exterior of house, window sills, shutters. ⏎ See ref (red",
CTD_AI_ARF_RiverbankBreaks02,104,Ahr River Flooding,ARF,Sent to Cream,,Y,,,4,VO: ⏎ OVER THE NEXT HOUR…THE FLOOD WATERS CONTINUE TO SURGE DOWN STREAM….,"EXT. AHR RIVER TOWN - DAY ⏎ MOMENT OF FLOODING. July 2021. Overcast, grey, rain falling (see ref pic) (if rain looks cartoonish, make it misty, not thick fog) ⏎ Ahr River (12m wide, brown/muddy) runs right through town. One side of river: concrete bank separates houses from river. Other side: black iron fence/ wall w short pillars (see first ref pic - showing river after flooding. We want PRE-FLOODING BUT SWOLLEN (see green lines). Water level should be just below black iron fence) ⏎ 3-4 WS. Various POV. Incl low aerial (5m max). River rising as it flows fast through town. Suddenly, river overflows",
CTD_AI_ARF_RiverbankBreaks03,104,Ahr River Flooding,ARF,In Progress,,Y,,,0,"Kate B: ⏎ The residents can do very little, but watch helplessly as the river breaks the banks and floods the streets.","EXT. AHR RIVER TOWN - DAY ⏎ MOMENT OF FLOODING. July 2021. Overcast, grey, rain falling (see ref pic) (if rain looks cartoonish, make it misty, not thick fog) ⏎ Ahr River (12m wide, brown/muddy) runs right through town. One side of river: concrete bank separates houses from river. Other side: black iron fence/ wall w short pillars (see first ref pic - showing river after flooding. We want PRE-FLOODING BUT SWOLLEN (see green lines). Water level should be just below black iron fence) ⏎ 3-4 CUs. Various POV. Camera close to/just below black iron fence (see ref pic, red arrow). Suddenly, river overflows",
CTD_AI_ARF_RiverbankBreaks04,104,Ahr River Flooding,ARF,In Progress,,Y,,,1,"Kate B: ⏎ The residents can do very little, but watch helplessly as the river breaks the banks and floods the streets.","EXT. AHR RIVER TOWN - DAY ⏎ MOMENT OF FLOODING. July 2021. Overcast, grey, rain falling (see ref pic) (if rain looks cartoonish, make it misty, not thick fog) ⏎ Ahr River (12m wide, brown/muddy) runs right through town. One side of river: concrete bank separates houses from river. Other side: black iron fence w short pillars (see first ref pic - showing river during flooding) ⏎ 3-4 ECUs Various POV. Force of water smashes through the fence, ripping it from its posts, right at camera. Camera being swept away, down streets ⏎ Make it immersive, chaotic. ⏎ See ref pic. Last three show town before flooding,",
CTD_AI_ARF_RiverbankBreaks04,104,Ahr River Flooding,ARF,First request,,Y,,,1,"Kate B: ⏎ The residents can do very little, but watch helplessly as the river breaks the banks and floods the streets.","EXT. AHR RIVER TOWN - DAY ⏎ JUST AFTER FLOODING MOMENT. July 2021. Overcast, grey, rain falling (see ref pic) (if rain looks cartoonish, make it misty, not thick fog) ⏎ Brown, muddy flood waters surge through town. ⏎ 4 CU. Various POV. House is torn from its foundations and swept up in surging water. ⏎ Make it chaotic, messy, impressionistic. Immersive.",
CTD_AI_ARF_RockyRiverbanks01,104,Ahr River Flooding,ARF,Cancelled,,,,,0,Andrew Nelson: ⏎ The town of Altenahr is specially at risk because it lies within an especially steep and narrow part of the valley where the surrounding land can't absorb a lot of water.,"EXT. AHR RIVER AT ALTENAHR - DAY ⏎ Sunny, cloudless day, sun's rays sparkle on the water ⏎ 3-4 CU. Various POV. Water running along rocky riverbank. Slope is gentle, about 20 degrees, 1.5 metres from road. Reference pic is the type of riverbank",
CTD_AI_ARF_SunGoingDown,104,Ahr River Flooding,ARF,Cancelled,SM,,,3,0,"EXPERT: They’re stuck up there for hours, looking down, watching the waters continue to rise.",MS. DUSK EXT. BUILDING BALCONY. POV - Looking down at flooded streets below ⏎ Til up Sun doing down - Time Lapse ⏎ See Reference Images for Altenahr Street and flooding,
CTD_AI_ARF_TrappedByFlood01,104,Ahr River Flooding,ARF,First request,,,,,0,"You can hear people screaming for help, desperate to save their own lives and the lives of their loved ones.","INT. APARTMENT - NIGHT ⏎ 3 CU. Various POV. Camera at floor level. Bottom of door (where it meets the floor), floodwaters rushing into apartment from other side of door. A person’s feet / legs in jeans and rubber boots come into frame. He/she attempts to push door open with one leg, leaning the side of the leg against the door. ⏎ Add camera movement to make more dynamic",01:06:32
CTD_AI_ARF_TrappedByFlood02,104,Ahr River Flooding,ARF,First request,,,,,3,"Bradley Greive: You can hear people screaming for help, desperate to save their own lives and the lives of their loved ones","INT. APARTMENT HALLWAY - NIGHT ⏎ 3 CUs. Various POV (basically reverse of TrappedByFlood01). Apartment front door, floodwaters are four inches below the door handle; keyhole still visible. The door handle moves up and down, (someone inside is trying to get out), but the door can't open against the floodwaters in the hall. The door handle movement becomes increasingly frantic (up and down) as the person realizes she is trapped inside and cannot exit. ⏎ Add camera movement to make more dynamic ⏎ See reference at 3:46: ⏎ https://www.youtube.com/watch?v=052z4hR7ywU ⏎ https://www.youtube.com/watch?v=052z4hR7",01:06:54/01:07:09
CTD_AI_KAL007_747 In Flight,104,Korean Air Lines Flight 007,KAL007,Sent to Cream,,,,3,2,"**VO:** ⏎ **BUT HOURS LATER, AFTER THEY CROSS THE INTERNATIONAL DATE LINE, THE PLANE IS MYSTERIOUSLY OFF COURSE.**",EXT. SKY (KAL007)- NIGHT ⏎ CU Side profile of Nose of Boeing 747 in flight.,
CTD_AI_KAL007_747 In Flight 2,104,Korean Air Lines Flight 007,KAL007,Sent to Cream,,,,3,2,"Jess Phoenix ([17:52:37](https://www.rev.com/app/transcript/NmEwZjcxODU0YWEwMmVlODQwYjA1MDE0bGpCcHNVSDl6YkJG/o/VEMwNjY5MTMxNDU1?ts=9446.54)): ⏎ The request is granted and the Boeing 747 starts to climb. As it does, it slows while it gains altitude.","EXT. SKY (KAL007)- NIGHT ⏎ CU Side profile of Nose of Boeing 747 in flight - tilting upwards, gaining altitude.",
CTD_AI_KAL007_747 In Flight 3,104,Korean Air Lines Flight 007,KAL007,PAUSE,,,,3,0,"Jess Phoenix ([17:52:37](https://www.rev.com/app/transcript/NmEwZjcxODU0YWEwMmVlODQwYjA1MDE0bGpCcHNVSDl6YkJG/o/VEMwNjY5MTMxNDU1?ts=9446.54)): ⏎ The request is granted and the Boeing 747 starts to climb. As it does, it slows while it gains altitude.","EXT. SKY (KAL007)- NIGHT ⏎ Three or four varying POVs of the 747-230 climbing at night, through clouds. E.g. aircraft seen from behind, low angle looking up at the belly of the plane, the nose and tail.",01:21:31
CTD_AI_KAL007_747Crashes 1,104,Korean Air Lines Flight 007,KAL007,Sent to Cream,,,,19,3,"EXPERT: Moments later, KAL 007 disappears off radar screens and crashes into the Sea of Japan, killing everyone on board.",EXT. OCEAN - NIGHT ⏎ WS In the far distance a smoking Boeing 747 Crashes into rough waters ⏎ See Reference Photo,
CTD_AI_KAL007_747Crashes 2,104,Korean Air Lines Flight 007,KAL007,Sent to Cream,,,,19,5,"EXPERT: Moments later, KAL 007 disappears off radar screens and crashes into the Sea of Japan, killing everyone on board.",INT. COCKPIT - NIGHT ⏎ PILOTS FRANTIC POV - Hands on Controls - Crashing into water - CUT TO BLACK,
CTD_AI_KAL007_747Crashes 3,104,Korean Air Lines Flight 007,KAL007,Sent to Cream,,,,19,6,"EXPERT: Moments later, KAL 007 disappears off radar screens and crashes into the Sea of Japan, killing everyone on board.",EXT. KAL007 (727)- NIGHT ⏎ CU - Shaky Nose of 747 pointing downwards 8 o clock position,
CTD_AI_KAL007_747InDarkness,104,Korean Air Lines Flight 007,KAL007,Sent to Cream,,,,15,4,VO: ⏎ BUT FLIGHT 007 IS STILL IN THE AIR.,"EXT. SKY BOEING 747-230B - NIGHT ⏎ WS - SHAKY CAM - Following behind 747, Smoke coming out of left wing & Tail",
CTD_AI_KAL007_747InDarkness 2,104,Korean Air Lines Flight 007,KAL007,Sent to Cream,,,,15,2,VO: ⏎ BUT FLIGHT 007 IS STILL IN THE AIR.,EXT. SKY BOEING 747-230B - NIGHT ⏎ CU SHAKY CAM - Smoke coming out of left wing & Tail,
CTD_AI_KAL007_747Nosedive01,104,Korean Air Lines Flight 007,KAL007,First request,,Y,,19,0,"EXPERT: Moments later, KAL 007 disappears off radar screens and crashes into the Sea of Japan, killing everyone on board.","EXT. SKY ABOVE OCEAN - NIGHT ⏎ Plane nose diving from sky, sea about 200 feet below ⏎ 7 CUs. Various POV. Plane shakes violently, pointing downwards 50%, plunging toward the dark sea below. ⏎ See AF447 falling shots for reference of FRAMING only - please remember 447 falls tail first. DO NOT COPY WEATHER, sky needs to be clear ⏎ CTD_AI_447_PlaneCrashHold_20260702_1a.mov, CTD_AI_447_CloudPLANE_20260708_1c_CLOUD13_v1.mp4, CTD_AI_447_Stage05_20260709_5b.mov",01:23:37
CTD_AI_KAL007_747PlaneDebris01,104,Korean Air Lines Flight 007,KAL007,First request,,Y,,19,0,"EXPERT: Moments later, KAL 007 disappears off radar screens and crashes into the Sea of Japan, killing everyone on board.","EXT. OCEAN SURFACE - NIGHT ⏎ 3 CUs. Varying POVs. Various objects floating on the calm ocean surface: An oxygen mask, an upturned plastic flip flop sandal, a woman's light coloured scarf. ⏎ For reference, see 447 floating debris shots, see CTD_AI_447_Debris_20260520_1a.mov, CTD_AI_447_Debris_20260520_2a - - just make shots a BIT DARKER",01:23:42 / 01:23:45 / 01:23:48
CTD_AI_KAL007_747PlaneUnderwater01,104,Korean Air Lines Flight 007,KAL007,First request,,Y,,19,0,"EXPERT: Moments later, KAL 007 disappears off radar screens and crashes into the Sea of Japan, killing everyone on board.","EXT. UNDERWATER OCEAN - NIGHT ⏎ 3 CUs. Varying POVs. Camera underwater, looking up at ocean surface, 747 nose comes crashing into the dark water, fuselage breaks apart hitting the water, chunks begin sinking past the lens. Air bubbles partially obscure the view.",01:23:42 / 01:23:45 / 01:23:48
CTD_AI_KAL007_747TakingOff01,104,Korean Air Lines Flight 007,KAL007,First request,,Y,,3,0,"Jess Phoenix ⏎ At 4 am, KAL takes off for the roughly eight hour flight",EXT. ANCHORAGE AIRPORT - NIGHT ⏎ 3-4 CUs. Varying POVs. Wheels/landing gear of BOEING 747-230 going fast down runway (take off speed). ⏎ Match lighting and runway/airport bg of KAL007_Takeoff_20260624_3a.mov,01:17:35
CTD_AI_KAL007_747TakingOff02,104,Korean Air Lines Flight 007,KAL007,First request,,Y,,3,0,"Jess Phoenix ⏎ At 4 am, KAL takes off for the roughly eight hour flight","EXT. ANCHORAGE AIRPORT - NIGHT ⏎ 3-4 CUs. Varying POVs. Wheels/landing gear of BOEING 747-230 retract just after take off. ⏎ E.g wing flies past frame, retracts landing gear. Runways below. Match lighting and runway/airport bg of KAL007_Takeoff_20260624_3a.mov",01:17:35
CTD_AI_KAL007_BlipsOnRadar,104,Korean Air Lines Flight 007,KAL007,Sent to Cream,,,,6,9,EXPERT: The Soviets have actually been tracking the RC-135 the whole time and the Soviet radar operator probably believes that KAL 007 is another spy plane.,INT. RADAR CONTROL ROOM - NIGHT ⏎ CU - Over the shoulder of Soviet Radar Operator. His Hand points to 2 different blips on Radar screen. ⏎ See reference photo,
CTD_AI_KAL007_BlipsOnRadar 2,104,Korean Air Lines Flight 007,KAL007,Sent to Cream,,,,6,0,EXPERT: The Soviets have actually been tracking the RC-135 the whole time and the Soviet radar operator probably believes that KAL 007 is another spy plane.,"INT. RADAR CONTROL ROOM - NIGHT ⏎ Can you do different angles and versions of the Radar operator looking at Radar screen ⏎ CUs of screen, Zooming into Radar screen with two blips etc? ⏎ See reference photo",
CTD_AI_KAL007_CannonsFire 1,104,Korean Air Lines Flight 007,KAL007,Sent to Cream,,,,9,4,"VO: ⏎ TO GET THEIR ATTENTION, OSIPOVICH FIRES HIS CANNONS.","INT. SU-15 SOVIET FIGHTER - NIGHT ⏎ CU - Pilot's hands control sticks feature a spring-loaded safety guard over the primary weapon controls. The pilot pushes this up with their thumb. Underneath the safety cover on the control stick, the pilot squeezes the primary firing trigger.",
CTD_AI_KAL007_CannonsFire 2,104,Korean Air Lines Flight 007,KAL007,Sent to Cream,,,,9,13,"VO: ⏎ TO GET THEIR ATTENTION, OSIPOVICH FIRES HIS CANNONS.",EXT. SU-15 SOVIET FIGHTER - NIGHT ⏎ SHAKY CU OF CANNONS FIRING (NO TRACERS) ⏎ INFO: UPK-23-250 universal gun pods mounted to the fuselage pylons which housed a 23mm GSh-23L twin-barrel autocannon. ⏎ See Reference Photo,
CTD_AI_KAL007_CannonsFire 3,104,Korean Air Lines Flight 007,KAL007,Sent to Cream,,,,10,1,". ⏎ EXPERT: The intention is not to hit the plane, just to let them know they’re there. The problem is it doesn’t work. They don’t hear the cannon fire and the rounds don’t contain tracers.",EXT. SKY - SU-15 Fighter - NIGHT ⏎ WS - Fires its cannons into darkness.,
CTD_AI_KAL007_CannonsFire 4,104,Korean Air Lines Flight 007,KAL007,Sent to Cream,,,,10,2,"EXPERT: The intention is not to hit the plane, just to let them know they’re there. The problem is it doesn’t work. They don’t hear the cannon fire and the rounds don’t contain tracers.",EXT. SKY BOEING 747 - NIGHT ⏎ WS - Following from behind: Dark Cannon shells pass by front of plane,
CTD_AI_KAL007_CaptainInHeadset 1,104,Korean Air Lines Flight 007,KAL007,Sent to Cream,,,,11,2,"EXPERT: It’s then that the captain of flight 007 contacts the Tokyo Area Control Center to request clearance to ascend to a higher[ ](https://en.wikipedia.org/wiki/Flight_level)altitude, which is done to conserve fuel.",INT. BOEING 747 COCKPIT - NIGHT ⏎ CU - Hand presses a **Push-To-Talk (PTT) button** built directly into the thumb grip of the control yoke.,
CTD_AI_KAL007_CaptainInHeadset 2,104,Korean Air Lines Flight 007,KAL007,Sent to Cream,,,,11,2,"EXPERT: It’s then that the captain of flight 007 contacts the Tokyo Area Control Center to request clearance to ascend to a higher[ ](https://en.wikipedia.org/wiki/Flight_level)altitude, which is done to conserve fuel.",INT. BOEING 747 COCKPIT - NIGHT ⏎ CU Over-ear headsets with integrated boom microphones. OUT OF FOCUS Moths speaks into mic ⏎ See Reference Photo - Cockpit 1980s,
CTD_AI_KAL007_ExplosionInAir 1,104,Korean Air Lines Flight 007,KAL007,Sent to Cream,,,,14,4,"EXPERT: One of the missile misses. The other detonates 160 feet behind the Boeing 747, near its left wing and tail.","EXT. SKY - NIGHT ⏎ WS - Shakycam shot from Behind of Boeing 747 flying. ⏎ A Missile :A K-8 (AA-3 ""Anab"") flies past it's rear tail wing ⏎ See Reference Photo",
CTD_AI_KAL007_ExplosionInAir 2,104,Korean Air Lines Flight 007,KAL007,Sent to Cream,,,,14,4,"EXPERT: One of the missile misses. The other detonates 160 feet behind the Boeing 747, near its left wing and tail.","EXT. SKY - NIGHT ⏎ WS from behind 747- OUT OF FOCUS Plane a few hundred feet ahead, Explosion in front right of camera",
CTD_AI_KAL007_FighterInFlight 1,104,Korean Air Lines Flight 007,KAL007,Sent to Cream,,,,4,9,VO: ⏎ COMING UP: THERE’S NO TURNING BACK.,EXT. SKY - NIGHT ⏎ MS Low Angle looking slightly up: SU-15 Fighter in flight,
CTD_AI_KAL007_FighterInFlight 2,104,Korean Air Lines Flight 007,KAL007,Sent to Cream,,,,4,7,VO: ⏎ COMING UP: THERE’S NO TURNING BACK.,EXT. SKY - NIGHT ⏎ MS From Behind SU-15 Fighter in flight - Silhouette of Boeing 747-230B in far distance,
CTD_AI_KAL007_FighterInFlight 3,104,Korean Air Lines Flight 007,KAL007,Cancelled,,,,4,0,"Paul Sutter ([09:58:28](https://www.rev.com/app/transcript/NmExNGNhODNkY2YzODI1NzMzYTQ1Y2UxTGpZdXpIVlBoUXVq/o/VEMwNTk5NDgyMzk2?ts=4230)): ⏎ [09:58:28] Within minutes, Osipovich is able to make visual contact,",EXT. SKY - NIGHT ⏎ Can you provide different angles/shots/framings of the SU-15 Fighter following far behind the Boeing 747-230B?,
CTD_AI_KAL007_FighterTurns,104,Korean Air Lines Flight 007,KAL007,Sent to Cream,,,,12,10,"EXPERT: To a fighter pilot, it looks like an evasive maneuver, indicating the aircraft knows it’s being followed.",INT. COCKPIT - NIGHT ⏎ CU - From behind Soviet Pilot quickly looks overhead and behind ⏎ See reference photos,
CTD_AI_KAL007_FightersScramble,104,Korean Air Lines Flight 007,KAL007,Sent to Cream,,,,7,9,EXPERT: They need to get eyes on it to be sure. So the Soviets scramble a fighter jet to intercept the suspicious aircraft.,EXT. RUNWAY - NIGHT ⏎ WS a SU-15 Fighter goes down runway and takes off - Pan with it into dark sky,
CTD_AI_KAL007_FirstOfficerQuestions,104,Korean Air Lines Flight 007,KAL007,Sent to Cream,,,,16,2,KAL 007 Cockpit Audio**: ** ⏎ _What's happened?_ ⏎ _[Sound: cabin altitude warning]_,"INT. BOEING 747 COCKPIT - NIGHT ⏎ CU POV - Frantic Shaky cam - Instruments whirling on control panel, looking out window",
CTD_AI_KAL007_FlightCrewControls,104,Korean Air Lines Flight 007,KAL007,Sent to Cream,,,,5,2,VO: ⏎ THE PILOTS OF KOREAN AIRLINES FLIGHT 007 ARE UNAWARE THEY’VE ENTERED RESTRICTED SOVIET AIRSPACE.,"INT. COCKPIT - NIGHT ⏎ WS- FROM BEHIND Silhouette of 3 Flight Crew members controls - relaxing, turning to each other chatting",
CTD_AI_KAL007_FlightCrewRelaxing,104,Korean Air Lines Flight 007,KAL007,Sent to Cream,,,,8,0,EXPERT: The pilots of KAL 007 have no idea that Soviet fighter jets are trailing them. They don’t even know they’re in restricted airspace at all.,"INT. COCKPIT - NIGHT ⏎ WS- FROM BEHIND Silhouette of 3 Flight Crew members controls - relaxing, turning to each other chatting",
CTD_AI_KAL007_GrabbingPhone01,104,Korean Air Lines Flight 007,KAL007,First request,,,,,0,,INT. SOVIET RADAR STATION - NIGHT ⏎ Location needs to match CTD_AI_KAL007_BlipsOnRadar_20260609_1a and 2a and its expansions. ⏎ 3-4 ECUs. Various POV. Black late 1970s/early 80s black phone with coil cord on radar operator's desk. Hand reaches into frame and grabs receiver. NO FACE. ⏎ Shallow depth of field.,
CTD_AI_KAL007_InputtingCoordinates A,104,Korean Air Lines Flight 007,KAL007,Sent to Cream,,,,2,4,"EXPERT: The First Officer programs the flight path into the plane’s inertial navigation system, or INS, which will allow them to fly the ~~entire ~~trip on autopilot.",INT. 747 COCKPIT - NIGHT ⏎ CU - Fingers punch in coordinates into INS system,
CTD_AI_KAL007_InputtingCoordinates B,104,Korean Air Lines Flight 007,KAL007,Sent to Cream,,,,2,3,"EXPERT: The First Officer programs the flight path into the plane’s inertial navigation system, or INS, which will allow them to fly the ~~entire ~~trip on autopilot.",INT. 747 COCKPIT - NIGHT ⏎ CU AUTOPILOT light on Control Panel,
CTD_AI_KAL007_MissileButton 1,104,Korean Air Lines Flight 007,KAL007,Sent to Cream,,,,13,2,"VO: ⏎ AT 5:26 AM LOCAL TIME, OSIPOVICH FIRES TWO HEAT-SEEKING AIR-TO-AIR MISSILES AT KAL 007.","INT. SU-15 SOVIET FIGHTER - NIGHT ⏎ CU - Pilot's hands control sticks feature a spring-loaded safety guard over the primary weapon controls. The pilot pushes this up with their thumb. Underneath the safety cover on the control stick, the pilot squeezes the primary firing trigger.",
CTD_AI_KAL007_MissileButton 2,104,Korean Air Lines Flight 007,KAL007,Sent to Cream,,,,13,2,"VO: ⏎ AT 5:26 AM LOCAL TIME, OSIPOVICH FIRES TWO HEAT-SEEKING AIR-TO-AIR MISSILES AT KAL 007.","EXT. SU-15 SOVIET FIGHTER - NIGHT ⏎ SHAKY CU OF 2 MISSILES FIRING ⏎ Missile :A K-8 (AA-3 ""Anab"")",
CTD_AI_KAL007_On Tarmac,104,Korean Air Lines Flight 007,KAL007,Sent to Cream,,,,3,4,"VO: ON SEPTEMBER 1, 1983, KOREAN AIR LINES FLIGHT 007, IS PREPARING TO DEPART FROM ANCHORAGE INTERNATIONAL AIRPORT FOR SEOUL, SOUTH KOREA.",EXT. ANCHORAGE AIRPORT - EARLY MORNING (DARK) ⏎ WS: Boeing 747-230B KAL 007 on airport Tarmac ⏎ *Can you give us multiple angles/ shots?,
CTD_AI_KAL007_PanicOxygenMasks,104,Korean Air Lines Flight 007,KAL007,Sent to Cream,,,,17,2,"EXPERT: Imagine being a passenger on this flight. One minute you’re trying to sleep, and the next, you’re in a sudden, rapid descent.","INT. 747 PASSENGER CABIN - NIGHT ⏎ WS - POV SHAKYCAM LONG LENS from Behind, Oxygen masks drop. Passengers heads look around in panic",
CTD_AI_KAL007_PanicOxygenMasks 2,104,Korean Air Lines Flight 007,KAL007,Sent to Cream,,,,17,5,"EXPERT: Imagine being a passenger on this flight. One minute you’re trying to sleep, and the next, you’re in a sudden, rapid descent.",INT. 747 PASSENGER CABIN - NIGHT ⏎ POV - Frantic Shakycam: Looking out cabin window noticing plane is plummeting.,
CTD_AI_KAL007_Passengers,104,Korean Air Lines Flight 007,KAL007,Sent to Cream,,,,18,4,"Kiki Sanford ([17:55:31](https://www.rev.com/app/transcript/NmExNWQxYTQyMzg3NWI3OWI4NmQ2ZWMzdTZYNndVRlVaTFBO/o/VEMwNzEzNjU4NTcy?ts=9135.36)): ⏎ There are 269 people on board this Boeing 747, including US Congress person, Larry McDonald.",INT. 747 PASSENGER CABIN - NIGHT ⏎ MS - LOW ANGLE FROM FRONT OF PLANE - Looking down the centre walkway (Like a Wes Anderson Shot) - Dollying backwards: Passengers legs in seats.,
CTD_AI_KAL007_PilotsInCockpit,104,Korean Air Lines Flight 007,KAL007,Sent to Cream,,,,1,2,"EXPERT: Inside the cockpit are three seasoned crew members: the captain, first officer, and the flight engineer.","INT. COCKPIT - NIGHT ⏎ *Note Plane not moving. ⏎ WS - LOW ANGLE FLOOR LEVEL FROM BEHIND Silhouette of 3 Flight Crew members (Lower back down) at controls - relaxing, turning to each other chatting",
CTD_AI_KAL007_PilotsPrepareTakeoff01,104,Korean Air Lines Flight 007,KAL007,First request,,Y,,1,0,"EXPERT: Inside the cockpit are three seasoned crew members: the captain, first officer, and the flight engineer.",INT. COCKPIT - NIGHT ⏎ Plane not moving. ⏎ 3-4 CUs. Varying POV and moments of pilots/flight engineer preparing for take-off. NO FACES ⏎ 1) Flight engineer as he buckles his seat belt ⏎ 2) Captain's right hand flicking a metal switch on the instrument panel ⏎ 3) First Officer turning a grey dial on the lower instrument panel with his left hand (the one in between his seat on the right and the captain's seat on the left),01:16:49
CTD_AI_KAL007_ShootingMissiles,104,Korean Air Lines Flight 007,KAL007,Not started,,,,20,0,~~REPRISE - AI RECREATION~~ ⏎ ~~Shooting Missiles~~ ⏎ ~~EXPERT: Osipovich is never fully convinced it wasn’t a spy aircraft. He never expresses remorse for shooting down the plane and killing all those people. ~~,Cut - Don't need,
CTD_AI_KAL007_Takeoff,104,Korean Air Lines Flight 007,KAL007,Sent to Cream,,,,3,3,"EXPERT: At 4am local time, KAL 007 takes off for the roughly 8-hour flight.",EXT. RUNWAY - NIGHT ⏎ Boeing 747 heads down runway and takes off in darkness,
CTD_AI_KAL007_WrestleControls,104,Korean Air Lines Flight 007,KAL007,Sent to Cream,,,,18,3,EXPERT: The panicked pilots try to regain control of the aircraft.,INT. COCKPIT - NIGHT ⏎ Frantic Shaky POV - Pilot's hands attempts to wrestle back control of the plane,
RequestAltitudeATC01,104,Korean Air Lines Flight 007,KAL007,First request,,,,,0,"Expert: It's at that moment that one of the pilots of KAL 007 contacts Tokyo area control asking for permission to ascend to a higher altitude, which is done to conserve fuel.","INT. COCKPIT - NIGHT ⏎ 3 ECUs altimeter (altitude indicator). Gauge read 30,400 feet. See ref pics.",01:21:30
CTD_AI_MRB_* SteelBeamsBridge&Concrete Piers,104,I-35 Mississippi River Bridge Collapse,MRB,Sent to Cream,,,,,6,"Paul Sutter ⏎ It's almost 2,000 feet long and rises ⏎ and over a hundred ⏎ feet above the water, supported by a series of steel beams and concrete piers.",MS - Steel Support Beams - truck down to reveal concrete piers,
CTD_AI_MRB_AtopBridgeRoadwork01,104,I-35 Mississippi River Bridge Collapse,MRB,First request,,,,3,0,EXPERT: The repaving work means there are thousands of pounds of heavy materials and machinery on the roadway.,"EXT. I-35 MISSISSIPPI RIVER BRIDGE - DAY ⏎ August 2007, sunny. Only two lanes of traffic are open in each direction (four total - two inside lanes northbound and two outside lanes southbound, (the side the yellow school bus is southbound on in the ref. pic). All lanes are packed with vehicles. A concrete median divides opposing traffic, see pic of collapsed bridge for median reference. ⏎ 3 CUs. Varying POVs. Asphalt roller in focus in fg, e.g. passing through frame. In bg, out of focus road crew repaving roadway. 3-4 men - various ethnicities, Latino, African American, Caucasian, wearing yellow ha",01:27:02 / 01:27:05 / 01:27:11
CTD_AI_MRB_AtopBridgeRoadwork02,104,I-35 Mississippi River Bridge Collapse,MRB,First request,,,,3,0,EXPERT: The repaving work means there are thousands of pounds of heavy materials and machinery on the roadway.,"EXT. I-35 MISSISSIPPI RIVER BRIDGE - DAY ⏎ August 2007, sunny. Only two lanes of traffic are open in each direction (four total - two inside lanes northbound and two outside lanes southbound). The school bus in the ref. pic is southbound direction, so on the outside lane. All lanes are packed with vehicles. A concrete median divides opposing traffic, see pic of collapsed bridge for median reference. ⏎ 3 CUs. Varying POVs. Tall, blonde, Caucasian 20-year old road crew worker scoops asphalt onto a shovel from a wheelbarrow (one of our two main character)",01:27:02 / 01:27:05 / 01:27:11
CTD_AI_MRB_AtopBridgeRoadwork03,104,I-35 Mississippi River Bridge Collapse,MRB,First request,,,,3,0,EXPERT: The repaving work means there are thousands of pounds of heavy materials and machinery on the roadway.,"EXT. I-35 MISSISSIPPI RIVER BRIDGE - DAY ⏎ August 2007, sunny. Only two lanes of traffic are open in each direction (four total - two inside lanes northbound and two outside lanes southbound). The school bus in the ref. pic is southbound direction, so on the outside lane. All lanes are packed with vehicles. A concrete median divides opposing traffic, see pic of collapsed bridge for median reference. ⏎ 3 CU Aerials. Top down. Road crew (various ethinicities, Latino, African American, Caucasian) working, wearing yellow hard hats, yellow sleeveless safety vests with orange reflective tape. FOCUS ON:",01:27:02
CTD_AI_MRB_BridgeAssessment01,104,I-35 Mississippi River Bridge Collapse,MRB,First request,,Y,,3,0,"Hakeem Oluseyi: ⏎ In the mid 90s, inspectors discover that some of the gusset plates on the bridge’s steel support columns are corroding.","EXT. I-35 MISSISSIPPI RIVER BRIDGE - DAY ⏎ 1990s. Summer. ⏎ 3 CUs. Varying POVs. Inspector wearing orange hard hat and high viz vest over overall in basket of crane, takes a ball hammer and taps gussets and rivets. Needs to cut with CTD_AI_MRB_Gusset_20260609_1b. ⏎ See ref pic on right for style of crane, NOT STYLE OF BRIDGE, current AI bridge gussets are perfect.",01:26:19 / 01:26:24
CTD_AI_MRB_BridgeAssessment02,104,I-35 Mississippi River Bridge Collapse,MRB,First request,,,,3,0,"Hakeem Oluseyi: ⏎ In the mid 90s, inspectors discover that some of the gusset plates on the bridge’s steel support columns are corroding.","EXT. I-35 MISSISSIPPI RIVER BRIDGE - DAY ⏎ 1990s. Summer. ⏎ 3 ECUs. Varying POVs. Ball hammer in hand of inspector, tapping gussets and rivets. Needs to cut with AI of gusset: CTD_AI_MRB_Gusset_20260609_1b. ⏎ See ref pic on right for style of crane, NOT STYLE OF BRIDGE, current AI bridge gussets are perfect.",01:26:19 / 01:26:24
CTD_AI_MRB_BridgeAssessment03,104,I-35 Mississippi River Bridge Collapse,MRB,In Progress,,,,3,1,"Hakeem Oluseyi: ⏎ In the mid 90s, inspectors discover that some of the gusset plates on the bridge’s steel support columns are corroding.","EXT. I-35 MISSISSIPPI RIVER BRIDGE - DAY ⏎ 1990s. Summer. ⏎ 3 WS. Varying POVs. Yellow crane arm stretched from top of bridge down to metal supports. Inspector, wearing orange hard hat and high viz vest over coverall, stands in basket. Crane arm moves slowly along metal supports. Bridge needs to match CTD_AI_MRB_SteelBeamsBridge&ConcretePiers_20260707_2a.mov. See ref pic on right for style of crane, NOT STYLE OF BRIDGE, current AI bridge is perfec.",01:26:14
CTD_AI_MRB_BridgeBuckling01,104,I-35 Mississippi River Bridge Collapse,MRB,First request,,,,6,0,"VO: ⏎ 6:04 PM, THE BRIDGE BUCKLES AND FRACTURES AND COLLAPSES.","EXT. I-35 MISSISSIPPI RIVER BRIDGE - DAY ⏎ August 2007, sunny. Only two lanes of traffic are open in each direction(four total - two inside lanes northbound and two outside lanes southbound). The school bus in the ref. pic is southbound direction, so on the outside lane.. All lanes are packed with vehicles. A concrete median divides opposing traffic, see pic of collapsed bridge for median reference. ⏎ 3 MS. Varying POVs. Camera low to ground, situated among cars and trucks very slowly moving forward. ⏎ Orange pylons out of focus in bg ⏎ Bridge starts to buckle underneath cars & trucks, like waves, cra",01:27:58 / 01:28:04
CTD_AI_MRB_BridgeBuckling02,104,I-35 Mississippi River Bridge Collapse,MRB,First request,,,,6,0,"Jess Phoenix: ⏎ And due to the construction, only two lanes in each direction are open and traffic has just been slow all day. ⏎ Hakeem Oluseyi: ⏎ By the time rush hour hits, traffic is at a complete standstill. ⏎ Commuters are packed bumper to bumper trying to get home.","EXT. I-35 MISSISSIPPI RIVER BRIDGE - DAY ⏎ August 2007, sunny. Only two lanes of traffic are open in each direction (four total - two inside lanes northbound and two outside lanes southbound). The school bus in the ref. pic is southbound direction, so on the outside lane. All lanes are packed with vehicles. A concrete median divides opposing traffic, see pic of collapsed bridge for median reference. ⏎ 3 CUs. Varying POVs. Camera low to ground, situated among cars and trucks very slowly moving forward. ⏎ Orange pylons out of focus in bg ⏎ Bridge starts to buckle underneath cars & trucks, like waves, cr",01:27:58 / 01:28:04
CTD_AI_MRB_BridgeBuckling03,104,I-35 Mississippi River Bridge Collapse,MRB,In Progress,,Y,,10,2,EXPERT: ⏎ It's complete chaos and devastation,"EXT. I-35 MISSISSIPPI RIVER BRIDGE - DAY ⏎ August 2007, sunny. Only two lanes of traffic are open in each direction (four total - two inside lanes northbound and two outside lanes southbound). The school bus in the ref. pic is southbound direction, so on the outside lane. A concrete median divides opposing traffic, see pic of collapsed bridge for median reference. All lanes are packed with traffic. ⏎ 3-4 WS. Varying POVs (e.g. one aerial, top down, one side and one rear) of a dozen cars and trucks, including a blue Volkswagen Passat, as the bridge collapses with the bridge beneath them, falling do",01:28:22/ 01:28:27
CTD_AI_MRB_BridgeBuckling04,104,I-35 Mississippi River Bridge Collapse,MRB,First request,,Y,,10,0,EXPERT: ⏎ More than a hundred vehicles plunge from the section of the bridge that collapses. Some of them fall about 110 feet into the Mississippi River.,"EXT. I-35 MISSISSIPPI RIVER BRIDGE - DAY ⏎ August 2007, sunny. Only two lanes of traffic are open in each direction (four total - two inside lanes northbound and two outside lanes southbound). The school bus in the ref. pic is southbound direction, so on the outside lane. A concrete median divides opposing traffic, see pic of collapsed bridge for median reference. ⏎ 5 CUs. Varying POVs (e.g. headlights/front grill falling toward camera, side of vehicles falling past camera, camera behind falling vehicles) of a dozen cars and trucks, including a blue Volkswagen Passat, as the bridge collapses benea",01:28:22/ 01:28:27
CTD_AI_MRB_BridgeBucklingLindsay01,104,I-35 Mississippi River Bridge Collapse,MRB,In Progress,,Y,,5,1,"VO: ⏎ 6:04 PM, THE BRIDGE BUCKLES AND FRACTURES AND COLLAPSES.","EXT. I-35 MISSISSIPPI RIVER BRIDGE - DAY ⏎ August 2007, sunny. Only two lanes of traffic are open in each direction (four total - two inside lanes northbound and two outside lanes southbound). The school bus in the ref. pic is southbound direction, so on the outside lane. A concrete median divides opposing traffic, see pic of collapsed bridge for median reference. ⏎ 3 CUs. Varying POVs. Camera at ground level. Camera tracks crack in concrete underneath cars up to a blue Volkswagen Passat. Front right tire slips hard into crack, beginning to nosedive. ⏎ Shallow depth of field, make it immersive, fast",01:27:51 /01:27:55
CTD_AI_MRB_BridgeBucklingLindsay02,104,I-35 Mississippi River Bridge Collapse,MRB,First request,,Y,,5,0,"VO: ⏎ 6:04 PM, THE BRIDGE BUCKLES AND FRACTURES AND COLLAPSES.","INT. LINDSAY'S CAR ON BRIDGE - DAY ⏎ 2 MS. Lindsay's POV as the bridge buckles, the camera begins to shake, the cars in the bg (through her windshield) start to nosedive forward as the bridge collapses. DO NOT INCLUDE HER HANDS ON WHEEL (risk it'll look too much like video game)",01:27:51 /01:27:55
CTD_AI_MRB_BridgeTraffic 4,104,I-35 Mississippi River Bridge Collapse,MRB,Sent to Cream,,,,,9,"Bradley Greive ([15:59:34](https://www.rev.com/app/transcript/NmExMGJjZGU3NTUwN2VkOGYxMzQyMzUwbDRuZWlkem45dHdP/o/VEMwMjExMDQ0NzQw?ts=4040.66)): ⏎ In the years that follow, the traffic increases again and again and again and this inflicts a great deal of wear and tear on the bridge.",MS - Low Angle of wheels moving past camera on bridge-1970s style cars & trucks ⏎ *Can you provide more shots/angles for this sequence?,
CTD_AI_MRB_BridgeTraffic 5,104,I-35 Mississippi River Bridge Collapse,MRB,Sent to Cream,,,,,10,"John Moser ([12:36:07](https://www.rev.com/app/transcript/NmExMDliYmYzOTMxYWMyOGEzNzg2N2Q1M3VZSUVWZVNKLWpO/o/VEMwMDg0MzA3MTY5?ts=12928.22)): ⏎ In 1988, to accommodate the increased traffic across the bridge, two lanes are added in each direction for a total of eight lanes.",BIRDS EYE VIEW - 4 Lanes of traffic in each direction. 80s style cars and trucks. Concrete median separating opposing flow/direction of traffic.,
CTD_AI_MRB_BridgeTraffic 6,104,I-35 Mississippi River Bridge Collapse,MRB,Sent to Cream,,,,,2,"John Moser ([12:36:07](https://www.rev.com/app/transcript/NmExMDliYmYzOTMxYWMyOGEzNzg2N2Q1M3VZSUVWZVNKLWpO/o/VEMwMDg0MzA3MTY5?ts=12928.22)): ⏎ In 1988, to accommodate the increased traffic across the bridge, two lanes are added in each direction for a total of eight lanes.",CU Following Low Angle: Painting staggered road lines on concrete,
CTD_AI_MRB_BridgeTraffic_3_1b,104,I-35 Mississippi River Bridge Collapse,MRB,Sent to Cream,,,,,6,"EXPERT: Lindsay Walz is one of the people stuck on the bridge, creeping forward a few feet at a time. When she gets near the center of the bridge, she hears a loud clank.","INT. VOLKSWAGEN - DAY ⏎ Three or four CU - Female hands (mid-20s, Caucasian) on steering wheel. Start with fingers lightly tapping the wheel, casually, in frustration - Hands in focus, view out front windshield out of focus, but cars and trucks with brake lights on visible.",01:27:40 / 01:27:50
CTD_AI_MRB_CarSinking 03,104,I-35 Mississippi River Bridge Collapse,MRB,Cancelled,,,,11,0,EXPERT: Onlookers are helpless to save the people trapped in their sinking vehicles.,"EXT. RIVER - DAY ⏎ Three CUs of UNDERWATER varying POV, looking up at surface. Cars and concrete debris come splashing into frame.\, toward camera lens. Water should match this opacity/murkiness",01:27:59 / 01:28:27
CTD_AI_MRB_CarSinking01,104,I-35 Mississippi River Bridge Collapse,MRB,In Progress,,Y,,11,2,"Jess Phoenix: ⏎ She is now 15 feet underwater, trying her best to keep from drowning.","EXT. RIVER. UNDERWATER - DAY ⏎ Camera underwater ⏎ 3 CUs. Varying POVs. Looking towards surface. Lindsay's blue Passat sinking past camera, toward the river bottom. ⏎ See ref pic for AI shot of feet kicking we're using in cut (it's not actually temp). Water should match this opacity/murkiness and color.",01:27:59 / 01:28:20
CTD_AI_MRB_CarsFalling01,104,I-35 Mississippi River Bridge Collapse,MRB,First request,,Y,,,0,"VO: ⏎ 6:04 PM, THE BRIDGE BUCKLES AND FRACTURES AND COLLAPSES. ⏎ EXPERT: ⏎ It's complete chaos and devastation.","EXT. BELOW FALLING BRIDGE - DAY ⏎ 4 CUs. Varying POVs. Bridge collapse sending concrete, steel & cars and trucks falling towards river. Incl POV like vehicles falling towards camera, away from camera, camera falling with vehicles. Make it chaotic and immersive. Shallow depth of field, lots of dust.",01:28:05 / 01:28:17
CTD_AI_MRB_CarsFalling02,104,I-35 Mississippi River Bridge Collapse,MRB,First request,,Y,,,0,EXPERT: Onlookers are helpless to try to save the people who are trapped in their sinking vehicles.,"EXT. BELOW FALLING BRIDGE - DAY ⏎ 4 MS. Varying POVs. Bridge collapse sending concrete, steel & cars and trucks falling towards river. Incl POV like vehicles falling towards camera, away from camera, camera falling with vehicles. Make it chaotic and immersive. Shallow depth of field, lots of dust.",01:28:05 / 01:28:17
CTD_AI_MRB_CarsFallingLindsay01,104,I-35 Mississippi River Bridge Collapse,MRB,First request,,Y,,11,0,VO: ⏎ LINDSAY WALZ IS ONE OF THEM.,"EXT. BELOW FALLING BRIDGE - DAY ⏎ Similar to CarsFalling, but focusing on Lindsay's blue Passat ⏎ 4 CUs. Varying POVs. Incl POV like blue Passat falling towards camera, away from camera, camera falling with blue Passat, splashing into river. Make it chaotic and immersive. Shallow depth of field, camera engulfed in water",01:27:59 / 01:28:25
CTD_AI_MRB_CarsFallingLindsay02,104,I-35 Mississippi River Bridge Collapse,MRB,First request,,Y,,11,0,"VO: ⏎ 6:04 PM, THE BRIDGE BUCKLES AND FRACTURES AND COLLAPSES.","EXT. BELOW FALLING BRIDGE - DAY ⏎ Similar to CarsFalling, but focusing on Lindsay's blue Passat ⏎ 4 MS. Varying POVs. Incl POV like blue Passat falling towards camera, away from camera, camera falling with blue Passat, splashing into river. Make it chaotic and immersive. Shallow depth of field, camera engulfed in water. ⏎ See ref pic for Passat and murkiness/color/opacity of water.",01:27:59 / 01:28:25
CTD_AI_MRB_InspectingLayingConcrete 2,104,I-35 Mississippi River Bridge Collapse,MRB,Cancelled,,,,,0,EXPERT: The concrete roadway is deteriorating and cracking. So in 1977 repairs are carried out and two extra inches of concrete are added.,"MWS (Handheld) Cement Truck turning a few meters away, pouring Pouring & Laying concrete on roadway - Road Worker with Construction helmet & Orange vest guiding onto road",
CTD_AI_MRB_InspectingLayingConcrete 3,104,I-35 Mississippi River Bridge Collapse,MRB,Sent to Cream,,,,,4,EXPERT: The concrete roadway is deteriorating and cracking. So in 1977 repairs are carried out and two extra inches of concrete are added.,CU - Concrete pouring on cracked roadway,
CTD_AI_MRB_KidsEscapeBus 1,104,I-35 Mississippi River Bridge Collapse,MRB,Sent to Cream,,,,15,5,"EXPERT: The kids are screaming for help. Fortunately, the bus driver, and another man manage to get all the kids out the back door to safety.",EXT. BRIDGE (SCHOOL BUS - DAY) ⏎ CU Looking down bus on 3/4 angle: Kids hands smack against several windows (Smoke around bus) ⏎ Footage of Schoolbus on Bridge,
CTD_AI_MRB_KidsEscapeBus01,104,I-35 Mississippi River Bridge Collapse,MRB,First request,,Y,,,0,"EXPERT: The kids are screaming for help. Fortunately, the bus driver, and another man manage to get all the kids out the back door to safety.","EXT. COLLAPSED BRIDGE - DAY ⏎ Bus on right side of bridge, up against concrete side railing, precariously tilted to the right, front of school bus is right at the point of roadway rupture. ⏎ 2 MS. Varying POVs. Camera positioned low to ground. Back door of school bus flies open. ⏎ Shallow depth of field.",01:29:33
CTD_AI_MRB_KidsEscapeBus02,104,I-35 Mississippi River Bridge Collapse,MRB,First request,,Y,,,0,"EXPERT: The kids are screaming for help. Fortunately, the bus driver, and another man manage to get all the kids out the back door to safety.","EXT. COLLAPSED BRIDGE - DAY ⏎ Bus on right side of bridge, up against concrete side, precariously tilted to the right, front of school bus is right at the point of roadway rupture. ⏎ 2 CUs. Varying POVs. Camera positioned low to ground. Back door of school bus flies open.",01:29:33
CTD_AI_MRB_KidsEscapeBus03,104,I-35 Mississippi River Bridge Collapse,MRB,First request,,Y,,,0,"EXPERT: The kids are screaming for help. Fortunately, the bus driver, and another man manage to get all the kids out the back door to safety.","EXT. COLLAPSED BRIDGE - DAY ⏎ Bus on right side of bridge, up against concrete side, precariously tilted to the right, front of school bus is right at the point of roadway rupture. Kids come out the rear of the bus. ⏎ 3-4 CUs. Varying POVs. Camera at ground level. ⏎ Looking up at open back door of schoolbus, Latino and African American kids feet in sneakers, jump out quickly, toward camera.",01:29:35
CTD_AI_MRB_LindsayCollapse 01,104,I-35 Mississippi River Bridge Collapse,MRB,Cancelled,,,,5,0,"VO: ⏎ AT 6:04 PM, THE BRIDGE BUCKLES AND FRACTURES…AND WITHIN SECONDS, IT BEGINS TO COLLAPSE.","INT. VOLKSWAGEN PASSAT - DAY ⏎ August 2007 ⏎ Three CUs, varying POVs from inside car. Lindsay's shaking hands clutching steering wheel in fg, in focus. Her POV out front windshield in soft focus: vehicles falling forward as bridge collapses.",01:27:51
CTD_AI_MRB_LindsayCollapse 02,104,I-35 Mississippi River Bridge Collapse,MRB,PAUSE,,,,8,0,EXPERT: Hundreds of vehicles plunge 110 feet down into the Mississippi River.,"EXT. BRIDGE - DAY ⏎ August 2007 ⏎ Bird's Eye View - Medium shot of a blue Volkswagen Passat as it collapses with the bridge below, falling down with other vehicles ⏎ See reference Photo of car",01:28:24
CTD_AI_MRB_LindsayTraffic 01,104,I-35 Mississippi River Bridge Collapse,MRB,Sent to Cream,,,,4,1,"EXPERT: Lindsay Walz is one of the people stuck on the bridge, creeping forward a few feet at a time. When she gets near the center of the bridge, she hears a loud clank.","EXT. BRIDGE - DAY ⏎ CUs, varying POVs, camera is ground level, dolly shot creeping forward, on roadway passing cars doors (the cas aren't moving, stuck in traffic), dolly settles on the tires and frame of a Blue Volkswagen Passat.",01:27:35 / 01:27:40
CTD_AI_MRB_MachineryAndEquipment 03,104,I-35 Mississippi River Bridge Collapse,MRB,Cancelled,,,,3,0,EXPERT: The repaving work means there are thousands of pounds of heavy materials and machinery on the roadway.,"EXT. BRIDGE - DAY ⏎ Three CUs of shovel and asphalt, varying angles, camera is road level. Worker turns shovel turns, asphalt pours off, falling toward camera lens. Worker uses flat back of shovel to level asphalt on road.",01:27:05
CTD_AI_MRB_MachineryAndEquipment 3,104,I-35 Mississippi River Bridge Collapse,MRB,Sent to Cream,,,,,2,"Jess Phoenix ([18:08:06](https://www.rev.com/app/transcript/NmEwZjcxODU0YWEwMmVlODQwYjA1MDE0bGpCcHNVSDl6YkJG/o/VEMwNjY5MTMxNDU1?ts=10375.92)): ⏎ Due to the construction, only two lanes in each direction are open and traffic [18:08:11] has just been slow all day.",* MS- Dollying left: Construction signs blocking 2 lanes - Workers in BG Out of focus ⏎ One sign reads: Construction Ahead ⏎ Other reads: 2 lanes Closed with Arrow,
CTD_AI_MRB_SteelBeams 1,104,I-35 Mississippi River Bridge Collapse,MRB,Sent to Cream,,,,2,3,"EXPERT: This increases the weight of the bridge by about 13%, which places additional undue stress on its critical structural components.",EXT. I-35 BRIDGE - DAY ⏎ MS: Truck down from several car tires on concrete roadway down to support beams ⏎ See reference photo,
CTD_AI_MRB_SteelBeams 2,104,I-35 Mississippi River Bridge Collapse,MRB,Cancelled,,,,,0,"EXPERT: This increases the weight of the bridge by about 13%, which places additional undue stress on its critical structural components.",CU - Travel down from top of bridge to Gusset Plates below - Slow Zoom in.,01:25:55
CTD_AI_MRB_SwimToSurface 2,104,I-35 Mississippi River Bridge Collapse,MRB,Sent to Cream,,,,12,2,"EXPERT: Lindsay is now 15 feet underwater, fighting to keep from drowning. She manages to get out of her car and swim to the surface.","INT. VOLKSWAGEN PASSAT (UNDERWATER) - DAY ⏎ CU - Women's feet, No shoes, kicks out through open window and goes upward.",01:28:57
CTD_AI_MRB_SwimToSurface01,104,I-35 Mississippi River Bridge Collapse,MRB,First request,,Y,,12,0,"EXPERT: Lindsay is now 15 feet underwater, fighting to keep from drowning. She manages to get out of her car and swim to the surface.","INT. VOLKSWAGEN PASSAT UNDERWATER - DAY ⏎ 4 ECUs. Varying POVs. Car is shaking a little as water rushes through air vents on dashboard, through floor, by brake and accelerator pedals. ⏎ Shallow depth of field. Make it panicky, claustrophobic. ⏎ See ref pic for AI shot of feet kicking we're using in cut (it's not actually temp)",01:28:40 / 01:28:45
CTD_AI_MRB_SwimToSurface02,104,I-35 Mississippi River Bridge Collapse,MRB,First request,,Y,,12,0,"EXPERT: Lindsay is now 15 feet underwater, fighting to keep from drowning. She manages to get out of her car and swim to the surface.","EXT. RIVER UNDERWATER - DAY ⏎ Camera underwater. ⏎ 3 ECUs. Varying POVs. Lindsay's arms reach up and she swims upwards, her entire body going past the lens, she kicks furiously, barefoot, bubbles all around. Lighting and opacity of water to match shot of Lindsay kicking out car window. ⏎ Shallow depth of field, make it messy, chaotic. ⏎ See ref pic for AI shot of feet kicking we're using in cut (it's not actually temp)",01:28:57
CTD_AI_MRB_WorkerRescue01,104,I-35 Mississippi River Bridge Collapse,MRB,First request,,,,13,0,"EXPERT: Jeff Ringate, sees her struggling to stay afloat. He grabs a broom and fishes her out of the river.","EXT. RIVERBANK - DAY ⏎ 3 CUs, varying POVs. Broom on the ground, a young man's hand reaches in and snatches it, hand and broom leave frame. Would be great to see construction boots run through frame. (Same guy as AtopBridgeRoadwork02 - please make sure they look the same) Fyi, he's wearing a sleeveless safety vest, construction boots and a hard hat. ⏎ See first ref pic for broom, second for roadworker outfits. ⏎ Shallow depth of field.",01:29:02
CTD_AI_MRB_WorkerRescue02,104,I-35 Mississippi River Bridge Collapse,MRB,First request,,,,13,0,"EXPERT: Jeff Ringate, sees her struggling to stay afloat. He grabs a broom and fishes her out of the river.","EXT. RIVERBANK - DAY ⏎ 3 CUs. Varying POVs. Camera at surface of river, at times dipping underwater. 20 year old tall blonde, Caucasion construction worker in a hard hat, is out of focus in bg on riverbank (same guy as AtopBridgeRoadwork02 - please make sure they look the same). Broom is thrust toward the lens, comes into focus. ⏎ Include one where camera is Lindsay's POV, she's in the river, but be careful it doesn't look like video game. ⏎ See first ref pic for broom, second for roadworker outfits. ⏎ Shallow depth of field.",01:29:03
CTD_AI_MVE_BustlingStreets1,104,Mount Vesuvius Eruption,MVE,Cancelled,,,,3,0,"Villagers & Families on streets with Roman Soldiers. ⏎ EXPERT: It’s home to tens of thousands of people, bustling streets, markets, bakeries, and grand villas**. **","EXT. POMPEII - DAY ⏎ Multiple shots/Angles ⏎ Residents on bustling streets, in markets, bakeries, and homes ⏎ Dormant Mt. Vesuvius in BG ⏎ See Reference Photos",
CTD_AI_MVE_BustlingStreets2,104,Mount Vesuvius Eruption,MVE,Cancelled,,,,4,0,"CONT (from CTD_AI_MVE_BustlingStreets1_ ⏎ Push into Mt. Vesuvius in Background. ⏎ VO: ⏎ LOOMING LARGE OVER THE CITY IS THE EVER-PRESENT, MT. VESUVIUS.",CONT (from CTD_AI_MVE_BustlingStreets1_ ⏎ Push into dormant Mt. Vesuvius in Background.,
CTD_AI_MVE_EarthquakePanic A,104,Mount Vesuvius Eruption,MVE,Cancelled,,,,5,0,"Market stands collapse, CU on feet of citizens running ⏎ EXPERT: The earthquake causes major panic. Citizens try to scramble to safety as buildings, homes, temples, and statues crumble around them.","EXT. POMPEII STREETS - DAY ⏎ SHAKYCAM POV - Frantically looking around as ground shakes, Citizens try to scramble to safety as buildings, homes, temples, and statues crumble around camera",
CTD_AI_MVE_EarthquakePanic B,104,Mount Vesuvius Eruption,MVE,Cancelled,,,,5,0,"Market stands collapse, CU on feet of citizens running ⏎ EXPERT: The earthquake causes major panic. Citizens try to scramble to safety as buildings, homes, temples, and statues crumble around them.",EXT. POMPEII STREETS - DAY ⏎ CU on feet in sandals of citizens running - Ground shaking below,
CTD_AI_MVE_GaspForAir A,104,Mount Vesuvius Eruption,MVE,Cancelled,,,,14,0,"EXPERT: They barrel down the mountain incinerating everything in their paths, and suffocating people to death as the gas fills their lungs.",EXT. MT. VESUVIUS - NIGHT ⏎ CU-Smoke billowing out of Volcano - red hot lava moving down mountain ⏎ Clouds of Smoke barrels down the mountainside ⏎ Animation Reference of Eruption: https://www.youtube.com/watch?v=dY_3ggKg0Bc&t=378s,
CTD_AI_MVE_GaspForAir B,104,Mount Vesuvius Eruption,MVE,Cancelled,,,,14,0,"EXPERT: They barrel down the mountain incinerating everything in their paths, and suffocating people to death as the gas fills their lungs.",EXT. MT. VESUVIUS - NIGHT ⏎ GROUND LEVEL CU - Arm falls into frame ⏎ IN BG - OUT OF FOCUS - Villagers laying on ground grabbing throats ⏎ Animation Reference of Eruption: https://www.youtube.com/watch?v=dY_3ggKg0Bc&t=378s,
CTD_AI_MVE_HomesOnFire,104,Mount Vesuvius Eruption,MVE,Cancelled,,,,11,0,"Homes on fire ⏎ EXPERT: The sky gets darker and darker, as trees topple, and roofs ~~catch fire and~~ collapse.",EXT. POMPEII STREETS - DAY ⏎ WS POV SHAKYCAM - Mt. Vesuvius erupting in distance - Smoke filling the sky ⏎ Sky gets darker. Residents flee in terror ⏎ Reference Video:,
CTD_AI_MVE_Pompeii,104,Mount Vesuvius Eruption,MVE,Cancelled,,,,2,0,"Drone over Ancient Pompeii ⏎ VO: ⏎ 62 AD. IN SOUTHERN ITALY, THE CITY OF POMPEII IS A RICH AND VIBRANT METROPOLIS OF THE ROMAN EMPIRE.",EXT. POMPEII - DAY ⏎ Drone over Ancient Pompeii - 62 AD.,
CTD_AI_MVE_PompeiiDestroyed A,104,Mount Vesuvius Eruption,MVE,Cancelled,,,,16,0,"Drone over destroyed Pompeii ⏎ EXPERT: 36 hours after Vesuvius first erupts, tens of thousands across the region are dead, buried for over two millennia.",EXT. POMPEII - DAY ⏎ Flying slowly towards Mt. Vesuvius silent but sky is full of smoke,
CTD_AI_MVE_PompeiiDestroyed B,104,Mount Vesuvius Eruption,MVE,Cancelled,,,,16,0,"Drone over destroyed Pompeii ⏎ EXPERT: 36 hours after Vesuvius first erupts, tens of thousands across the region are dead, buried for over two millennia.",EXT. POMPEII - DAY ⏎ MS - DOLLY ALONG GROUND - Twisted Dead bodies covered in ash,
CTD_AI_MVE_RockAndAshInSky1 A,104,Mount Vesuvius Eruption,MVE,Cancelled,,,,9,0,"Closer - Dark volcanic rock and ash shoots up in the sky ⏎ EXPERT: An hour later, a column of volcanic rock and ash that shoots as high as 10 miles into the sky, completely blocking out the sun.","EXT. MT. VISUVIUS - DAY ⏎ CU of Mountaintop - Following, Dark volcanic rock and ash shooting up in the sky ⏎ https://www.youtube.com/watch?v=dY_3ggKg0Bc&t=378s",
CTD_AI_MVE_RockAndAshInSky1 B,104,Mount Vesuvius Eruption,MVE,Cancelled,,,,9,0,"Closer - Dark volcanic rock and ash shoots up in the sky ⏎ EXPERT: An hour later, a column of volcanic rock and ash that shoots as high as 10 miles into the sky, completely blocking out the sun.",EXT. MT. VISUVIUS - DAY ⏎ CU of SUN blocked out by ask and smoke ⏎ https://www.youtube.com/watch?v=dY_3ggKg0Bc&t=378s,
CTD_AI_MVE_RockAndAshInSky2 A,104,Mount Vesuvius Eruption,MVE,Cancelled,,,,10,0,"CONT. (from CTD_AI_MVE_RockAndAshInSky1) ⏎ Fiery rocks fall on Pompeii ⏎ EXPERT: Fiery ash and rocks fall on the city, coating the streets, buildings and homes.","EXT. POMPEII STREETS - DAY ⏎ SHAKYCAM POV - Frantically looking around as Fiery ash and rocks fall on the city, coating the streets. ⏎ Reference Video:",
CTD_AI_MVE_RockAndAshInSky2 B,104,Mount Vesuvius Eruption,MVE,Cancelled,,,,10,0,"CONT. (from CTD_AI_MVE_RockAndAshInSky1) ⏎ Fiery rocks fall on Pompeii ⏎ EXPERT: Fiery ash and rocks fall on the city, coating the streets, buildings and homes.",EXT. POMPEII STREETS - DAY ⏎ SHAKYCAM POV - Fiery ash and rocks fall on fleeing people buildings and homes. ⏎ Reference Video:,
CTD_AI_MVE_RockAndAshInSky2 C,104,Mount Vesuvius Eruption,MVE,Cancelled,,,,10,0,"CONT. (from CTD_AI_MVE_RockAndAshInSky1) ⏎ Fiery rocks fall on Pompeii ⏎ EXPERT: Fiery ash and rocks fall on the city, coating the streets, buildings and homes.",EXT. POMPEII STREETS - DAY ⏎ SHAKYCAM POV - Fiery ash and rocks fall on buildings and homes. ⏎ Reference Video:,
CTD_AI_MVE_SeriesOfExplosions A,104,Mount Vesuvius Eruption,MVE,Cancelled,,,,7,0,"POV Pliny of Vesuvius erupting ⏎ EXPERT: Around midday, he sees a dark ominous cloud forming over Vesuvius – resembling a pine tree. Moments later, the earth is shaken by a deafening series of explosions.","INT. VILLA - DAY ⏎ MS - Over the shoulder of **“**Pliny the Younger” at desk in front of open window - See reference picture ⏎ In the far distance (Miles away) He sees a dark ominous cloud, resembling a pine tree forming over tiny Vesuvius",
CTD_AI_MVE_SeriesOfExplosions B,104,Mount Vesuvius Eruption,MVE,Cancelled,,,,7,0,"POV Pliny of Vesuvius erupting ⏎ EXPERT: Around midday, he sees a dark ominous cloud forming over Vesuvius – resembling a pine tree. Moments later, the earth is shaken by a deafening series of explosions.",INT. VILLA - DAY ⏎ WS - Silhouette of **“**Pliny the Younger” at desk in front of open window - See reference picture ⏎ He cowers as he hears a deafening series of explosions in the distance,
CTD_AI_MVE_VesuviusErupts,104,Mount Vesuvius Eruption,MVE,Cancelled,,,,1,0,Mount Vesuvius Erupts ⏎ VO: ⏎ COMING UP: A 2000-YEAR-OLD CATASTROPHE FROZEN IN TIME.,EXT. MT. VESUVIUS - DAY ⏎ WIDE SHOT - Volcano erupts,
CTD_AI_MVE_VesuviusFireAndAsh A,104,Mount Vesuvius Eruption,MVE,Cancelled,,,,6,0,"Volcanic eruption. Fire & Ash shoot into the air. ⏎ VO: ⏎ ON AUGUST 24, 79 A.D., MOUNT VESUVIUS ERUPTS.",EXT. MT. VESUVIUS - DAY ⏎ Volcanic eruption. Fire & Ash shoot into the air ⏎ https://www.youtube.com/watch?v=dY_3ggKg0Bc&t=378s,
CTD_AI_MVE_VesuviusFireAndAsh B,104,Mount Vesuvius Eruption,MVE,Cancelled,,,,6,0,"Volcanic eruption. Fire & Ash shoot into the air. ⏎ VO: ⏎ ON AUGUST 24, 79 A.D., MOUNT VESUVIUS ERUPTS.",EXT. MT. VESUVIUS - DAY ⏎ Multiple shots ⏎ Lava/Magma moving down side of mountain ⏎ https://www.youtube.com/watch?v=dY_3ggKg0Bc&t=378s,
CTD_AI_MVE_VillagerFalls,104,Mount Vesuvius Eruption,MVE,Cancelled,,,,13,0,"Villager falls, holds up hand and gets covered in ash in that pose ⏎ EXPERT: Many are struck down by volcanic rock and ash, immortalizing them forever at their moment of death.",EXT. POMPEII STREETS - NIGHT ⏎ FRANTIC POV - Running around. Volcano erupting in distance. HE looks up and holds up hand and gets covered in ash - CUT TO BLACK,
CTD_AI_MVE_VillagersBuried,104,Mount Vesuvius Eruption,MVE,Cancelled,,,,15,0,"CONT. (from CTD_AI_MVE_GaspForAir) ⏎ Running villagers ⏎ EXPERT: The eruption and the pyroclastic surges, This instantly kills the majority of people in Pompeii. Some Many of them burn from the inside out and essentially vaporize.",EXT. POMPEII - STREETS - NIGHT ⏎ MS - Running villagers are enveloped in clouds of gas. Smoke completely covers screen ⏎ Reference Video:,
CTD_AI_MVE_VillagersPanic A,104,Mount Vesuvius Eruption,MVE,Cancelled,,,,12,0,"Villagers run toward the harbor ⏎ EXPERT: Villagers panic. Some are too scared to move, while others run screaming from their homes to seek refuge in the harbor.",INT. POMPEII HOME - DAY ⏎ MCU FROM BEHIND Shaking: Crouched Mother holds her 2 kids as smoke enters window above ⏎ https://www.youtube.com/watch?v=dY_3ggKg0Bc&t=378s,
CTD_AI_MVE_VillagersPanic B,104,Mount Vesuvius Eruption,MVE,Cancelled,,,,12,0,"Villagers run toward the harbor ⏎ EXPERT: Villagers panic. Some are too scared to move, while others run screaming from their homes to seek refuge in the harbor.",EXT. POMPEII STREETS - DAY ⏎ WS SHAKYCAM- Hot ash and rock falls onto city as Panicked Villagers run toward the harbor in Distance ⏎ https://www.youtube.com/watch?v=dY_3ggKg0Bc&t=378s,
CTD_AI_MVE_VolcanicDebris,104,Mount Vesuvius Eruption,MVE,Cancelled,,,,8,0,"Eruption ⏎ EXPERT: Hot ash, pumice, and ~~molten rock~~ volcanic debris bursts out from the mountaintop.","EXT. MT. VESUVIUS - DAY ⏎ Hot ash, pumice, and volcanic debris bursts out from the mountaintop.",
CTD_AI_ORA_35FootWaves A,104,Ocean Ranger,ORA,Sent to Cream,,,,3,2,"EXPERT: Within three hours, the waves are as high as 35 feet. And they’re told to expect winds of up to 105 miles per hour.",EXT. OCEAN RANGER - DAY ⏎ DRONE OVERHEAD-High Winds on stormy rainy seas ⏎ See Reference Photos,
CTD_AI_ORA_35FootWaves B,104,Ocean Ranger,ORA,Sent to Cream,,,,3,4,"EXPERT: Within three hours, the waves are as high as 35 feet. And they’re told to expect winds of up to 105 miles per hour.",EXT. OCEAN RANGER - DAY ⏎ MS - Low Angle Profile of Left side of RIG - Waves are as high as 35 feet batter rig. ⏎ See Reference Photos,
CTD_AI_ORA_BoatsCapsize A,104,Ocean Ranger,ORA,Not started,,,,16,0,"EXPERT: They launch the lifeboats. But these small crafts are no match for the huge, violent waves. Some of the boats capsize, hurling dozens of men off.",EXT. OCEAN RANGER - NIGHT ⏎ 3 MS SHAKY LOW ANGLE looking straight up from water- Powered Lifeboats winched down towards camera,
CTD_AI_ORA_BoatsCapsize B,104,Ocean Ranger,ORA,Sent to Cream,,,,16,2,"EXPERT: They launch the lifeboats. But these small crafts are no match for the huge, violent waves. Some of the boats capsize, hurling dozens of men off.",EXT. OCEAN RANGER - NIGHT ⏎ MS POV SHAKY - Moving into smaller inflatable enclosed life rafts,
CTD_AI_ORA_BoatsCapsize C,104,Ocean Ranger,ORA,Sent to Cream,,,,16,2,"EXPERT: They launch the lifeboats. But these small crafts are no match for the huge, violent waves. Some of the boats capsize, hurling dozens of men off.",EXT. ROUGH SEAS - NIGHT ⏎ MS SHAKY - Powered Lifeboats & Rafts rock violently back and forth in rough waters.,
CTD_AI_ORA_BoatsCapsize D,104,Ocean Ranger,ORA,Sent to Cream,,,,16,3,"EXPERT: They launch the lifeboats. But these small crafts are no match for the huge, violent waves. Some of the boats capsize, hurling dozens of men off.","EXT. ROUGH SEAS - NIGHT ⏎ MS - SHAKY: Huge waves batter Lifeboats & Smaller inflatable life rafts. They capsize, throwing Silhouetted Men off into water",
CTD_AI_ORA_ControlPanelDamaged A,104,Ocean Ranger,ORA,Sent to Cream,,,,6,2,"EXPERT: Saltwater seeps into the control panel, damaging its electrical system and causing it to malfunction.",INT. BALLAST CONTROL ROOM - DAY ⏎ CU -Sea water splashes onto CR Panel ⏎ See Reference images,
CTD_AI_ORA_ControlPanelDamaged B,104,Ocean Ranger,ORA,Sent to Cream,,,,6,2,"Sea water splashes on CR Panel ⏎ Sparks fly out as a man’s hand tries to wipe it off. ⏎ EXPERT: Saltwater seeps into the control panel, damaging its electrical system and causing it to malfunction.",INT. BALLAST CONTROL ROOM - DAY ⏎ SHAKY POV: Sparks fly of out panel as a man’s gloved hand tries to wipe off water. ⏎ See Reference images,
CTD_AI_ORA_ControlPanelDamaged C,104,Ocean Ranger,ORA,Sent to Cream,,,,6,4,"EXPERT: Saltwater seeps into the control panel, damaging its electrical system and causing it to malfunction.",INT. BALLAST CONTROL ROOM - DAY ⏎ CU - Looking down panel from side - CP lights go on and off (Some out of Focus in BG) ⏎ See Reference images,
CTD_AI_ORA_ControlRoomPanel,104,Ocean Ranger,ORA,Not started,,,,5,0,~~Control Room Panel - showing how it monitors water levels in Pontoons ~~ ⏎ ~~EXPERT: The control room equipment monitors and regulates the water levels in its pontoons to help balance the rig.~~,Cut - being done with GFX Animaton,
CTD_AI_ORA_CrewAbandonsRig,104,Ocean Ranger,ORA,Sent to Cream,,,,15,2,Distressed Crew Members put on Lifejackets ⏎ VO: ⏎ THE 84-MAN CREW STARTS ABANDONING THE OIL RIG.,"EXT. OCEAN RANGER PLATFORM - NIGHT ⏎ BIRDS EYE VIEW: Distressed Crew Members struggle to put on Lifejackets (Battered by Rain, waves periodically splashing over them",
CTD_AI_ORA_CrewAtControlPanel A,104,Ocean Ranger,ORA,Sent to Cream,,,,10,3,"EXPERT: The problem is they’re all pretty inexperienced, so they don’t realize the damaged control panel is feeding them the wrong level information. And as a result, they do the exact opposite.","INT. BALLAST CONTROL ROOM - DAY ⏎ SHAKY POV - Frantically Looking down at data from Control Panel, lights going on and off.",
CTD_AI_ORA_CrewAtControlPanel B,104,Ocean Ranger,ORA,Sent to Cream,,,,10,3,"Crew Member looking at data from Control Panel ⏎ EXPERT: The problem is they’re all pretty inexperienced, so they don’t realize the damaged control panel is feeding them the wrong level information. And as a result, they do the exact opposite.",INT. BALLAST CONTROL ROOM - DAY ⏎ CU Shaky - of Water Level Meter Gauge - Needle low on left,
CTD_AI_ORA_CrewAtControlPanel C,104,Ocean Ranger,ORA,Sent to Cream,,,,10,2,"Crew Member looking at data from Control Panel ⏎ EXPERT: The problem is they’re all pretty inexperienced, so they don’t realize the damaged control panel is feeding them the wrong level information. And as a result, they do the exact opposite.",INT. BALLAST CONTROL ROOM - DAY ⏎ POV - Shaky: CU of man's hand frantically pushing 2 different buttons on Panel.,
CTD_AI_ORA_CrewEvacuates01,104,Ocean Ranger,ORA,First request,,Y,,15,0,VO: ⏎ THE 84-MAN CREW STARTS ABANDONING THE OIL RIG.,"EXT. OCEAN RANGER PLATFORM - NIGHT ⏎ North Atlantic Ocean, February, 1982 ⏎ 3 WS. Various POV, including Bird's eye view, side view, camera at ground level, looking up at crew members. (ref ORA_CrewAbandonsRig_20260706_1a for framing NOT for clothing). Crew members dressed in blue or brown coveralls, with thick jackets, and some in yellow rain jackets (see ref pic). ⏎ They scramble to get lifejackets from wooden crate and put them on.",01:35:48
CTD_AI_ORA_CrewEvacuates02 ,104,Ocean Ranger,ORA,First request,,Y,,15,0,VO: ⏎ THE 84-MAN CREW STARTS ABANDONING THE OIL RIG.,"EXT. OCEAN RANGER PLATFORM - NIGHT ⏎ North Atlantic Ocean, February, 1982 ⏎ 3 CUs, varying POVs. Lifejackets in a wooden crate in fg in focus, crew members scurrying back and forth in bg, soft focus, one after the other, a worker's gloved hands reaching for the pile of lifejackets and snatching one away. Crew members dressed in blue or brown coveralls, with thick jackets, and some in yellow rain jackets (see ref pic)",01:35:48
CTD_AI_ORA_CrewEvacuates03,104,Ocean Ranger,ORA,First request,,Y,,15,0,VO: ⏎ THE 84-MAN CREW STARTS ABANDONING THE OIL RIG.,"EXT. OCEAN RANGER PLATFORM - NIGHT ⏎ North Atlantic Ocean, February, 1982 ⏎ 3 ECUs, varying POVs. In bg soft focus of crew members scurrying around, preparing to abandon the rig. in fg a worker, seen from behind, slips a lifejacket over his head (NO FACE), he's got his rainjacket hood on, a tuque underneath. ⏎ NO SURVIVAL SUITS",01:35:48
CTD_AI_ORA_CrewEvacuates04,104,Ocean Ranger,ORA,First request,,Y,,15,0,VO: ⏎ THE 84-MAN CREW STARTS ABANDONING THE OIL RIG.,"EXT. OCEAN RANGER PLATFORM - NIGHT ⏎ North Atlantic Ocean, February, 1982 ⏎ 3 ECUs, varying POVs. In bg soft focus of crew members scurrying around, preparing to abandon the rig. in fg a worker in a navy winter jacket buckles his lifejacket closed with gloved hands. Ref. pics of outfit (no hard hat) and life jacket. ⏎ NO SURVIVAL SUITS",01:35:48
CTD_AI_ORA_CrewInSea01,104,Ocean Ranger,ORA,First request,,,,19,0,"EXPERT: They see the men in the water and throw them lifelines. But due to hypothermia, their arms and legs are immobilized. They can’t swim and they can’t grab the lines.","EXT. ROUGH SEAS - NIGHT ⏎ North Atlantic Ocean, February, 1982. MEN IN WATER. NO SURVIVAL SUITS. YES: LIFEJACKETS, RAIN JACKETS, COVERALLS, TUQUES. NO ROPE. NO SEAFORTH. ⏎ 3 CUs SHAKYCAM AT WATER LEVEL: five crew members in ocean. Struggling/bobbing in rough waves. CUs of heads, arms, gloved hands. NO FACES. ⏎ Framing, waves, lighting of ORA_LifelinesThrownB_20260706_1c are all good just need outfit change",01:36:34
CTD_AI_ORA_CrewInSea02,104,Ocean Ranger,ORA,First request,,Y,,19,0,"EXPERT: They see the men in the water and throw them lifelines. But due to hypothermia, their arms and legs are immobilized. They can’t swim and they can’t grab the lines.","EXT. ROUGH SEAS - NIGHT ⏎ North Atlantic Ocean, February, 1982. MEN IN WATER. NO SURVIVAL SUITS. YES: LIFEJACKETS, RAIN JACKETS, COVERALLS, TUQUES. YES: ROPE. ⏎ 3 CU. Various POV. Camera at water level. Lifeline rope from Seaforth Highlander in focus in fg. In bg, oil rig workers in ocean. Can't get to rope. Water splashes onto workers bobbing in big ocean waves. NO FACES. ⏎ See ref pic for framing/action - but wrong outfits.",01:36:30 / 01:36:49
CTD_AI_ORA_CrewInSea02,104,Ocean Ranger,ORA,PAUSE,,,,19,0,"EXPERT: They see the men in the water and throw them lifelines. But due to hypothermia, their arms and legs are immobilized. They can’t swim and they can’t grab the lines.","EXT. ROUGH SEAS - NIGHT ⏎ North Atlantic Ocean, February, 1982 ⏎ 3 WS SHAKYCAM, various POVs (overhead, waterlevel, side): Water sloshes over the oil workers in the ocean, as they bob in the waves. Hands and heads shake in the cold. They're wearing lifejackets, rain jackets, coveralls, their heads are covered with hoods and tuques. NO NO SURVIVAL SUITS, NO FACES. Seaforth Highlander rescue boat in bg. LIfeline rope is thrown toward the men from a man on deck in navy blue rain jacket and blue rain pants. Framing, waves, lighting of ORA_LifelinesThrownB_20260706_1c are all good just need an outfit c",01:36:30
CTD_AI_ORA_GiantWaves01,104,Ocean Ranger,ORA,First request,,Y,,,0,EXPERT: It's among the most dangerous waters in the world where storms can hit unexpectedly and whip up waves as high as 60 feet.,"EXT. NORTH ATLANTIC - DAY ⏎ North Atlantic Ocean, February, 1982 ⏎ 3 WS, varying POVs, (one overhead, one water level, one side angle). Sea spray in fg, massive 50 feet waves, foaming as they crash, roiling waters all around. Wind is strong. Terrifyingly immersive, the ocean is incredibly powerful. See ref pics but NO BOATS and NO RIG.",01:31:18 / 01:32:16 / 01:33:36
CTD_AI_ORA_GiantWaves02,104,Ocean Ranger,ORA,First request,,Y,,,0,"VO ⏎ IN THE EVENING, A MONSTER WAVE SLAMS INTO THE RIG.","EXT. NORTH ATLANTIC - EVENING ⏎ North Atlantic Ocean, February, 1982 ⏎ Sky is darker, it's evening. ⏎ 3 CUs, varying POVs (one overhead, one water level, and a side angle). In the foreground is a massive wave, crashes into the rig. NO RUST on rig. Lost of sea mist in the fg. In bg, roiling waters, strong wind on the foaming waves. The ocean is menacing, and incredibly powerful. See ref pics and this shot (but NO RUST on rig) ORA_35 FootWavesB_070826_1c.mov",01:33:40
CTD_AI_ORA_GiantWaves03,104,Ocean Ranger,ORA,First request,,Y,,,0,"EXPERT: They see the men in the water and throw them lifelines. But due to hypothermia, their arms and legs are immobilized. They can’t swim and they can’t grab the lines.","EXT. NORTH ATLANTIC - DAY ⏎ North Atlantic Ocean, February, 1982. MEN IN WATER. NO SURVIVAL SUITS. YES: LIFEJACKETS, RAIN JACKETS, COVERALLS, TUQUES. NO ROPE. NO SHIP. ⏎ 3 ECUs, varying POVs, (one from overhead, one at water level and OTS). Oil rig worker in ocean. Shaky, darting camera conveys oil worker in ocean's terrified POV. He's wearing a hooded rainjacket and lifejacket, his arms flailing, ocean waves crashing all around him. A massive wave slams into his face, knocking him underwater.",01:36:07
CTD_AI_ORA_HighlanderBattlesSea A,104,Ocean Ranger,ORA,Sent to Cream,,,,18,2,Drone Above Ocean - Seaforth Highlander battles rough seas ⏎ VO: ⏎ THE _HIGHLANDER _POWERS THROUGH THE STORM TOWARD THE OCEAN RANGER AND FINALLY ARRIVES JUST BEFORE 2 AM.,EXT. ROUGH SEAS - NIGHT ⏎ Drone Above Ocean as Seaforth Highlander battles to make it's way through rough seas & Rain,
CTD_AI_ORA_HighlanderBattlesSea B,104,Ocean Ranger,ORA,Sent to Cream,,,,18,3,Drone Above Ocean - Seaforth Highlander battles rough seas ⏎ VO: ⏎ THE _HIGHLANDER _POWERS THROUGH THE STORM TOWARD THE OCEAN RANGER AND FINALLY ARRIVES JUST BEFORE 2 AM.,EXT. ROUGH SEAS - NIGHT ⏎ CU Following - of Highlander Bow (w/name on it) pushing through rough waters & Rain,
CTD_AI_ORA_Lifeboats01,104,Ocean Ranger,ORA,First request,,,,16,0,Expert: The lifeboats are another concern. Only four of them are even equipped with motors and the rest are just tiny inflatable rafts that are not designed to withstand the rough waters of the North Atlantic.,"EXT. OCEAN RANGER - DAY ⏎ North Atlantic Ocean, February, 1982. Sunny, warm winter day. ⏎ 3 WS. Various POV. Camera dollies into two orange lifeboats, one behind the other, attached by chains, hanging on the side of the rig (see ref. pics). Boats sway lightly with the gentle rocking of the rig in the water. Left side of the rig is in frame, the seas are calm. NO PEOPLE.",01:32:39
CTD_AI_ORA_Lifeboats02 ,104,Ocean Ranger,ORA,First request,,,,16,0,Expert: The lifeboats are another concern. Only four of them are even equipped with motors and the rest are just tiny inflatable rafts that are not designed to withstand the rough waters of the North Atlantic.,"EXT. OCEAN RANGER PLATFORM - DAY ⏎ North Atlantic Ocean, February, 1982. Sunny, warm winter day. ⏎ 3 CUs, varying POVs. A white metal, cylindrical container, about 2.5 metres long and .1 metre high in fg, near the edge of the platform. On the lid in big bold blue lettering is the text: 6 PERSONS. In bg, out of focus orange hanging lifeboats swaying gently. (see ref. pics) NO SURVIVAL SUITS",01:32:39
CTD_AI_ORA_LifeboatsBeforeCapsize01,104,Ocean Ranger,ORA,First request,,,,16,0,"EXPERT: They launch the lifeboats. But these small crafts are no match for the huge, violent waves. Some of the boats capsize, hurling dozens of men off.","EXT. ROUGH SEAS - NIGHT ⏎ North Atlantic Ocean, February, 1982. DARK. STORMY SEA. MEN IN BOATS. ⏎ 3 WS, varying POVs, shaky camera to give immersive feeling of being out on the ocean. Huge waves batter the lifeboats and smaller inflatable life rafts. Lots of sea spray in fg. The men (in rainjackets, coveralls, leather gloves and lifejackets) are in the boats and clutch the sides for dear life. ORA_BoatsCapsizeD_070828_1b is great but the men's clothing need to be changed.",01:36:03
CTD_AI_ORA_LifeboatsBeforeCapsize02,104,Ocean Ranger,ORA,First request,,,,16,0,"EXPERT: They launch the lifeboats. But these small crafts are no match for the huge, violent waves. Some of the boats capsize, hurling dozens of men off.","EXT. ROUGH SEAS - NIGHT ⏎ North Atlantic Ocean, February, 1982. MEN IN BOATS, THEN THROWN OUT ⏎ 3 WS, varying POVs, immersive, shaky camera. Huge waves batter lifeboats. Lots of sea spray in fg. Other lifeboats being tossed about by the waves in bg E.g.: ⏎ Men clutch the side of the boat. A powerful wave hits the boat, sea spray everywhere, the men are tossed overboard. ⏎ The men are in rainjackets, coveralls, leather gloves and lifejackets. NO SURVIVAL SUITS ⏎ ORA_BoatsCapsizeD_070828_1b is great but the men's clothing need to be changed and we need the shots of hands and feet slipping off/going overbo",01:36:03
CTD_AI_ORA_LifeboatsBeforeCapsize03,104,Ocean Ranger,ORA,First request,,,,16,0,"EXPERT: They launch the lifeboats. But these small crafts are no match for the huge, violent waves. Some of the boats capsize, hurling dozens of men off.","EXT. ROUGH SEAS - NIGHT ⏎ North Atlantic Ocean, February, 1982. MEN IN BOAT. NO SURVIVAL SUITS. ⏎ 3 ECUs. Various POV, immersive, shaky camera. Huge waves batter lifeboats. Lots of sea spray in fg. ⏎ 1) men's gloved hands clutching side of boats, then losing grasp 2) man's legs flying through air as he is tossed from the boat. ⏎ The men (in rainjackets, coveralls, leather gloves and lifejackets) clutch the sides of the boat. ⏎ Another worker's legs in blue coveralls as he is tossed overboard. ⏎ ORA_BoatsCapsizeD_070828_1b is great but the men's clothing need to be changed. NO SURVIVAL SUITS",01:36:03
CTD_AI_ORA_LifeboatsCapsize01,104,Ocean Ranger,ORA,First request,,,,16,0,"EXPERT: They launch the lifeboats. But these small crafts are no match for the huge, violent waves. Some of the boats capsize, hurling dozens of men off.","EXT. ROUGH SEAS - NIGHT ⏎ North Atlantic Ocean, February, 1982. DARK. STORM. NO SURVIVAL SUITS. ⏎ 3 MS, varying POVs (water level, from overhead and side angle) Huge waves batter Lifeboats and smaller inflatable life rafts. They capsize, the raft goes first, the lifeboats second, tossing silhouetted men into the ocean.",01:36:05
CTD_AI_ORA_LifelinesThrown A,104,Ocean Ranger,ORA,Sent to Cream,,,,19,3,"lifelines to men struggling in rough water to grab lines ⏎ EXPERT: They see the men in the water and throw them lifelines. But due to hypothermia, their arms and legs are immobilized. They can’t swim and they can’t grab the lines.",EXT. ROUGH SEAS - NIGHT ⏎ SHAKY POV FROM OTHER SHIP (Highlander)- Hand throws lifelines to (OUT OF FOCUS) Oil rig workers in life jackets struggling in rough water in DISTANCE,
CTD_AI_ORA_LifelinesThrown B,104,Ocean Ranger,ORA,Sent to Cream,,,,19,3,"lifelines to men struggling in rough water to grab lines ⏎ EXPERT: They see the men in the water and throw them lifelines. But due to hypothermia, their arms and legs are immobilized. They can’t swim and they can’t grab the lines.",EXT. ROUGH SEAS - NIGHT ⏎ CU SHAKYCAM - WATER LEVEL: Shaking Hands of Oil rig workers in life jackets struggling to move & grab life lines in front of them.,
CTD_AI_ORA_LifelinesThrown C,104,Ocean Ranger,ORA,Sent to Cream,,,,19,2,"lifelines to men struggling in rough water to grab lines ⏎ EXPERT: They see the men in the water and throw them lifelines. But due to hypothermia, their arms and legs are immobilized. They can’t swim and they can’t grab the lines.","EXT. ROUGH SEAS - NIGHT ⏎ POV of oil worker in rough water - Water batters face (Camera), hot breath fills frame, hands out front struggling",
CTD_AI_ORA_ListingBegins01,104,Ocean Ranger,ORA,First request,,,,,0,EXPERT: and the rig starts to list heavily to the point where it starts to feel like it could capsize.,"EXT. RIG IN ROUGH SEA - NIGHT ⏎ Sky dark, huge waves crashing into rig ⏎ 3 WS, Varying POVs, from side, above and water level. Rig is listing, ocean waves crashing halfway up the rig's legs, lots of sea mist. No rust visible on rig's legs, the sky is dark, it's night. Current AI shot in ref pic, but with all the details/changes listed above.",01:34:12
CTD_AI_ORA_MenInWater,104,Ocean Ranger,ORA,Sent to Cream,,,,17,2,"Scared Men tossed around in rough water, shivering ⏎ EXPERT: Without exposure suits, they’re unprotected in the frigid water, and hypothermia quickly sets in.","EXT. ROUGH SEAS - NIGHT ⏎ MCU - Shaky Cam: Scared oil workers in water tossed around in rough water, shivering, hot breath.",
CTD_AI_ORA_NewsOfStorm01,104,Ocean Ranger,ORA,First request,,Y,,2,0,"VO: ⏎ AFTER MORE THAN A YEAR IN SERVICE, IN THE EARLY AFTERNOON OF FEBRURY 14, 1982, THE CREW GETS NEWS THAT A SEVERE STORM IS HEADING THEIR WAY, FAST.","INT. RIG RADIO ROOM - DAY ⏎ North Atlantic Ocean, February, 1982 ⏎ 3 CUs, varying POVs (Two with camera is at desk level, one with camera OTS). Radio operator is writing (just like in shot ORA_RadioOperatorC_070826 but without the beige phone in the shot). Operator's hand reaches toward camera with his left hand, (as though picking up telephone receiver.)",01:33:15
CTD_AI_ORA_NewsOfStorm02,104,Ocean Ranger,ORA,First request,,Y,,2,0,"VO: ⏎ AFTER MORE THAN A YEAR IN SERVICE, IN THE EARLY AFTERNOON OF FEBRURY 14, 1982, THE CREW GETS NEWS THAT A SEVERE STORM IS HEADING THEIR WAY, FAST.","INT. RIG RADIO ROOM - DAY ⏎ North Atlantic Ocean, February, 1982 ⏎ 3 ECUs, varying POVs (One with camera is at desk, phone level, two OTS). Continuation of shot above. Radio operator's hand lifts telephone receiver and brings it to his left ear.",01:33:17
CTD_AI_ORA_OceanRangerCalm,104,Ocean Ranger,ORA,Sent to Cream,,,,1,0,"Lance Geiger ([17:28:53](https://www.rev.com/app/transcript/NmExNjE0NGQ0NTY3ZGQ5MmNkYjFkYTY2Rm9KdjlZOE5WQkw4/o/VEMwMTg1MjAyOTE0?ts=9758.9)): ⏎ In November of 1980, a state of the art oil rig arrives. _The Ocean Ranger._ ⏎ Paul Sutter ([10:24:37](https://www.rev.com/app/transcript/NmExNGNhODNkY2YzODI1NzMzYTQ1Y2UxTGpZdXpIVlBoUXVq/o/VEMwNTk5NDgyMzk2?ts=5799.4)): ⏎ [10:24:58] At the time it is the most advanced and largest free floating offshore oil rig in the world.",EXT. CALM SEAS - DAY ⏎ Ocean Ranger in Calm sea (Multiple Shots - different angles),
CTD_AI_ORA_OceanRangerRig01,104,Ocean Ranger,ORA,First request,,Y,,3,0,Jess Phoenix: ⏎ It's the length of two football fields and is 35 stories high and can house up to a hundred crew members.,"EXT. OCEAN RANGER - DAY ⏎ North Atlantic Ocean, February, 1982. Sunny, winter day, some clouds in sky. CALM OCEAN. ⏎ 3 WS. Various POV. Incl at least one dolly up leg of rig to platform, other legs in bg (very important as expert describes size and height of rig). Ocean is calm, small waves lap against the structure's legs",01:31:53 (PreFC Aug 8)
CTD_AI_ORA_OceanRangerRig02,104,Ocean Ranger,ORA,First request,,Y,,3,0,Jess Phoenix: ⏎ It's the length of two football fields and is 35 stories high and can house up to a hundred crew members.,"EXT. OCEAN RANGER - DAY ⏎ North Atlantic Ocean, February, 1982. ⏎ Sunny, winter day, some clouds in sky. CALM OCEAM ⏎ 2 WS. Various POV. Panning across rig's platform to convey its size. The ocean is calm, small waves lap against the structure's legs",01:31:53 (PreFC Aug 8)
CTD_AI_ORA_OceanSeepsIn01,104,Ocean Ranger,ORA,First request,,Y,,4,0,Expert: ⏎ **Salt water seeps into the control panels damaging its electrical systems causing it to malfunction.**,"INT. BALLAST CONTROL ROOM - EVENING ⏎ North Atlantic Ocean, February, 1982. DARK SKY. ⏎ 3 CU. Various POV. Stream of sea water coming in through broken porthole, about four inches wide. (not a massive wave). The porthole is well above (20feet) sea level. BG is darker, it's evening. Porthole glass is broken, and should be no greater than a foot in diameter. is good, but the . ⏎ For reference see ORA_PortholeSmashed20260706_1a (bg needs to be evening, so dark sky and the porthole 1/3 smaller, the water coming in 2/3 less and the sea is 15 feet further below the porthole)",01:33: 50
CTD_AI_ORA_OceanSeepsIn02,104,Ocean Ranger,ORA,First request,,Y,,4,0,Expert: ⏎ **Salt water seeps into the control panels damaging its electrical systems causing it to malfunction.**,"INT. BALLAST CONTROL ROOM - EVENING ⏎ North Atlantic Ocean, February, 1982. DARK SKY. ⏎ 3 CUs. Various POV. Sea water running down from the top of the control panel and seeping into the seal, around a gauge. ⏎ ORA_PortholeSmashed20260706_1a is a good reference, but framing needs to be closer on the panel and a lot LESS water.",01:33:50
CTD_AI_ORA_PanelMalfunctioning,104,Ocean Ranger,ORA,Not started,,,,7,0,"~~CR Panel - malfunctioning valves push water into wrong pontoons causing Oil Rig to list~~ ⏎ ~~EXPERT: This triggers the valves to open on their own, shifting water between the pontoons’ compartments. ~~",CUT - Will be done with GFX Animation,
CTD_AI_ORA_PortholeSmashed,104,Ocean Ranger,ORA,Sent to Cream,,,,4,3,"Control room Porthole smashed open by rogue wave ⏎ VO: ⏎ A FEW HOURS LATER, ~~AT 7PM~~, A MONSTER WAVE SLAMS INTO THE RIG, CRASHING THROUGH A CONTROL ROOM PORTHOLE.","INT. BALLAST CONTROL ROOM - DAY ⏎ CU - Round Porthole smashed open by rogue waves, water crashing in...",
CTD_AI_ORA_RadioOperator A,104,Ocean Ranger,ORA,Sent to Cream,,,,2,2,"Radio Operator takes a call ⏎ VO: ⏎ AFTER MORE THAN A YEAR IN SERVICE, IN THE EARLY AFTERNOON OF FEBRUARY 14, 1982, THE CREW GETS NEWS THAT A SEVERE STORM IS HEADING THEIR WAY, FAST.",INT. RIG RADIO ROOM - DAY ⏎ MCU from Behind (Over the shoulder) Radio Operator listening ⏎ See Radio Room Reference photo,
CTD_AI_ORA_RadioOperator B,104,Ocean Ranger,ORA,Sent to Cream,,,,2,2,"Radio Operator takes a call ⏎ VO: ⏎ AFTER MORE THAN A YEAR IN SERVICE, IN THE EARLY AFTERNOON OF FEBRUARY 14, 1982, THE CREW GETS NEWS THAT A SEVERE STORM IS HEADING THEIR WAY, FAST.",INT. RIG RADIO ROOM - DAY ⏎ CU LOW ANGLE of speaker ⏎ See Radio Room Reference photo,
CTD_AI_ORA_RadioOperator C,104,Ocean Ranger,ORA,Sent to Cream,,,,2,3,"Radio Operator takes a call ⏎ VO: ⏎ AFTER MORE THAN A YEAR IN SERVICE, IN THE EARLY AFTERNOON OF FEBRUARY 14, 1982, THE CREW GETS NEWS THAT A SEVERE STORM IS HEADING THEIR WAY, FAST.",INT. RIG RADIO ROOM - DAY ⏎ CU Level on desk - Hands writes down info on pad with pen. (Can't see the words) ⏎ See Radio Room Reference photo,
CTD_AI_ORA_RadioOperatorGoodbye,104,Ocean Ranger,ORA,Sent to Cream,,,,14,3,"Radio Operator ⏎ EXPERT: They’ve given up trying to straighten the rig. And five minutes later, the _Ocean Ranger _sends the _Highlander_ one final message, “If you try calling us back and don't get any reply from us, then you know we have already taken to the lifeboats.""",INT. RIG RADIO ROOM - NIGHT ⏎ CU FROM Behind - Shaky over the shoulder: Frantic Radio operator speaking into microphone.,
CTD_AI_ORA_RadioOperatorInMic,104,Ocean Ranger,ORA,Sent to Cream,,,,9,2,"Radio Operator speaks into microphone ⏎ VO: ⏎ AS A PRECAUTION, AT 9PM, THEY CONTACT THE RIG’S “STAND-BY BOAT”, _THE SEAFORTH HIGHLANDER._",INT. RIG RADIO ROOM - NIGHT ⏎ CU FROM Behind - Shaky over the shoulder: Frantic Radio operator speaking into microphone.,
CTD_AI_ORA_RadioOperatorPleas,104,Ocean Ranger,ORA,Sent to Cream,,,,13,3,Radio Operator ⏎ EXPERT: The _Ocean Ranger _contacts the _Highlander _to ask them to hurry because all their countermeasures have been ineffective.,INT. RIG RADIO ROOM - NIGHT ⏎ CU FROM Behind - Shaky over the shoulder: Frantic Radio operator speaking into microphone.,
CTD_AI_ORA_RangerCapsizes A,104,Ocean Ranger,ORA,Sent to Cream,,,,21,4,"Ocean Ranger capsizes sinks ⏎ VO: AT 3AM, THE OCEAN RANGER_ _CAPSIZES AND GETS SWALLOWED UP BY THE NORTH ATLANTIC SEA.",EXT. ROUGH SEAS - NIGHT ⏎ WS. In the distance Silhouette of Ocean Ranger capsizes to the left and begins to sink,
CTD_AI_ORA_RangerCapsizes B,104,Ocean Ranger,ORA,Sent to Cream,,,,21,4,"Ocean Ranger capsizes sinks ⏎ VO: AT 3AM, THE OCEAN RANGER_ _CAPSIZES AND GETS SWALLOWED UP BY THE NORTH ATLANTIC SEA.",EXT. ROUGH SEAS - NIGHT ⏎ Birds Eye View on ROUGH WATERS BELOW- Ocean Ranger slowly disappears in the dark waters,
CTD_AI_ORA_RescueAdandoned A,104,Ocean Ranger,ORA,Sent to Cream,,,,20,3,"waves push freezing men farther and farther away ⏎ EXPERT: The Highlander crew watches helplessly as the stormy sea pulls the men out of reach, forcing them to abandon the rescue.","EXT. ROUGH SEAS - NIGHT ⏎ Shaky POV from Highlander: In the rough waters, Huge rough waves push freezing men farther and farther away from camera until they disappear into the darkness",
CTD_AI_ORA_RescueAdandoned B,104,Ocean Ranger,ORA,Sent to Cream,,,,20,3,"waves push freezing men farther and farther away ⏎ EXPERT: The Highlander crew watches helplessly as the stormy sea pulls the men out of reach, forcing them to abandon the rescue.",EXT. ROUGH SEAS - NIGHT ⏎ SHAKY POV from Water: Waves crashing on Camera lens - Hand reaches out in front but Bow of Highlander gets pushed further and further away (Silhouette of 2 men on Bow.,
CTD_AI_ORA_RescueAdandoned C,104,Ocean Ranger,ORA,Sent to Cream,,,,20,2,"waves push freezing men farther and farther away ⏎ EXPERT: The Highlander crew watches helplessly as the stormy sea pulls the men out of reach, forcing them to abandon the rescue.",EXT. HIGHLANDER- NIGHT ⏎ SHAKY MCU Over shoulder of Highlander crew member. Standing looking out a dark empty waters. He hangs his head in despair,
CTD_AI_ORA_RigListing,104,Ocean Ranger,ORA,Sent to Cream,,,,8,2,"Exterior of Rig listing in a storm ⏎ EXPERT: The rig starts to list heavily, to the point where it feels like it’ll capsize.",EXT. ROUGH SEAS - NIGHT ⏎ WS - Silhouette of Ocean Ranger slowly listing past 10 degrees in a stormy seas,
CTD_AI_ORA_RigLists10Degrees,104,Ocean Ranger,ORA,Sent to Cream,,,,12,3,Oil Rig Lists further ⏎ VO: ⏎ THE LISTING OF THE RIG INCREASES TO 10 DEGREES.,EXT. ROUGH SEAS - NIGHT ⏎ Multiple shots ⏎ Ocean Ranger slowly listing up to around 10 degrees in a stormy seas,
CTD_AI_ORA_RigListsCrewStruggles,104,Ocean Ranger,ORA,Sent to Cream,,,,11,2,"EXPERT: To stop it, they try to manually shut the valves to the center tank, but it doesn’t work.",INT. BALLAST PUMP ROOM - NIGHT ⏎ CU- Crew Member's gloved hand struggles to turn large water valves,
CTD_AI_ORA_WorkersInStormyWater,104,Ocean Ranger,ORA,Sent to Cream,,,,1,3,EXPERT: 50-foot waves and 115 mph winds hurl dozens of men into the sea with no protection from the freezing waters.,"EXT. ROUGH SEAS - NIGHT ⏎ Powered Lifeboats & Inflatable life rafts rock violently back and forth in rough waters. They capsize, throwing Men off in to the water",
CTD_AI_ORA_WorkingControlPanel01,104,Ocean Ranger,ORA,First request,,Y,,6,0,EXPERT: The crew has received no formal training on the ballast control system and have no idea what to do in an emergency situation.,"INT. BALLAST CONTROL ROOM - DAY ⏎ North Atlantic Ocean, February, 1982 ⏎ 3 CU. Various POV. Incl OTS shots, (one from right shoulder, other from left shoulder, other from top down) of oil rig worker in blue coveralls, hard hat in fg, panel in pg. Camera movement mimics worker's eyes roving slowly across the control panel. ⏎ See Reference images",01:32:34
CTD_AI_SMI_AccidentsInMine01,104,Sago Mine,SMI,First request,,,,,0,"BETWEEN 2000 AND 2005, MORE THAN 40 WORKERS ARE INJURED IN ACCIDENTS AT THE SAGO MINE RESULTING IN MORE THAN 200 SAFETY VIOLATIONS.","INT. MINE TUNNEL - DARK ⏎ Summer, 2000. Inside a dimly lit coal mine tunnel. No light except miners' headlamps. Three male miners. ⏎ Two male miners in worn, dirty, navy coveralls, one miner in brown, dirty coveralls. All wear hard hats and headlamps, sleeves rolled up. Skin covered in soot/coal dust. Two miners hold up the injured third miner. Injured man limps badly, dragging a wounded leg. The injured miner's arms wrapped around the shoulders of the other two men for support. See ref pic for action but want reverse angle where see from behind. NO FACES. Other ref pic is for miner's look and clo",01:37:29
CTD_AI_SMI_AccidentsInMine02,104,Sago Mine,SMI,First request,,,,,0,"BETWEEN 2000 AND 2005, MORE THAN 40 WORKERS ARE INJURED IN ACCIDENTS AT THE SAGO MINE RESULTING IN MORE THAN 200 SAFETY VIOLATIONS.","EXT. WEST VIRGINIA MOUNTAINS - DAY ⏎ Summer, 2000 ⏎ 3 WS. Various POV (one aerial, one from side, another from behind) ⏎ Ambulance circa 2000 races down a rural mountain road. Emergency red lights flashing.",01:37:29
CTD_AI_SMI_AccidentsInMine03,104,Sago Mine,SMI,First request,,,,,0,"BETWEEN 2000 AND 2005, MORE THAN 40 WORKERS ARE INJURED IN ACCIDENTS AT THE SAGO MINE RESULTING IN MORE THAN 200 SAFETY VIOLATIONS.","EXT. WEST VIRGINIA MOUNTAINS - DAY ⏎ Summer, 2000 ⏎ 2 CU. Various POV. Ambulance circa 2000 races down a rural mountain road. Emergency red lights flashing. Make it dynamic, immersive",01:37:29
CTD_AI_SMI_BandanaOverMouth A,104,Sago Mine,SMI,Sent to Cream,Marty,,,13,3,"EXPERT: It’s getting hard to breathe so he’s forced to give up, hoping the rescue crews will be down there any minute.","INT. MINE SHAFT - DARK ⏎ MS - Following from Behind: Silhouette of miner moving forward, crouching slightly through dusty tunnel - Headlight illuminating in front of him ((Mine ceiling around 6ft high)",
CTD_AI_SMI_BandanaOverMouth B,104,Sago Mine,SMI,Sent to Cream,,,,13,2,"EXPERT: It’s getting hard to breathe so he’s forced to give up, hoping the rescue crews will be down there any minute.","INT. MINE SHAFT - DARK ⏎ POV: Stops, Takes off oxygen Mask and puts it back on, looks around and turns around- turns around - moving through tunnel",
CTD_AI_SMI_CarbonMonoxideAlarms A,104,Sago Mine,SMI,Sent to Cream,,,,6,3,"EXPERT: As the miners pick themselves up, their carbon monoxide alarms start to go off.",INT. MINE SHAFT - DARK ⏎ MCU PROFILE- Mid level: Miners gloved hand lift up handheld carbon monoxide alarms. ⏎ See reference photo,
CTD_AI_SMI_CarbonMonoxideAlarms B,104,Sago Mine,SMI,Sent to Cream,,,,6,3,"EXPERT: As the miners pick themselves up, their carbon monoxide alarms start to go off.",INT. MINE SHAFT - DARK ⏎ POV of Alarm - Number rising on screen ⏎ See reference photo,
CTD_AI_SMI_CrewFollowsJones A,104,Sago Mine,SMI,Sent to Cream,,,,8,3,EXPERT: They’re hundreds of feet away in another part of the mine and all attempts to contact them are unsuccessful.,"INT. MINE - DARK ⏎ CU - Over the shoulder from behind: Gloved Hand lifting up to side of mouth, calling out (No face)",
CTD_AI_SMI_CrewFollowsJones B,104,Sago Mine,SMI,Sent to Cream,,,,8,2,F ⏎ EXPERT: They’re hundreds of feet away in another part of the mine and all attempts to contact them are unsuccessful.,INT. MINE - DARK ⏎ WS Empty dusty Mine Tunnel,
CTD_AI_SMI_CrewFollowsJones C,104,Sago Mine,SMI,Sent to Cream,,,,8,3,EXPERT: They’re hundreds of feet away in another part of the mine and all attempts to contact them are unsuccessful.,INT. MINE - DARK ⏎ WS Static- Another Empty Dusty Tunnel,
CTD_AI_SMI_DarkCloudsAtMine,104,Sago Mine,SMI,Sent to Cream,,,,2,4,EXPERT: Both teams descend into the mine just as a massive thunderstorm is rolling in.,EXT. MINE ENTRANCE - DARK EARLY MORNING ⏎ POV - Following behind Silhouettes of several miners entering mine,
CTD_AI_SMI_EmergencyPhone A,104,Sago Mine,SMI,Sent to Cream,,,,9,2,"EXPERT: At 6:30, Owen and his team manage to reach one of the underground emergency phones. ⏎ CONT. ⏎ EXPERT: He calls his supervisors on the surface, telling them that there was an explosion and requests a rescue team be sent in immediately.",INT. MINE - DARK ⏎ SHAKY POV: moving quickly through mine tunnel - Slightly crouched,
CTD_AI_SMI_EmergencyPhone B,104,Sago Mine,SMI,Sent to Cream,,,,9,3,"EXPERT: At 6:30, Owen and his team manage to reach one of the underground emergency phones. ⏎ CONT. ⏎ EXPERT: He calls his supervisors on the surface, telling them that there was an explosion and requests a rescue team be sent in immediately.",INT. MINE - DARK ⏎ SIDE LOWE ANGLE CU - GLoved Hand picks up wall mounted emergency phone - Takes out of frame,
CTD_AI_SMI_EmergencyPhone C,104,Sago Mine,SMI,Sent to Cream,,,,9,2,"EXPERT: At 6:30, Owen and his team manage to reach one of the underground emergency phones. ⏎ CONT. ⏎ EXPERT: He calls his supervisors on the surface, telling them that there was an explosion and requests a rescue team be sent in immediately.",INT. MINE - DARK ⏎ 3-CU Over the Shoulder: Handset against ear: Mine out of focus in BG,
CTD_AI_SMI_ExhaustedMinersSit,104,Sago Mine,SMI,First request,,,,,0,Nehemiah Mabry: ⏎ All they could do is pray that someone reaches them soon.,"INT. MINE TUNNEL - DARK ⏎ Winter, 2006 ⏎ 3 CU. Various POV(one above, one ground level, one side). In fg, a miner (dressed as in ref pic), exhausted, his back against the tunnel wall, slides down into a seated position and hangs his head. In bg are two seated miners, and one standing, leaning against the tunnel wall. All should be in different clothing, a variety of brown, beige and blue coveralls and overalls, orange and yellow hard hats. See ref. pics",01:42:06
CTD_AI_SMI_ExplosionInMine A,104,Sago Mine,SMI,Sent to Cream,,,,4,2,"VO: ⏎ THE CABLE’S EXPOSED WIRING IGNITES THE BUILT-UP METHANE, AND TRIGGERS AN EXPLOSION THAT COLLAPSES SEVERAL TUNNELS.",INT. MINE AREA - DARK ⏎ GROUND LEVEL CU - EXPOSED CABLE WIRE ON MINE FLOOR - A small spark occurs,
CTD_AI_SMI_ExplosionInMine B,104,Sago Mine,SMI,Sent to Cream,,,,4,3,"VO: ⏎ THE CABLE’S EXPOSED WIRING IGNITES THE BUILT-UP METHANE, AND TRIGGERS AN EXPLOSION THAT COLLAPSES SEVERAL TUNNELS.",INT. MINE AREA - DARK ⏎ WS: MINE WALL SEAL VIOLENTLY BLOWS OFF,
CTD_AI_SMI_ExplosionInMine C,104,Sago Mine,SMI,Sent to Cream,,,,4,5,"Explosion in mine - knocking out sealed wall ⏎ VO: ⏎ THE CABLE’S EXPOSED WIRING IGNITES THE BUILT-UP METHANE, AND TRIGGERS AN EXPLOSION THAT COLLAPSES SEVERAL TUNNELS.",INT. MINE AREA - DARK ⏎ MS GROUND LEVEL - EXPLOSION CAUSES SEVERAL TUNNELS TO COLLAPSE - Smoke & Dust fills frame,
CTD_AI_SMI_JonesLeavesCrew A,104,Sago Mine,SMI,Sent to Cream,,,,10,3,"EXPERT: It may take a while for them to get there, so Owen tells his team to continue trying to find their way out without him. He’s going to search for the other crew.",INT. MINE TUNNEL - DARK ⏎ WS - AT END OF TUNNEL IN DISTANCE: Silhouette of Miner gesturing to 11 miners. Points upward. They leave. He goes down other tunnel,
CTD_AI_SMI_JonesLeavesCrew B,104,Sago Mine,SMI,Sent to Cream,,,,10,3,"EXPERT: It may take a while for them to get there, so Owen tells his team to continue trying to find their way out without him. He’s going to search for the other crew.",INT. MINE TUNNEL - DARK ⏎ SHAKY POV - Moving through Dusty Tunnel - Headlamp illuminates way in front,
CTD_AI_SMI_JonesRalliesTeam,104,Sago Mine,SMI,Sent to Cream,,,,7,4,"EXPERT: Owen Jones knows he has to get his men on crew #1 to safety, but he’s also worried about the other crew and his brother.",INT. MINE TUNNEL - DARK ⏎ POV - Moving through dark mine shaft (Mine ceiling around 6ft high),
CTD_AI_SMI_Letter,104,Sago Mine,SMI,Sent to Cream,,,,16,2,EXPERT: All they can do is pray that someone reaches them soon. Some of them write goodbye letters to their wives and children in case they don’t survive.,INT. MINE AREA - DARK ⏎ CU - Grimy Shaky hand writes on small notepad - Illuminated only by headlamps,
CTD_AI_SMI_MinersExit,104,Sago Mine,SMI,Sent to Cream,,,,11,6,"EXPERT: Around 7:30, just over an hour after the lightning strike, his team manages to make it to the surface. Fortunately for them, they weren’t that far from the mine entrance at the time of the explosion.","EXT. MINE ENTRANCE - DAY ⏎ BIRDS EYE VIEW - A group of 11 Miners exit mine entrance to surface, Tired, holding onto knees, coughing. Other miners rush up to them",
CTD_AI_SMI_MinersReadyGear A,104,Sago Mine,SMI,Sent to Cream,,,,1,2,"VO: ⏎ ON THE MORNING OF JANUARY 2ND, 2006, TWENTY-SEVEN MINERS START THEIR 10-HOUR SHIFT AT THE SAGO MINE.",EXT. MINE - DARK EARLY MORNING ⏎ CU LOW SIDE ANGLE: Hands put on Gloves,
CTD_AI_SMI_MinersReadyGear B,104,Sago Mine,SMI,Sent to Cream,,,,1,1,"VO: ⏎ ON THE MORNING OF JANUARY 2ND, 2006, TWENTY-SEVEN MINERS START THEIR 10-HOUR SHIFT AT THE SAGO MINE.",EXT. MINE - DARK EARLY MORNING ⏎ CU GROUND LEVEL: Gloved Hand Pick ups Helmet w/headlamps ⏎ Oxygen Masks,
CTD_AI_SMI_MinersReadyGear C,104,Sago Mine,SMI,Sent to Cream,,,,1,4,"VO: ⏎ ON THE MORNING OF JANUARY 2ND, 2006, TWENTY-SEVEN MINERS START THEIR 10-HOUR SHIFT AT THE SAGO MINE.",EXT. MINE - DARK EARLY MORNING ⏎ CU Oxygen Masks hangs around neck,
CTD_AI_SMI_MiningCoal01,104,Sago Mine,SMI,First request,,,,15,0,DEEP IN WEST VIRGINIA’S APPALACHIAN MOUNTAINS LIES THE SAGO MINE.,"INT. MINE - DARK ⏎ Underground, midday, 2005 ⏎ Inside tunnel. A miner, 30s, in coveralls and a hard hat with headlamp, drills into coal bed with portable jackhammer. ⏎ 3 CUs, various OTS: in fg, miner's dirty gloved hands vibrating from jackhammer, in bg coalbed tunnel. ⏎ See ref. pics. NO FACES",01:37:58
CTD_AI_SMI_MouthYelling,104,Sago Mine,SMI,Not started,,,,12,0,"~~CU - Mouth - yelling~~ ⏎ ~~EXPERT: Deep in the mine, Owen calls out over and over, hoping the other crew will hear him…but there’s no response. ~~",Don't need - covered in other AI Recre,
CTD_AI_SMI_RescueTeamEnters,104,Sago Mine,SMI,Sent to Cream,,,,17,2,"POV – team Moving through tunnels ⏎ EXPERT: By late afternoon, the methane and carbon monoxide levels have dropped ~~and ~~ So the rescue teams can finally enter the mine to start searching for them.",EXT. MINE ENTRANCE - NIGHT ⏎ POV - Following Rescue team moving quickly into mine.,
CTD_AI_SMI_SagoMineEstablisher01,104,Sago Mine,SMI,First request,Marty,,,13,0,DEEP IN WEST VIRGINIA’S APPALACHIAN MOUNTAINS LIES THE SAGO MINE.,"EXT. COAL MINE - DAY ⏎ Grey, Autumn Day 2005 ⏎ Drizzle and light fog. ⏎ 3 WS, all aerials, 3 POVs: top down, two from different sides. Establishing exterior shot of the Sago mine inside the flat mountain with a long 2 metre wide, 300 me long metal shaft, low metal hanger, and mining equipment in foreground (first ref. pic for the general landscape, second ref pic for shafts and equipment, third ref pic for mine entrance). Trees in the distant bg (like in second ref. pic) and the entrance to leading inside the mountain about 7 metres in length, 3 metres in height, visuals and proportions just like in",01:37:02
CTD_AI_SMI_SagoMineEstablisher02,104,Sago Mine,SMI,First request,Marty,,,13,0,DEEP IN WEST VIRGINIA’S APPALACHIAN MOUNTAINS LIES THE SAGO MINE.,"EXT. COAL MINE - DAY ⏎ Grey, Autumn Day 2006 ⏎ Drizzle and light fog. ⏎ 3 CUs, varying POVs (top down, side, and low angle): Camera flies past the metal shaft swoops down to the ground, followinga set of railway tracks to the entrance leading inside the mountain like in ref. photo. The scene is enveloped in mist. NO PEOPLE.",01:37:02
CTD_AI_SMI_Sledgehammer,104,Sago Mine,SMI,Sent to Cream,,,,15,3,DEEP IN WEST VIRGINIA’S APPALACHIAN MOUNTAINS LIES THE SAGO MINE.,"INT. MINE - DARK ⏎ CU - Sledgehammer hits metal roof bolts on sheet of metal, over and over",
CTD_AI_SMI_SmokyTunnel,104,Sago Mine,SMI,Sent to Cream,,,,14,1,"EXPERT: They’re almost 30 stories below the surface, struggling to find their way out through a maze of dust, smoke, and methane.",INT. MINE TUNNEL - DARK ⏎ POV - Following silhouettes of miners moving through dusty tunnel - Slightly crouching (Mine ceiling around 6ft high),
CTD_AI_SMI_SupervisorsUnaware,104,Sago Mine,SMI,Not started,,,,,0,"ABOVE GROUND, MINE SUPERVISORS ARE COMPLETELY UNAWARE WHAT HAPPENED.","EXT. MINE - DAY ⏎ January 2006 ⏎ Overcast, chilly winter day. About minus 2 degrees Celcius. ⏎ Lighting must match screengrab of AI wide shot of location ref pic. Outfits in screengrab ref. pic. ⏎ 3 CUs, varying POVs (include one bird's eye view) Two supervisors stand outside talking. Trailer in bg. One supervisor rubs his gloved hands together to warm up, the other flips a page of a clipboard in his gloved hands. They both have white hard hats, blue coveralls with reflective bands. See ref pics.",
CTD_AI_SMI_WorkersKnockedOver,104,Sago Mine,SMI,Sent to Cream,,,,5,2,"ABOVE GROUND, MINE SUPERVISORS ARE COMPLETELY UNAWARE WHAT HAPPENED.",INT. MINE AREA - DARK ⏎ CU - GROUND LEVEL: Boots & Knees of miners buckle and fall backwards from wave of intense dusty air.,
CTD_AI_TSF_7thFloorLadder A,104,Triangle Shirtwaist Factory,TSF,Sent to Cream,,,,18,1,Ladder stops at 7th floor. ⏎ EXPERT: The firefighters aren’t equipped to battle the blaze in a rapidly modernizing city. Their ladders can only reach as high as the 7th floor.,EXT. ASCH BUILDING - DAY ⏎ WS HANDHELD LOOKING UP FROM STREET: Smoke & Fire coming out windows from top 3 floors. Firetrucks on street below dousing building with water. Ladders extend and stop at 7th floor ⏎ See reference photos,
CTD_AI_TSF_7thFloorLadder B,104,Triangle Shirtwaist Factory,TSF,Sent to Cream,,,,18,1,Ladder stops at 7th floor. ⏎ EXPERT: The firefighters aren’t equipped to battle the blaze in a rapidly modernizing city. Their ladders can only reach as high as the 7th floor.,EXT. ASCH BUILDING - DAY ⏎ CU - Ladder Extends from out of frame and stops outside window ⏎ See reference photos,
CTD_AI_TSF_AshBuildingEstablish01,104,Triangle Shirtwaist Factory,TSF,Sent to Cream,,Y,,,3,"Lance Geiger: ⏎ The Triangle Shirtwaist company occupies the top three floors of the Asch building, which is in New York's Greenwich Village near Washington Square Park.","EXT. STREET OF NEW YORK CITY - DAY ⏎ 1910. ⏎ 4 WS. Varying POV. Building before fire. Include at least 2 shots w camera low to ground, showing bustling street life. Horse drawn carriages and carts. People walking. ⏎ Please make sure building is correct - needs to look like: FactoryOnFire_202060609",
CTD_AI_TSF_BlanckHarrisWatching,104,Triangle Shirtwaist Factory,TSF,Sent to Cream,,,,5,5,"Blanck and Harris looking out at the factory floor ⏎ EXPERT: Triangle’s 500 or so employees are hard at work, and Blanck and Harris are there, as usual, watching over the operation.",INT. ASCH BUILDING 10th FLOOR - DAY ⏎ MS - Silhouettes of Blanck and Harris's legs at desk going through paperwork in office. One of them standing.,
CTD_AI_TSF_BlanckLooksAtFactory A,104,Triangle Shirtwaist Factory,TSF,Sent to Cream,,,,3,1,"Hand hangs up the phone. ⏎ EXPERT: Blanck and Harris ignore the inspector’s request, showing little regard for the conditions in their factory or the safety of their workers.",INT. ASCH BUILDING 10th FLOOR - DAY ⏎ CU TABLE LEVEL- Hand picks up Phone receiver take out of frame,
CTD_AI_TSF_BlanckLooksAtFactory B,104,Triangle Shirtwaist Factory,TSF,Sent to Cream,,,,3,1,"Hand hangs up the phone. ⏎ EXPERT: Blanck and Harris ignore the inspector’s request, showing little regard for the conditions in their factory or the safety of their workers.",INT. ASCH BUILDING 10th FLOOR - DAY ⏎ CU Phone Receiver to Man's ear (Bowler Hat slightly visible) Listening,
CTD_AI_TSF_BlanckLooksAtFactory C,104,Triangle Shirtwaist Factory,TSF,Sent to Cream,,,,3,1,"Hand hangs up the phone. ⏎ EXPERT: Blanck and Harris ignore the inspector’s request, showing little regard for the conditions in their factory or the safety of their workers.",INT. ASCH BUILDING 10th FLOOR - DAY ⏎ CU - Hand hangs up old phone reciever,
CTD_AI_TSF_BuildingExterior,104,Triangle Shirtwaist Factory,TSF,Sent to Cream,,,,15,6,"Ext of building - Floors 8-10 on fire, smoke emanating from the windows. ⏎ EXPERT: The situation is spiraling out of control and what’s incredible is the fire department still hasn’t been alerted.",EXT. ASCH BUILDING - DAY ⏎ CU fire & smoke coming out from Windows,
CTD_AI_TSF_BuildingExterior B,104,Triangle Shirtwaist Factory,TSF,Sent to Cream,,,,15,1,"**VO: **SATURDAY, MARCH 25TH, 1911, STARTS OUT LIKE ANY OTHER WORKDAY.** ** ⏎ Andrew Nelson ([12:08:45](https://www.rev.com/app/transcript/NmEwZTEwOTRmMjIzZjE5NDUzNjlkN2Q0MUFWTFZkN0tvdTZp/o/VEMwMTk3NTg0ODE2?ts=13296.85)): ⏎ Triangles 500 or so employees are hard at work",EXT. ASCH BUILDING - DAY ⏎ Tilt up to Building 8-10th floors - Clean no fire - Before the blaze happens.,
CTD_AI_TSF_CrowdLookingUp,104,Triangle Shirtwaist Factory,TSF,Sent to Cream,,,,17,1,"Crowd looking up ⏎ EXPERT: Almost immediately, a large crowd starts to gather on the street.",EXT. ASCH BUILDING - DAY ⏎ WS FROM BEHIND (DOLLYING TO RIGHT)- Worried Crowd looking up OS,
CTD_AI_TSF_CrowdYelling A,104,Triangle Shirtwaist Factory,TSF,Sent to Cream,,,,10,1,"POV ⏎ EXPERT: The crowd outside yells ""Don't jump!"" The agonizing choice is either jump…or burn to death.",EXT. ASCH BUILDING - DAY ⏎ WS FROM BEHIND: A crowd of people outside looking up,
CTD_AI_TSF_CrowdYelling B,104,Triangle Shirtwaist Factory,TSF,Sent to Cream,,,,10,1,"POV ⏎ EXPERT: The crowd outside yells ""Don't jump!"" The agonizing choice is either jump…or burn to death.",EXT. ASCH BUILDING - DAY ⏎ 3/4 FROM BEHIND CU of Women's hand at mouth yelling! (Looking up),
CTD_AI_TSF_CrowdYelling C,104,Triangle Shirtwaist Factory,TSF,Sent to Cream,,,,10,9,"POV ⏎ EXPERT: The crowd outside yells ""Don't jump!"" The agonizing choice is either jump…or burn to death.","EXT. ASCH BUILDING - DAY ⏎ CU - From behind of Man in crowd (Head and shoulders) looking up, waving both arms (Not to jump!) ⏎ Can you provide other angles, other people doing the same action?",
CTD_AI_TSF_EmptyStairwell01,104,Triangle Shirtwaist Factory,TSF,Sent to Cream,,Y,,,4,,"INT. ASCH BUILDING STAIRCASE - DAY ⏎ Fire has started. Staircase filled with smoke and flying sparks/embers. NO PEOPLE. ⏎ 4 CUs. Varying POVs. Floating embers rising and smoke in fg, smoke filled staircase out of focus in bg. E.g. top down and sideways views. ⏎ See CTD_AI_TSF_WomenInStairwell_A1_20260708 AND CTD_AI_TSF_FactoryOnFire_20260715_B3 for references of staircases. NEED 2 CUs EACH.",
CTD_AI_TSF_FabricEverywhere A,104,Triangle Shirtwaist Factory,TSF,Sent to Cream,,,,2,1,"Factory Floor - Piles of Fabric ⏎ Fabric hanging above women workers. ⏎ EXPERT: Fires are a constant danger in these garment factories because they’re packed with piles of fabric on the floor, with more hanging overhead.","INT. ASCH BUILDING 8TH FACTORY FLOOR - DAY ⏎ WS DOLLY ALONG FLOOR - Female Workers at tables, sewing, Fabric hanging above workers",
CTD_AI_TSF_FabricEverywhere B,104,Triangle Shirtwaist Factory,TSF,Sent to Cream,,,,2,1,"Factory Floor - Piles of Fabric ⏎ Fabric hanging above women workers. ⏎ EXPERT: Fires are a constant danger in these garment factories because they’re packed with piles of fabric on the floor, with more hanging overhead.",INT. ASCH BUILDING 8TH FACTORY FLOOR - DAY ⏎ CU GROUND LEVEL -Piles of Fabric in bins underneath sewing tables (Women's legs seen - Not tops of tables),
CTD_AI_TSF_FabricEverywhere C,104,Triangle Shirtwaist Factory,TSF,Sent to Cream,,,,2,1,"Factory Floor - Piles of Fabric ⏎ Fabric hanging above women workers. ⏎ EXPERT: Fires are a constant danger in these garment factories because they’re packed with piles of fabric on the floor, with more hanging overhead.",INT. ASCH BUILDING 8TH FACTORY FLOOR - DAY ⏎ CU-Fabric hanging above women workers heads,
CTD_AI_TSF_FactoryOnFire A,104,Triangle Shirtwaist Factory,TSF,Sent to Cream,,,,9,3,Factory on fire ⏎ VO: ⏎ COMING UP: THERE’S NO ESCAPE.,EXT. ASCH BUILDING - DAY ⏎ MS- TIlt up to Building on fire (Top 3 floors) fire & Smoke coming out of windows,
CTD_AI_TSF_FactoryOnFire B,104,Triangle Shirtwaist Factory,TSF,Sent to Cream,,,,9,11,Factory on fire ⏎ VO: ⏎ COMING UP: THERE’S NO ESCAPE.,INT. ASCH BUILDING - DAY ⏎ FRANTIC POV: Following behind Stampede of female workers going down stairwell,
CTD_AI_TSF_FactoryOnFire C,104,Triangle Shirtwaist Factory,TSF,Sent to Cream,,Y,,9,4,"Factory on fire ⏎ VO: ⏎ AT THE TRIANGLE SHIRTWAIST COMPANY, FIRE AND PANIC QUICKLY SPREAD THROUGH THE FACTORY’S 8TH FLOOR.",EXT. ASCH BUILDING - DAY ⏎ POV from street - Looking up: Smoke coming out of ONLY 8th floor windows.,
CTD_AI_TSF_FactoryOnFire D,104,Triangle Shirtwaist Factory,TSF,Sent to Cream,,Y,,9,1,8th Floor on fire ⏎ Hakeem Oluseyi ([11:42:01](https://www.rev.com/app/transcript/NmExNjEwZDM0NTY3ZGQ5MmNkYjFkN2ZmWEZvb3pKMFpxak1Y/o/VEMwMjM2MjY5Nzgw?ts=9815.16)): ⏎ The problem is the workers on the upper two floors are completely unaware of what's happening because there's no fire alarm in the building.,"EXT. ASCH BUILDING - DAY ⏎ MS - Camera outside 8th floor windows, smoke coming out of windows (Fire inside - Workers inside out of focus scrambling to exits) Truck up from 8th Floor windows to 9th & 10th floor windows - Female staff at work, unaware of what’s transpiring below.",01:12:34
CTD_AI_TSF_FactoryOnFire E,104,Triangle Shirtwaist Factory,TSF,Sent to Cream,,,,9,2,"8th Floor on fire ⏎ John Moser ([11:56:27](https://www.rev.com/app/transcript/NmExMDliYmYzOTMxYWMyOGEzNzg2N2Q1M3VZSUVWZVNKLWpO/o/VEMwMDg0MzA3MTY5?ts=10548.74)): ⏎ In all the chaos, nobody thinks to call them. The fire department isn't alerted until somebody outside sees the smoke in flames and yells, ""Fire.""",EXT. ASCH BUILDING (STREET)- DAY ⏎ CU BEHIND Man’s Head wearing hat turns and looks up at Asch building - 8th Floor on fire. Smoke now coming out of 9th floor windows. Don't show his face. Ideally rack focus from him to building,
CTD_AI_TSF_FireDept A,104,Triangle Shirtwaist Factory,TSF,Sent to Cream,,,,21,0,VO: ⏎ COMPANY 72 OF THE NEW YORK FIRE DEPARTMENT RACES TO THE SCENE IN HORSE-DRAWN BUGGIES.,"INT. FIRE STATION - DAY ⏎ ECU - Firefighters put on jackets, grabbing helmets. Make shots dynamic. Be super close to firefighters with 70 or 85mm look. Have body parts of firefighters move through frame quickly, keep it dirty and frantic. Shallow depth of field.",
CTD_AI_TSF_FireDept B,104,Triangle Shirtwaist Factory,TSF,Sent to Cream,,,,21,0,VO: ⏎ COMPANY 72 OF THE NEW YORK FIRE DEPARTMENT RACES TO THE SCENE IN HORSE-DRAWN BUGGIES.,"INT. FIRE STATION - DAY ⏎ CU - Floor Level: Firemen's Legs and boots step into horse & Buggy firetruck. Have body parts of firefighters and horses move through frame quickly, keep it dirty and frantic. Shallow depth of field.",
CTD_AI_TSF_FireDeptC,104,Triangle Shirtwaist Factory,TSF,Sent to Cream,,,,21,0,VO: ⏎ COMPANY 72 OF THE NEW YORK FIRE DEPARTMENT RACES TO THE SCENE IN HORSE-DRAWN BUGGIES.,"EXT. FIRE STATION - DAY ⏎ CU - Ground level - Horses feet and wheels of firetrucks exit building and turns past camera and goes off screen ⏎ Various perspectives would be great. Shallow depth of field - make it super dynamic, frantic, chaotic",01:13:39
CTD_AI_TSF_FireDeptRace01,104,Triangle Shirtwaist Factory,TSF,Sent to Cream,,Y,,,3,VO: ⏎ COMPANY 72 OF THE NEW YORK FIRE DEPARTMENT RACES TO THE SCENE IN HORSE-DRAWN BUGGIES.,"EXT. STREET OF NEW YORK CITY - DAY ⏎ March 1911. Fire brigade's horse drawn carriage races to burning building. ⏎ 3-4 CUs. Varying POVs. Camera at ground level. Two hitched horses, their legs, hooves and the wheels of the firewagon they pull rush past camera. Pls make shots super dynamic, frantic, chaotic. Shallow depth of field. Add camera movement.",01:13:41
CTD_AI_TSF_FireDeptRace02,104,Triangle Shirtwaist Factory,TSF,Sent to Cream,,,,,1,VO: ⏎ COMPANY 72 OF THE NEW YORK FIRE DEPARTMENT RACES TO THE SCENE IN HORSE-DRAWN BUGGIES.,"EXT. STREET OF NEW YORK CITY - DAY ⏎ March 1911. Fire brigade's horse drawn carriage races to burning building. ⏎ 3-4 CUs. Varying POVs. Fireman's gloved hand gripping reins of horses hitched to firewagon. E.g. OTS, low angle, side angle. ⏎ Super dynamic, frantic. Shallow depth of field. Add camera movement.",01:13:43
CTD_AI_TSF_FireEscapeCollapse A,104,Triangle Shirtwaist Factory,TSF,Sent to Cream,,,,21,1,"Fire Escape gives way sending workers to theory deaths below. ⏎ EXPERT: The excess weight of the fleeing workers causes it to collapse, and 20 of them fall a hundred feet to their deaths.","EXT. ASCH BUILDING - DAY ⏎ SHAKY POV, Following several female & male workers onto outside fire escape. ⏎ See reference photos",
CTD_AI_TSF_FireEscapeCollapse B,104,Triangle Shirtwaist Factory,TSF,Sent to Cream,,,,21,1,"Fire Escape gives way sending workers to theory deaths below. ⏎ EXPERT: The excess weight of the fleeing workers causes it to collapse, and 20 of them fall a hundred feet to their deaths.",EXT. ASCH BUILDING - DAY ⏎ CU STAIRS LEVEL- Women's shoes rush down stairs ⏎ See reference photos,
CTD_AI_TSF_FireEscapeCollapse C,104,Triangle Shirtwaist Factory,TSF,Sent to Cream,,,,21,4,"Fire Escape gives way sending workers to theory deaths below. ⏎ EXPERT: The excess weight of the fleeing workers causes it to collapse, and 20 of them fall a hundred feet to their deaths.","EXT. ASCH BUILDING - DAY ⏎ CU FIRE ESCAPE HOOKS ON SIDE OF BUILDING - Shakes, bolts come out and dislodges - Metal hooks fall to left out of frame",
CTD_AI_TSF_FireEscapeCollapse D,104,Triangle Shirtwaist Factory,TSF,In Progress,,Y,,21,0,"Fire Escape gives way sending workers to theory deaths below. ⏎ EXPERT: The excess weight of the fleeing workers causes it to collapse, and 20 of them fall a hundred feet to their deaths.","EXT. ASCH BUILDING - DAY ⏎ POV BIRDS EYE VIEW - Quickly Falling to ground below, with section of Fire Escape stairs crumpling/falling down slightly in front of camera.",
CTD_AI_TSF_FireSpreads01,104,Triangle Shirtwaist Factory,TSF,Sent to Cream,,Y,,,2,,"INT. ASCH BUILDING WORKSHOP - DAY ⏎ Fire is starting. NO PEOPLE IN FRAME (just makes it confusing why they're not reacting right away - so make framing very tight) ⏎ 4 ECUs. Varying POV. Camera at ground level. Ember landing on bit of cloth, which starts burning. If possible, give us this moment with varying bits of cloth/yarn in various locations on floor. ⏎ Shallow depth of field. ⏎ For ref of space/light see (ref pic) CTD_AI_TSF_GarmentWorkersD_20270713_1k",
CTD_AI_TSF_FireSpreads02,104,Triangle Shirtwaist Factory,TSF,Sent to Cream,,Y,,,3,,"INT. ASCH BUILDING WORKSHOP - DAY ⏎ Fire is starting. NO PEOPLE IN FRAME (just makes it confusing why they're not reacting right away - so make framing very tight) ⏎ 3 ECUs. Varying POV. Camera at ground level. Flame of burning cloth grows larger, spreading to nearby wicker basket. Smoke wafting up and spreading. ⏎ Shallow depth of field. ⏎ For ref of space/light see (ref pic) CTD_AI_TSF_GarmentWorkersD_20270713_1k",
CTD_AI_TSF_FireSpreads03,104,Triangle Shirtwaist Factory,TSF,Sent to Cream,,Y,,,3,,"INT. ASCH BUILDING WORKSHOP - DAY ⏎ Fire is starting. NO PEOPLE IN FRAME (just makes it confusing why they're not reacting right away - so make framing very tight) ⏎ 3 ECUs. Varying POV. Camera at ground level. Flame of burning cloth grows larger, spreading to wooden table leg basket. Smoke wafting up and spreading. ⏎ Shallow depth of field. ⏎ For ref of space/light see (ref pic) CTD_AI_TSF_GarmentWorkersD_20270713_1k",
CTD_AI_TSF_ForemanDousesFire A,104,Triangle Shirtwaist Factory,TSF,Sent to Cream,,,,8,3,"POV ⏎ Man tries to douse the fire with water but it just keeps growing. ⏎ EXPERT: The foreman tries to put it out with buckets of water. But he can’t stop it. The fire spreads quickly, igniting everything in its path.",INT. ASCH BUILDING 8TH FACTORY FLOOR - DAY ⏎ FRANTIC POV CU: Man's hands tries to douse the fire in bin under table with bucket of water but it does no good. (,
CTD_AI_TSF_ForemanDousesFire B,104,Triangle Shirtwaist Factory,TSF,Sent to Cream,,,,8,4,"POV ⏎ Man tries to douse the fire with water but it just keeps growing. ⏎ EXPERT: The foreman tries to put it out with buckets of water. But he can’t stop it. The fire spreads quickly, igniting everything in its path.",INT. ASCH BUILDING 8TH FACTORY FLOOR - DAY ⏎ CU SCRAPS BIN - Sparks land in bin igniting fabric,
CTD_AI_TSF_ForemanSeesFire 1,104,Triangle Shirtwaist Factory,TSF,Sent to Cream,,,,7,14,POV ⏎ The foreman sees a bin on fire ⏎ EXPERT: He rushes over and sees that a fire has broken out in a bin of cotton scraps kept under one of the worker’s tables.,"INT. ASCH BUILDING 8th FLOOR - DAY ⏎ CU MAN'S LEGS & SHOES: They turns left and quickly exits frame - Women workers in the BG turn around and stand up, startled by what they see OS. ⏎ 2-POV: Rushing over to workers table where a fire has broken out in a bin of cotton scraps kept under one of the worker’s tables.",
CTD_AI_TSF_ForemanSeesFire 2,104,Triangle Shirtwaist Factory,TSF,Sent to Cream,,,,7,1,POV ⏎ The foreman sees a bin on fire ⏎ EXPERT: He rushes over and sees that a fire has broken out in a bin of cotton scraps kept under one of the worker’s tables.,INT. ASCH BUILDING 8th FLOOR - DAY ⏎ POV: Rushing through Factory floor over to workers table where a fire has broken out in a bin of cotton scraps kept under one of the worker’s tables.,
CTD_AI_TSF_ForemanSeesFire 3,104,Triangle Shirtwaist Factory,TSF,Sent to Cream,,Y,,7,1,POV ⏎ The foreman sees a bin on fire ⏎ EXPERT: He rushes over and sees that a fire has broken out in a bin of cotton scraps kept under one of the worker’s tables.,INT. ASCH BUILDING 8th FLOOR - DAY ⏎ CU - Floor Level: Following legs & shoes of Foreman running down factory floor - Women working on either side OUT OF FOCUS,
CTD_AI_TSF_ForemanSeesFire 3,104,Triangle Shirtwaist Factory,TSF,PAUSE,,,,7,1,POV ⏎ The foreman sees a bin on fire ⏎ EXPERT: He rushes over and sees that a fire has broken out in a bin of cotton scraps kept under one of the worker’s tables.,"INT. ASCH BUILDING 8th FLOOR - DAY ⏎ CU - Bin with Cotton Scraps inside on fire. ⏎ (I know this could be a re-spin but couldn't find the clip to Respin) The Fire should be substantial the other CUs of the fire, it was too small)",
CTD_AI_TSF_ForemanTurns,104,Triangle Shirtwaist Factory,TSF,Sent to Cream,,,,6,2,"Man on factory floor turn around ⏎ EXPERT: At 4:40pm, as the workday is coming to an end, the factory foreman is on the 8th floor when he hears women screaming from the southeast corner.","INT. ASCH BUILDING 8th FLOOR - DAY ⏎ CU from Behind: Man's shoulder & head turns to left and exits frame (He hears screams) IN BG: We should see female workers turn, some of them standing up looking on in distress.",
CTD_AI_TSF_GarmentWorkers A,104,Triangle Shirtwaist Factory,TSF,Sent to Cream,,,,4,1,"Garment Workers at work ⏎ VO: ⏎ SATURDAY, MARCH 25TH, 1911, STARTS OUT LIKE ANY OTHER WORKDAY.","INT. ASCH BUILDING FACTORY FLOOR - DAY ⏎ WS DOLLY ALONG FLOOR: Busy workfloor: Women at tables sewing, moving bins of fabric etc..",
CTD_AI_TSF_GarmentWorkers B,104,Triangle Shirtwaist Factory,TSF,Sent to Cream,,,,4,1,"Garment Workers at work ⏎ VO: ⏎ SATURDAY, MARCH 25TH, 1911, STARTS OUT LIKE ANY OTHER WORKDAY.",INT. ASCH BUILDING FACTORY FLOOR - DAY ⏎ CU TABLE LEVEL Sewing Needle sticthing Shirtwaist together,
CTD_AI_TSF_GarmentWorkers C,104,Triangle Shirtwaist Factory,TSF,Sent to Cream,,,,4,1,"Garment Workers at work ⏎ VO: ⏎ SATURDAY, MARCH 25TH, 1911, STARTS OUT LIKE ANY OTHER WORKDAY.",INT. ASCH BUILDING FACTORY FLOOR - DAY ⏎ CU LOW ANGLE ON BIN: Discarded Fabric thrown in bins under table,
CTD_AI_TSF_GarmentWorkers D,104,Triangle Shirtwaist Factory,TSF,Sent to Cream,,,,4,12,"Garment Workers at work ⏎ Kiki Sanford ([17:41:37](https://www.rev.com/app/transcript/NmExNWQxYTQyMzg3NWI3OWI4NmQ2ZWMzdTZYNndVRlVaTFBO/o/VEMwNzEzNjU4NTcy?ts=8301.33)): ⏎ The employees are crammed together. // shoulder to shoulder around the sewing tables, working 11 to 12 hours a day, six days a week for // very little pay.","INT. ASCH BUILDING - DAY ⏎ CU - From Behind - Women’s shoulders crammed together, Busy, hard at work (No faces) ⏎ Can you provide Various angles? Lots of different shots to illustrate how cramped and busy they are? Such as: a CU of a worker's foot pressing on the pedal that works the sewing machine?",
CTD_AI_TSF_GarmentWorkers E,104,Triangle Shirtwaist Factory,TSF,Sent to Cream,,,,4,2,"Garment Workers at work ⏎ Kiki Sanford ([17:41:37](https://www.rev.com/app/transcript/NmExNWQxYTQyMzg3NWI3OWI4NmQ2ZWMzdTZYNndVRlVaTFBO/o/VEMwNzEzNjU4NTcy?ts=8301.33)): ⏎ The employees are crammed together. // shoulder to shoulder around the sewing tables, working 11 to 12 hours a day, six days a week for // very little pay.",INT. ASCH BUILDING - DAY ⏎ CU - Women’s hand adding a finished shirtwaist to a stack of Shirtwaists on a table.,
CTD_AI_TSF_GarmentWorkers F,104,Triangle Shirtwaist Factory,TSF,Sent to Cream,,,,4,2,"Garment Workers at work ⏎ Kiki Sanford ([17:41:37](https://www.rev.com/app/transcript/NmExNWQxYTQyMzg3NWI3OWI4NmQ2ZWMzdTZYNndVRlVaTFBO/o/VEMwNzEzNjU4NTcy?ts=8301.33)): ⏎ The employees are crammed together. // shoulder to shoulder around the sewing tables, working 11 to 12 hours a day, six days a week for // very little pay.",INT. ASCH BUILDING - DAY ⏎ CU - SLIGHT DOLLY: Women’s hand guiding a piece of fabric through sewing machine - OUT OF FOCUS in BG is a lit cigarette in an ashtray. Rack focus to cigarette in ashtray,
CTD_AI_TSF_InspectorOnPhone A,104,Triangle Shirtwaist Factory,TSF,Sent to Cream,,Y,,1,2,"Fire inspector dials an early 20th century phone. ⏎ EXPERT: In June 1909, a New York fire inspector tries to arrange a meeting with Blanck and Harris to discuss safety conditions in the factory.",INT. OFFICE - DAY ⏎ MS FROM BEHIND - NY Fire Inspector picks up phone.,
CTD_AI_TSF_InspectorOnPhone B,104,Triangle Shirtwaist Factory,TSF,Sent to Cream,,,,1,2,"Fire inspector dials an early 20th century phone. ⏎ EXPERT: In June 1909, a New York fire inspector tries to arrange a meeting with Blanck and Harris to discuss safety conditions in the factory.","INT. OFFICE - DAY ⏎ CU OVER THE SHOULDER OF Fire Inspector: Receiver to ear, speaking into it",
CTD_AI_TSF_OtherScrapBinsCatchFire01,104,Triangle Shirtwaist Factory,TSF,In Progress,,Y,,8,0,"EXPERT: The foreman tries to put it out with buckets of water. But he can’t stop it. The fire spreads quickly, igniting everything in its path.",INT. ASCH BUILDING 8TH FACTORY FLOOR - DAY ⏎ CU SCRAPS BIN - Sparks land in bin igniting fabric,
CTD_AI_TSF_OtherScrapBinsCatchFire02,104,Triangle Shirtwaist Factory,TSF,Sent to Cream,,,,8,9,"EXPERT: The foreman tries to put it out with buckets of water. But he can’t stop it. The fire spreads quickly, igniting everything in its path.",INT. ASCH BUILDING 8TH FACTORY FLOOR - DAY ⏎ CU - Fabric hanging above tables catches fire,
CTD_AI_TSF_OtherScrapBinsCatchFire03,104,Triangle Shirtwaist Factory,TSF,Sent to Cream,,,,8,4,Andrew Nelson ([12:13:29](https://www.rev.com/app/transcript/NmEwZTEwOTRmMjIzZjE5NDUzNjlkN2Q0MUFWTFZkN0tvdTZp/o/VEMwMTk3NTg0ODE2?ts=13580.67)): ⏎ can only take 12 people at a time and the fire escape and the stairwell are jammed with people trying to escape.,INT. ASCH BUILDING 8TH FACTORY FLOOR - DAY ⏎ CU - Wall of fire right in front of camera - Silhouettes of fleeing workers Out of focus in BG ⏎ Can you give us a few options of the fire?,
CTD_AI_TSF_ShepherdLookingUp,104,Triangle Shirtwaist Factory,TSF,Sent to Cream,,,,19,1,crowd zeroes in on Shepherd looking up to see girl waving. ⏎ EXPERT: One of the people in the crowd is newspaper reporter William Shepherd. He watches in total horror as women and girls frantically waive their arms out the windows pleading for help.,"EXT. ASCH BUILDING - DAY ⏎ POV FROM GROUND - On the 9th Floor, Frightened female workers waving from windows on 9th floor, screaming for help! Smoke billowing out of windows behind them",
CTD_AI_TSF_SmoulderingBuilding01,104,Triangle Shirtwaist Factory,TSF,Sent to Cream,,,,22,8,"Kate Biberdorf ([18:32:](https://www.rev.com/app/transcript/NmEwZTMwMDcwZWNlYzNkZDk1MDNhNjE0TThCYWp0ZGsxUEVk/o/VEMwMTk3NDYzMzkx?ts=10382.64)05): By the time the firefighters are finally able to put out the fire, ⏎ Kate Biberdorf ([18:32:](https://www.rev.com/app/transcript/NmEwZTMwMDcwZWNlYzNkZDk1MDNhNjE0TThCYWp0ZGsxUEVk/o/VEMwMTk3NDYzMzkx?ts=10401.8)25): ⏎ 146 workers lay dead. Most of them young women.","EXT. ASCH BUILDING - DAY ⏎ March 1911. AFTER FIRE IS OUT, building still smoldering ⏎ 3 WS. Varying POVs from street - looking up at blackened, smoldering Asch Building. ⏎ Blackened windows on the 8-10th floors, small amount of smoke still slightly emanating out, windows broken, soot on brick. ⏎ Add camera movement.",01:15:33
CTD_AI_TSF_Stampede,104,Triangle Shirtwaist Factory,TSF,Sent to Cream,,,,11,3,Stampede of workers clambering for an exit. ⏎ EXPERT: There are around 200 workers on the 8th floor and they’re all desperate to find a way out.,"INT. ASCH BUILDING 8th FLOOR - DAY ⏎ SHAKY POV Stampede of panicked female workers clambering, looking around for an exit.",
CTD_AI_TSF_Stampede 2,104,Triangle Shirtwaist Factory,TSF,Sent to Cream,,,,11,1,Kate Biberdorf ([18:23:04](https://www.rev.com/app/transcript/NmEwZTMwMDcwZWNlYzNkZDk1MDNhNjE0TThCYWp0ZGsxUEVk/o/VEMwMTk3NDYzMzkx?ts=10274.84)): ⏎ Workers // still trapped inside the building suffering **ARE** from smoke inhalation and several of them are crushed to death just trying to find a way out.,INT. ASCH BUILDING (FACTORY 9TH FLOOR) - DAY ⏎ MS: Smoke in FG: A flurry of workers' silhouettes (Out of focus - Shoulders and upper 1/2 of bodies only)quickly moving past camera - Bins on fire in Bin - IN FOCUS ⏎ Can you give a few different options for this?,
CTD_AI_TSF_Stampede 3,104,Triangle Shirtwaist Factory,TSF,Sent to Cream,,,,11,2,Stampede of workers clambering for an exit. ⏎ EXPERT: There are around 200 workers on the 8th floor and they’re all desperate to find a way out.,"INT. ASCH BUILDING (FACTORY FLOOR) - DAY ⏎ CU - SEWING MACHINE. In bg, OUT OF FOCUS Women running",
CTD_AI_TSF_Stampede 4,104,Triangle Shirtwaist Factory,TSF,Sent to Cream,,,,11,1,"Hakeem Oluseyi ([11:42:21](https://www.rev.com/app/transcript/NmExNjEwZDM0NTY3ZGQ5MmNkYjFkN2ZmWEZvb3pKMFpxak1Y/o/VEMwMjM2MjY5Nzgw?ts=9835.63)): ⏎ The situation is spiralling out of control and what's even more alarming [11:42:26] is that the fire department still hasn't been notified. In all the chaos, nobody thinks to call them.",INT. ASCH BUILDING (FACTORY 8TH FLOOR) - DAY ⏎ CU - Antique Phone in foreground - Female Workers panicking and filing out in BG (OUT OF FOCUS),
CTD_AI_TSF_Stampede01,104,Triangle Shirtwaist Factory,TSF,Sent to Cream,,,,,8,PAUL SUTTER: The lights go out and it's pure chaos,"INT. RESTAURANT, NIGHT ⏎ CTD_AI_CCS_Stampede01: CU of elegant overhead light fixture flickering before going dark.",
CTD_AI_TSF_Stampede02,104,Triangle Shirtwaist Factory,TSF,Sent to Cream,SM,,,,9,PAUL SUTTER: The lights go out and it's pure chaos,"INT. RESTAURANT, NIGHT ⏎ CTD_AI_CCS_Stampede02: CU of utility emergency lighting turning on.",
CTD_AI_TSF_WShepardTypes,104,Triangle Shirtwaist Factory,TSF,Sent to Cream,,,,16,2,Lance Geiger ([16:53:48](https://www.rev.com/app/transcript/NmExNjE0NGQ0NTY3ZGQ5MmNkYjFkYTY2Rm9KdjlZOE5WQkw4/o/VEMwMTg1MjAyOTE0?ts=7653.53)): ⏎ William Shepherd writes a now famous article detailing the horrors that he witnessed that day.,INT. HOUSE DEN- DAY - CTD_AI_TSF_WShepardTypes ⏎ ECU - Desk Level: Middle age Man’s fingers type on old Typewriter,
CTD_AI_TSF_WaterOnFlames01,104,Triangle Shirtwaist Factory,TSF,Sent to Cream,,Y,,,1,,"INT. ASCH BUILDING WORKSHOP - DAY ⏎ 3 ECUs. Varying POV. Bucket of water being tossed at wooden box with cloth scraps. There's lots of smoke, but fire continues burning. ⏎ Shallow depth of field. Add some camera movement. ⏎ Include at least one shot where fire is in fg, water is being tossed right at camera. ⏎ See CTD_AI_TSF_ForemanDousesFire_20260608_1A for wooden box.",
CTD_AI_TSF_WomanOnLedge 1,104,Triangle Shirtwaist Factory,TSF,Sent to Cream,,,,22,1,POV ⏎ Firefighters looking up in distress ⏎ Woman walks on windows ledge ⏎ EXPERT: Everyone watches as dozens of frightened workers come out onto the building’s window ledges.,EXT. ASCH BUILDING - DAY ⏎ HANDHELD MS FROM BEHIND: Firefighters looking up in distress,
CTD_AI_TSF_WomanOnLedge 2,104,Triangle Shirtwaist Factory,TSF,Sent to Cream,,,,22,3,POV ⏎ Firefighters looking up in distress ⏎ Woman walks on windows ledge ⏎ EXPERT: Everyone watches as dozens of frightened workers come out onto the building’s window ledges.,"EXT. ASCH BUILDING - DAY ⏎ HANDHELD MS POV looking up: Frightened Women crawling on window ledges - Smoke billowing out of window behind them ⏎ *Note: Can you give me different angles, CU's of knees and hands on ledges?",
CTD_AI_TSF_WomanOnLedge 3,104,Triangle Shirtwaist Factory,TSF,Sent to Cream,,,,22,6,POV ⏎ Firefighters looking up in distress ⏎ Woman walks on windows ledge ⏎ EXPERT: Everyone watches as dozens of frightened workers come out onto the building’s window ledges.,EXT. ASCH BUILDING 9th Floor- DAY ⏎ CU FROM OUTSIDE BUILDING - WINDOW ⏎ Women's hands lift/open up window to begin to pull herself out onto the ledge. ⏎ - Fire and smoke seen out of focus inside,
CTD_AI_TSF_WomanOnLedge 4,104,Triangle Shirtwaist Factory,TSF,Sent to Cream,,,,22,0,POV ⏎ Firefighters looking up in distress ⏎ Woman walks on windows ledge ⏎ EXPERT: Everyone watches as dozens of frightened workers come out onto the building’s window ledges.,"EXT. ASCH BUILDING 9th Floor- DAY ⏎ CU FROM OUTSIDE BUILDING - WINDOW ⏎ CU - Worker on window ledge’s POV, her boot in the foreground and out of focus street below.",IRC: ⏎ 14:47
CTD_AI_TSF_WomenInStairwell,104,Triangle Shirtwaist Factory,TSF,Sent to Cream,,,,12,4,"The Women go down the stairwell as smoke builds behind them. ⏎ EXPERT: They choose the closest option—the unlocked stairwell—hoping it’ll lead them to safety. Fortunately, for most of them, it does.",INT. ASCH BUILDING STAIRWELL - DAY ⏎ BIRDS EYE VIEW: Women rush down the stairwell as smoke comes out behind them.,
CTD_AI_TSF_WorkersCoughing 1,104,Triangle Shirtwaist Factory,TSF,Sent to Cream,,,,20,2,"Female workers coughing from the smoke. ⏎ EXPERT: Workers still trapped inside the building are suffering from smoke inhalation. And many of them are crushed to death trying to reach the stairwell, elevators, or fire escape.",INT. BUILDING - DAY ⏎ EXTREME CU: Female workers mouths coughing from the smoke.,
CTD_AI_TSF_WorkersCoughing 2,104,Triangle Shirtwaist Factory,TSF,Sent to Cream,,,,20,2,"Female workers coughing from the smoke. ⏎ EXPERT: Workers still trapped inside the building are suffering from smoke inhalation. And many of them are crushed to death trying to reach the stairwell, elevators, or fire escape.","INT. FACTORY FLOOR - DAY ⏎ WS BIRDS EYE VIEW: Rushing women fall on top of each other trying to reach the stairwell, elevators, or fire escape.",
CTD_AI_TSF_WorkersCoughing 3,104,Triangle Shirtwaist Factory,TSF,Sent to Cream,,,,20,3,"Female workers coughing from the smoke. ⏎ EXPERT: Workers still trapped inside the building are suffering from smoke inhalation. And many of them are crushed to death trying to reach the stairwell, elevators, or fire escape.",INT. FACTORY FLOOR- DAY ⏎ CU GROUND LEVEL- Women legs falling forward on top of other women's legs,
CTD_AI_TSF_WorkersCoughing 4,104,Triangle Shirtwaist Factory,TSF,Sent to Cream,,,,20,0,"Female workers coughing from the smoke. ⏎ EXPERT: Workers still trapped inside the building are suffering from smoke inhalation. And many of them are crushed to death trying to reach the stairwell, elevators, or fire escape.","INT. FACTORY FLOOR- DAY ⏎ CU GROUND LEVEL- Female workers arms fall on the floor into frame, followed by another woman's set of arms.",
CTD_AI_TSF_WorkersCoughing 5,104,Triangle Shirtwaist Factory,TSF,PAUSE,,,,20,3,"Female workers coughing from the smoke. ⏎ EXPERT: Workers still trapped inside the building are suffering from smoke inhalation. And many of them are crushed to death trying to reach the stairwell, elevators, or fire escape.","INT. FACTORY FLOOR- DAY ⏎ CUs of women’s hands holding cloths over their mouths, trying to navigate through thick grey black smoke; NO FULL FACES VISIBLE",IRC: ⏎ TC 02:14:05
CTD_AI_TSF_WorkersCoughing 6,104,Triangle Shirtwaist Factory,TSF,PAUSE,,,,20,1,"Female workers coughing from the smoke. ⏎ EXPERT: Workers still trapped inside the building are suffering from smoke inhalation. And many of them are crushed to death trying to reach the stairwell, elevators, or fire escape.","INT. FACTORY FLOOR- DAY ⏎ Close up/ tracking shot, from behind of women’s hands waving the air, attempting fan the smoke away as they rush toward the exit.",IRC: ⏎ TC 02:14:05
CTD_AI_TSF_WorkersJammed 1,104,Triangle Shirtwaist Factory,TSF,Sent to Cream,,,,14,2,Panicked workers jam the stairwell and fire escape ⏎ EXPERT: The elevator can only take a dozen people down at a time. And the stairwell and fire escape are jammed with people clamoring to get out.,INT. ELEVATOR - DAY ⏎ POV Following behind Running women into elevator,
CTD_AI_TSF_WorkersJammed 2,104,Triangle Shirtwaist Factory,TSF,Sent to Cream,,,,14,2,Panicked workers jam the stairwell and fire escape ⏎ EXPERT: The elevator can only take a dozen people down at a time. And the stairwell and fire escape are jammed with people clamoring to get out.,INT. ELEVATOR - DAY ⏎ CU FLOOR LEVEL- Crammed Women's Legs & feet in elevator. Cage door closes,
CTD_AI_TSF_WorkersJammed 3,104,Triangle Shirtwaist Factory,TSF,Sent to Cream,,,,14,1,Panicked workers jam the stairwell and fire escape ⏎ EXPERT: The elevator can only take a dozen people down at a time. And the stairwell and fire escape are jammed with people clamoring to get out.,"INT. FACTORY FLOOR - DAY ⏎ CU shots of women legs & shoes scrambling to Fire escape? ⏎ Can you provide different angles, options?",
CTD_AI_TSF_WorkersJammed 4,104,Triangle Shirtwaist Factory,TSF,PAUSE,,,,14,0,Panicked workers jam the stairwell and fire escape ⏎ EXPERT: The elevator can only take a dozen people down at a time. And the stairwell and fire escape are jammed with people clamoring to get out.,"INT. FACTORY FLOOR - DAY ⏎ CU shots of women legs & shoes scrambling to Elevator? ⏎ Can you provide different angles, options?",
CTD_AI_TSF_WorkersPanic 1,104,Triangle Shirtwaist Factory,TSF,Sent to Cream,,,,13,2,"Smoke from the stairwell fills the factory floor, sending workers into a panic. ⏎ VO: ⏎ ONLY WHEN SMOKE STARTS COMING FROM THE STAIRWELL, DO THEY LEARN THAT THERE’S A FIRE. BUT BY NOW, THERE ARE FEW OPTIONS LEFT.","INT. BUILDING 9th FLOOR - DAY ⏎ POV - Panicking looking around as Smoke fills factory floor, sending workers running panic.",
CTD_AI_TSF_WorkersPanic 2,104,Triangle Shirtwaist Factory,TSF,Sent to Cream,,,,13,1,"Smoke from the stairwell fills the factory floor, sending workers into a panic. ⏎ VO: ⏎ ONLY WHEN SMOKE STARTS COMING FROM THE STAIRWELL, DO THEY LEARN THAT THERE’S A FIRE. BUT BY NOW, THERE ARE FEW OPTIONS LEFT.",INT. BUILDING 9th FLOOR - DAY ⏎ MS- Smoke emanating out from Stairwell,
CTD_AI_TSF_WorkersPanic 3,104,Triangle Shirtwaist Factory,TSF,Sent to Cream,,,,13,0,"Smoke from the stairwell fills the factory floor, sending workers into a panic. ⏎ VO: ⏎ ONLY WHEN SMOKE STARTS COMING FROM THE STAIRWELL, DO THEY LEARN THAT THERE’S A FIRE. BUT BY NOW, THERE ARE FEW OPTIONS LEFT.",INT. BUILDING 9th FLOOR - DAY ⏎ Side View CU of 9th Floor stairwell door - Smoke emanating out ⏎ *Can you do different angles of this incorporating some of the other two shots - Workerspanic A & B?,
CTD_AI_TSF_WorkersRun A,104,Triangle Shirtwaist Factory,TSF,Sent to Cream,,,,16,3,"Phone in foreground as workers run in the BG ⏎ EXPERT: In the chaos, no one thought to call them. They don’t find out until a person outside sees the smoke and flames yells, _“FIRE!”_",INT. BUILDING - DAY ⏎ CU DOLLY AROUND Old Phone in foreground as female workers run in the BG out of focus,
CTD_AI_TSF_WorkersRun B,104,Triangle Shirtwaist Factory,TSF,Sent to Cream,,,,16,2,"Phone in foreground as workers run in the BG ⏎ EXPERT: In the chaos, no one thought to call them. They don’t find out until a person outside sees the smoke and flames yells, _“FIRE!”_","EXT. STREET- DAY ⏎ CU- Man's shoulder comes into frame, stops and looks up startled",
CTD_AI_FMF_FleeInVehicles01,105,Fort McMurray Forest Fire,FMF,Not started,,,,,0,EXPERT: Thousands of people don’t even have time to pack anything. They just jump in their vehicles and try to outrun the blaze.,"INT-EXT - SUBURBAN HOUSE TO STREET. MID AFTERNOON ⏎ weather: sunny orange smoke-filled sky ⏎ 2-3 MS. Various POV. shaky, handheld over the shoulder shots. Camera tracks behind a couple in their 30s wearing casual attire- hoodies and t-shirts- racing out to of their front door towards their blue 2000s-era mini-van on the front driveway. Should feel scary and chaotic. See ref from Killer for color palette.",
CTD_AI_FMF_FleeInVehicles02,105,Fort McMurray Forest Fire,FMF,Not started,,,,,0,EXPERT: Thousands of people don’t even have time to pack anything. They just jump in their vehicles and try to outrun the blaze.,EXT.SUBURBAN STREET. MID AFTERNOON ⏎ weather: sunny orange smoke-filled sky ⏎ 2-3 CU of varying POV on a man's hand (matching man from 01) opening the door to a blue 2000s-era mini-van on the front driveway. Should feel scary and chaotic. See ref from Killer for color palette.,"I would suggest adding a few more CU that suggest the thousands of people. ⏎ CU, ground floor, kids legs jumping into car, followed by dog on leash? etc ⏎ There are too many WS here that won't get the general panic and ""thousands"" across. ⏎ Also, do we have any archival for this section? ⏎ ADDED MORE SHOTS. YES, WE HAVE ARCHIVE OF EVACUATION. TRAFFIC COPS ETC"
CTD_AI_FMF_FleeInVehicles03,105,Fort McMurray Forest Fire,FMF,Not started,,,,,0,EXPERT: Thousands of people don’t even have time to pack anything. They just jump in their vehicles and try to outrun the blaze.,"EXT. SUBURBAN STREET. MID AFTERNOON ⏎ weather: sunny orange smoke-filled sky ⏎ 2-3 WS of varying POV, handheld aimed directly down the middle of a a suburban street (same as the street in 01) where we see the blue mini-van (same as the one in 01) back out quickly from its driveway We see an orange smoke-filled sky behind the neighbourhood houses",
CTD_AI_FMF_FleeInVehicles04,105,Fort McMurray Forest Fire,FMF,Not started,,,,,0,EXPERT: Thousands of people don’t even have time to pack anything. They just jump in their vehicles and try to outrun the blaze.,EXT. SUBURBAN STREET. MID AFTERNOON ⏎ weather: sunny orange smoke-filled sky ⏎ 2-3 MS of varying POV of the back bumper of a 2000s-era sedan backing out of its suburban home driveway. Should match lighting an general environment of FleeInVehicles 01-03,
CTD_AI_FMF_FleeInVehicles05,105,Fort McMurray Forest Fire,FMF,Not started,,,,,0,EXPERT: Thousands of people don’t even have time to pack anything. They just jump in their vehicles and try to outrun the blaze.,EXT. SUBURBAN STREET. MID AFTERNOON ⏎ weather: sunny orange smoke-filled sky ⏎ 2-3 MS of varying POV of the taillights of a 2000s era pick-up truck as it backs out of its suburban home driveway. Should match lighting an general environment of FleeInVehicles 01-03,
CTD_AI_FMF_FleeInVehicles06,105,Fort McMurray Forest Fire,FMF,Not started,,,,,0,EXPERT: Thousands of people don’t even have time to pack anything. They just jump in their vehicles and try to outrun the blaze.,INT. CAR. SUBURBAN STREET. RESIDENTIAL DRIVEWAY. MID AFTERNOON ⏎ weather: sunny orange smoke-filled sky. ⏎ Should match lighting an general environment of FleeInVehicles 01-03 ⏎ 2-3 ECU of varying POV of a pair of male hands turns the ingition on with the car keys ⏎ should feel rushed. panicked. high tension.,
CTD_AI_FMF_FleeInVehicles06,105,Fort McMurray Forest Fire,FMF,Not started,,,,,0,EXPERT: Thousands of people don’t even have time to pack anything. They just jump in their vehicles and try to outrun the blaze.,INT. PICK-UP TRUCK. SUBURBAN STREET.AFTERNOON. ⏎ weather: sunny orange smoke-filled sky ⏎ Interior of truck is lit only by the orange tinged daylight from outside of the track. ⏎ Shaky CU on a pair of hands clutching the steering wheel of a pick-up truck. Soft focus through the window are suburban houses rapidly going by. Should feel frantic and panicked.,Where is this pick-up truck? The highway? Suburbs? ⏎ ADDED SUBURBAN STREET AND REF PICS.
CTD_AI_FMF_FleeInVehicles07,105,Fort McMurray Forest Fire,FMF,Not started,,,,,0,EXPERT: Thousands of people don’t even have time to pack anything. They just jump in their vehicles and try to outrun the blaze.,"EXT. SUBURBAN STREET. MID AFTERNOON ⏎ weather: sunny orange smoke-filled sky ⏎ 2-3 MS of varying POV, handheld we see the blue mini van, sedan and pick-up truck from 02, 03 and 04 - all of them rushing out of their driveways and on to the suburban road.",
CTD_AI_FMF_FleeInVehicles08,105,Fort McMurray Forest Fire,FMF,Not started,,,,,0,EXPERT: Thousands of people don’t even have time to pack anything. They just jump in their vehicles and try to outrun the blaze.,"EXT. SUBURBAN STREET. RESIDENTIAL DRIVEWAY. MID AFTERNOON ⏎ weather: sunny orange smoke-filled sky ⏎ Should match lighting an general environment of FleeInVehicles 01-03 ⏎ 2-3 MS of varying POV, handheld ⏎ a golden retriever is lead by a leash jumps into the front seat of a 2010 pick-up truck. Should feel panicked and rushed. Tension.",
CTD_AI_FMF_FleeInVehicles09,105,Fort McMurray Forest Fire,FMF,Not started,,,,,0,EXPERT: Thousands of people don’t even have time to pack anything. They just jump in their vehicles and try to outrun the blaze.,"EXT. SUBURBAN STREET. RESIDENTIAL DRIVEWAY. MID AFTERNOON ⏎ weather: sunny orange smoke-filled sky ⏎ Should match lighting an general environment of FleeInVehicles 01-03 ⏎ 2-3 MS of varying POV, handheld. ⏎ 8-year old boy carrying stuffed animal is hurriedly bucked into a child's seat in the back seat of a minivan. NO FACES. ⏎ Should feel panicked and rushed. Tension.",
CTD_AI_FMF_FleeInVehicles10,105,Fort McMurray Forest Fire,FMF,Not started,,,,,0,EXPERT: Thousands of people don’t even have time to pack anything. They just jump in their vehicles and try to outrun the blaze.,"EXT. SUBURBAN STREET. RESIDENTIAL DRIVEWAY. MID AFTERNOON ⏎ weather: sunny orange smoke-filled sky ⏎ Should match lighting an general environment of FleeInVehicles 01-03 ⏎ 2-3 MS of varying POV, handheld ⏎ Should feel panicked and rushed. Tension.",
CTD_AI_FMF_GrowingFire01,105,Fort McMurray Forest Fire,FMF,First request,,,,,0,"EXPERT: The crew gives it their all, but within two hours this small fire has now ballooned to 150 acres…and it’s heading toward the city.",EXT - BOREAL FOREST. AFTERNOON ⏎ WEATHER: sunny orange smoke-filled sky ⏎ 2-3 Aerial WS. Camera flying about 50ft above forest. About 1 acre of forest burning BUT fire is expanding. ⏎ Flames give a warm orange glow to the surrounding pine trees. Smoke rising to sky. Engulfing camera.,
CTD_AI_FMF_GrowingFire02,105,Fort McMurray Forest Fire,FMF,First request,,,,,0,"EXPERT: The crew gives it their all, but within two hours this small fire has now ballooned to 150 acres…and it’s heading toward the city.",EXT - BOREAL FOREST. AFTERNOON ⏎ WEATHER: ⏎ 2-3 Aerial WS. Various POV. Camera flying through smoke about 5ft above forest. About 1 acre of forest burning BUT fire is expanding. ⏎ Camera tracks along tree tops as flames jump from one group of trees to another. Flames shooting up at camera.,
CTD_AI_FMF_GrowingFire03,105,Fort McMurray Forest Fire,FMF,First request,,,,,0,"EXPERT: The crew gives it their all, but within two hours this small fire has now ballooned to 150 acres…and it’s heading toward the city.","EXT-BOREAL FOREST. FORT MCMURRAY. AFTERNOON ⏎ Location: forest floor of Boreal forest ⏎ 4 CU. Various POV. Camera tracks fire spreading quickly to untouched pine tree in fg. In bg, flames rage out of focus.",
CTD_AI_FMF_GrowingFire03,105,Fort McMurray Forest Fire,FMF,First request,,,,,0,"EXPERT: The crew gives it their all, but within two hours this small fire has now ballooned to 150 acres…and it’s heading toward the city.",EXT - BOREAL FOREST. FORT MCMURRAY. AFTERNOON ⏎ Location: Boreal forest ⏎ 2-3 Aerial MS. Various POV. Camera rising above burning pine trees of Boreal forest to reveal the town of Fort McMurray sitting about 50 km away from dozens of acres of burning forest. Gray smoke from the fire slightly obscures our view as the camera rises 12 feet above the burning forest below in order to see the city in the distance.,
CTD_AI_FMF_GrowingFire03 copy,105,Fort McMurray Forest Fire,FMF,Not started,,,,,0,"EXPERT: The crew gives it their all, but within two hours this small fire has now ballooned to 150 acres…and it’s heading toward the city.","E XT-BOREAL FOREST. FORT MCMURRAY. AFTERNOON ⏎ Location: forest floor of Boreal forest ⏎ 2-3 POV shots on the smoky forest floor of half an acre of untouched pine trees within the forest floor as flames in the background quickly rage into the foreground, setting the trees in the foreground alight. THEN, as the flames approach we see various birds, a crow, a great horned owl and a common redpoll flying out of the nearby trees and out of frame. The flames give the environment a warm orange glow.",two descriptions here? ⏎ FIXED
CTD_AI_FMF_Helicopter01,105,Fort McMurray Forest Fire,FMF,First request,,,,,0,"VO: ⏎ ON SUNDAY, MAY 1ST, AROUND 4PM, A HELICOPTER FORESTRY CREW IS OUT ON PATROL WHEN THEY SPOT A SMALL FIRE BURNING ABOUT 10 MILES SOUTHWEST OF TOWN.","EXT - HELICOPTER. LATE AFTERNOON ⏎ Weather: sun shining through overcast skies ⏎ Location: 150 feet above Boreal forest near Fort McMurray ⏎ 2-3 MCU. Various POV. Focus on various parts of yellow helicopter as it flies above Boreal forest near Fort McMurray. Rack focus from helicopter to reveal one acre of forest smoking below it. ⏎ If rack focus too hard, just reveal smoke from behind helicopter",
CTD_AI_FMF_Helicopter02,105,Fort McMurray Forest Fire,FMF,First request,,,,,0,"VO: ⏎ ON SUNDAY, MAY 1ST, AROUND 4PM, A HELICOPTER FORESTRY CREW IS OUT ON PATROL WHEN THEY SPOT A SMALL FIRE BURNING ABOUT 10 MILES SOUTHWEST OF TOWN.","INT - HELICOPTER COCKPIT. LATE AFTERNOON ⏎ Weather: sun shining through overcast skies ⏎ Inside darkened interior of yellow helicopter, lit by daylight from windows (see ref from The Killer), helicopter 150 feet above forest (as in 01). Pilots wear green jumpsuit, white helicopter pilot helmet. NO FACES ⏎ 3-4 CUs. Various POV. E.g. over the shoulder of right- seated helicopter pilot. Through right front window, there is a view of an acre of the Boreal Forest on fire, smoke rising into the sky.",
CTD_AI_FMF_Helicopter03,105,Fort McMurray Forest Fire,FMF,First request,,,,,0,"VO: ⏎ ON SUNDAY, MAY 1ST, AROUND 4PM, A HELICOPTER FORESTRY CREW IS OUT ON PATROL WHEN THEY SPOT A SMALL FIRE BURNING ABOUT 10 MILES SOUTHWEST OF TOWN.","INT - HELICOPTER COCKPIT. LATE AFTERNOON ⏎ Weather: sun shining through overcast skies ⏎ Inside darkened interior of helicopter, lit by daylight from windows (see ref from The Killer), yellow helicopter 150 above forest. Pilots wear green jumpsuit, white helicopter pilot helmet. NO FACES ⏎ 2-3 MCU. Various POV. E.g. over shoulder of helicopter pilots, we see an acre of forest that's on fire through front window of helicopter, as plume of smoke stretches to the sky in front of the helicopter.",
CTD_AI_FMF_Helicopter04,105,Fort McMurray Forest Fire,FMF,First request,,,,,0,"VO: ⏎ ON SUNDAY, MAY 1ST, AROUND 4PM, A HELICOPTER FORESTRY CREW IS OUT ON PATROL WHEN THEY SPOT A SMALL FIRE BURNING ABOUT 10 MILES SOUTHWEST OF TOWN.","INT - HELICOPTER COCKPIT. LATE AFTERNOON ⏎ Weather: sun shining through overcast skies ⏎ Inside darkened interior of helicopter, lit by daylight from windows (see ref from The Killer), yellow helicopter 150 feet above forest (as in 01). Pilots wear green jumpsuit, white helicopter pilot helmet. NO FACES ⏎ 3-4 CUs. Various POV. Helicopter veers right to fly closer the forest fire.",
CTD_AI_FMF_Helicopter05,105,Fort McMurray Forest Fire,FMF,First request,,,,,0,"EXPERT: When they find it, the fire has burned about two acres, which is roughly the size of a soccer field. The fire crew in the helicopter immediately starts trying to put it out.","EXT - BOREAL FOREST. AFTERNOON ⏎ Location: sky above Boreal forest near Fort McMurray ⏎ 2-3 CU. Various POV. Bottom legs of yellow helicopter (see first ref pics but disregard the water bucket, ""our"" helicopter has water tank, see second ref pic) flying over an acre of burning Boreal forest before racking focus and smash zooming into MS of burning trees below. ⏎ Helicopter needs to match CTD_AI_FMF_Helicopter01-03",
CTD_AI_FMF_HelicopterDousing01,105,Fort McMurray Forest Fire,FMF,First request,,,,,0,"EXPERT: When they find it, the fire has burned about two acres, which is roughly the size of a soccer field. The fire crew in the helicopter immediately starts trying to put it out.","EXT-BOREAL FOREST. FORT MCMURRAY. AFTERNOON ⏎ Location: sky above Boreal forest near Fort McMurray ⏎ 2-3 CU. Various POV. bottom of yellow helicopter flying through a smoke-filled sky. Belly mounted carbon fiberglass tank (see ref pic) has orange glow from the flames as it releases 245 gallons of water, splashing right at camera. ⏎ Helicopter needs to match CTD_AI_FMF_Helicopter01-03",
CTD_AI_FMF_HelicopterDousing02,105,Fort McMurray Forest Fire,FMF,First request,,,,,0,"EXPERT: When they find it, the fire has burned about two acres, which is roughly the size of a soccer field. The fire crew in the helicopter immediately starts trying to put it out.",EXT-BOREAL FOREST. FORT MCMURRAY. AFTERNOON ⏎ Location: sky above Boreal forest near Fort McMurray ⏎ 2-3 MS. Various POV. Yellow helicopter flying through a plume of gray smoke as belly mounted carbon fiberglass tank releases 245 gallons of water. At the bottom of the frame we see the tips of the acre-wide flames. ⏎ Helicopter needs to match CTD_AI_FMF_Helicopter01-03,
CTD_AI_FMF_HighwayEscape,105,Fort McMurray Forest Fire,FMF,Not started,,,,,0,EXPERT: Thousands of people don’t even have time to pack anything. They just jump in their vehicles and try to outrun the blaze.,"EXT - HIGHWAY. LATE AFTERNOON ⏎ weather: sunny orange smoke filled sky ⏎ 2-3 MS dollying from the appraoching fire on the horizon in the background. Frame lands on highway in the fg. Highway is full of traffic moving towards the camera. Cars and trucks and some semi trucks, framed by burning forest on either side crawl slowly towards camera.","Here it would really help to set the scene first before you describe what's in the shot. Describe the general environment with a few choice words - see VDD MicaelaInBed, LightsOut ⏎ Also, I would suggest separating the highway from the suburban streets with its own shotcode"
CTD_AI_FMF_Jogger01,105,Fort McMurray Forest Fire,FMF,First request,,,,,0,"Sami Jarroush ⏎ There's a local teacher and a football coach named Kwame Osei who takes a look in the morning, notices that the air is a bit more clear and he thinks, okay, it's good enough for me to go on my morning run.","INT - HOUSE. SUBURBAN STREET. LATE AFTERNOON ⏎ Weather: blue sky with haze ⏎ 2-3 ECU. POV bottom corner of front door to suburban home as it opens, in fg in focus, a man's leg steps through frame wearing dark sweatpants and running shoes. Out of focus in bg we can see houses from a suburban neighbourhood. Door closes",
CTD_AI_FMF_Jogger02,105,Fort McMurray Forest Fire,FMF,Not started,,,,,0,"Sami Jarroush ⏎ There's a local teacher and a football coach named Kwame Osei who takes a look in the morning, notices that the air is a bit more clear and he thinks, okay, it's good enough for me to go on my morning run.",EXT. HOUSE. SUBURBAN STREET. CAR WINDOW. LATE AFTERNOON ⏎ Weather: blue sky with haze ⏎ 2-3 MS of varying POV. we see the side of a parked car as jogger quickly passes throiugh frame.,Too complicated :) reflections and shadows are very hard for AI ⏎ REVISED CREATIVE AND REF PIC
CTD_AI_FMF_Jogger03,105,Fort McMurray Forest Fire,FMF,Not started,,,,,0,"Sami Jarroush ⏎ There's a local teacher and a football coach named Kwame Osei who takes a look in the morning, notices that the air is a bit more clear and he thinks, okay, it's good enough for me to go on my morning run.",EXT. HOUSE. SUBURBAN STREET.LATE AFTERNOON ⏎ Weather: blue sky with haze ⏎ 2-3 MS. POV of runner jogging through neighbourhood. WS of horizon where we see Blue sky with haze behind a row of 2-3 suburban homes.,We can try this but it's probably hard for the AI to get right and not look cartoonish or first person shooter. ⏎ COPY THAT
CTD_AI_FMF_NormalDay01,105,Fort McMurray Forest Fire,FMF,Not started,,,,,0,"Paul Sutter ⏎ Like a lot of locals, this isn't his first fire. He's seen this before and he plans to just go about his normal day.","EXT. SUBURBAN STREET.LATE AFTERNOON ⏎ Weather: blue sky with haze. NOM PLUME> ⏎ 2-3 CU. Various POV. Incl tracking shot following pair of running shoes (same as in CTD_AI_FMF_Jogger) (from side, from behind) as they jog in the middle of a suburban street. Shoes in focus, road ahead/ surrounding suburban homes out of focus","Add suburban street reference here. ⏎ I would suggest a NO PLUME warning in description of shot at top, right after Weather"
CTD_AI_FMF_NormalDay02,105,Fort McMurray Forest Fire,FMF,Not started,,,,,0,"Paul Sutter ⏎ Like a lot of locals, this isn't his first fire. He's seen this before and he plans to just go about his normal day.","EXT. SUBURBAN STREET.LATE AFTERNOON ⏎ Weather: blue sky with haze with large plume in bg ⏎ 2-3 MS. Various POV. behind head of black man (grey hoodie, black sweat pants, jogging down street (matching 01). In bg, blue sky with haze behind a row the two rows of suburban homes passing by on either side of our jogger.",I would suggest simplifying the street refs and just give one or two samples that look very similar. ⏎ Add NO PLUME to weather ⏎ DONE
CTD_AI_FMF_POVFirePlanes01,105,Fort McMurray Forest Fire,FMF,First request,,,,,0,"EXPERT: The water drops help, but it’s already late in the day, and they can’t fly at night, because it’s just too dangerous.",EXT - AIRPORT RUNWAY. FORT MCMURRAY. DUSK ⏎ Weather: a smoky orange sky. Night is falling. ⏎ 2-3 WS. Various POV. Water bomber taking off from Fort McMurray Airport. Can be a little chaotic as plane manages mild turbulence as its nose points skyward. NO NUMBERS OR LETTERING. See ref from The Killer for color temperature.,
CTD_AI_FMF_POVFirePlanes02,105,Fort McMurray Forest Fire,FMF,First request,,,,,0,"EXPERT: The water drops help, but it’s already late in the day, and they can’t fly at night, because it’s just too dangerous.",EXT - AIRPORT RUNWAY. FORT MCMURRAY. DUSK ⏎ Weather: a smoky orange sky. Night is falling. ⏎ 2-3 CU. Various POV. Wheels of the bomber plane roll at top speed and gently lift off the runway. NO NUMBERS OR LETTERS ON PLANE PLEASE. See ref from The Killer for color temperature.,
CTD_AI_FMF_POVFirePlanes03,105,Fort McMurray Forest Fire,FMF,First request,,,,,0,"EXPERT: The water drops help, but it’s already late in the day, and they can’t fly at night, because it’s just too dangerous.",EXT-SKY ABOVE BOREAL FOREST FIRE. DUSK. ⏎ Weather: smoky with airborne ash. sky is orange. Night is falling. ⏎ 2 MS Aerials. Shaky. Above the red and yellow water bomber fireplane as it flies above Boreal forest fire. Hundreds of acres are aflame below it. NO NUMBERS OR LETTERING ON PLANE PLEASE ⏎ THEN..it release hundreds of gallons of water from the water tank on the plane's belly which creates a cloud of spray that descends on the flames below.,
CTD_AI_FMF_POVFirePlanes04,105,Fort McMurray Forest Fire,FMF,First request,,,,,0,"EXPERT: The water drops help, but it’s already late in the day, and they can’t fly at night, because it’s just too dangerous.",EXT-SKY ABOVE BOREAL FOREST FIRE. DUSK. ⏎ Weather: smoky with airborne ash. sky is orange. Night is falling. ⏎ 2 CU. Aerials. Shaky. Plane dramatically passes by above camera and releases hundreds of gallons of water from the water tank on the plane's belly. Cloud of spray engulfs camera. ⏎ NO NUMBERS OR LETTERING ON PLANE PLEASE,
CTD_AI_FMF_POVFirePlanes05,105,Fort McMurray Forest Fire,FMF,First request,,,,,0,"EXPERT: The water drops help, but it’s already late in the day, and they can’t fly at night, because it’s just too dangerous.",EXT - BOREAL FOREST. DUSK ⏎ weather: smoky with airborne ash ⏎ Location: Forest floor of Boreal forest ⏎ 2-3 immersive POV shots through the burning brush and trees on the forest floor.,
CTD_AI_FMF_POVFirePlanes06,105,Fort McMurray Forest Fire,FMF,First request,,,,,0,"EXPERT: The water drops help, but it’s already late in the day, and they can’t fly at night, because it’s just too dangerous.",EXT - SKY ABOVE BOREAL FOREST FIRE. DUSK. ⏎ Location: water bomber fire plane (same as 03) ⏎ Weather: smoky with airborne ash. sky is orange. ⏎ 2-3 WS shaky aerial shots above the red and yellow water bomber fireplane as it sails above a Boreal forest fire. Hundreds of acres are aflame below it.,
CTD_AI_FMF_POVFirePlanes07,105,Fort McMurray Forest Fire,FMF,First request,,,,,0,"EXPERT: The water drops help, but it’s already late in the day, and they can’t fly at night, because it’s just too dangerous.","EXT - BOREAL FOREST. DUSK ⏎ weather: smoky with airborne ash ⏎ Location: Forest floor of Boreal forest ⏎ 2-3 WS. Various POV. Camera looking up towards sky, engulfed in flames. Beyond tree tops red and yellow fire plane with water tank on its belly (same as 02) passes overhead and unleashes massive amount of water onto flames below. It's a chaotic moment.",
CTD_AI_FMF_POVFirePlanes08,105,Fort McMurray Forest Fire,FMF,PAUSE,,,,,0,"EXPERT: The water drops help, but it’s already late in the day, and they can’t fly at night, because it’s just too dangerous.",EXT-BOREAL FOREST. DUSK ⏎ Location: cockpit of water bomber fire plane (same as 01) ⏎ Weather: through the cockpit windows we can see a smoky orange sky ⏎ Cockpit is lit by warm interior lights and the glowing green and red cockpit controls. ⏎ 2-3 MS of varying POV whip panning handheld style from the front cockpit window to a CU on the pilot's hand hitting the release button for the planes' water tank. See reference photo of release button but don't include the writing/labels on the controls.,You might want to change it up and not be inside a cockpit again? ⏎ REMOVED OTHER COCKPIT SHOTS BUT THOUGHT THE TRIGGERING OF THE WATER RELEASE MIGHT BE NICE.
CTD_AI_FMF_POVFirePlanes09,105,Fort McMurray Forest Fire,FMF,First request,,,,,0,"EXPERT: The water drops help, but it’s already late in the day, and they can’t fly at night, because it’s just too dangerous.",EXT - BOREAL FOREST. DUSK ⏎ weather: smoky with airborne ash ⏎ Location: Forest floor of Boreal forest ⏎ 2-3 CU. Various POV. Burning bushes. Some flames extinguish as the ground and brush becomes soaked with water streaming down from above. Gray smoke fills area and engulfs camera while other flames in the background of the frame continue to burn. ⏎ Shallow depth of field. Add camera movement. Make it very immersive.,
CTD_AI_FMF_PaulEvacuates01,105,Fort McMurray Forest Fire,FMF,Not started,,,,,0,"EXPERT: Paul Ayearst, a resident of Beacon Hill, starts grabbing jewelry and passports to evacuate.","INT. BEDROOM. AFTERNOON ⏎ Master bedroom painted red with dark wood furniture (see ref photo) is dimly lit by the natural light streaming through a nearby window. ⏎ 2-3 MCU of varying POV on a dark wood jewelry box resting on a brown wooden dresser being opened by a pair of male caucasian hands. Should feel panicky. Frantic. Once opened, we see various contemporary pieces of jewelry inside. gold necklace. silver plated watch. diamond earrings and various gold rings.",What does the room look like? Describe in super simple terms and provide ref. ⏎ ADDED DETAIL AND PROVIDED REFERENCE
CTD_AI_FMF_PaulEvacuates02,105,Fort McMurray Forest Fire,FMF,Not started,,,,,0,"EXPERT: Paul Ayearst, a resident of Beacon Hill, starts grabbing jewelry and passports to evacuate.",INT. BEDROOM. AFTERNOON ⏎ Room (as in 01) is dimly lit by the natural light streaming through a nearby window. 2-3 Handheld CU shots of the same dark wood jewelry box jewelry box (see 01) now in profile on the top of a brown wooden dresser dresser. We see a pair of male caucasian hands (same as 01) grabbing jewelry from the jewelry box. NO FACES. DON'T MAKE IT LOOK LIKE A BURGLARY,If the action is opening the box and taking out the jewelry - that can be one shot. Just separate the stuffing it in backpack. Just make sure it doesn't look like burglary :) ⏎ DONE
CTD_AI_FMF_PaulEvacuates03,105,Fort McMurray Forest Fire,FMF,Not started,,,,,0,"EXPERT: Paul Ayearst, a resident of Beacon Hill, starts grabbing jewelry and passports to evacuate.",INT. BEDROOM. AFTERNOON ⏎ Room (as in 01) is dimly lit by the natural light streaming through a nearby window. 2-3 Handheld CU of varying POV following the hands (same HANDS as 01 and 02) shoving the jewelry into a purple backpack resting on a bed next to the drawer. NO FACES,
CTD_AI_FMF_PaulEvacuates04,105,Fort McMurray Forest Fire,FMF,Not started,,,,,0,"EXPERT: Paul Ayearst, a resident of Beacon Hill, starts grabbing jewelry and passports to evacuate.","INT. BEDROOM. AFTERNOON. ⏎ Room (as in 01) is dimly lit by the natural light streaming through a nearby window. ⏎ 2-3 Shaky, over the shoulder MS of caucasian man (wearing same top as 01) hurriedly packs a purple backpack with jewelry (from 01 and 02) and a passport. Should feel rushed and panicked. DON'T MAKE IT LOOK LIKE A BURGLARY. NO FACES.",See above :)
CTD_AI_FMF_PlumeFromWindow01,105,Fort McMurray Forest Fire,FMF,Not started,,,,,0,EXPERT: Residents wake up and see the smoke plume isn’t nearly as big. It looks like the fire might be moving away from the city.,"EXT SUBURBAN STREET. MORNING ⏎ Weather: sunny but slightly smoky ⏎ 2-3 MS of varying POV shaky, handheld over-the-shoulder shots panning past 2 young boys, 1 girl (6 and 8 years old) playing in the middle of a suburban street with rows of houses on either side them. Kids play in a game of tag, chasing one another out of frame as a large plume of smoke hovers in bg from a forest fire about 75 miles away. Should feel playful and messy in fg and foreboding in bg. NO FACES. NO OTHER NEIGHBOURS IN SHOT",can you add ref pics of suburban streets in FMM -doesn't need to be with fire. Just the street. ⏎ DONE
CTD_AI_FMF_PlumeFromWindow02,105,Fort McMurray Forest Fire,FMF,Not started,,,,,0,EXPERT: Residents wake up and see the smoke plume isn’t nearly as big. It looks like the fire might be moving away from the city.,"EXT. SUBURBAN STREET. MORNING ⏎ Weather: sunny but slightly smoky ⏎ 2-3 CU. Various POV. Toys left abandoned in middle of suburban street (same as 01). Tricycle lies on its side next to a brown leather baseball glove, both in the fg. Rack focus to bg to see large plume of smoke from forest fire about 75 miles away (same as 01) ⏎ Shallow depth of field. Add some camera movement",can you add ref pics of suburban streets in FMM -doesn't need to be with fire. Just the street. ⏎ DONE
CTD_AI_FMF_PlumeFromWindow03,105,Fort McMurray Forest Fire,FMF,Not started,,,,,0,EXPERT: Residents wake up and see the smoke plume isn’t nearly as big. It looks like the fire might be moving away from the city.,INT. SUBURBAN HOME. BEDROOM. MORNING ⏎ Weather: sunny but slightly smoky ⏎ 2-3 CU. Various POV. Hand of young mother pulling back the curtain from window to reveal large plume of smoke about 75km away on horizon. Plume should look same shape and size as plume in 01.,"What does that mean? -> ""bedroom environment should match 02"" ⏎ OLD DETAIL WHEN I HAD MORE OF MOM IN EARLIER SHOT. REMOVED."
CTD_AI_FMF_PlumeFromWindow04,105,Fort McMurray Forest Fire,FMF,First request,,,,,0,EXPERT: Residents wake up and see the smoke plume isn’t nearly as big. It looks like the fire might be moving away from the city.,INT - SUBURBAN HOME. MORNING ⏎ Weather: sunny but slightly smoky ⏎ 2 CU. POV of person opening front door of 1990s era home out onto front porch revealing a plume from a forest fire 100 miles away on the horizon. Don't make it look like video game. Plume should look same shape and size as plume in 01.,PlumeFromWindown has no 3 and two 5's in shotcodes
CTD_AI_FMF_PlumeFromWindow05,105,Fort McMurray Forest Fire,FMF,PAUSE,,,,,0,EXPERT: Residents wake up and see the smoke plume isn’t nearly as big. It looks like the fire might be moving away from the city.,EXT SUBURBAN HOME. MORNING ⏎ Weather: sunny but slightly smoky ⏎ 2-3 MS of varying POV through front door of 90s era home (same as 04). Plume should look same shape and size as plume in 01and cinematic. Plume should look same shape and size as plume in 01.,Too many people - think of ways to convey this without showing people. ⏎ REVISED
CTD_AI_FMF_RagingFire01,105,Fort McMurray Forest Fire,FMF,First request,,,,,0,"EXPERT: By 5 in the afternoon, the fire has burned more than 3000 acres. By 8…it’s _double _that. They’re not sure how they’re going to contain this thing.",EXT. BOREAL FOREST. DUSK. ⏎ weather: bright orange sky. Ash whipped around violently by the wind. ⏎ 2-3 WS. Various POV. Six feet above the tree tops. Camera pans violently to the left and reveals miles of burning trees. A hellish landscape.,
CTD_AI_FMF_RagingFire02,105,Fort McMurray Forest Fire,FMF,First request,,,,,0,"EXPERT: By 5 in the afternoon, the fire has burned more than 3000 acres. By 8…it’s _double _that. They’re not sure how they’re going to contain this thing.","EXT. BOREAL FOREST. DUSK. ⏎ weather: bright orange sky. Ash whipped around violently by the wind. ⏎ 2-3 WS. Various POV. Six feet above the tree tops. We see miles of burning trees. A hellish landscape. ⏎ THEN, flames suddenly engulf the foreground of the shot",
CTD_AI_FMF_RagingFire03,105,Fort McMurray Forest Fire,FMF,Not started,,,,,0,"EXPERT: By 5 in the afternoon, the fire has burned more than 3000 acres. By 8…it’s _double _that. They’re not sure how they’re going to contain this thing.",EXT. BOREAL FOREST. DUSK. ⏎ weather: bright orange sky. Ash whipped around violently by the wind. ⏎ 2-3 MS. Various POV. Camera climbs from forest floor - brush and tress are on fire everywhere - and rises above the treetops to reveal thousands of acres of the forest on fire.,You probably want to add one more line with CUs of fire spreading - if you don't already have that from Peshtigo
CTD_AI_FMF_SmallFire01,105,Fort McMurray Forest Fire,FMF,First request,,,,,0,"EXPERT: When they find it, the fire has burned about two acres, which is roughly the size of a soccer field. The fire crew in the helicopter immediately starts trying to put it out.","EXT - BOREAL FOREST. LATE AFTERNOON ⏎ Location: forest floor of Boreal forest ⏎ 2-3 POV. Various POV. Half a dozen pine trees burning in fg, hundreds more a blaze in the background, out of focus in bg, giving an orange glow to surrounding brush and dirt.",
CTD_AI_FMF_SmallFire05,105,Fort McMurray Forest Fire,FMF,First request,,,,,0,"EXPERT: When they find it, the fire has burned about two acres, which is roughly the size of a soccer field. The fire crew in the helicopter immediately starts trying to put it out.","EXT - BOREAL FOREST. LATE AFTERNOON ⏎ Location: forest floor of Boreal forest ⏎ 2-3 MS POV from forest floor looking up. Half a dozen pine trees burning in the foreground and hundreds more a blaze in the background, giving an orange glow to the surrounding brush and dirt (same as above). ⏎ Camera faces the sky to catch the yellow firefighting helicopter zooming across the frame (100 feet above forest floor). ⏎ Helicopter needs to match CTD_AI_FMF_Helicopter01-03",
CTD_AI_FMF_The Beast01,105,Fort McMurray Forest Fire,FMF,Not started,,,,,0,"**VO:** ⏎ **AFTER BURNING FOR TWO DAYS, AT 4:05 PM, THE FIRE JUMPS HIGHWAY 63, INTO DOWNTOWN, TRIGGERING A TOTAL CITY EVACUATION.**","EXT. FOREST. HIGHWAY. LATE AFTERNOON ⏎ weather: sunny orange smoke-filled sky ⏎ Weather and sky should match CTD_AI_FMF_FleeInVehicles01 above ⏎ 2-3 WS aerial about 70 feet above a highway. We see on screen left a forest fire with small flames on the tree tops as smoke billows across the frame, partially obscuring the cars and trucks speeding down the highway below. Tony flaming embers can be seen flying above the highway towards screen right. See reference photo for town and forest split by highway (but flip it for our shots in this sequence)",Why flip it? Do we see the town in the shot? it's not mentioned
CTD_AI_FMF_The Beast02,105,Fort McMurray Forest Fire,FMF,Not started,,,,,0,"**VO:** ⏎ **AFTER BURNING FOR TWO DAYS, AT 4:05 PM, THE FIRE JUMPS HIGHWAY 63, INTO DOWNTOWN, TRIGGERING A TOTAL CITY EVACUATION.**","EXT. FOREST. HIGHWAY. LATE AFTERNOON ⏎ weather: sunny orange smoke-filled sky ⏎ Weather and sky should match CTD_AI_FMF_FleeInVehicles01 above. Should also match environment of The Beast01. ⏎ 2-3 MS of vatying POV on burning embers (see reference photo for size and shape), 70 feet above the highway, ⏎ crossing from the burning forest on screen left as they're pushed high above the highway by strong winds towards the edge of Fort McMurray. See reference photo for town and forest split by highway (but flip it for our shots in this sequence)",Why flip it? Do we see the town in the shot? it's not mentioned
CTD_AI_FMF_The Beast03,105,Fort McMurray Forest Fire,FMF,Not started,,,,,0,"**VO:** ⏎ **AFTER BURNING FOR TWO DAYS, AT 4:05 PM, THE FIRE JUMPS HIGHWAY 63, INTO DOWNTOWN, TRIGGERING A TOTAL CITY EVACUATION.**",EXT. CITY STREET. DOWNTOWN FORT McMURRAY.. LATE AFTERNOON ⏎ weather: sunny orange smoke-filled sky ⏎ Weather and sky should match CTD_AI_FMF_FleeInVehicles01 above ⏎ 2-3 MS of varying POV from side of a building in downtown Fort McMurray. Camera POV faces towards skyline up to see embers floating (see reference) towards the roof of the building.,
CTD_AI_FMF_The Beast04,105,Fort McMurray Forest Fire,FMF,Not started,,,,,0,"**VO:** ⏎ **AFTER BURNING FOR TWO DAYS, AT 4:05 PM, THE FIRE JUMPS HIGHWAY 63, INTO DOWNTOWN, TRIGGERING A TOTAL CITY EVACUATION.**",EXT. SUBURBAN NEIGHBOURHOOD. FORT McMURRAY.. LATE AFTERNOON ⏎ weather: sunny orange smoke filled sky ⏎ Weather and sky should match CTD_AI_FMF_FleeInVehicles01 above ⏎ 2-3 aerial MS shots of varying POV approx. 20 feet above a residential home. we see the same embers from 01-03 get blown by the wind into the rooftop.,"I think you also want to see the fire jumping the highway here. Make it dynamic, immersive, mostly CUs. And see more fire"
CTD_AI_FMF_The Beast05,105,Fort McMurray Forest Fire,FMF,Not started,,,,,0,"**VO:** ⏎ **AFTER BURNING FOR TWO DAYS, AT 4:05 PM, THE FIRE JUMPS HIGHWAY 63, INTO DOWNTOWN, TRIGGERING A TOTAL CITY EVACUATION.**","EXT. CITY STREET. DOWNTOWN FORT McMURRAY.. LATE AFTERNOON ⏎ weather: sunny orange smoke filled sky ⏎ Weather and sky should match CTD_AI_FMF_FleeInVehicles01 above ⏎ 2-3 MS, varying POVs of the rooftop (matching roof in 04) ablaze. Fire slowly crawling across rooftiles.",
CTD_AI_FMF_The Beast06,105,Fort McMurray Forest Fire,FMF,Not started,,,,,0,"**VO:** ⏎ **AFTER BURNING FOR TWO DAYS, AT 4:05 PM, THE FIRE JUMPS HIGHWAY 63, INTO DOWNTOWN, TRIGGERING A TOTAL CITY EVACUATION.**",INT. FAMILY HOME. DOWNTOWN FORT McMURRAY. LATE AFTERNOON ⏎ weather: sunny orange smoke filled sky ⏎ Weather and sky should match CTD_AI_FMF_FleeInVehicles01 above ⏎ 2-3 WS with varying POVs from the floor of a residential living room on fire. The ceiling is engulfed by white hot fire and smoke. Furnishings should feel contemporary. Room glows orange. Windows are blown out with afternoon daylight outside.,
CTD_AI_FMF_The Beast07,105,Fort McMurray Forest Fire,FMF,Not started,,,,,0,"**VO:** ⏎ **AFTER BURNING FOR TWO DAYS, AT 4:05 PM, THE FIRE JUMPS HIGHWAY 63, INTO DOWNTOWN, TRIGGERING A TOTAL CITY EVACUATION.**","EXT. SUBURBAN NEIGHBOURHOOD. FORT McMURRAY.. LATE AFTERNOON ⏎ weather: sunny orange smoke filled sky ⏎ Weather and sky should match CTD_AI_FMF_FleeInVehicles01 above ⏎ 2-3 WS with varying POVs of residential street featuring row houses. Camera whip pans to reveal massive plume of orange and black smoke behind it, lit from below by a raging fire.",
CTD_AI_FMF_The Beast08 ,105,Fort McMurray Forest Fire,FMF,Not started,,,,,0,"**VO:** ⏎ **AFTER BURNING FOR TWO DAYS, AT 4:05 PM, THE FIRE JUMPS HIGHWAY 63, INTO DOWNTOWN, TRIGGERING A TOTAL CITY EVACUATION.**",EXT. SUBURBAN NEIGHBOURHOOD. FORT McMURRAY.. LATE AFTERNOON ⏎ weather: sunny orange smoke filled sky ⏎ Weather and sky should match CTD_AI_FMF_FleeInVehicles01 above ⏎ 2-3 WS with POV of camera exiting a burning barn-like building (see reference photo),
CTD_AI_FMF_The Beast09,105,Fort McMurray Forest Fire,FMF,Not started,,,,,0,"**VO:** ⏎ **AFTER BURNING FOR TWO DAYS, AT 4:05 PM, THE FIRE JUMPS HIGHWAY 63, INTO DOWNTOWN, TRIGGERING A TOTAL CITY EVACUATION.**",EXT. SUBURBAN NEIGHBOURHOOD. FORT McMURRAY.. LATE AFTERNOON ⏎ weather: sunny orange smoke filled sky ⏎ Weather and sky should match CTD_AI_FMF_FleeInVehicles01 above ⏎ 2-3 WS with POV of camera now in front of the barn-like structure (same as Beast08) and gazing up at the ball of flame above it (see reference photo),
CTD_AI_FMF_ViewFromClassroom01,105,Fort McMurray Forest Fire,FMF,Not started,,,,,0,"EXPERT: From his classroom window, Kwame Osei sees the smoke billowing, darkening the sky. He looks at his students and prays for their safety.","INT. CLASSROOM. SCHOOL. AFTERNOON ⏎ Eerie florescent lighting. ⏎ 2-3 shaky Handheld POV shot tracks a behind a 26-year old black man as he runs to the window and places his hand on the window pane. Through the window, across a city street and over the store rooftops we see a large black plume of smoke rising from a location 35 km away and slowly filling an orange sky. Should feel chaotic and urgent.","Lose the ""POV AI"" in script beat. Script beat box should only include expert line. ⏎ REMOVED. NOT SURE HOW THAT GOT THERE."
CTD_AI_FMF_ViewFromClassroom02,105,Fort McMurray Forest Fire,FMF,Not started,,,,,0,"EXPERT: From his classroom window, Kwame Osei sees the smoke billowing, darkening the sky. He looks at his students and prays for their safety.","INT. CLASSROOM. SCHOOL. AFTERNOON ⏎ Eerie florescent lighting. ⏎ 2-3 CU of varying POV on hand of black man on classroom window (as in 01) Through the window, across a city street and over the store rooftops we see a large black plume of smoke rising from a location 35 km away and slowly filling an orange sky. Should feel chaotic and urgent.",
CTD_AI_FMF_ViewFromClassroom03,105,Fort McMurray Forest Fire,FMF,Not started,,,,,0,"EXPERT: From his classroom window, Kwame Osei sees the smoke billowing, darkening the sky. He looks at his students and prays for their safety.","INT. CLASSROOM. SCHOOL. AFTERNOON ⏎ 2-3 Locked off CU of varying POV on the floor of the classroom shot through rows of school desks. We see feet and legs of dozens of seated students who suddenly get up and run, dropping pencils and books on the classroom floor as they get out of their desks.",How many shots? ⏎ ADDED SHOTS
CTD_AI_FMF_ViewFromClassroom04,105,Fort McMurray Forest Fire,FMF,Not started,,,,,0,"EXPERT: From his classroom window, Kwame Osei sees the smoke billowing, darkening the sky. He looks at his students and prays for their safety.",INT. CLASSROOM. SCHOOL. AFTERNOON ⏎ Locked off CU of varying POV on the floor of the classroom shot through rows of school desks. We see INT. CLASSROOM. SCHOOL. AFTERNOON ⏎ Locked off CU of varying POV on the floor of the classroom. we see pencils and books on the classroom floor as they get out of their desks.,Some doubling up here? ⏎ REMOVED DOUBLING
CTD_AI_FMF_ViewFromClassroom04,105,Fort McMurray Forest Fire,FMF,Not started,,,,,0,"EXPERT: From his classroom window, Kwame Osei sees the smoke billowing, darkening the sky. He looks at his students and prays for their safety.",EXT. SCHOOL. ROOF ⏎ weather: orange sky. hot and smoky. with large plume on horizon. ⏎ 2-3 MS dollying up from behind a 1980s style single level school to arrive at the gravel covered rooftop where we reveal a darkened smoky sky and a suburban neighbourhood on fire 35 km away on the horizon. In the foreground the school's Canadian flag flaps violently in the wind.,How many shots? Would suggest to add PLUME to weather. ⏎ ADDING SHOTS AND PLUME
CTD_AI_FMF_ViewFromClassroom04,105,Fort McMurray Forest Fire,FMF,Not started,,,,,0,"EXPERT: From his classroom window, Kwame Osei sees the smoke billowing, darkening the sky. He looks at his students and prays for their safety.","INT. CLASSROOM. SCHOOL. AFTERNOON ⏎ 2-3 MS of varying POV, shaky, traveling shots over the shoulder as dozens of seated students who suddenly get up out of their desks and run from camera, dropping pencils and books on the classroom floor as they get out of their desks.",
CTD_AI_FloodRescues,105,Hurricane Sandy,HSA,PAUSE,,,,,0,"Archival or ⏎ POV AI: rescue workers pulling people out - nighttime ⏎ EXPERT: As the water rises, rescue workers are doing everything they can to get people out of their flooding homes and off the flooded streets. But they can’t be everywhere so many residents have to take care of themselves and neighbors.",,
CTD_AI_HSA_BabiesTransported,105,Hurricane Sandy,HSA,PAUSE,,,,,0,"POV AI: watching ambulance drive away with sirens on ⏎ EXPERT: They manage to get all the babies down, and transported to hospitals that still have power.",,
CTD_AI_HSA_BrokenIn01,105,Hurricane Sandy,HSA,Sent to Cream,,,,,2,EXPERT: One New Jersey couple returns home to find a note from somebody who had broken into their house.,"EXT HOUSE - AT FRONT DOOR, DAY ⏎ Location: Green Island, Toms River, NJ (see ref pics on right for style of houses - NOT THE MOOD) ⏎ CU, POV zoom in on broken door (see ref pic for broken door) ⏎ This is after the storm, make it gloomy, cool color palette (see Killer ref shots on right), sky can still be overcast (but not dramatic, NOT HIN landing)",
CTD_AI_HSA_BrokenIn02,105,Hurricane Sandy,HSA,Sent to Cream,,,,,2,EXPERT: One New Jersey couple returns home to find a note from somebody who had broken into their house.,"EXT HOUSE - AT FRONT DOOR, DAY ⏎ Location: Green Island, Toms River, NJ (see ref pics on right for style of houses - NOT THE MOOD) ⏎ CU, POV from side, partial view of couple entering house. Shallow depth of field. Splintered door in focus, couple going by in bg out of focus ⏎ This is after the storm, make it gloomy, cool color palette (see Killer ref shots on right), sky can still be overcast (but not dramatic, NOT HIN landing)",
CTD_AI_HSA_EmptyStreets,105,Hurricane Sandy,HSA,PAUSE,,,,,0,"Archival / AI ⏎ Empty streets ⏎ Boarded up shop windows ⏎ Wall Street shut down. ⏎ VO: ⏎ ABOUT A WEEK SINCE FORMING, SANDY IS CLOSING IN ON THE BIG APPLE. ⏎ THE USUALLY BUSTLING MONDAY MORNING CITY STREETS ARE EMPTY. ⏎ ~~VO:~~ ⏎ ~~JUST AFTER NOON, PRESIDENT OBAMA ADDRESSES THE NATION.~~",Archival / AI ⏎ Empty streets ⏎ Boarded up shop windows ⏎ Wall Street shut down.,
CTD_AI_HSA_HospitalUnderWater,105,Hurricane Sandy,HSA,Sent to Cream,,,,,6,"EXPERT: The hospital gets inundated by about 10 feet of water. On the 9th floor, the neo-natal intensive care unit with about 20 newborns clinging to life…goes dark when the back-up generator fails.","INT DESERTED HOSPITAL HALLWAY - NIGHT ⏎ (Location: NYU LANGONE MEDICAL CENTER) ⏎ CU camera at water level, close to wall, looking down flooded hallway. Water in fg in focus, hallway in bg out of focus. Ceiling lights are flickering but not going out just yet.",
CTD_AI_HSA_LangoneGeneratorFails01,105,Hurricane Sandy,HSA,Sent to Cream,,,,,3,"EXPERT: The hospital gets inundated by about 10 feet of water. On the 9th floor, the neo-natal intensive care unit with about 20 newborns clinging to life…goes dark when the back-up generator fails.","INT HOSPITAL - NEONATAL UNIT ⏎ (Location: NYU LANGONE MEDICAL CENTER) ⏎ CU ceiling light in neonatal unit, one light in focus in fg, others out of focus in bg. Lights flicker and then go out. Give us a few seconds at end so we can show dark room. Don't cut the moment the lights go out",
CTD_AI_HSA_LangoneGeneratorFails02,105,Hurricane Sandy,HSA,Sent to Cream,,,,,1,"EXPERT: The hospital gets inundated by about 10 feet of water. On the 9th floor, the neo-natal intensive care unit with about 20 newborns clinging to life…goes dark when the back-up generator fails.","INT HOSPITAL - NEONATAL Intensive Care Unit ⏎ (Location: NYU LANGONE MEDICAL CENTER) ⏎ CU PAN neo-natal ICU beds. Beds pass by camera in focus in fg, other beds out of focus in bg. Babies sleep, obscured by bedding, i.e. no need to see actual babies. ⏎ Lights flicker and go out. Room is plunged in darkness. Any machines that included lights now also need to be dark. For reference, there are about 20 beds in this unit ⏎ See generic references for ""beds"" - more like plastic boxes",
CTD_AI_HSA_MikeDyingNote01,105,Hurricane Sandy,HSA,Sent to Cream,,,,,1,"EXPERT: It basically says, “I’m dying, I’m 28 years old, my name is Mike, I took blankets off the couch, I have hypothermia. I’m trying to get out. Goodbye, God almighty help me.”","INT HOUSE - KITCHEN TABLE ⏎ Location: Green Island, Toms River, NJ (see ref pics on right for style of kitchen - NOT THE MOOD. Doesn't need to match this kitchen exactly. Killer shot on right is reference for color palette, probably a bit too dark though, a bit lighter would be nice) ⏎ ECU, POV camera level with kitchen table surface, zoom in gently on note as hand/fingers land on it and pulls it towards the person out of frame reading it. DO NOT SHOW THE WRITING. Choose a view where we see the paper from the side, not the full page, will cut to archival note after",
CTD_AI_HSA_MomSurfing01,105,Hurricane Sandy,HSA,Sent to Cream,,,,,1,EXPERT: Tommy Woods of Queens puts his 82-year-old mom on a surfboard and paddles her several blocks to his brother’s house that’s still above water.,"EXT - NIGHT. Belle Harbour, Queens, NYC ⏎ Location: ⏎ 3 CU, camera at water level in dark, flooded streets of Belle Harbour (4-foot-high flood waters). Wind is blowing hard, water is churning. POV of Tommy, looking forward, pushing surfboard his mom (82) is sitting on. See partial surfboard in fg, partial mom, both out of focus. No need to see Tommy at all (no hands or body parts necessary). Make it moody. Some lights can still be on in community, some houses are burning. ⏎ 3-4 different POVs of this scene would be great, too. E.g. sideview. Tip of surfboard in focus, community out of focus in bg ⏎ Fo",
CTD_AI_HSA_MomSurfing02,105,Hurricane Sandy,HSA,Sent to Cream,,,,,1,EXPERT: Tommy Woods of Queens puts his 82-year-old mom on a surfboard and paddles her several blocks to his brother’s house that’s still above water.,"EXT - NIGHT. Belle Harbour, Queens, NYC ⏎ Location: ⏎ WS, aerial, straight down, churning ocean on one side, flooded community on the other. Wind is blowing hard, water is churning. Tommy wading/pushing through 4 feet of water, pushing old mom sitting on surfboard. ⏎ Make it moody. Some lights can still be on in community. ⏎ For look of Belle Harbour and Killer look, see ref pic on right",
CTD_AI_HSA_NJLandfall01,105,Hurricane Sandy,HSA,Sent to Cream,,,,,2,"**VO: ** ⏎ **AT 7:30PM, SANDY SLAMS INTO THE COAST JUST NORTHEAST OF ATLANTIC CITY.**","EXT - BRIGANTINE, NJ. NIGHT ⏎ Aerial. camera moving forward in parallel with water line. It's very windy/stormy. Huge waves are crashing on beach and begin inundating dunes. See houses just behind dunes, lights are on. ⏎ See ref pic on right for location. Camera should fly a little lower than that, about 100m up in air (roughly). See also see ref doc for more intel.",
CTD_AI_HSA_NJLandfall02,105,Hurricane Sandy,HSA,Sent to Cream,,,,,1,"**VO: ** ⏎ **AT 7:30PM, SANDY SLAMS INTO THE COAST JUST NORTHEAST OF ATLANTIC CITY.**","EXT - BRIGANTINE, NJ. NIGHT ⏎ 3-4 CUs, POV standing on sandy beach. It's very windy/stormy. Massive waves crashing on beach. See Fukushima wave crashing for reference. A few different angles please: E.g. Wave crashing right at camera, sideways view of crashing wave while camera is positioned very low to ground. ⏎ Would be great to get sense that waves are advancing up the beach, towards the dunes and houses",
CTD_AI_HSA_NJLandfall03,105,Hurricane Sandy,HSA,Sent to Cream,,,,,2,"**VO: ** ⏎ **AT 7:30PM, SANDY SLAMS INTO THE COAST JUST NORTHEAST OF ATLANTIC CITY.**","EXT - BRIGANTINE, NJ. NIGHT ⏎ Location: ⏎ 4-5 CUs, waves are breaching the dunes and wash over the street and up to houses. I would stay away from showing damage to houses, bound to look off. Varying POVs would be great. Make it feel immersive. See CTD_AI_CHF_DikeBreaking_20260701_9aa.mov AND CTD_AI_CHF_WuhanFlood_20260623_3a.mov series for reference",
CTD_AI_HSA_NYCFlooding01,105,Hurricane Sandy,HSA,Sent to Cream,,,,,2,"EXPERT: Landfall drives a record storm surge into New York Harbor. A 13-foot wall of water starts overtopping seawalls, flooding streets, tunnels, apartments, and subway stations.","EXT - NEW YORK CITY, WALL STREET AREA. NIGHT ⏎ 3-4 CUs. Stormy. Huge waves crashing over NYC harbor seawall. Location around here: See ref pic on right for reference. ⏎ Varying POVs, make it immersive. See wave crashing on FDN and CTD_AI_CHF_DikeBreaking_20260701_9aa.mov AND CTD_AI_CHF_WuhanFlood_20260623_3a.mov",
CTD_AI_HSA_NYCFlooding02,105,Hurricane Sandy,HSA,Sent to Cream,,,,,1,"EXPERT: Landfall drives a record storm surge into New York Harbor. A 13-foot wall of water starts overtopping seawalls, flooding streets, tunnels, apartments, and subway stations.","EXT - NEW YORK CITY, WALL STREET AREA & ALPHABET CITY AREA. NIGHT ⏎ 4-5 CUs. Stormy. City is dark. Power is out. ⏎ Immersive shots of being swept up in waves crashing through city streets. See CTD_AI_CHF_WuhanFlood_20260623_3a.mov for reference - style of street just needs to be lower Manhattan AND Alphabet City. Around Wall St/Broad St AND around here:",
CTD_AI_HSA_NYCFlooding03,105,Hurricane Sandy,HSA,Sent to Cream,,,,,4,"EXPERT: Landfall drives a record storm surge into New York Harbor. A 13-foot wall of water starts overtopping seawalls, flooding streets, tunnels, apartments, and subway stations.","EXT - NEW YORK CITY, ALPHABET CITY AREA. NIGHT ⏎ Stormy. City is dark. Power is out. ⏎ 3-4 CUs. Various POV. Waves washing into subway entrance. Make it immersive, chaotic. ⏎ See CTD_AI_CHF_DikeBreaking_20260701_9aa.mov AND CTD_AI_CHF_WuhanFlood_20260623_3a.mov for reference. Don't name the station, just use white on black ""Subway"" if you have to. Not necessary from our end. It's about a feeling not getting the exact location.",
CTD_AI_HSA_NYCFlooding04,105,Hurricane Sandy,HSA,Sent to Cream,,,,,2,"EXPERT: Landfall drives a record storm surge into New York Harbor. A 13-foot wall of water starts overtopping seawalls, flooding streets, tunnels, apartments, and subway stations.","INT - NEW YORK CITY. SUBWAY STATION ⏎ 3-4 CUs. Subway is dark and flooded, power is out. ⏎ Immersive POV being swept along flooded tracks of station. See CTD_AI_CHF_DikeBreaking_20260701_9aa.mov AND CTD_AI_CHF_WuhanFlood_20260623_3a.mov for reference. A variety of POV would be great.",
CTD_AI_HSA_NursesAndBabies01,105,Hurricane Sandy,HSA,Sent to Cream,,,,,4,"Archival / POV AI: nurses carry babies down dark slippery stairs ⏎ EXPERT: The nurses have to carry the babies, many with their breathing tubes still attached, down nine flights of slippery stairs guided by flashlights.","INT HOSPITAL - NEONATAL Intensive Care Unit ⏎ (Location: NYU LANGONE MEDICAL CENTER) ⏎ CU, POV/camera at ground level. Feet of nurses rushing from bed to bed IN THE DARK",
CTD_AI_HSA_NursesAndBabies02,105,Hurricane Sandy,HSA,Sent to Cream,,,,,2,"Archival / POV AI: nurses carry babies down dark slippery stairs ⏎ EXPERT: The nurses have to carry the babies, many with their breathing tubes still attached, down nine flights of slippery stairs guided by flashlights.","INT HOSPITAL - STAIRCASE ⏎ (Location: NYU LANGONE MEDICAL CENTER) ⏎ Dimly lit, only emergency lights are working at this point. ⏎ Top down view of staircase, nurses rush down carrying babies (see Killer POV for reference) Would be great to have some nurses rush by out of focus in fg, other nurses further below in focus. NO FACES",
CTD_AI_HSA_NursesAndBabies03,105,Hurricane Sandy,HSA,Sent to Cream,,,,,1,"EXPERT: The nurses have to carry the babies, many with their breathing tubes still attached, down nine flights of slippery stairs guided by flashlights.","INT HOSPITAL - STAIRCASE ⏎ (Location: NYU LANGONE MEDICAL CENTER) ⏎ Dimly lit, only emergency lights are working. ⏎ 3-4 CUs. Various POV. Nurses rushing down stairs with babies. E.g.: ⏎ Sideview of railing in fg in focus, partial nurses rushing by in bg out of focus ⏎ Frontal view of a couple of individual stairs, feet rushing down, right at camera, passing by. Very shallow depth of field, some feet in focus, some out. Messy, chaotic feeling",
CTD_AI_HSA_StormsMerge,105,Hurricane Sandy,HSA,PAUSE,,,,,0,POV AI ⏎ EXPERT: Dr. MacDonald is watching as Hurricane Sandy and this colder storm begin to merge. And he realizes the worst part of each storm is being amplified.,,
CTD_AI_HSA_SubwayDark01,105,Hurricane Sandy,HSA,Sent to Cream,,,,,2,"EXPERT: At 7pm, public transportation, including the subway, goes dark. For those who can’t, or choose not to evacuate, now, it’s just a waiting game.","INT - SUBWAY STATION. NEW YORK. ⏎ See reference pic on right, but no need to name station. ⏎ CU to WS. POV looking down tracks like pic on right. Start shot in CU behind pillar, move right, reveal tracks in WS. Then lights go out. Shallow depth of field. Pillar in focus, tracks out or the other way around. Expand shot at end so we get a few seconds in darkness. NO TRAINS. NO PEOPLE.",
CTD_AI_HSA_SubwayDark02,105,Hurricane Sandy,HSA,Sent to Cream,,,,,1,"EXPERT: At 7pm, public transportation, including the subway, goes dark. For those who can’t, or choose not to evacuate, now, it’s just a waiting game.","INT - SUBWAY STATION. NEW YORK. ⏎ See reference pic on right, but no need to name station. ⏎ 2-3 CUs lights on ceiling - location matching CTD_AI_HSA_SubwayDark01. Varying POVs please. First lit then going dark. Expand shot at end so we get a few seconds of darkness. NO TRAINS. NO PEOPLE.",
CTD_AI_HSA_SubwayDark03,105,Hurricane Sandy,HSA,Sent to Cream,,,,,2,"EXPERT: At 7pm, public transportation, including the subway, goes dark. For those who can’t, or choose not to evacuate, now, it’s just a waiting game.","INT - SUBWAY STATION STAIRCASE. NEW YORK. ⏎ See reference pic on right. NO PEOPLE. ⏎ 2-3 CUs looking down staircase similar POV to ref pic on right. Shallow depth of field. Railing in CU in fg in focus, staircase beyond out of focus. First lit, then lights go out, expand at end to give us a few seconds in darkness.",
CTD_AI_HSA_SubwayDark04,105,Hurricane Sandy,HSA,Sent to Cream,,,,,1,"EXPERT: At 7pm, public transportation, including the subway, goes dark. For those who can’t, or choose not to evacuate, now, it’s just a waiting game.","INT - SUBWAY STATION. NEW YORK. ⏎ See reference pic on right. ⏎ 2-3 WS looking down on tracks. Place railing in fg in focus. Tracks below out of focus. NO TRAINS. NO PEOPLE. First lit, then lights go out. Expand at end to give us a few seconds of station plunged in darkness.",
CTD_AI_HSA_SubwayDark05,105,Hurricane Sandy,HSA,Sent to Cream,,,,,2,"EXPERT: At 7pm, public transportation, including the subway, goes dark. For those who can’t, or choose not to evacuate, now, it’s just a waiting game.","INT - SUBWAY STATION. NEW YORK. ⏎ See reference pic on right. ⏎ 2 WS looking from one platform over to the other. NO TRAINS. NO PEOPLE. Camera very low to ground. Possibly reveal opposite platform from behind column, or move camera slowly forward over ground, rack focus from floor/empty fg to platform across. Don't need a specific action, just needs to look cinematic and FORLORN. First lit then lights go out. Expand at end to provide a few seconds of dark station",
CTD_AI_HSA_Superstorm,105,Hurricane Sandy,HSA,PAUSE,,,,,0,POV AI ⏎ EXPERT: The massive size of the colder storm and the rain and winds of the Hurricane are combining to create a superstorm _right in front of his eyes_.,,
CTD_AI_HSA_TommyPaddling,105,Hurricane Sandy,HSA,PAUSE,,,,,0,"POV AI – Tommy paddling surfboard nighttime ⏎ EXPERT: Then, he paddles back, saves his teenage ~~15-year-old son~~, as well as his neighbor’s mom.",,
CTD_AI_HSA_WaterAmounts,105,Hurricane Sandy,HSA,PAUSE,,,,,0,"EXPERT: One of the biggest worries for scientists is that because this storm has gotten so big, it’s pushing a huge amount of water.",,
CTD_AI_LND_BodiesOnGround,105,Lake Nyos Disaster ,LND,Not started,,,,,0,"EXPERT:Rumours start to circulate immediately. Was this some type of military experiment, terrorist attack, or even a new disease?",,
CTD_AI_LND_CO2Escapes,105,Lake Nyos Disaster ,LND,Not started,,,,,0,EXPERT: until something causes it to be disturbed. Either seismic activity or maybe an underwater landslide. And then it all comes out at once bursting out of the lake,,
CTD_AI_LND_Cowherd,105,Lake Nyos Disaster ,LND,Not started,,,,,0,"VO: ⏎ CLOSE TO THE LAKE, A COWHERD NAMED HALIMA SULEY ALSO HEARS THE RUMBLE.",,
CTD_AI_LND_DiscoversBodies,105,Lake Nyos Disaster ,LND,Not started,,,,,0,"EXPERT: There are no birds chirping, no flies buzzing. Then, he sees the bodies, including members of his own family.",,
CTD_AI_LND_DroppingDead,105,Lake Nyos Disaster ,LND,Not started,,,,,0,EXPERT: Two guys who are sitting on the top of the truck. They watch as nine other passengers get out to help the driver and each of them drops dead.,,
CTD_AI_LND_Engine Dies,105,Lake Nyos Disaster ,LND,Not started,,,,,0,"EXPERT:The engine dies. So the driver gets out to see what's the matter and as soon as he steps outside, collapses",,
CTD_AI_LND_EveryoneDead,105,Lake Nyos Disaster ,LND,Not started,,,,,0,"EXPERT: When Halima Suley wakes up, almost everyone in the village, including her four kids…are dead.",,
CTD_AI_LND_Hitting Smoke,105,Lake Nyos Disaster ,LND,Not started,,,,,0,"EXPERT: Around 10:30 at night the truck drives through a cloud of whitish, bitter smelling fog.",Archival/AI - POV of driver on rural road in Africa at night,
CTD_AI_LND_LakeMonounRippling,105,Lake Nyos Disaster ,LND,Not started,,,,,0,"EXPERT: There's this clue that that same night, just before those people died, a few witnesses heard a rumbling noise coming from Lake Monoun",,
CTD_AI_LND_LakeNyosRumbles,105,Lake Nyos Disaster ,LND,Not started,,,,,0,"GFX TIMESTAMP ⏎ AUGUST 21, 1986",,
CTD_AI_LND_LethalCloud,105,Lake Nyos Disaster ,LND,Not started,,,,,0,EXPERT: It turns out that Sigurdsson was right. These volcanic lakes in Cameroon occasionally spew out lethal amounts of carbon dioxide.,,
CTD_AI_LND_Memories,105,Lake Nyos Disaster ,LND,Not started,,,,,0,"EXPERT: 1800 people die and they just fall down where they are. I mean, some of them are in bed. Some of them were sitting by a fire. Some people were just out in a field - dead",,
CTD_AI_LND_MistOverwhelms,105,Lake Nyos Disaster ,LND,Not started,,,,,0,GFX TIMESTAMP ⏎ :03 :02 :01 :00,,
CTD_AI_LND_MistRising,105,Lake Nyos Disaster ,LND,Not started,,,,,0,EXPERT: He watches as a white mist begins to rise up off of the lake below his house and then he starts to feel ill and so goes to lie down,,
CTD_AI_LND_NightTrucker,105,Lake Nyos Disaster ,LND,Not started,,,,,0,"VO: ⏎ AUGUST 15, 1984, ON A RURAL ROAD, A TRUCK DRIVER AND HIS PASSENGERS ARE ABOUT TO ENCOUNTER NATURE AT ITS WORST.",Archival/AI - POV of driver on rural road in Africa at night,
CTD_AI_LND_PerchedonTruck,105,Lake Nyos Disaster ,LND,Not started,,,,,0,EXPERT: Two guys who are sitting on the top of the truck. They watch as nine other passengers get out to help the driver and each of them drops dead.,,
CTD_AI_LND_SigurdssonTesting,105,Lake Nyos Disaster ,LND,Not started,,,,,0,"EXPERT: By late fall, Sigurdsson is out doing tests on Lake Monoun. And nothing he’s finding is screaming volcano.",,
CTD_AI_LND_SilentVillage,105,Lake Nyos Disaster ,LND,Not started,,,,,0,"EXPERT: In the morning, Ephraim Che heads down to the village. He looks around and realizes it’s oddly silent.",,
CTD_AI_LND_UnderwaterC02,105,Lake Nyos Disaster ,LND,Not started,,,,,0,EXPERT: They're called limnic eruptions and there's still some disagreement about exactly what the mechanism is that turns over the water like that. But everybody agrees that they are a real phenomenon and that they are responsible for all those deaths.,,
CTD_AI_LND_ViolentWind,105,Lake Nyos Disaster ,LND,Not started,,,,,0,"EXPERT: Nearly half an hour after the rumble, a violent wind rushes through the village and she blacks out",,
CTD_AI_LND_WaterBubbling,105,Lake Nyos Disaster ,LND,Not started,,,,,0,"EXPERT: After more tests, he discovers that the water is bubbling with carbon dioxide.",,
CTD_AI_LND_WaterSample,105,Lake Nyos Disaster ,LND,Not started,,,,,0,"EXPERT: But when Sigurdsson collects a water sample from the bottom of the lake, the bottle lid pops off.",,
CTD_AI_LND_WhiteCloud,105,Lake Nyos Disaster ,LND,Not started,,,,,0,EXPERT: A few people say that they saw a white cloud that smelled like sulphur come up out of the lake.,,
CTD_AI_QIS_BBQInside01,105,Quebec Ice Storm,QIS,Sent to Cream,,,,,9,"EXPERT: Some people keep their wood-burning fireplaces on day and night. Others bring outdoor barbecues and camp stoves inside…not thinking, or not _knowing,_ that open flames in enclosed spaces can create dangerous levels of carbon monoxide.","EXT - PORCH, QUEBEC, EVENING, DUSK ⏎ Simple, rural, snowy porch, nothing fancy. ⏎ 1 MS, 1 CU - person dragging BBQ inside (for style of bbq see ref pic on right, doesn't need to be that one exactly, just the kind of bbq, should look well used though) NO FACES. Only show minimal body parts, like hand, rest of person out of focus. ⏎ Stay close with bbq as it's being dragged over the doorstep, e.g. CU wheel of bbq moving over doorstep. Shallow depth of field",
CTD_AI_QIS_BBQInside02,105,Quebec Ice Storm,QIS,Sent to Cream,,,,,3,"EXPERT: Some people keep their wood-burning fireplaces on day and night. Others bring outdoor barbecues and camp stoves inside…not thinking, or not _knowing,_ that open flames in enclosed spaces can create dangerous levels of carbon monoxide.","INT - LIVING ROOM, HOUSE, QUEBEC. DUSK ⏎ Basic int house, low income, rural house, nothing fancy - NEEDS TO BE DIFFERENT FROM CHOUEQETTE'S, see ref (doesn't need to be this one exactly at all, just style reference) ⏎ 2-3 ECU, hand turning on knobs on bbq. flames coming on in bg. Varying POVs please, shallow depth of field, would be great to see living room out of focus in bg. NO FACES - separate into two shots if knob turning and flames coming on is too much in same shot",
CTD_AI_QIS_BBQInside03,105,Quebec Ice Storm,QIS,Sent to Cream,,,,,5,"EXPERT: Some people keep their wood-burning fireplaces on day and night. Others bring outdoor barbecues and camp stoves inside…not thinking, or not _knowing,_ that open flames in enclosed spaces can create dangerous levels of carbon monoxide.","INT - LIVING ROOM, HOUSE, QUEBEC. DUSK ⏎ Basic int house, low income, rural house, nothing fancy - NEEDS TO BE DIFFERENT FROM CHOUEQETTE'S, see ref (doesn't need to be this one exactly at all, just style reference) ⏎ 2-3 CUs, Flames of bbq in fg, living room out of focus in bg. POV: E.g: as if camera is sitting at back of the grill filming through flames into living room. A couple of other POV would be great, too, no specific need which ones",
CTD_AI_QIS_BurningWood,105,Quebec Ice Storm,QIS,Sent to Cream,,,,,5,EXPERT: Elderly couples like the Chouquettes lost power days ago and have run out of firewood. They end up desperately ripping wood out of the walls to have something to burn so they don’t freeze to death.,"INT - LIVING ROOM, HOUSE, QUEBEC. DAY ⏎ Basic int house, low income, rural house, nothing fancy - see ref on right for style. Incl Killer reference for light and color. ⏎ 3-4 CUs/ECUs, various perspectives, pieces of wooden wall panels being put into wood stove. Include wood stove door being opened for 1 or 2 of them. Shallow depth of field, out of focus elements. NO FACES",
CTD_AI_QIS_ChouqetteHouse,105,Quebec Ice Storm,QIS,Sent to Cream,,,,,5,"EXPERT: There’s a story about one elderly couple, the Chouquettes, they lost power days earlier and have run out of firewood.","EXT - HOUSE, Saint-Jean-sur-Richelieu, QC. DAY ⏎ Quiet residential street, heavily impacted by ice storm (see ref pic on right, disregard the red road barrier). Cold, blue, desaturated color palette (ref pic of house in summer just ref for style of house) ⏎ WS, camera low to snowy ground, towards house, covered in snow and ice. Include out of focus elements in fg, like a snowy bush, ice covered trees, and downed power lines, covered in ice in bg",
CTD_AI_QIS_CrushedTowers,105,Quebec Ice Storm,QIS,PAUSE,,,,,0,EXPERT: Those large transmission towers are designed to handle about an inch of ice. Montreal now has about four inches of ice build-up and towers everywhere start collapsing like crushed beer cans.,,
CTD_AI_QIS_DinnerByCandle01,105,Quebec Ice Storm,QIS,Sent to Cream,,,,,3,EXPERT: By the evening of January 8th there are over a million people in Montreal and throughout much of the province without power.,"INT - KITCHEN, HOUSE, QUEBEC. NIGHT ⏎ Nothing fancy, middle class, but would be good if it was a little cozy, see ref for approximate style ⏎ 2-3 ECUs, strike match in DARK kitchen, lit match is being moved to candle. Lit match lights candle. Shallow depth of field. NO FACES",
CTD_AI_QIS_DinnerByCandle02,105,Quebec Ice Storm,QIS,Sent to Cream,,,,,4,EXPERT: By the evening of January 8th there are over a million people in Montreal and throughout much of the province without power.,"INT - KITCHEN, HOUSE, QUEBEC. NIGHT ⏎ Nothing fancy, middle class, but would be good if it was a little cozy, see ref for approximate style ⏎ 2 CUs candle in same dark kitchen, plate filled with sandwich being pushed into frame. Candle in focus, plate and sandwich out of focus. NO FACES. POVs up to you, two varieties would be nice",
CTD_AI_QIS_DinnerByCandle03,105,Quebec Ice Storm,QIS,Sent to Cream,,,,,5,EXPERT: By the evening of January 8th there are over a million people in Montreal and throughout much of the province without power.,"INT - KITCHEN, HOUSE, QUEBEC. NIGHT ⏎ Nothing fancy, middle class, but would be good if it was a little cozy, see ref for approximate style ⏎ 2-3 CUs, camera PANS behind back of person sitting at table, revealing candle on table and 3 other people sitting around table, eating their sandwiches. Keep framing tight, only see torsos, no heads no faces. Shallow depth of field. Plate of person we're panning from in fg, everything else out of focus",
CTD_AI_QIS_GoesDark01,105,Quebec Ice Storm,QIS,Sent to Cream,,,,,4,"VO: ⏎ ON JANUARY 9TH, AT 5PM, THE ICE STORM FINALLY OVERWHELMS THE CITY’S POWER GRID. MONTREAL GOES DARK. ⏎ IT BECOMES KNOWN AS BLACK FRIDAY.","EXT - MONTREAL RESIDENTIAL STREET. NIGHT ⏎ General environment: Snow on ground, streetlights on, lights on in houses. Trees, power lines, covered in several inches of ice. Broken trees, branches in street. Abandoned cars in street, also covered in ice. ⏎ 2-3 CU to WS, camera low to ground, moving slowly over snow and ice. From behind abandoned car (CU) reveal street covered in ice (WS). Car out of focus in fg, street in bg in focus. Suddenly all lights - street lights and all other lights - go out. (camera movement similar to CTD_AI_BMF_ImposingTank01_20260619_1d.mov). Expand shot at end so we hav",
CTD_AI_QIS_GoesDark02,105,Quebec Ice Storm,QIS,Sent to Cream,,,,,3,"VO: ⏎ ON JANUARY 9TH, AT 5PM, THE ICE STORM FINALLY OVERWHELMS THE CITY’S POWER GRID. MONTREAL GOES DARK. ⏎ IT BECOMES KNOWN AS BLACK FRIDAY.","EXT - MONTREAL RESIDENTIAL STREET. NIGHT ⏎ General environment BUT OUT OF FRAME for this shot: Snow on ground, streetlights on, lights on in houses. Trees, power lines, covered in several inches of ice. Broken trees, branches in street. Abandoned cars in street, also covered in ice. ⏎ ECU streetlight. Tree branches covered in ice in fg, out of focus. Suddenly light goes out. Please make sure all streetlights match across this sequence",
CTD_AI_QIS_GoesDark03,105,Quebec Ice Storm,QIS,Sent to Cream,,,,,4,"VO: ⏎ ON JANUARY 9TH, AT 5PM, THE ICE STORM FINALLY OVERWHELMS THE CITY’S POWER GRID. MONTREAL GOES DARK. ⏎ IT BECOMES KNOWN AS BLACK FRIDAY.","EXT - MONTREAL. NIGHT ⏎ General environment: Snow on ground, streetlights on, lights on in houses. Trees, power lines, covered in several inches of ice. Broken trees, branches in street. Abandoned cars in street, also covered in ice. ⏎ Aerial, camera moves forward over the dark, snow and ice covered city - either looking straight down or slightly ahead. Houses and streetlights are on. Then, block by block, all lights go out. Can we get 3-4 versions of this, please.",
CTD_AI_QIS_GoesDark04,105,Quebec Ice Storm,QIS,Sent to Cream,,,,,5,"VO: ⏎ ON JANUARY 9TH, AT 5PM, THE ICE STORM FINALLY OVERWHELMS THE CITY’S POWER GRID. MONTREAL GOES DARK. ⏎ IT BECOMES KNOWN AS BLACK FRIDAY.","EXT - MONTREAL RESIDENTIAL STREET. NIGHT ⏎ General environment: Snow on ground, streetlights on, lights on in houses. Trees, power lines, covered in several inches of ice. Broken trees, branches in street. Abandoned cars in street, also covered in ice. ⏎ CU lit light at front door of house. POV from side so lit windows of house and other lit houses are visible in bg. Light in fg in focus, other houses beyond out of focus. All lights go out. Expand shot at end so we have a few seconds in dark",
CTD_AI_QIS_GoesDark05,105,Quebec Ice Storm,QIS,Sent to Cream,,,,,7,"VO: ⏎ ON JANUARY 9TH, AT 5PM, THE ICE STORM FINALLY OVERWHELMS THE CITY’S POWER GRID. MONTREAL GOES DARK. ⏎ IT BECOMES KNOWN AS BLACK FRIDAY.","EXT - MONTREAL. NIGHT ⏎ General environment: Same as above but CITY PLUNGED IN DARKNESS. Snow on ground. Trees, power lines, covered in several inches of ice. Broken trees, branches in street. Abandoned cars in street, also covered in ice. ⏎ erial, camera moves forward over the dark, snow and ice covered city - either looking straight down or slightly ahead. Houses and streetlights are OFF. Can we get 3-4 versions of this, please.",
CTD_AI_QIS_NoPowerNoDrinkingWater01,105,Quebec Ice Storm,QIS,Sent to Cream,,,,,2,"EXPERT: To make matters even worse, the next afternoon, around 12:30PM, both water filtration plants that supply Montreal with drinking water simultaneously lose power and shut down.","INT - KITCHEN, HOUSE, QUEBEC. DAY ⏎ Nothing fancy, middle class, but would be good if it was a little cozy, see ref for approximate style. Needs to be different to Chouquette's as well as DinnerByCandle ⏎ It's daytime but make it gloomy. POWER IS OUT at this point, so no lights on ⏎ 2 ECUs closed kitchen cupboard. Hand opens cupboard, takes out glass, closes cupboard. POV up to you. Shallow depth of field please. NO FACE",
CTD_AI_QIS_NoPowerNoDrinkingWater02,105,Quebec Ice Storm,QIS,Sent to Cream,,,,,4,"EXPERT: To make matters even worse, the next afternoon, around 12:30PM, both water filtration plants that supply Montreal with drinking water simultaneously lose power and shut down.","INT - KITCHEN, HOUSE, QUEBEC. DAY ⏎ Nothing fancy, middle class, but would be good if it was a little cozy, see ref for approximate style. Needs to be different to Chouquette's as well as DinnerByCandle ⏎ It's daytime but make it gloomy. POWER IS OUT at this point, so no lights on ⏎ 2-3 ECUs hand holds glass under tab, filling glass with water. Then water stops running. POV up to you. Shallow depth of field, out of focus elements in fg and bg",
CTD_AI_QIS_RippingWall01,105,Quebec Ice Storm,QIS,Sent to Cream,,,,,5,EXPERT: Elderly couples like the Chouquettes lost power days ago and have run out of firewood. They end up desperately ripping wood out of the walls to have something to burn so they don’t freeze to death.,"INT - LIVING ROOM, HOUSE, QUEBEC. DAY ⏎ Basic int house, low income, rural house, nothing fancy - see ref on right for style. Incl Killer reference for light and color. ⏎ 3-4 CUs, piece of wooden wall panel being ripped off wall. Wood splinters as piece comes off wall (don't have him rip entire panel ceiling to floor, unrealistic). A few different POVs would be great. Shallow depth of field, out of focus elements in fg or bg ⏎ E.g.: Camera pushed against wall, looking from side at panel being ripped out; top down view as panel being ripped ⏎ If you show hands, they need to be old person's hands. NO FA",
CTD_AI_QIS_RippingWall02,105,Quebec Ice Storm,QIS,Sent to Cream,,,,,3,EXPERT: Elderly couples like the Chouquettes lost power days ago and have run out of firewood. They end up desperately ripping wood out of the walls to have something to burn so they don’t freeze to death.,"INT - LIVING ROOM, HOUSE, QUEBEC. DAY ⏎ Basic int house, low income, rural house, nothing fancy - see ref on right for style. Incl Killer reference for light and color. ⏎ 2 CUs, camera at floor level. Pile of ripped wooden wall panel pieces in fg in focus, old man out of focus in bg, ripping panel, throwing it towards pile, lands in front of camera. NO FACES",
CTD_AI_QIS_RippingWall03,105,Quebec Ice Storm,QIS,Sent to Cream,,,,,4,EXPERT: Elderly couples like the Chouquettes lost power days ago and have run out of firewood. They end up desperately ripping wood out of the walls to have something to burn so they don’t freeze to death.`,"INT - LIVING ROOM, HOUSE, QUEBEC. DAY ⏎ Basic int house, low income, rural house, nothing fancy - see ref on right for style. Incl Killer reference for light and color. ⏎ ECU, track piece of wooden wall panel being thrown on pile. NO FACES",
CTD_AI_QIS_TransmissionTowers01,105,Quebec Ice Storm,QIS,Sent to Cream,,,,,6,"EXPERT: In Drummondville, 70 miles east of Montreal, eight steel transmission towers collapse like dominoes from the weight of the ice from this storm.","EXT - Quebec countryside. DAY (Drummondville, but we don't see the town) ⏎ Overcast. Cool, blueish, desaturated color palette. ⏎ 2-3 CUs of powerline(s), several inches of ice on power line, swinging ever so slightly in breeze (doesn't need to be 2 inches exactly, but can't be more than a foot). Varying different POVs, please. Massive transmission towers also covered in ice out of focus in bg. Shallow depth of field. For look of transmission towers please see ref on right.",
CTD_AI_QIS_TransmissionTowers02,105,Quebec Ice Storm,QIS,Sent to Cream,,,,,11,"EXPERT: In Drummondville, 70 miles east of Montreal, eight steel transmission towers collapse like dominoes from the weight of the ice from this storm.","EXT - Quebec countryside. DAY (Drummondville, but we don't see the town) ⏎ Overcast. Cool, blueish, desaturated color palette. ⏎ 2-3 CUs of parts of transmission tower, 2 inches of ice covering everything (doesn't need to be 2 inches exactly, but can't be more than a foot). Varying different POVs, please. Feel free to choose extreme angles, like camera close to tower tilted up, tracking up tower. Shallow depth of field. For look of transmission towers please see ref on right.",
CTD_AI_QIS_TransmissionTowers03,105,Quebec Ice Storm,QIS,Sent to Cream,,,,,7,"EXPERT: In Drummondville, 70 miles east of Montreal, eight steel transmission towers collapse like dominoes from the weight of the ice from this storm.","EXT - Quebec countryside. DAY (Drummondville, but we don't see the town) ⏎ Overcast. Cool, blueish, desaturated color palette. ⏎ 3-4 CUs of parts of ice covered transmission towers and power lines buckling under the ice. No WS of this! Can be messy, chaotic. Parts of tower passing through frame. Shallow depth of field. See ref pic of collapsed towers on right.",
CTD_AI_QIS_TransmissionTowers04,105,Quebec Ice Storm,QIS,Sent to Cream,,,,,3,"EXPERT: In Drummondville, 70 miles east of Montreal, eight steel transmission towers collapse like dominoes from the weight of the ice from this storm.","EXT - Quebec countryside. DAY (Drummondville, but we don't see the town) ⏎ Overcast. Cool, blueish, desaturated color palette. ⏎ 3-4 CUs, camera very close to one collapsed tower in focus in fg, other collapsed towers, looping wires out of focus in bg. Varying POVs please, but always from ground, no aerials. Shallow depth of field. See ref pic of collapsed towers on right.",
CTD_AI_STO_JimmyFlees,105,Super Tornado,STO,Not started,,,,,0,"POV AI ⏎ EXPERT: UPS driver, Jimmy Jones, is on the road when he sees it coming. He jumps out of his truck, and sprints up an overpass to take shelter.",,
CTD_AI_STO_JimmyUnderBridge,105,Super Tornado,STO,Not started,,,,,0,"POV AI ⏎ EXPERT: He’s hanging on for dear life under this highway bridge as the tornado hits, and he’s getting pelted by rocks and glass.",,
CTD_AI_STO_TruckDemolished,105,Super Tornado,STO,Not started,,,,,0,"POV AI ⏎ EXPERT: He watches as his UPS truck is picked up, thrown all the way across the highway, and just gets demolished.",,
CTD_AI_GrandmaClosesWindow01,105,Vajont Dam Disaster,VDD,First request,,,,,0,"EXPERT: Micaela Colletti is a 12-year-old girl living in the town of Longarone, below the dam. She hears what she thinks is a thunder clap. Her grandma runs into the room, to close the window because they think a storm is coming.","INT - MICAELA'S BEDROOM. NIGHT. ⏎ Italy early 1960s. Rural bedroom of girl. Simple, rustic. A bit gloomy. One single bed. Wellworn wood floors. Dimly lit by single bedside table lamp switched ON. ⏎ 3 CU. Various POV. Hands of grandma reaching through open window and closing wooden shutters outside . Movement is hasty, decisive. ⏎ Shallow depth of field. Add subtle camera movement. ⏎ See ref for rough idea of shutters",
CTD_AI_VDD_7FootWave01,105,Vajont Dam Disaster,VDD,PAUSE,,,,,0,"EXPERT: When the hillside slides into the water, it kicks up a 7-foot wave that travels across the reservoir.",,
CTD_AI_VDD_ChunkBreaksFree01,105,Vajont Dam Disaster,VDD,Sent to Cream,,,,,4,"EXPERT: Then, on November 4th, a 24- million-cubic-foot chunk of earth breaks free from the mountain and splashes into the reservoir.","EXT - MOUNT TOC VALLEY. DAY. ⏎ Same valley as previous shotcodes. WEATHER: Grey, overcast, winter - no snow yet, but no leaves on trees. DRY GROUND. RESERVOIR PRESENT. ⏎ 4-5 CUs of rocky, grassy hill sliding down hill (see ref pic for location of landslide (pic is taken afterwards). Some of these shots should start showing the quiet hill with the crack, then the ground starts sliding. STAY CLOSE, no MS. Include large rocks and some trees/bushes being uprooted and dragged down. ⏎ Various POVs: ⏎ 1) Grassy, rocky ground, rocks of various sizes sliding right at camera, engulfing camera ⏎ 2) Camera position",
CTD_AI_VDD_ChunkBreaksFree02,105,Vajont Dam Disaster,VDD,Sent to Cream,,,,,3,"EXPERT: Then, on November 4th, a 24- million-cubic-foot chunk of earth breaks free from the mountain and splashes into the reservoir.","EXT - MOUNT TOC VALLEY. DAY. ⏎ Same valley as previous shotcodes. WEATHER: Grey, overcast, winter - no snow yet, but no leaves on trees. Make it moody. DRY GROUND. RESERVOIR PRESENT. ⏎ 2 WS of landslide. Varying POVs (you can choose) - just make it immersive, dynamic, with some out of focus elements in fg, add some camera movement. ⏎ Include large rocks and some trees/bushes being uprooted and dragged down. Shallow depth of field with some out of focus elements in fg. Mountains in bg",
CTD_AI_VDD_ChunkBreaksFree03,105,Vajont Dam Disaster,VDD,Sent to Cream,,,,,4,"EXPERT: Then, on November 4th, a 24- million-cubic-foot chunk of earth breaks free from the mountain and splashes into the reservoir.","EXT - MOUNT TOC VALLEY. DAY. ⏎ Same valley as previous shotcodes. WEATHER: Grey, overcast, winter - no snow yet, but no leaves on trees. Make it moody. DRY GROUND. RESERVOIR PRESENT. ⏎ 2 WS of landslide. Camera positioned at dam. Dam in fg, out of focus. Mountains in bg ⏎ Include large rocks and some trees/bushes being uprooted and dragged down.",
CTD_AI_VDD_CracksForming01,105,Vajont Dam Disaster,VDD,Sent to Cream,,,,,3,"EXPERT: In October of 1960, eight months into the filling process when they've got about 550 feet of water in there, so it's just getting started, this massive mile long crack starts to form in the hillside above the dam.","EXT - MOUNT TOC VALLEY. DAY. ⏎ Same valley as previous shotcodes. WEATHER: isolated, puffy clouds in sky. DRY GROUND. RESERVOIR PRESENT. ⏎ 2-3 Aerials, camera flying along hillside. Large crack visible along grassy, rocky hillside with some bushes (about 1 mile -> just for reference). Don't show it in process of opening, just show it already open. Suggesting flying height of about 20m (saying this just for reference). Reservoir visible down the hill. ⏎ See ref pic #1 for look of crack. See ref pic #2 for location of crack relative to reservoir (the pic is taken after the crack resulted in a landslid",
CTD_AI_VDD_CracksForming02,105,Vajont Dam Disaster,VDD,Sent to Cream,,,,,3,"EXPERT: In October of 1960, eight months into the filling process when they've got about 550 feet of water in there, so it's just getting started, this massive mile long crack starts to form in the hillside above the dam.","EXT - MOUNT TOC VALLEY. DAY. ⏎ Same valley as previous shotcodes. WEATHER: isolated, puffy clouds in sky. DRY GROUND. RESERVOIR PRESENT. ⏎ 2 aerials. Camera positioned on other side of dam (outside, not same side as reservoir). Fly up and reveal reservoir and hillside with large crack from behind dam. ⏎ Don't show crack in process of opening, just show it already open. ⏎ Mountains in bg.",
CTD_AI_VDD_CracksForming03,105,Vajont Dam Disaster,VDD,Sent to Cream,,,,,1,"EXPERT: In October of 1960, eight months into the filling process when they've got about 550 feet of water in there, so it's just getting started, this massive mile long crack starts to form in the hillside above the dam.","EXT - MOUNT TOC VALLEY. DAY. ⏎ Same valley as previous shotcodes. WEATHER: isolated, puffy clouds in sky. DRY GROUND. RESERVOIR PRESENT. ⏎ 2-3 CUs ⏎ 1) camera low to ground, moving forward, POV pointing forward, right over crack. No need to race (not like MSH, this is a slowly developing crack, not an earthquake) ⏎ 2) Another POV and movement. Possibly approaching crack from bottom of hill, so crack is revealed spanning left to right edge frame (and beyond) ⏎ Shallow depth of field. Mountains in bg.",
CTD_AI_VDD_DamConstruction01,105,Vajont Dam Disaster,VDD,PAUSE,,,,,0,"EXPERT: Instead of dealing with the concerns, the government actually criminally charges her with spreading false information. And work on the dam continues.",,
CTD_AI_VDD_EngineersReviewing01,105,Vajont Dam Disaster,VDD,Sent to Cream,,,,,7,"EXPERT: Engineers review the area. They see that it suffers from landslides, but agree it’s stable enough and safe for the project.","EXT - MOUNT TOC VALLEY. DAY. ⏎ Beautiful summer day, sunny, some clouds in blue sky. DRY GROUND. NO RESERVOIR. NO DAM. ⏎ 3-4 CUs. Various POV. Wellworn, 1950s heavy hiking boots walk through frame, away from camera, towards camera on narrow rocky mountain trail (50cm wide at the most) ⏎ As the boots walk, small rocks tumble off path (suggesting instability). ⏎ In bg, out focus, areas are visible where small landslides have happened (5-10m max) ⏎ Would be great to suggest there are 4-5 engineers, i.e. some boots walking out of focus in bg would be great. NO FACES, NO OTHER BODY PARTS, stay very close to",
CTD_AI_VDD_EngineersReviewing02,105,Vajont Dam Disaster,VDD,Sent to Cream,,,,,4,"EXPERT: Engineers review the area. They see that it suffers from landslides, but agree it’s stable enough and safe for the project.","EXT - MOUNT TOC VALLEY. DAY. ⏎ Beautiful summer day, sunny, some clouds in blue sky. DRY GROUND. NO RESERVOIR. NO DAM. ⏎ 2-3 Top down aerials. 4-5 engineers walk on narrow, rocky mountain path (50cm wide at the most). ⏎ Please make sure people don't move robotically. Small areas where landslides have happened should be visible on the side of the trail that's going uphill. Size of previous landslides 5-10m max. ⏎ See ref pics of what the guys should look like (roughly, no need to look exactly like that, but they should carry a wooden stick each. No ropes, please. They should each look a little differen",
CTD_AI_VDD_EngineersReviewing03,105,Vajont Dam Disaster,VDD,Sent to Cream,,,,,1,"EXPERT: Engineers review the area. They see that it suffers from landslides, but agree it’s stable enough and safe for the project.","EXT - MOUNT TOC VALLEY. DAY. ⏎ Beautiful summer day, sunny, some clouds in blue sky. DRY GROUND. NO RESERVOIR. NO DAM. NO PEOPLE. ⏎ 2-3 Aerials flying forward over same mountain path (50cm wide at the most). ⏎ Small areas where landslides have happened should be visible on either side of the trail. Size of previous landslides 5-10m max. ⏎ Mountains in bg.",
CTD_AI_VDD_EngineersReviewing04,105,Vajont Dam Disaster,VDD,Sent to Cream,,,,,4,"EXPERT: Engineers review the area. They see that it suffers from landslides, but agree it’s stable enough and safe for the project.","EXT - MOUNT TOC VALLEY. DAY. ⏎ 3-4 CUs. Same area as previous EngineersReviewing, same weather. DRY GROUND. NO RESERVOIR. ⏎ Camera close to ground, varying POVs of small landslides. Engineers' boots can be out of focus edge of frame. Engineers' wooden sticks poke the areas where landslides have happened. Small rocks and earth is loosened and rolls down. NO FACES. ⏎ Shallow depth of field. Mountains in bg.",
CTD_AI_VDD_EngineersReviewing05,105,Vajont Dam Disaster,VDD,Sent to Cream,,,,,3,"EXPERT: Engineers review the area. They see that it suffers from landslides, but agree it’s stable enough and safe for the project.",EXT - MOUNT TOC VALLEY. DAY. ⏎ 2 ECUs on binoculars hanging around one of the engineers' neck as he grabs them and looks through them. POV can be from slightly behind. NO FACE. See CCS CTD_AI_CCS_NavigatingBySight01_20260702_1a.mov for general framing reference ⏎ Shallow depth of field. Mountains in bg. DRY GROUND. NO RESERVOIR.,
CTD_AI_VDD_ErtoEvacuation01,105,Vajont Dam Disaster,VDD,First request,,,,,0,"EXPERT: In early October, the mayor of Erto, on the shore of the reservoir, calls for an evacuation. But only a few people leave.","INT - ERTO HOUSE. DAY ⏎ Early 1960s. Italian, rural style bedroom. Gloomy. Not brightly lit. ⏎ 2 ECUs. Varying POV. Woman opening wooden wardrobe and taking out dresses on hangers. NO FACE. Make her motions decisive. She's rushing to pack quickly. See QIS CTD_AI_QIS_RippingWall and CTD_AI_QIS_BurningWood for example of tight framing. Shots should be so tight, we hardly see anything of her. ⏎ Make it feel in the moment. Shallow depth of field. ⏎ See ref pic for rough style of wardrobe, nothing fancy",
CTD_AI_VDD_ErtoEvacuation02,105,Vajont Dam Disaster,VDD,First request,,,,,0,"EXPERT: In early October, the mayor of Erto, on the shore of the reservoir, calls for an evacuation. But only a few people leave.","INT - ERTO HOUSE. DAY ⏎ Early 1960s. Italian, rural style bedroom. Gloomy. Not brightly lit. ⏎ 2 ECUs. Varying POVs. Woman packing clothes into suitcase lying on bed (clothes she just took out of wardrobe in previous shot) NO FACE. Make her motions decisive. She's rushing to pack quickly. See QIS CTD_AI_QIS_RippingWall and CTD_AI_QIS_BurningWood for example of tight framing. Shots should be so tight, we hardly see anything of her. ⏎ Make it feel in the moment. Shallow depth of field. ⏎ See ref pics for style of suitcase and bedroom. Nothing fancy.",
CTD_AI_VDD_ErtoEvacuation03,105,Vajont Dam Disaster,VDD,First request,,,,,0,"EXPERT: In early October, the mayor of Erto, on the shore of the reservoir, calls for an evacuation. But only a few people leave.","INT - ERTO HOUSE. DAY ⏎ Bedroom. Gloomy. NOT brightly lit. ⏎ 2 ECUs. Varying POVs. Woman packing clothes into suitcase lying on bed (clothes she just took out of wardrobe in previous shot) NO FACE. Make her motions decisive. She's rushing to pack quickly. See QIS CTD_AI_QIS_RippingWall and CTD_AI_QIS_BurningWood for example of tight framing. Shots should be so tight, we hardly see anything of her. ⏎ Make it feel in the moment. Shallow depth of field. ⏎ See ref pics for style of suitcase and bedroom. Nothing fancy.",
CTD_AI_VDD_ErtoEvacuation04,105,Vajont Dam Disaster,VDD,First request,,,,,0,"EXPERT: In early October, the mayor of Erto, on the shore of the reservoir, calls for an evacuation. But only a few people leave.","INT - ERTO HOUSE. DAY ⏎ Kitchen. Gloomy. NOT brightly lit. ⏎ 2 ECUs. Varying POVs. Man stuffing shirts into backpack. NO FACE. Make his motions decisive. He's rushing to pack quickly. Shots should be so tight, we hardly see anything of him. Make it messy ⏎ Make it feel in the moment. Shallow depth of field. ⏎ See ref pics for style of backpack and room. Nothing fancy.",
CTD_AI_VDD_ErtoEvacuation05,105,Vajont Dam Disaster,VDD,First request,,,,,0,"EXPERT: In early October, the mayor of Erto, on the shore of the reservoir, calls for an evacuation. But only a few people leave.","EXT - ERTO VILLAGE. DAY ⏎ WEATHER: Fall, red/yellow leaves. Grey. Overcast. ⏎ 2 ECUs. Woman's hand pulling door shut and turning key in lock. If we see sleeve it should be 1950s winter coat, no gloves. See ref pic for coat and style of door/key. ⏎ Shallow depth of field",
CTD_AI_VDD_ErtoEvacuation06,105,Vajont Dam Disaster,VDD,First request,,,,,0,"EXPERT: In early October, the mayor of Erto, on the shore of the reservoir, calls for an evacuation. But only a few people leave.","EXT - ERTO VILLAGE. DAY ⏎ WEATHER: Fall, red/yellow leaves. Grey. Overcast. ⏎ 2-3 ECUs. Varying POVs. Camera at ground level. cobblestoned street. Legs of herd of sheep going by lens. Make it immersive. Sheep are moving with purpose. Shallow depth of field - some legs out of focus in bg and fg. ⏎ See ref pic for street. Framing could even be tighter than ref shot of sheep legs",
CTD_AI_VDD_ErtoEvacuation07,105,Vajont Dam Disaster,VDD,First request,,,,,0,"EXPERT: In early October, the mayor of Erto, on the shore of the reservoir, calls for an evacuation. But only a few people leave.","EXT - ERTO VILLAGE. DAY ⏎ WEATHER: Fall, red/yellow leaves. Grey. Overcast. ⏎ 2 CUs (bg WS). Camera positioned at wall on right (see ref pic of alley), looking down alley. Wall in CU in focus in fg. Out of focus in bg, walking away from camera: Herd of sheep with shepherd going down alley, followed after a second by couple and 2 kids (2 and 4 years old roughly) who packed up house. Everyone is rushing. ⏎ Shallow depth of field",
CTD_AI_VDD_ErtoEvacuation08,105,Vajont Dam Disaster,VDD,First request,,,,,0,"EXPERT: In early October, the mayor of Erto, on the shore of the reservoir, calls for an evacuation. But only a few people leave.","EXT - ERTO VILLAGE. DAY ⏎ WEATHER: Fall, red/yellow leaves. Grey. Overcast. ⏎ 2 WS (CU out of focus) - would be great to emulate the framing of ref pic. Camera positioned close to railing in right of ref pic, railing out of focus in fg. ⏎ Sheep and shepherd going around curve in road, followed by 1950s car (see ref pic, suitcase on back of car is nice touch), followed by family in previous shots on foot (please make sure clothing matches across shots)",
CTD_AI_VDD_EvenMoreLowering01,105,Vajont Dam Disaster,VDD,PAUSE,,,,,0,EXPERT: The engineers still think they can get this under control by continuing to lower the water level. But some locals aren’t willing to risk it.,,
CTD_AI_VDD_HillSlipping01,105,Vajont Dam Disaster,VDD,First request,,,,,0,"EXPERT: Once again, the hillside starts to slip. ⏎ EXPERT: By late September, engineers are starting to see the side of the mountain slip about eight inches a day","EXT - MOUNT TOC VALLEY. DAY. ⏎ Same valley as previous shotcodes. WEATHER: Fall, red/yellow leaves. Grey. Overcast. MUDDY, WET GROUND. RESERVOIR PRESENT. ⏎ 3 Aerials. ⏎ Various POVs. Camera flying along hill/mountain side. Large cracks visible in multiple areas on mountain. Can be 2-3m wide in places (just naming number for reference, what I mean by ""large""). They should not open during the shot, just be open already. ⏎ Some cracks should be higher up mountain, in treed area. ⏎ See ref pic of size of landslide to come (pic is after slide). Areas of cracks don't have to/should not match this exactly. In",
CTD_AI_VDD_HillSlipping02,105,Vajont Dam Disaster,VDD,First request,,,,,0,"EXPERT: Once again, the hillside starts to slip. ⏎ EXPERT: By late September, engineers are starting to see the side of the mountain slip about eight inches a day","EXT - MOUNT TOC VALLEY. DAY. ⏎ Same valley as previous shotcodes. WEATHER: Fall, red/yellow leaves. Grey. Overcast. MUDDY, WET GROUND. RESERVOIR PRESENT. ⏎ 5 CUs. Varying POVs. Camera moving along cracks (same ones as HillSlipping01, don't need to match exactly, just general idea). ⏎ No dramatic movement of earth - cracks should be open already. BUT show some minor movement, like little rocks tumbling, small chunk of mud falling. ⏎ Shallow depth of field, out of focus elements in shots",
CTD_AI_VDD_HillSlipping03,105,Vajont Dam Disaster,VDD,First request,,,,,0,"EXPERT: Once again, the hillside starts to slip. ⏎ EXPERT: By late September, engineers are starting to see the side of the mountain slip about eight inches a day","EXT - MOUNT TOC VALLEY. DAY. ⏎ Same valley as previous shotcodes. WEATHER: Fall, red/yellow leaves. Grey. Overcast. MUDDY, WET GROUND. RESERVOIR PRESENT. ⏎ 4 ECUs. Varying POVs. Camera moving along cracks (same ones as HillSlipping01, don't need to match exactly, just general idea). ⏎ Small landslide at one of the cracks. Maybe 20m or so across. Nothing huge. Make it immersive. Rocks/muddy earth tumbling at camera. ⏎ Shallow depth of field, out of focus elements in shots""",
CTD_AI_VDD_HillSlipping04,105,Vajont Dam Disaster,VDD,First request,,,,,0,"EXPERT: Once again, the hillside starts to slip. ⏎ EXPERT: By late September, engineers are starting to see the side of the mountain slip about eight inches a day","EXT - MOUNT TOC VALLEY. DAY. ⏎ Same valley as previous shotcodes. WEATHER: Fall, red/yellow leaves. Grey. Overcast. MUDDY, WET GROUND. RESERVOIR PRESENT. ⏎ 2-3 CUs to WS. binoculars around neck of engineer being grabbed, raised to face, looking towards mountainside. POV from top of dam. 4-5 engineers standing on dam. NO FACES. Show minimal amount of engineers at edge of frame. Most of shot should be mountainside in distance. ⏎ Fyi, last ref pic points wrong way, just posting as ref for top of dam",
CTD_AI_VDD_LandslideIntoReservoir01,105,Vajont Dam Disaster,VDD,First request,,,,,0,"EXPERT: Over nine billion cubic feet of earth, trees, and rock slams into the reservoir below.** **","EXT - MOUNT TOC VALLEY. NIGHT. ⏎ WEATHER: Fall, red/yellow leaves. Overcast. DARK. ⏎ 8 CUs. Varying POVs and camera movement. Earth, rock, trees, bushes, grass SLAMS into the water. Make it huge, epic, violent, super immersive. Fourth ref pic shows reservoir after slide - gives you idea how massive it was ⏎ Consult shots like: CTD_AI_HKA_WaterDemolishHouse_20260727_1i.mov, CTD_AI_HKA_LeveeBreaks_20260723_1a.mov, CTD_AI_HKA_WaterErodingLevee_20260724_2b.mov, CTD_AI_HKA_9thWardFlood_20260727_1b.mov",
CTD_AI_VDD_LandslideIntoReservoir02,105,Vajont Dam Disaster,VDD,First request,,,,,0,"EXPERT: Over nine billion cubic feet of earth, trees, and rock slams into the reservoir below.** **","EXT - MOUNT TOC VALLEY. NIGHT. ⏎ WEATHER: Fall, red/yellow leaves. Overcast. DARK. ⏎ 4 MS. Varying POVs and camera movement. Earth, rock, trees, bushes, grass SLAMS into the water. Make it huge, epic, violent, super immersive. Consult shots like: CTD_AI_HKA_WaterDemolishHouse_20260727_1i.mov, CTD_AI_HKA_LeveeBreaks_20260723_1a.mov, CTD_AI_HKA_WaterErodingLevee_20260724_2b.mov, CTD_AI_HKA_9thWardFlood_20260727_1b.mov",
CTD_AI_VDD_LandslideIntoReservoir03,105,Vajont Dam Disaster,VDD,First request,,,,,0,"EXPERT: Over nine billion cubic feet of earth, trees, and rock slams into the reservoir below.** **","EXT - MOUNT TOC VALLEY. NIGHT. ⏎ WEATHER: Fall, red/yellow leaves. Overcast. DARK. ⏎ 4 WS. Varying POVs and camera movement. Earth, rock, trees, bushes, grass SLAMS into the water. Make it huge, epic, violent, super immersive. Consult shots like: CTD_AI_HKA_WaterDemolishHouse_20260727_1i.mov, CTD_AI_HKA_LeveeBreaks_20260723_1a.mov, CTD_AI_HKA_WaterErodingLevee_20260724_2b.mov, CTD_AI_HKA_9thWardFlood_20260727_1b.mov""",
CTD_AI_VDD_LandslideUnderwater01,105,Vajont Dam Disaster,VDD,First request,,,,,0,"EXPERT: The landslide is so big, it’s about twice the volume of all the water in the reservoir.","EXT - MOUNT TOC RESERVOIR UNDERWATER. NIGHT. ⏎ CAMERA UNDERWATER. DARK. ⏎ 8 CUs. Varying POVs and camera movement. Underwater as Earth, rock, trees, bushes, grass SLAMS into the water. Make it huge, epic, violent, super immersive. Consult shots like: CTD_AI_HKA_WaterDemolishHouse_20260727_1i.mov, CTD_AI_HKA_LeveeBreaks_20260723_1a.mov, CTD_AI_HKA_WaterErodingLevee_20260724_2b.mov, CTD_AI_HKA_9thWardFlood_20260727_1b.mov",
CTD_AI_VDD_LightsGoOut01,105,Vajont Dam Disaster,VDD,First request,,,,,0,"EXPERT: Then the lights go out, and Micaela hears what sounds like a million metal shutters slamming shut at once.","INT - MICAELA'S BEDROOM. NIGHT. ⏎ Italy early 1960s. Rural bedroom of girl. Simple, rustic. A bit gloomy. One single bed. Wellworn wood floors. Dimly lit by single bedside table lamp switched ON. ⏎ 2 ECU. Various POV. Bedside table lamp is ON. Then flickers and goes DARK, keeps swaying. ⏎ Give us 2-3 sec on and 2-3 seconds dark. See ref for lamp.",
CTD_AI_VDD_LightsGoOut02,105,Vajont Dam Disaster,VDD,First request,,,,,0,"EXPERT: Then the lights go out, and Micaela hears what sounds like a million metal shutters slamming shut at once.","INT - MICAELA'S BEDROOM. NIGHT. ⏎ Italy early 1960s. Rural bedroom of girl. Simple, rustic. A bit gloomy. One single bed. Wellworn wood floors. Dimly lit by single bedside table lamp switched OFF. ROOM DARK. ⏎ 2 CU. Various POV. Girl's grand pulling teddy bear closer. If possible, have bed start shaking, like during a mild earthquake (don't make it cartoonish) ⏎ Shallow depth of field. Add subtle camera movement. ⏎ Bear needs to match MicaelaInBed03",
CTD_AI_VDD_LightsGoOut03,105,Vajont Dam Disaster,VDD,First request,,,,,0,"EXPERT: Then the lights go out, and Micaela hears what sounds like a million metal shutters slamming shut at once.","INT - MICAELA'S BEDROOM. NIGHT. ⏎ Italy early 1960s. Rural bedroom of girl. Simple, rustic. A bit gloomy. One single bed. Wellworn wood floors. Single ceiling lampshade switched OFF. ROOM DARK. ⏎ 2 ECU. Various POV. Book on nighttable. Nighttable and book shake, like during an earthquake (don't make it cartoonish) ⏎ Shallow depth of field. Add subtle camera movement. ⏎ See ref pic for rough idea of nightstand",
CTD_AI_VDD_LoweringWater01,105,Vajont Dam Disaster,VDD,Sent to Cream,,,,,2,"EXPERT: They quickly lower the level of the water to 450 feet, thinking if they fill it back up _slowly_, that might give the ground a chance to solidify.","EXT - MOUNT TOC VALLEY. DAY. ⏎ Same valley as previous shotcodes. WEATHER: Grey, overcast, winter - no snow yet, but no leaves on trees. Make it moody. RESERVOIR PRESENT. ⏎ 2 ECUs. Varying POVs. Water level gauge on concrete. Camera at water level. Water level lowers, camera moves with it and reveals the number 450. You can make the shot so tight, no other numbers are visible. ⏎ See ref pic for possible example, you can omit the little numbers)",
CTD_AI_VDD_LoweringWater02,105,Vajont Dam Disaster,VDD,Sent to Cream,,,,,4,"EXPERT: They quickly lower the level of the water to 450 feet, thinking if they fill it back up _slowly_, that might give the ground a chance to solidify.","EXT - MOUNT TOC VALLEY. DAY. ⏎ Same valley as previous shotcodes. WEATHER: Grey, overcast, winter - no snow yet, but no leaves on trees. Make it moody. DRY GROUND. RESERVOIR PRESENT. ⏎ 4 CUs. Varying POVs. Water rushing out of spillway at top of dam (see ref pics) ⏎ Shallow depth of field. Mountains in bg. ⏎ E.g. ⏎ camera moving forward along dam, very close to rushing water ⏎ Camera low on dam, water rushing right at lens, moving up streams of water, revealing spillway ⏎ NOTE: We can't find pics of water rushing out VDD spillway. Last pic is a different dam, just for reference what it looks like in general",
CTD_AI_VDD_LoweringWater03,105,Vajont Dam Disaster,VDD,Sent to Cream,,,,,6,"EXPERT: They quickly lower the level of the water to 450 feet, thinking if they fill it back up _slowly_, that might give the ground a chance to solidify.","EXT - MOUNT TOC VALLEY. DAY. ⏎ Same valley as previous shotcodes. WEATHER: Grey, overcast, winter - no snow yet, but no leaves on trees. Make it moody. DRY GROUND. RESERVOIR PRESENT. ⏎ 4 CUs. Varying POV. Water level lowering at shore. See water recede, leaving mark where it used to be on shore. (See ref pic, white banding on shore. This pic is pretty extreme. See ref pic on right - as above, coloring of receded waterline doesn't need to be so extremely bright white. A lighter grey to show the exposed rock works better.)",
CTD_AI_VDD_LoweringWater04,105,Vajont Dam Disaster,VDD,Sent to Cream,,,,,4,"EXPERT: They quickly lower the level of the water to 450 feet, thinking if they fill it back up _slowly_, that might give the ground a chance to solidify.","EXT - MOUNT TOC VALLEY. DAY. ⏎ Same valley as previous shotcodes. WEATHER: Grey, overcast, winter - no snow yet, but no leaves on trees. Make it moody. DRY GROUND. RESERVOIR PRESENT. ⏎ 3 Aerials. Varying POVs. ⏎ Camera flying along shore showing receded water line (water doesn't need to actively recede in these shots, just show the aftermath of water having receded) ⏎ See ref pic on right - as above, coloring of receded waterline doesn't need to be so extremely bright white. A lighter grey to show the exposed rock works better.",
CTD_AI_VDD_MassiveLandslide01,105,Vajont Dam Disaster,VDD,First request,,,,,0,"VO: ⏎ OCTOBER 9, 1963. 10:39PM. ⏎ MOUNT TOC GIVES WAY AS A 1.2-MILE WIDE, 1-MILE-DEEP LANDSLIDE STARTS MOVING DOWN SLOPE.","EXT - MOUNT TOC VALLEY. NIGHT. ⏎ WEATHER: Fall, red/yellow leaves. Overcast. DARK. ⏎ 5 ECUs of crack. Along crack, earth and rock start sliding at dramatic scale. ⏎ Varying POVs and camera movement. E.g.: ⏎ 1) camera racing over widening crack (for ref see CTD_AI_MSH_CrackForming_20260427_3a.mov) ⏎ camera positioned below crack(s) - earth, mud, rocks sliding towards camera ⏎ 2) camera positioned at side of sliding earth, mud, rock. Moving with landslide. ⏎ Make it huge, epic, chaotic, immersive. Have dust, debris, bushes, trees sliding with earth. For scale see ref pic.",
CTD_AI_VDD_MassiveLandslide02,105,Vajont Dam Disaster,VDD,First request,,,,,0,"VO: ⏎ OCTOBER 9, 1963. 10:39PM. ⏎ MOUNT TOC GIVES WAY AS A 1.2-MILE WIDE, 1-MILE-DEEP LANDSLIDE STARTS MOVING DOWN SLOPE.","EXT - MOUNT TOC VALLEY. NIGHT. ⏎ WEATHER: Fall, red/yellow leaves. Overcast. DARK. ⏎ 8 CUs in middle of landslide. Varying POVs and camera movement. E.g.: ⏎ 1) earth sliding at camera, for ref see: CTD_AI_MSH_PyroclasticFlow_20260408_2a.mov (this shot largely shows dust, we need earth/rocks obviously, but this shot gives a great sense of the immersive feel we need) ⏎ 2) have sliding earth/rocks completely overtake camera ⏎ 3) Go crazy, be creative, think of other options :) ⏎ Make it huge, epic, chaotic, immersive. Have dust, debris, bushes, trees sliding with earth. For scale see ref pic. This is MUCH LA",
CTD_AI_VDD_MassiveLandslide03,105,Vajont Dam Disaster,VDD,First request,,,,,0,"VO: ⏎ OCTOBER 9, 1963. 10:39PM. ⏎ MOUNT TOC GIVES WAY AS A 1.2-MILE WIDE, 1-MILE-DEEP LANDSLIDE STARTS MOVING DOWN SLOPE.","EXT - MOUNT TOC VALLEY. NIGHT. ⏎ WEATHER: Fall, red/yellow leaves. Overcast. DARK. ⏎ 4 WS. Various POV. Mountain side sliding towards reservoir. Make it epic, massive. Should feel like half the mountain is in motion. This is MUCH LARGER than landslides earlier and needs to feel that way. Third ref pic shows reservoir after slide - gives you idea how massive it was",
CTD_AI_VDD_MassiveLandslide04,105,Vajont Dam Disaster,VDD,First request,,,,,0,"VO: ⏎ OCTOBER 9, 1963. 10:39PM. ⏎ MOUNT TOC GIVES WAY AS A 1.2-MILE WIDE, 1-MILE-DEEP LANDSLIDE STARTS MOVING DOWN SLOPE.","EXT - MOUNT TOC VALLEY. NIGHT. ⏎ WEATHER: Fall, red/yellow leaves. Overcast. DARK. ⏎ 4 MS. Varying POV. Mountain side sliding towards reservoir. Make it epic, massive. Should feel like half the mountain is in motion. This is MUCH LARGER than landslides earlier and needs to feel that way. Third ref pic shows reservoir after slide - gives you idea how massive it was",
CTD_AI_VDD_MicaelaRescued01,105,Vajont Dam Disaster,VDD,PAUSE,,,,,0,"EXPERT: Rescuers pull Micaela from the mud nearly a quarter mile from where her house was. But she loses her grandma, both parents, and a sister to the flood.",,
CTD_AI_VDD_MicaelaWashedOut01,105,Vajont Dam Disaster,VDD,First request,,,,,0,EXPERT: Her bed collapses as she feels this hole open up beneath her and the water washes her right out of her house.,"INT - MICAELA'S BEDROOM. NIGHT. ⏎ Italy early 1960s. Rural bedroom of girl. Simple, rustic. A bit gloomy. One single bed. Wellworn wood floors. Single ceiling lampshade switched OFF. ROOM DARK. ⏎ 6 CU. Various POV. Camera very close to bed. Floor collapses under bed. Bed falls. Huge amounts of water explode through walls,floor, debris. Lots of dust. Camera falls with bed. Water engulfs camera. NO PEOPLE. Make it immersive, chaotic. ⏎ See SDS for ref of collapsing building - BUT MAKE EVEN MORE IMMERSIVE: CTD_AI_SDS_SukTrapped_20260702_1c.mov, CTD_AI_SDS_SukTrapped_20260702_1b.mov, CTD_AI_SDS_GettingT",
CTD_AI_VDD_MoreLowering03,105,Vajont Dam Disaster,VDD,PAUSE,,,,,0,EXPERT: They immediately start lowering the water level. But this time…their trick doesn’t work.,,
CTD_AI_VDD_MountainMisc,105,Vajont Dam Disaster,VDD,Sent to Cream,,,,,3,,,
CTD_AI_VDD_MountainUnstable01,105,Vajont Dam Disaster,VDD,Sent to Cream,,,,,7,EXPERT: (They come to the conclusion that the rising water behind the dam is saturating the surrounding land)... ⏎ causing the mountains around the dam to become increasingly unstable.,"EXT - MOUNT TOC VALLEY. DAY. ⏎ Same valley as previous shotcodes. WEATHER: Grey, overcast, winter - no snow yet, but no leaves on trees. Make it moody. MUDDY, WET GROUND. RESERVOIR PRESENT. ⏎ 2 Aerials. ⏎ 1) Camera flying forward (roughly 20-30m up in air), alongside shore of reservoir. Muddy, rocky ground rises from edge of water up hill ⏎ 2) Camera flying over water of reservoir towards shore (roughly 20-30m up in air), passes over shore and up muddy, rocky ground and hillside ⏎ Area where landslide happened visible somewhere in shot",
CTD_AI_VDD_MountainUnstable02,105,Vajont Dam Disaster,VDD,Sent to Cream,,,,,4,EXPERT: (They come to the conclusion that the rising water behind the dam is saturating the surrounding land)... ⏎ causing the mountains around the dam to become increasingly unstable.,"EXT - MOUNT TOC VALLEY. DAY. ⏎ Same valley as previous shotcodes. WEATHER: Grey, overcast, winter - no snow yet, but no leaves on trees. Make it moody. MUDDY, WET GROUND. RESERVOIR PRESENT. ⏎ 4 CUs. Varying POVs. Hillside is quiet. Suddenly an isolated chunk of mud and rock slides down hill towards reservoir. Not a full landslide. Just one chunk. Give us some variety with various types of chunks sliding",
CTD_AI_VDD_SlidesIntoWater01,105,Vajont Dam Disaster,VDD,Sent to Cream,,,,,6,"EXPERT: That’s like 4 to 5 city blocks, with apartment buildings - an entire neighborhood - sliding into the water.","EXT - MOUNT TOC VALLEY. DAY. ⏎ Same valley as previous shotcodes. WEATHER: Grey, overcast, winter - no snow yet, but no leaves on trees. Make it moody. DRY GROUND. RESERVOIR PRESENT. ⏎ 4-5 CUs. Camera at water line. Varying POVs - from below, the side, above: Landslide hits water. Make it immersive, messy, chaotic, ""in your face."" Have camera engulfed by water and debris as landslide hits water. ⏎ Shallow depth of field. Include out of focus elements in fg: grass, rocks; mountains in bg ⏎ See ref pic for actual size and look of slide",
CTD_AI_VDD_SlidesIntoWater02,105,Vajont Dam Disaster,VDD,Sent to Cream,,,,,7,"EXPERT: That’s like 4 to 5 city blocks, with apartment buildings - an entire neighborhood - sliding into the water.","EXT - MOUNT TOC VALLEY. DAY. ⏎ Same valley as previous shotcodes. WEATHER: Grey, overcast, winter - no snow yet, but no leaves on trees. Make it moody. DRY GROUND. RESERVOIR PRESENT. ⏎ 3 CUs. Varying POVs underwater as rocks and debris come crashing in. ⏎ See ref pic for actual size and look of slide",
CTD_AI_VDD_SwellingReservoir01,105,Vajont Dam Disaster,VDD,Sent to Cream,,,,,3,"VO: ⏎ THE FOLLOWING SUMMER, HEAVY RAINS SWELL THE RESERVOIR TO ITS HIGHEST LEVEL, 814 FEET.","EXT - MOUNT TOC VALLEY. DAY. ⏎ Same valley as previous shotcodes. WEATHER: Summer, leaves on trees. Heavy cloud cover, overcast. ⏎ 2 ECUs. Varying POVs. Water level gauge on concrete (same as CTD_AI_VDD_LoweringWater01). Camera at water level. Water level rises, camera moves with it to number 814. You can make the shot so tight, no other numbers are visible. ⏎ See ref pic for possible example, you can omit the little numbers)",
CTD_AI_VDD_SwellingReservoir02,105,Vajont Dam Disaster,VDD,Sent to Cream,,,,,4,"VO: ⏎ THE FOLLOWING SUMMER, HEAVY RAINS SWELL THE RESERVOIR TO ITS HIGHEST LEVEL, 814 FEET.","EXT - MOUNT TOC VALLEY. DAY. ⏎ Same valley as previous shotcodes. WEATHER: Summer, leaves on trees. Grey. Heavy cloud cover, RAIN. MUDDY, WET GROUND. RESERVOIR PRESENT. ⏎ 2 ECUs. Varying POVs. Muddy ground. Puddle. Heavy raindrops falling in puddle on muddy hillside. Shallow depth of field. Mountains shrouded in clouds in bg.",
CTD_AI_VDD_SwellingReservoir03,105,Vajont Dam Disaster,VDD,Sent to Cream,,,,,4,"VO: ⏎ THE FOLLOWING SUMMER, HEAVY RAINS SWELL THE RESERVOIR TO ITS HIGHEST LEVEL, 814 FEET.","EXT - MOUNT TOC VALLEY. DAY. ⏎ Same valley as previous shotcodes. WEATHER: Summer, leaves on trees. Grey. Heavy cloud cover, RAIN. MUDDY, WET GROUND. RESERVOIR PRESENT. ⏎ 2-3 MS. Muddy, rocky shoreline. Heavy rain drops falling. Very small waves lapping on rocky, muddy shore. Water is rising slowly. ⏎ Shallow depth of field",
CTD_AI_VDD_Tsunami01,105,Vajont Dam Disaster,VDD,First request,,,,,0,EXPERT: A nearly 500-foot tsunami wave barrels down the valley toward the villages below.,"EXT - VALLEY BELOW DAM. NIGHT. ⏎ WEATHER: Fall, red/yellow leaves. Overcast. DARK. ⏎ 4 WS. Various POVs and camera movement. Massive wave, basically a tsunami, pushes down narrow valley and towards town of Longarone. Make it immersive, be careful it doesn't look cartoonish. Include POV of wave itself, barreling towards town. ⏎ Second ref pic obviously after tsunami, just consult for general geography ⏎ Consult shots like: CTD_AI_HKA_FloodDestroysHouses_20260723_3a.mov, CTD_AI_HKA_LeveeBreaks_20260622_1a.mov, CTD_AI_HKA_WaterDemolishHouse_20260727_1i.mov, CTD_AI_HKA_LeveeBreaks_20260723_1a.mov, CTD_AI_",
CTD_AI_VDD_Tsunami02,105,Vajont Dam Disaster,VDD,First request,,,,,0,EXPERT: A nearly 500-foot tsunami wave barrels down the valley toward the villages below.,"EXT - VALLEY BELOW DAM. NIGHT. ⏎ WEATHER: Fall, red/yellow leaves. Overcast. DARK. ⏎ 6 CUs. Varying POVs and camera movement. Massive wave, basically a tsunami, pushes down narrow valley and towards town of Longarone. Make it immersive, be careful it doesn't look cartoonish. Include POV of wave itself, barreling towards town. ⏎ First ref pic obviously after tsunami, just consult for general geography ⏎ Consult shots like: CTD_AI_HKA_FloodDestroysHouses_20260723_3a.mov, CTD_AI_HKA_LeveeBreaks_20260622_1a.mov, CTD_AI_HKA_WaterDemolishHouse_20260727_1i.mov, CTD_AI_HKA_LeveeBreaks_20260723_1a.mov, CTD_AI_",
CTD_AI_VDD_Tsunami03,105,Vajont Dam Disaster,VDD,First request,,,,,0,EXPERT: A nearly 500-foot tsunami wave barrels down the valley toward the villages below.,"EXT - LONGARONE TOWN. NIGHT. ⏎ WEATHER: Fall, red/yellow leaves. Overcast. DARK. ⏎ 3 CUs. Varying POVs and camera movement. Church steeple of Longarone in fg in focus. Surrounded by houses, dark, quiet, serene. In the dark background, a massive wave, comes roaring, out of focus, towards town. Make it immersive, be careful it doesn't look cartoonish. ⏎ Consult shots like: CTD_AI_HKA_FloodDestroysHouses_20260723_3a.mov, CTD_AI_HKA_LeveeBreaks_20260622_1a.mov, CTD_AI_HKA_WaterDemolishHouse_20260727_1i.mov, CTD_AI_HKA_LeveeBreaks_20260723_1a.mov, CTD_AI_HKA_WaterErodingLevee_20260724_2b.mov, CTD_AI_HKA_",
CTD_AI_VDD_WalkingMountain01,105,Vajont Dam Disaster,VDD,Sent to Cream,,,,,3,"EXPERT: Mount Toc has a history of being a little unstable, and prone to landslides. It’s even earned the nickname “the mountain that walks.”","EXT - MOUNT TOC VALLEY. DAY. ⏎ Beautiful summer day, sunny, some clouds in blue sky. DRY GROUND. NO RESERVOIR. NO DAM. ⏎ 2-3 WS. Camera low to ground, slight forward movement across rocks and grass. Some grass out of focus in fg. ⏎ Camera passes over rocky outcrop and reveals stunning mountain valley of Mount Toc (camera positioned about half way between mountain tops and bottom of valley) NO RESERVOIR OR DAM YET - just a small creek at bottom of steep, narrow valley (so small it's barely visible). ⏎ NO SIGNS OF LANDSLIDES YET. All hills around bottom of valley should be intact, green, rocky. ⏎ See ref",
CTD_AI_VDD_WalkingMountain02,105,Vajont Dam Disaster,VDD,Sent to Cream,,,,,3,"EXPERT: Mount Toc has a history of being a little unstable, and prone to landslides. It’s even earned the nickname “the mountain that walks.”","EXT - MOUNT TOC VALLEY. DAY. ⏎ 3-4 CUs - camera low to ground. Same valley & weather as WalkingMountain01 but camera positioned a little closer to bottom of valley (not at very bottom - if 01 was halfway, then 02 could be another quarter way down towards bottom). DRY GROUND. NO RESERVOIR. ⏎ Would be great if shot started with the mountainside undisturbed. Then: very, very minor landslide happening right in front of and around camera: Some earth sliding. Some smaller rocks tumbling right in front of lens. Shallow depth of field. Just get sense that some rocks are loose and moving. Trees and bushes",
CTD_AI_VDD_WalkingMountain03,105,Vajont Dam Disaster,VDD,Sent to Cream,,,,,5,"EXPERT: Mount Toc has a history of being a little unstable, and prone to landslides. It’s even earned the nickname “the mountain that walks.”",EXT - MOUNT TOC VALLEY. DAY. ⏎ 2-3 ECU - camera low to ground. Same valley & weather as WalkingMountain01/02. Same location as 02. DRY GROUND. NO RESERVOIR. ⏎ Varying POVs. Even closer version of 02. Tiny rocks and sand in front of lens start sliding. Shallow depth of field. Some moss and small mountain flowers start sliding and move past lens/move towards lens/disappear from focus (depending on POV),
CTD_AI_VDD_WaterDisplaced01,105,Vajont Dam Disaster,VDD,First request,,,,,0,EXPERT: The landslide pushes more than 270 million tons of water up…and over the dam.,"EXT - MOUNT TOC VALLEY RESERVOIR. NIGHT. ⏎ WEATHER: Fall, red/yellow leaves. Overcast. DARK. ⏎ 4 WS. Varying POVs and camera movement. Massive wave, basically a tsunami, rushes toward the dam. Make it immersive, be careful it doesn't look cartoonish. ⏎ Consult shots like: CTD_AI_HKA_FloodDestroysHouses_20260723_3a.mov, CTD_AI_HKA_LeveeBreaks_20260622_1a.mov, CTD_AI_HKA_WaterDemolishHouse_20260727_1i.mov, CTD_AI_HKA_LeveeBreaks_20260723_1a.mov, CTD_AI_HKA_WaterErodingLevee_20260724_2b.mov, CTD_AI_HKA_9thWardFlood_20260727_1b.mov",
CTD_AI_VDD_WaterDisplaced02,105,Vajont Dam Disaster,VDD,First request,,,,,0,EXPERT: The landslide pushes more than 270 million tons of water up…and over the dam.,"EXT - MOUNT TOC VALLEY RESERVOIR. NIGHT. ⏎ WEATHER: Fall, red/yellow leaves. Overcast. DARK. ⏎ 2 Aerials. Varying POVs and camera movement. Massive wave, basically a tsunami, rushes toward the dam. Make it immersive, be careful it doesn't look cartoonish. ⏎ Consult shots like: CTD_AI_HKA_FloodDestroysHouses_20260723_3a.mov",
CTD_AI_VDD_WaterDisplaced03,105,Vajont Dam Disaster,VDD,First request,,,,,0,EXPERT: The landslide pushes more than 270 million tons of water up…and over the dam.,"EXT - MOUNT TOC VALLEY RESERVOIR. NIGHT. ⏎ WEATHER: Fall, red/yellow leaves. Overcast. DARK. ⏎ 8 CUs. Various POVs and camera movement. Massive wave, basically a tsunami, rushes toward the dam. Make it immersive, be careful it doesn't look cartoonish. Include POV of wave itself, barreling towards the dam. ⏎ Consult shots like: CTD_AI_HKA_FloodDestroysHouses_20260723_3a.mov, CTD_AI_HKA_LeveeBreaks_20260622_1a.mov, CTD_AI_HKA_WaterDemolishHouse_20260727_1i.mov, CTD_AI_HKA_LeveeBreaks_20260723_1a.mov, CTD_AI_HKA_WaterErodingLevee_20260724_2b.mov, CTD_AI_HKA_9thWardFlood_20260727_1b.mov",
CTD_AI_VDD_WaterOverDam01,105,Vajont Dam Disaster,VDD,First request,,,,,0,EXPERT: The landslide pushes more than 270 million tons of water up…and over the dam.,"EXT - MOUNT TOC VALLEY DAM. NIGHT. ⏎ WEATHER: Fall, red/yellow leaves. Overcast. DARK. ⏎ 6 CUs. Varying POVs and camera movement. Massive wave, basically a tsunami, pushes OVER the dam. Make it immersive, be careful it doesn't look cartoonish. DAM DOES NOT BREAK ⏎ Consult shots like: CTD_AI_HKA_FloodDestroysHouses_20260723_3a.mov, CTD_AI_HKA_LeveeBreaks_20260622_1a.mov, CTD_AI_HKA_WaterDemolishHouse_20260727_1i.mov, CTD_AI_HKA_LeveeBreaks_20260723_1a.mov, CTD_AI_HKA_WaterErodingLevee_20260724_2b.mov, CTD_AI_HKA_9thWardFlood_20260727_1b.mov",
CTD_AI_VDD_WaterOverDam02,105,Vajont Dam Disaster,VDD,First request,,,,,0,EXPERT: The landslide pushes more than 270 million tons of water up…and over the dam.,"EXT - MOUNT TOC VALLEY DAM. NIGHT. ⏎ WEATHER: Fall, red/yellow leaves. Overcast. DARK. ⏎ 4 WS. Varying POVs and camera movement. Massive wave, basically a tsunami, pushes OVER the dam. Make it immersive, be careful it doesn't look cartoonish. DAM DOES NOT BREAK ⏎ Consult shots like: CTD_AI_HKA_FloodDestroysHouses_20260723_3a.mov, CTD_AI_HKA_LeveeBreaks_20260622_1a.mov, CTD_AI_HKA_WaterDemolishHouse_20260727_1i.mov, CTD_AI_HKA_LeveeBreaks_20260723_1a.mov, CTD_AI_HKA_WaterErodingLevee_20260724_2b.mov, CTD_AI_HKA_9thWardFlood_20260727_1b.mov",
CTD_AI_VDD_WaterSaturation01,105,Vajont Dam Disaster,VDD,Sent to Cream,,,,,3,EXPERT: They come to the conclusion that the rising water behind the dam is saturating the surrounding land...,"EXT - MOUNT TOC VALLEY. DAY. ⏎ Same valley as previous shotcodes. WEATHER: Grey, overcast, winter - no snow yet, but no leaves on trees. Make it moody. MUDDY, WET GROUND. RESERVOIR PRESENT. ⏎ 2-3 ECUs. Camera at ground level. Varying POVs (see ref pics for style of shots, not style of boots). Same hiking boots as CTD_AI_VDD_EngineersReviewing01 walking through mud next to water's edge. Boots sinking in. Some puddles. ⏎ Shallow depth of field, out focus elements in bg and fg. Mountains in bg.",
CTD_AI_VDD_WaterSaturation02,105,Vajont Dam Disaster,VDD,Sent to Cream,,,,,6,EXPERT: They come to the conclusion that the rising water behind the dam is saturating the surrounding land...,"EXT - MOUNT TOC VALLEY. DAY. ⏎ Same valley as previous shotcodes. WEATHER: Grey, overcast, winter - no snow yet, but no leaves on trees. Make it moody. MUDDY, WET GROUND. RESERVOIR PRESENT. ⏎ 2-3 ECUs. Camera at ground level. Varying POVs of same stick we see in CTD_AI_VDD_EngineersReviewing04 poking muddy ground, full of puddles. Stick sinks in deeply (a few inches) ⏎ Shallow depth of field.",
CTD_AI_VDD_WaterSaturation03,105,Vajont Dam Disaster,VDD,Sent to Cream,,,,,5,EXPERT: They come to the conclusion that the rising water behind the dam is saturating the surrounding land...,"EXT - MOUNT TOC VALLEY. DAY. ⏎ Same valley as previous shotcodes. WEATHER: Grey, overcast, winter - no snow yet, but no leaves on trees. Make it moody. MUDDY, WET GROUND. RESERVOIR PRESENT. ⏎ 2-3 MS. Camera moving forward over ground. Water edge of reservoir visible edge of frame. Calm water, very small waves lapping at shore. ⏎ Majority of frame filled with muddy ground, big puddles. Include out of focus elements, like going by bushes in fg, close to camera. ⏎ Area where landslide happened visible somewhere in shot",
CTD_A_VDD_MicaelaInBed01,105,Vajont Dam Disaster,VDD,First request,,,,,0,"EXPERT: Micaela Colletti is a 12-year-old girl living in the town of Longarone, below the dam. She hears what she thinks is a thunder clap. Her grandma runs into the room, to close the window because they think a storm is coming.","INT - MICAELA'S BEDROOM. NIGHT. ⏎ Italy early 1960s. Rural bedroom of girl. Simple, rustic. A bit gloomy. One single bed. Wellworn wood floors. Dimly lit by single bedside table lamp switched ON. ⏎ 2 MS. Various POV. Camera knee height. Girls' bed in bedroom. Shape of girl visible under blankets. Slippers on floor by bed. NO FACE. ⏎ Shallow depth of field. Add subtle camera movement. ⏎ See ref pics for room, light, slippers (rough idea)",
CTD_A_VDD_MicaelaInBed02,105,Vajont Dam Disaster,VDD,First request,,,,,0,"EXPERT: Micaela Colletti is a 12-year-old girl living in the town of Longarone, below the dam. She hears what she thinks is a thunder clap. Her grandma runs into the room, to close the window because they think a storm is coming.","INT - MICAELA'S BEDROOM. NIGHT. ⏎ Italy early 1960s. Rural bedroom of girl. Simple, rustic. A bit gloomy. One single bed. Wellworn wood floors. Dimly lit by single bedside table lamp switched ON. ⏎ 2 CU. Various POV. Camera at floor level. Girls' slippers in front of bed. ⏎ Shallow depth of field. Add subtle camera movement. ⏎ Slippers need to match MicaelaBed01",
CTD_A_VDD_MicaelaInBed03,105,Vajont Dam Disaster,VDD,First request,,,,,0,"EXPERT: Micaela Colletti is a 12-year-old girl living in the town of Longarone, below the dam. She hears what she thinks is a thunder clap. Her grandma runs into the room, to close the window because they think a storm is coming.","INT - MICAELA'S BEDROOM. NIGHT. ⏎ Italy early 1960s. Rural bedroom of girl. Simple, rustic. A bit gloomy. One single bed. Wellworn wood floors. Dimly lit by single bedside table lamp switched ON. ⏎ 3 CU. Various POV. Teddy bear on bed. Girl's hand grabs bear and pulls it close, partially under blanket. NO FACE. ⏎ Shallow depth of field. Add subtle camera movement. ⏎ See ref for rough idea of bear",
CTD_AI_GCS_Bedrock,106,Guatemala City Sinkhole,GCS,Not started,,,,,0,AI: BEDROCK; UNDERGROUND STREAM ⏎ EXPERT: The people have good reason to be worried because the city isn’t exactly on solid ground. The local bedrock consists mostly of loose volcanic pumice - the product of millions of years of the many volcanoes in the area dumping ash.,,
CTD_AI_GCS_Cracks,106,Guatemala City Sinkhole,GCS,Not started,,,,,0,"AI: CRACKS IN FLOORS AND WALLS ⏎ EXPERT: Given what happened only three years earlier, this has got to be really alarming for the residents.",,
CTD_AI_GCS_FactorySinks,106,Guatemala City Sinkhole,GCS,Not started,,,,,0,"AI: FACTORY DROP INTO SINKHOLE ⏎ EXPERT: The massive sinkhole swallows an intersection and an entire three-story clothing factory building, including the security guard who was on shift. Thankfully, the workers had gone home just an hour earlier.",,
CTD_AI_GCS_PabloAtSinkhole,106,Guatemala City Sinkhole,GCS,Not started,,,,,0,POV AI: PABLO LOOKS DOWN INTO THE SINKHOLE ⏎ EXPERT: None of the swallowed building is visible in the abyss. It’s just _gone_.,,
CTD_AI_GCS_PabloGrabsTable,106,Guatemala City Sinkhole,GCS,Not started,,,,,0,POV AI: PABLO HAND GRABS A TABLE ⏎ EXPERT: Pablo feels like he’s in an elevator that jolts to a sudden stop.,,
CTD_AI_GCS_PabloOnCouch,106,Guatemala City Sinkhole,GCS,Not started,,,,,0,"AI: POV PABLO ON COUCH STARTS SHAKING ⏎ EXPERT: At 8 o’clock, Pablo Taracena is home watching TV…when everything starts shaking.",,
CTD_AI_GCS_RainwaterFills,106,Guatemala City Sinkhole,GCS,Not started,,,,,0,"AI: RAINWATER FILLS DRAINAGE PIPE ⏎ EXPERT: Underneath Ciudad Nueva, the interconnected storm and sewer lines become blocked. The water pressure behind the blockages continues to build …until the aging pipes are pushed past their limits.",,
CTD_AI_GCS_SewageFlows,106,Guatemala City Sinkhole,GCS,Not started,,,,,0,"AI: DRAINAGE PIPE; SEWAGE FLOWS INTO SUBTERRANEAN CAVERNS ⏎ EXPERT: On May 29th, the pipes burst, blasting millions of gallons of water and sewage through the ground under the neighborhood. This creates _new _subterranean caverns that connect with the existing ones, boring them out wider and wider.",,
CTD_AI_GCS_SinkholeCU,106,Guatemala City Sinkhole,GCS,Not started,,,,,0,AI: CU ON SINKHOLE ⏎ VO: ⏎ THERE’S A LOUD ROAR AS THE GROUND GIVES WAY.,,
CTD_AI_GCS_SinkholeOpens,106,Guatemala City Sinkhole,GCS,Not started,,,,,0,"AI: SINKHOLE OPENS ⏎ EXPERT: Guatemala City is a seismically active area, but this is no earthquake. The ground doesn’t just shudder, it completely gives way…and an enormous sinkhole opens up.",,
CTD_AI_LBF_BeerTsunami,106,London Beer Flood,LBF,Not started,,,,,0,"AI: BEER TSUNAMI BREAKS THROUGH BRICK WALL OUT INTO THE STREETS ⏎ EXPERT: The 15-foot-high wave of beer, now mixed with all kinds of debris, busts through the brewery’s 25-foot back wall like it’s made of paper.",,
CTD_AI_LBF_BeerWave,106,London Beer Flood,LBF,Not started,,,,,0,"POV AI: GEORGE CRICK SEES BEER WAVE COMING. IT KNOCKS HIM DOWN AND BRICKS FALL ALL OVER HIM ⏎ VO: ⏎ 320,000 GALLONS OF PORTER - OR ROUGHLY TWO AND A HALF MILLION PINT GLASSES WORTH - SURGES TOWARD THE BACK OF THE BREWERY.",,
CTD_AI_LBF_CrickWithVat,106,London Beer Flood,LBF,Not started,,,,,0,"POV AI: CRICK TOUCHES BROKEN VAT ⏎ EXPERT: Crick reports the broken hoop to his supervisor. But since hoops have come off before without incident, no one believes the issue is serious enough for immediate fix.",,
CTD_AI_LBF_HoopSnaps,106,London Beer Flood,LBF,Not started,,,,,0,"POV AI: CRICK SEES HOOP SNAP ⏎ EXPERT: At around 4:30 in the afternoon, the brewery’s storehouse clerk George Crick sees one of the iron hoops around the vat snap off right before his eyes.",,
CTD_AI_LBF_HouseCollapse,106,London Beer Flood,LBF,Not started,,,,,0,POV AI: HANNAH AS THE FLOOD WASHES INTO THE BASEMENT AND HOUSE CRASHES DOWN ⏎ EXPERT: The building doesn’t stand a chance against the flood. They hear terrifying crashing sounds all around them as the house collapses.,,
CTD_AI_LBF_IronHoops,106,London Beer Flood,LBF,Not started,,,,,0,"ARCHIVAL / AI / GFX: ⏎ Giant vat with iron hoops ⏎ EXPERT: It’s held together by more than 20 of these giant iron hoops, each one weighing about 700 pounds.",,
CTD_AI_LBF_TeaCup,106,London Beer Flood,LBF,Not started,,,,,0,"STOCK / AI: CU ON TEA POURING INTO A CUP ⏎ EXPERT: In the basement of the first house, four-year-old Hannah Banfield is sitting down to tea with her mother, Mary, and one of her friends.",,
CTD_AI_LBF_Vat,106,London Beer Flood,LBF,Not started,,,,,0,"AI: HORSE SHOE BREWERY VAT ⏎ EXPERT: Porter takes about a week to ferment, and then up to 18 more months to mature, before it’s ready for sale. To make sure he can hit the market with as much of the beer as possible, Meux builds a huge vat.",,
CTD_AI_LBF_VatBursts,106,London Beer Flood,LBF,Not started,,,,,0,"AI: VAT BURSTS; PORTER EXPLODES OUT ⏎ VO: ⏎ AN HOUR LATER, CRICK IS MONITORING THE VAT FROM A PLATFORM ABOUT 30 FEET AWAY.",,
,106,Morandi Bridge Collapse,MBC,Not started,,,,,10,,,
CTD_AI_MBC_Apartment,106,Morandi Bridge Collapse,MBC,Not started,,,,,0,"AI: APARTMENT BELOW BRIDGE; SHOWER ⏎ EXPERT: About a hundred feet below the bridge, in an apartment building, Mimma Certo is taking a shower when she hears a sound she thinks might be thunder.",,
CTD_AI_MBC_BridgeCollapse,106,Morandi Bridge Collapse,MBC,Not started,,,,,0,"ARCHIVE / AI: PILLAR 9 COLLAPSES; BRIDGE COLLAPSES ⏎ VO: ⏎ AT 11:36AM, PILLAR 9 COLLAPSES, TAKING A NEARLY 700-FOOT SECTION OF THE VIADUCT DOWN WITH IT.",,
CTD_AI_MBC_BridgeConstruction,106,Morandi Bridge Collapse,MBC,Not started,,,,,0,"ARCHIVE / AI: CONSTRUCTION OF MORANDI BRIDGE ⏎ VO: ⏎ CONSTRUCTION OF THE MORANDI BRIDGE BEGINS IN 1963. ⏎ AT NEARLY THREE QUARTERS OF A MILE LONG, TEN PILLARS WILL SUPPORT THE BRIDGE 150 FEET ABOVE THE VALLEY.",,
CTD_AI_MBC_BridgeIn90s,106,Morandi Bridge Collapse,MBC,Not started,,,,,0,"ARCHIVE / AI: MORANDI BRIDGE IN 1990s ⏎ VO: ⏎ IN THE EARLY 1990S, AUTOSTRADE REINFORCES TWO OF THE PILLARS.",,
CTD_AI_MBC_CarBuried,106,Morandi Bridge Collapse,MBC,Not started,,,,,0,"AI: DUST CLOUD LIFTS TO REVEAL CAR BURIED UNDER CONCRETE SLABS ⏎ EXPERT: Then, total silence. The couple is shocked and bleeding, buried under huge slabs of broken concrete. Natalia starts honking the horn hoping they’ll be found.",,
CTD_AI_MBC_CarCrashes,106,Morandi Bridge Collapse,MBC,Not started,,,,,0,"AI: CAR CRASHES ON THE BOTTOM; CAR IS PELTED BY DEBRIS ⏎ EXPERT: On the way down, Natalia feels her heart jump up into her throat. And after the impact of landing, their car is pummeled by falling debris.",,
CTD_AI_MBC_CarFalls,106,Morandi Bridge Collapse,MBC,Not started,,,,,0,"AI: CAR FALLS ⏎ EXPERT: Natalia and her fiancé get the sudden, strange sensation that their car is being lifted into the air…only to start nosediving down a second later. It’s one of more than thirty vehicles plunging 150 feet into the valley below.",,
CTD_AI_MBC_CarsOnRiverbed,106,Morandi Bridge Collapse,MBC,Not started,,,,,0,"POV AI: MIMMA OPENS WINDOW; CARS ON DRY RIVERBED; BRIDGE STUMP ABOVE ⏎ EXPERT: From her apartment, Mimma Certo can hear people screaming. She opens a window and is shocked to see cars smashed on the dry riverbed with their headlights still on. She looks up and sees the concrete stump that used to be the bridge.",,
CTD_AI_MBC_CracksInBridge,106,Morandi Bridge Collapse,MBC,Not started,,,,,0,"AI: CRACKS FORMING IN BRIDGE STRUCTURE ⏎ EXPERT: Morandi’s original plans assume that the prestressed concrete will protect the bridge from corrosion for decades. He’s proven wrong when water starts to penetrate small cracks in the pillars, and corrode the encased metal.",,
CTD_AI_MBC_CrumblingMetal,106,Morandi Bridge Collapse,MBC,Not started,,,,,0,"POV AI: ENGINEER PEERS INSIDE PILLAR SEES CRUMBLING METAL ⏎ EXPERT: An engineer working on the project spots a piece of concrete that had fallen off, revealing a hole. Looking inside, he sees the steel is falling to pieces.",,
CTD_AI_MBC_MorandiBridge,106,Morandi Bridge Collapse,MBC,Not started,,,,,0,"ARCHIVE / AI: MORANDI BRIDGE ⏎ EXPERT: The bridge has three 300-foot towers that extend four cables each to the deck below, for a total of 12 cables. Even those four cables are covered in pre-stressed concrete to protect them from the elements.",,
CTD_AI_MBC_PiecesOfBridge,106,Morandi Bridge Collapse,MBC,Not started,,,,,0,ARCHIVE / AI: BROKEN PIECES OF BRIDGE AT BOTTOM OF VALLEY ⏎ EXPERT: Locals are complaining about the neglected bridge too. People who live beneath it are finding fallen pieces of concrete in the streets and in their yards. They’re worried someone might get hit in the head.,,
CTD_AI_MBC_PillarCrack,106,Morandi Bridge Collapse,MBC,Not started,,,,,0,"AI: CRACK NEAR PILLAR 9 ⏎ EXPERT: Prior to the scheduled work, motorists spot a crack on the deck near Pillar 9. This is a sure sign that the prestressed concrete is stretching and weakening.",,
CTD_AI_MBC_PillarReinforcement,106,Morandi Bridge Collapse,MBC,Not started,,,,,0,"ARCHIVE / GFX / AI ⏎ VO: ⏎ IN MAY 2018, NEARLY 40 YEARS AFTER MORANDI ADMITTED THE BRIDGE NEEDED REPAIRS, PILLAR NINE, THE WESTERNMOST SUPPORT OF THE BRIDGE, IS SCHEDULED FOR REINFORCEMENT WORK, TO START IN SEPTEMBER 2018.",,
CTD_AI_MBC_RescueOperations,106,Morandi Bridge Collapse,MBC,Not started,,,,,0,"ARCHIVE / POV AI: RESCUE OPERATIONS ⏎ EXPERT: Rescuers search through the rubble for hours. Eventually, they pull out Nataliya and her fiancé from their mangled car. They survive. But 43 others don’t.",,
CTD_AI_MBC_VehiclesOnBridge,106,Morandi Bridge Collapse,MBC,Not started,,,,,0,"AI: VEHICLES ON BRIDGE ⏎ EXPERT: Two days later, Genoa wakes up to a strong summer storm. By 11:30am, the rain is pounding down so hard that drivers can barely see ahead of them. Road traffic slows to a crawl.",,
CTD_AI_MBC_YelinasCar,106,Morandi Bridge Collapse,MBC,Not started,,,,,0,AI: YELINA’S CAR APPROACH BRIDGE IN RAIN ⏎ EXPERT: Nataliya Yelina and her fiancée Eugeniu are returning from a vacation when they see the sky go dark above the Morandi Bridge as they approach.,,
CTD_AI_RPA_4MileSnowshed,106,Rogers Pass Avalanche,RPA,Not started,,,,,0,"ARCHIVE / AI: SNOWSHEDS ⏎ VO: ⏎ STARTING IN 1886, CANADIAN PACIFIC BUILDS MORE THAN 30 SNOWSHEDS TO PROTECT A PARTICULARLY VULNERABLE FOUR-MILE SPAN OF THE TRACKS.",,
CTD_AI_RPA_Avalanche,106,Rogers Pass Avalanche,RPA,Not started,,,,,0,"AI: AVALANCHE ⏎ EXPERT: The rumble is followed by the terrifying distant sound of trees being ripped apart. And it’s all getting louder and louder, as the avalanche charges down at them at more than a hundred miles an hour.",,
CTD_AI_RPA_BarrenMountainside,106,Rogers Pass Avalanche,RPA,Not started,,,,,0,"POV AI: STOKES LOOKS UP AT BARREN MOUNTAINSIDE; SHATTERED TREES STICKING OUT OF SNOW AT BOTTOM ⏎ EXPERT: One of the men is Bill LaChance, whose job is to stoke the snow plow engine with coal. He sees that the afternoon slide was powerful enough to wipe the slope clean of all trees and loose rocks.",,
CTD_AI_RPA_CPRTrain,106,Rogers Pass Avalanche,RPA,Not started,,,,,0,"ARCHIVE / AI: STOPPED CPR TRAIN ⏎ EXPERT: The blockage leaves a CPR passenger train that’s bound for Vancouver, stuck at the eastern entrance to the pass. The company needs to get the track cleared and the pass open as soon as possible.",,
CTD_AI_RPA_LachanceInSnow,106,Rogers Pass Avalanche,RPA,Not started,,,,,0,POV AI: BILL LACHANCE CARRIED AWAY BY SNOW ⏎ EXPERT: Most of the workers are killed instantly. LaChance is thrown out of the plow. And he actually has the wherewithal to curl up in a ball so he can be carried along with the fast-moving snow.,,
CTD_AI_RPA_PlowThrown,106,Rogers Pass Avalanche,RPA,Not started,,,,,0,"AI: PLOW LOCOMOTIVE THROWN FROM TRACK ⏎ EXPERT: The avalanche buries 1,300 feet of track under a heavy pile of snow, tossing aside the 100-ton plow and crushing the wooden train cars.",,
CTD_AI_RPA_PlowTrain,106,Rogers Pass Avalanche,RPA,Not started,,,,,0,"AI: PLOW TRAIN CUTS THROUGH SNOW ⏎ VO: ⏎ THAT EVENING, CANADIAN PACIFIC DISPATCHES A SHOVEL GANG TO CLEAR THE BURIED SECTION OF TRACK.",,
CTD_AI_RPA_RailcarWorkers,106,Rogers Pass Avalanche,RPA,Not started,,,,,0,"AI: WORKERS IN RAIL CAR ⏎ EXPERT: 63 workers, more than half of them Japanese laborers, arrive in wooden railroad cars pulled by a steam engine locomotive equipped with rotary blades that’ll carve a path through the snow.",,
CTD_AI_RPA_SnowStrata,106,Rogers Pass Avalanche,RPA,Not started,,,,,0,"AI or GFX: SNOW STRATA ON MOUNTAINSIDE ⏎ EXPERT: High up in the surrounding mountains, the slopes get covered by _layers_ of snow that pile on top of each other with each successive storm. These layers don’t always bond together, and rapid, extreme changes in temperature or high winds can cause them to get unstable.",,
CTD_AI_RPA_Snowshed17Demo,106,Rogers Pass Avalanche,RPA,Not started,,,,,0,"AI: AVALANCHE DESTROYS SNOWSHED 17 ⏎ EXPERT: In the late afternoon, an avalanche comes roaring down the slopes of Mount Cheops. It crashes right through Snowshed 17, burying the tracks.",,
CTD_AI_RPA_SnowshedConstruction,106,Rogers Pass Avalanche,RPA,Not started,,,,,0,"ARCHIVE / AI: SNOWSHEDS ⏎ EXPERT: Snowsheds are basically roof structures that shelter the tracks from avalanche damage. They’re constructed from heavy timber, rocks and earth.",,
CTD_AI_RPA_WorkersClearDebris,106,Rogers Pass Avalanche,RPA,Not started,,,,,0,"AI: IN THE DARK USING LAMPLIGHT DIG, WORKERS CLEAR TREES AHEAD OF PLOW ⏎ EXPERT: The crew gets to work clearing away debris from the avalanche that could damage the plow blades. They know they have to hurry - not just because of the waiting train, but because the disturbance from _one_ avalanche can sometimes trigger _another._",,
CTD_SurvivorsBuried,106,Rogers Pass Avalanche,RPA,Not started,,,,,0,"POV AI: SURVIVOR TRYING TO DIG OUT OF SNOW IN THE DARK ⏎ EXPERT: Anyone else who survived the initial impact is completely buried, fighting for breath as they desperately try to dig themselves out in the pitch dark.",,
CTD_AI_SBP_BobbyRunsToFire,106,San Bruno Pipeline Explosion,SBP,Not started,,,,,0,"AI: BOBBY PETRINI AND FATHER RUN TOWARD FIRE ⏎ EXPERT: Bobby Petrini is in his backyard. To him, the explosion sounds like the end of the world. But instead of running away, he and his father run _toward_ the fire to see if they can help.",,
CTD_AI_SBP_CloseValve,106,San Bruno Pipeline Explosion,SBP,Not started,,,,,0,"AI: HANDS TURN WHEEL TO CLOSE VALVE ⏎ EXPERT: 95 minutes after the disaster began, the technicians manually shut the mainline valve, stopping the flow of gas.",,
CTD_AI_SBP_ControlPanel,106,San Bruno Pipeline Explosion,SBP,Not started,,,,,0,"ARCHIVE / AI: MILPITAS CONTROL PANEL ⏎ EXPERT: About 45 minutes later, the team at Milpitas notices a control panel in the system they just repaired has lost power. They try fixing it as fast as possible.",,
CTD_AI_SBP_ElectricalPanel,106,San Bruno Pipeline Explosion,SBP,Not started,,,,,0,AI: ELECTRICAL PANEL AT MILPITAS ⏎ EXPERT: The work will cause temporary partial power outages across the network that lead to the automatic closure of some major gas valves.,,
CTD_AI_SBP_EmployeeOnPhone,106,San Bruno Pipeline Explosion,SBP,Not started,,,,,0,"AI: CONTROL CENTER EMPLOYEE TALKS ON OFFICE PHONE ⏎ EXPERT: Workers at both facilities frantically try to figure out what’s going on, while the pressure inside Line 132 continues to build like a balloon being filled with too much air.",,
CTD_AI_SBP_ExcavatedTrench,106,San Bruno Pipeline Explosion,SBP,Not started,,,,,0,"AI: EXCAVATED TRENCH WITH LINE 132 EXPOSED AT BOTTOM ⏎ EXPERT: In the middle of this building boom, it’s discovered that more than 1,800 feet of Line 132 are buried too shallow for the land grading that’s required for the construction.",,
CTD_AI_SBP_Fireball,106,San Bruno Pipeline Explosion,SBP,Not started,,,,,0,"AI: FIREBALL; STREET DESTRUCTION ⏎ EXPERT: The blast sends a fireball shooting a thousand feet into the air, and it carves a crater more than 150 feet long, and 40 feet deep down the street.",,
CTD_AI_SBP_Firefighters,106,San Bruno Pipeline Explosion,SBP,Not started,,,,,0,ARCHIVE / AI: FIREFIGHTERS BATTLE BLAZE ⏎ EXPERT: More than 900 responders are battling the blaze. But it just won’t die. That’s because Line 132 is _still_ pumping gas! And the control center is _still_ receiving faulty data.,,
CTD_AI_SBP_GasPipeline,106,San Bruno Pipeline Explosion,SBP,Not started,,,,,0,ARCHIVE / AI: GAS PIPELINE ⏎ EXPERT: They don’t know that the problem is causing inaccurate status data to be distributed throughout the pipeline system.,,
CTD_AI_SBP_GoldenEraRescue,106,San Bruno Pipeline Explosion,SBP,Not started,,,,,0,"ARCHIVE / AI: GOLDEN ERA MEN HELP ELDERLY WOMAN EXIT SM HOME ⏎ EXPERT: They see the blaze working its way into the yard of the Golden Era senior care home. So Bobby, his father, and another man heroically rush in and, one by one, they help six elderly women escape the building to safety.",,
CTD_AI_SBP_Line132,106,San Bruno Pipeline Explosion,SBP,Not started,,,,,0,"AI: LINE 132 ⏎ EXPERT: Rerouting involves welding new sections together. At the time, pressure tests aren’t mandatory and there’s nothing to suggest PG&E tests the integrity of the new welds. They’re buried along with the rest of the line and stay that way for the next 50 years.",,
CTD_AI_SBP_Line132Explodes,106,San Bruno Pipeline Explosion,SBP,Not started,,,,,0,"AI: LINE 132 EXPLODES ⏎ EXPERT: When the pipe ruptures, gas spews out. It’s unknown exactly what sparks the gas, but it ignites…and explodes.",,
CTD_AI_SBP_Line132Ruptures,106,San Bruno Pipeline Explosion,SBP,Not started,,,,,0,"AI: LINE 132 RUPTURES ⏎ VO: ⏎ AT 6:11PM, BENEATH SAN BRUNO’S CRESTMOOR NEIGHBORHOOD, THE HALF-CENTURY-OLD WELDS THAT WERE NEVER PRESSURE TESTED, BREAK APART.",,
CTD_AI_SBP_PipelineValves,106,San Bruno Pipeline Explosion,SBP,Not started,,,,,0,"AI: PIPELINE AT MILPITAS ⏎ EXPERT: To keep the gas flowing, the main control center in San Francisco instructs Milpitas to set the valves to manual mode so they stay open. And they can just flip back to automatic once the work is done.",,
CTD_AI_SBP_PressureWarning,106,San Bruno Pipeline Explosion,SBP,Not started,,,,,0,"ARCHIVE / AI: MILPITAS CONTROL PANEL ⏎ VO: ⏎ AT 5:22PM, MORE THAN 60 ALARMS GO OFF, INCLUDING A HIGH- PRESSURE WARNING ON LINE 132.",,
CTD_AI_SCC_ApartmentWindow,106,Surfside Condo Collapse,SCC,Not started,,,,,0,"AI: APARTMENT WINDOW W/ FLICKERING LIGHT FROM TELEVISION INSIDE ⏎ ARCHIVAL: ANGELA; EDGAR AND DEVEN GONZALEZ ⏎ EXPERT: On the 9th floor, the Gonzalez family is watching a late-night horror movie, when they feel what they think is an earthquake.",,
CTD_AI_SCC_ChamplainComplete01,106,Surfside Condo Collapse,SCC,Not started,,,,,0,"HAKEEM OLUSEYI: ⏎ The building is completed in 1981 and for over a decade, the residents enjoy their luxurious beachfront living.","EXT. CHAMPLAIN TOWERS SOUTH ENTRANCE - DAY. 1981. Beautiful summer day. Sunny. A few clouds. ⏎ 2 MS Various POV ⏎ Zoom out from Champlain Towers South address sign and widens to reveal 1981 luxury car entering frame from the right and turning in to Champlain Towers South entrance and continues driving into parking lot. Entire front of building should be visible in background when . ⏎ See reference pics for building, entrance sign and luxury car.",
CTD_AI_SCC_ChamplainComplete03,106,Surfside Condo Collapse,SCC,Not started,,,,,0,"HAKEEM OLUSEYI: ⏎ The building is completed in 1981 and for over a decade, the residents enjoy their luxurious beachfront living.",EXT. CHAMPLAIN TOWERS SOUTH ENTRANCE - DAY. 1981. Beautiful summer day. Sunny. A few clouds.,
CTD_AI_SCC_ChamplainConstruction01,106,Surfside Condo Collapse,SCC,Not started,,,,3,0,**VO: THE TWELVE-STORY SOUTH TOWER IS THE FIRST TO GO UP.**,EXT. CHAMPLAIN TOWERS SOUTH CONSTRUCTION SITE - POOL DECK - DAY 1980 ⏎ Beautiful summer day. Sunny. A few clouds. ⏎ 3 WS Various POV ⏎ Champlain Towers South under construction. POV from corner of pool deck construction site tilt up to building under construction. Empty pool in f/g to begin shot. No windows in apartments in building. They are open to the outside elements. ⏎ Shallow depth of field.,
CTD_AI_SCC_ChamplainConstruction03,106,Surfside Condo Collapse,SCC,Not started,,,,,0,AI: CHAMPLAIN TOWERS SOUTH UNDER CONSTRUCTION ⏎ **VO: THE TWELVE-STORY SOUTH TOWER IS THE FIRST TO GO UP.**,EXT. CHAMPLAIN TOWERS SOUTH CONSTRUCTION SITE ROOF - DAY ⏎ SUNNY. ⏎ 2 WS 2 MS 2 CU Various POV ⏎ Workers Workers' faces not visible. ⏎ See ref pics for,
CTD_AI_SCC_ChamplainConstruction05,106,Surfside Condo Collapse,SCC,Not started,,,,,0,"AI: CHAMPLAIN TOWERS SOUTH UNDER CONSTRUCTION ⏎ VO: ⏎ IN MARCH OF 1980, STEPS FROM THE BEACH, THE CHAMPLAIN TOWERS CONDO COMPLEX IS UNDER CONSTRUCTION. ⏎ THE TWELVE-STORY SOUTH TOWER IS THE FIRST TO GO UP.",,
CTD_AI_SCC_ChamplainConstructionAerial01,106,Surfside Condo Collapse,SCC,Not started,,,,1,0,"**VO: ** ⏎ **IN MARCH OF 1980, STEPS FROM THE BEACH, THE CHAMPLAIN TOWERS CONDO COMPLEX IS UNDER CONSTRUCTION. **",EXT. CHAMPLAIN TOWERS SOUTH CONSTRUCTION SITE - DAY 1980 ⏎ Beautiful day. Sunny. Some clouds. ⏎ AERIAL 2 WS Various POV ⏎ Camera starts over the beach with some ocean visible to right of frame and tracks further ashore to reveal Champlain Towers South under construction. Building site is surrounded by blue fence. Pool deck is bare grey concrete. No water in pool. Beach goers visible on beach. Construction workers visible working on Champlain Towers roof. Landscape workers visible planting bushes in planters on pool deck. Forklift visible driving on pool deck. ⏎ See reference photos for look of bui,
CTD_AI_SCC_ChamplainConstructionAerial02,106,Surfside Condo Collapse,SCC,Not started,,,,2,0,"**VO: ** ⏎ **IN MARCH OF 1980, STEPS FROM THE BEACH, THE CHAMPLAIN TOWERS CONDO COMPLEX IS UNDER CONSTRUCTION. **",EXT. CHAMPLAIN TOWERS SOUTH CONSTRUCTION SITE - POOL DECK - DAY ⏎ SUNNY. 1980 ⏎ Beautiful day. Sunny. Some clouds. ⏎ 3 MS Various POV ⏎ A forklift is transporting a pallet of drywall from the lawn end of the pool deck toward the crook of the building's L shape. Workers seen planting bushes in pool deck planters. Building site is surrounded by blue fence. Pool deck is bare grey concrete. No water in pool. ⏎ See reference photos for look of building and fence.,
CTD_AI_SCC_ChamplainPoolArea01,106,Surfside Condo Collapse,SCC,Not started,,,,,0,"Hakeem Oluseyi: ⏎ The building is completed in 1981 and for over a decade, the residents enjoy their luxurious beachfront living.","EXT. CHAMPLAIN TOWERS SOUTH REAR - DAY. SUNNY ⏎ 2 WS 2 MS 2 CU ⏎ Shot begins close on Champlain Towers South address sign and widens to reveal car turning in to parking lot. ⏎ See reference pics for building, entrance sign and luxury car. ⏎ Shallow depth of field.",
CTD_AI_SCC_CorrodingRebar,106,Surfside Condo Collapse,SCC,Not started,,,,,0,"AI: CORRODING REBAR ⏎ EXPERT: The old waterproofing membrane below the deck pavers is in tatters, allowing that pooled rainwater to seep into the massive concrete slabs below, further corroding the rebar inside.",,
CTD_AI_SCC_DecayingConcrete,106,Surfside Condo Collapse,SCC,Not started,,,,,0,"AI: DECAYING CONCRETE IN UNDERGROUND GARAGE ⏎ EXPERT: It’s pooling in the underground garage at least once a month. There’s so much, the building’s emergency pumps can’t keep up with it. Sometimes the water is up to two feet deep.",,
CTD_AI_SCC_DeckCaveIn,106,Surfside Condo Collapse,SCC,Not started,,,,,0,"AI: POOL AND STREET-LEVEL PARKING DECK CAVE IN ⏎ VO: ⏎ AT 1:14AM, WHILE MOST RESIDENTS ARE ASLEEP, THE POOL AND PARKING DECK CAVE IN WITH A DEAFENING CRASH.",,
CTD_AI_SCC_Falling,106,Surfside Condo Collapse,SCC,Not started,,,,,0,"POV AI: FALLING SURROUNDED BY BUILDING DEBRIS ⏎ EXPERT: The mother, Angela, yells “Run!” and the three of them bolt for the apartment door. But they don’t get far before the floor drops out from under them.",,
CTD_AI_SCC_LimbsInRubble,106,Surfside Condo Collapse,SCC,Not started,,,,,0,"POV AI: LEG PROTRUDING FROM RUBBLE–RACK FOCUS TO HAND PROTRUDING FROM RUBBLE NEARBY ⏎ EXPERT: 17-year-old Deven Gonzalez is trapped in the rubble with a broken femur and a piece of metal lodged in her head. Her mother Angela is unconscious with a shattered pelvis. Her father, Edgar, doesn’t make it.",,
CTD_AI_SCC_LookingAtCollapse,106,Surfside Condo Collapse,SCC,Not started,,,,,0,"AI POV: PEOPLE ON STREET LOOKING AT COLLAPSED DECK AND (STILL INTACT) BUILDING ⏎ EXPERT: Those who are woken up by the noise run out into the street in their pajamas, completely stunned by what just happened.",,
CTD_AI_SCC_RaysaConcerned,106,Surfside Condo Collapse,SCC,Not started,,,,,0,POV AI: RAYSA LOOKS OUT HER APT DOOR AND SEES DAMAGED HALLWAY AND ELEVATOR ⏎ EXPERT: Raysa can hear her neighbors pleading for help. But she’s not sure what to do. She’s terrified the rest of the building could come down any second.,,
CTD_AI_SCC_RaysaOnBalcony,106,Surfside Condo Collapse,SCC,Not started,,,,,0,"AI: RAYSA AND SURVIVORS ON BALCONY W/ FIRETRUCK LADDER ADJACENT ⏎ EXPERT: Responders manage to safely evacuate the residents remaining in the west wing. One of them is Raysa Rodriguez, who led a group of neighbors, including an 84-year-old woman, down a stairwell to a second-floor balcony where they were met by firefighters.",,
CTD_AI_SCC_TowerCollapse,106,Surfside Condo Collapse,SCC,Not started,,,,,0,"ARCHIVAL / AI: CHAMPLAIN TOWERS SOUTH COLLAPSE ⏎ VO: ⏎ AT 1:22 AM, EIGHT MINUTES AFTER THE DECK COLLAPSE, A HUGE SECTION OF THE LOWER FLOORS GIVES WAY…AND THE MIDDLE OF CHAMPLAIN TOWERS SOUTH COLLAPSES.",,
CTD_AI_SCC_UndergroundParking,106,Surfside Condo Collapse,SCC,Not started,,,,,0,"AI: UNDERGROUND PARKING GARAGE; LARGE POOL OF WATER ON CONCRETE ⏎ VO: ⏎ IN 1995, THE BUILDING’S NEW MAINTENANCE MANAGER, WILLIAM ESPINOSA, DISCOVERS SEAWATER SEEPING UP FROM THE FOUNDATION INTO THE PARKING GARAGE.",,
CTD_AI_SCC_WaterDamage,106,Surfside Condo Collapse,SCC,Not started,,,,,0,"AI: WATER DAMAGE; CRACK IN WALL ⏎ EXPERT: In 2001, resident Matilde Fainstein sues the Champlain Condo Association for water damage caused by a crack in the exterior wall of her poolside unit.",,
CTD_AI_SCC_WestWing,106,Surfside Condo Collapse,SCC,Not started,,,,,0,"AI: WEST WING ⏎ ARCHIVAL PHOTO: RAYSA RODRIGUEZ ⏎ EXPERT: Raysa Rodriguez lives in a 9th floor unit in the section that’s still relatively intact. She’s in a state of shock and thinking, the only thing that could have caused this is an earthquake. But we don’t have earthquakes in Florida.",,
CTD_AI_UA232_Ascending,106,United Airlines Flight 232,UA232,Not started,,,,,0,"AI: UNITED AIRLINES DC-10 ASCENDING; COCKPIT CREW ⏎ EXPERT: Inside the cockpit of the 18-year-old DC-10 is Captain Al Haynes, co-pilot William Records, and flight engineer Dudley Dvorak.",,
CTD_AI_UA232_BabyOnFloor,106,United Airlines Flight 232,UA232,Not started,,,,,0,AI: BABY BRACED ON FLOOR ⏎ EXPERT: Flight attendants ask adults to ensure all children are accompanied and babies are braced on the floor surrounded by blankets and pillows. Jerry Schemmel tries to comfort the lady in front of him who’s holding a young child.,,
CTD_AI_UA232_BabySurvives,106,United Airlines Flight 232,UA232,Not started,,,,,0,"AI: SCHEMMEL EMERGES FROM WRECKAGE CARRYING BABY IN BLANKET ⏎ EXPERT: Jerry Schemmel is among them. As he’s fleeing - in all the smoke, flames, and chaos - he hears the faint sound of a baby crying inside the plane. Heroically, he races back in, finds a baby girl who got trapped inside an overhead bin, and pulls her out. He later reunites the baby with her parents who also survive.",,
CTD_AI_UA232_BanksRight,106,United Airlines Flight 232,UA232,Not started,,,,,0,"AI: DC-10 BANKS RIGHT ⏎ EXPERT: In the cockpit, First Officer Records quickly shuts off the autopilot and takes the controls. He struggles to keep the aircraft level.",,
CTD_AI_UA232_BreaksApart,106,United Airlines Flight 232,UA232,Not started,,,,,0,"AI: DC-10 FLIPS OVER AND BREAKS APART; PIECES COME TO ⏎ VO: ⏎ THE AIRCRAFT BOUNCES SEVERAL TIMES, FLIPS OVER, AND BREAKS INTO PIECES THAT SKID INTO AN ADJACENT CORNFIELD. JET FUEL SPILLS, IGNITING A MASSIVE FIRE.",,
CTD_AI_UA232_Cockpit,106,United Airlines Flight 232,UA232,Not started,,,,,0,AI: COCKPIT ⏎ EXPERT: Sioux City is 35 miles away. Haynes doubts they’ll be able to keep the plane in the air long enough to get there.,,
CTD_AI_UA232_ControlColumn,106,United Airlines Flight 232,UA232,Not started,,,,,0,AI: PILOT HANDS ON CONTROL COLUMN ⏎ EXPERT: The crew radios a United Airlines maintenance facility for help. And they’re told there’s no procedure to deal with a total loss of hydraulics because the chances of this happening are a billion to one.,,
CTD_AI_UA232_ControlledDescent,106,United Airlines Flight 232,UA232,Not started,,,,,0,"AI: DC-10 DESCENDING IN RIGHT TURN ⏎ EXPERT: With Fitch’s help, the flight crew starts managing a relatively controlled descent toward the Sioux City airport.",,
CTD_AI_UA232_CupSpills,106,United Airlines Flight 232,UA232,Not started,,,,,0,"AI: PAPER COFFEE CUP ON SEAT TRAY SPILLS AND ROLLS; CABIN SHUDDERS ⏎ EXPERT: In the cabin, everyone hears the bang and feels the jolt from the explosion. The plane is shaking and banking to the right. It’s every flyer’s worst nightmare.",,
CTD_AI_UA232_Descending,106,United Airlines Flight 232,UA232,Not started,,,,,0,"AI: DC-10 IN DESCENDING RIGHT TURN ⏎ EXPERT: The plane is now stuck in a descending turn. Unless they can level out, they’ll eventually flip over entirely and probably fall from the sky.",,
CTD_AI_UA232_FanShatters,106,United Airlines Flight 232,UA232,Not started,,,,,0,"AI: FAN DISK SHATTERS; FAN BLADES FLY OFF; SHRAPNEL TEARS TAIL FUSELAGE ⏎ EXPERT: BANG! The fan disk shatters, ripping through the tail section with explosive force.",,
CTD_AI_UA232_FitchEnters,106,United Airlines Flight 232,UA232,Not started,,,,,0,"AI: COCKPIT DOOR OPENS, FITCH ENTERS ⏎ EXPERT: Things are looking pretty bleak at this point. But the crew is about to get tossed an unexpected lifeline. United DC-10 flight instructor Dennis Fitch is a passenger. He can tell from the plane’s movements that the crew is in trouble and goes to the cockpit to help.",,
CTD_AI_UA232_FitchOnThrottle,106,United Airlines Flight 232,UA232,Not started,,,,,0,AI: FITCH’S HANDS TAKE RIGHT AND LEFT THROTTLES ⏎ EXPERT: Haynes comes up with a plan. He asks Fitch to get between the two pilot seats and take the throttles. He figures Fitch can better adjust the thrust of the two engines on his own while he and Records keep an eye on the plane’s direction and altitude.,,
CTD_AI_UA232_GrippingSeat,106,United Airlines Flight 232,UA232,Not started,,,,,0,AI: MALE HAND GRIPS CABIN SEAT ARM ⏎ EXPERT: Passenger Jerry Schemmel assumes that a terrorist bomb exploded and they’re all going to die.,,
CTD_AI_UA232_HydraulicLines,106,United Airlines Flight 232,UA232,Not started,,,,,0,"AI: SEVERED HYDRAULICS LINES ⏎ EXPERT: The plane’s getting closer. But without flight controls, they can’t slow down or they’ll fall out of the sky. So their approach to the runway will be way too fast.",,
CTD_AI_UA232_InFlight,106,United Airlines Flight 232,UA232,Not started,,,,,0,"AI: UNITED AIRLINES DC-10 IN FLIGHT ⏎ EXPERT: The DC-10 climbs to its cruising altitude of 37,000 feet. The flight seems to be going smoothly, but the crew has no idea there’s trouble brewing in the tail of the aircraft.",,
CTD_AI_UA232_JetFans,106,United Airlines Flight 232,UA232,Not started,,,,,0,AI: JET FAN SPINS ⏎ GFX ANIMATION: SCHEMATIC OF FAN DISK SHOWING CRACK ⏎ EXPERT: A crack has been forming on the tail engine’s “fan disk” - which is the central hub of a jet engine’s giant spinning fan. The crack is so small that the maintenance crew failed to detect it.,,
CTD_AI_UA232_LostThrust,106,United Airlines Flight 232,UA232,Not started,,,,,0,"AI: DC-10 ⏎ EXPERT: Looking at the control panel, Captain Haynes sees that he’s lost thrust in his tail engine. He shuts it down. They can easily fly with just the two remaining engines. But Records still can’t stop the plane from banking right.",,
CTD_AI_UA232_PilotOnControl,106,United Airlines Flight 232,UA232,Not started,,,,,0,"AI: PILOT HANDS ON CONTROL COLUMN ⏎ EXPERT: In the cockpit, First Officer Records quickly shuts off the autopilot and takes the controls. He struggles to keep the aircraft level.",,
CTD_AI_UA232_PilotsOnThrottle,106,United Airlines Flight 232,UA232,Not started,,,,,0,"AI: HAYNES’S RIGHT HAND PULLS LEFT THROTTLE SLIGHTLY BACK WHILE RECORDS’S LEFT HAND PUSHES RIGHT THROTTLE SLIGHTLY FORWARD ⏎ EXPERT: Captain Haynes has an idea. The engine throttles still work, so he and Records are able to gradually level out the plane by adjusting the thrust in the remaining two engines.",,
CTD_AI_UA232_SeveredHydraulics,106,United Airlines Flight 232,UA232,Not started,,,,,0,AI: SEVERED HYDRAULICS LINE W/FLUID DRIPPING ⏎ EXPERT: What they don’t know is that shrapnel from the shattered fan disk punctured the fuselage at a point where the three hydraulic lines converge.,,
CTD_AI_UA232_Survivors,106,United Airlines Flight 232,UA232,Not started,,,,,0,"AI: SURVIVORS EMERGE FROM WRECKAGE ⏎ EXPERT: Rescue crews are amazed as dozens of survivors, many carrying children, emerge and start running from the wreckage.",,
CTD_AI_UA232_VeersRight,106,United Airlines Flight 232,UA232,Not started,,,,,0,"AI: PLANE VEERS RIGHT ⏎ EXPERT: A little over an hour into the flight, the plane is on autopilot and starts making a right turn toward Chicago.",,
CTD_AI_UA232_WingDipping,106,United Airlines Flight 232,UA232,Not started,,,,,0,"AI: DC-10 DESCENDING TOWARD RUNWAY 22; RIGHT WING DIPPING ⏎ EXPERT: About two minutes out, the captain thanks the tower for all of their help. It’s now all up to the flight crew, including Fitch, who’s fighting to keep the right wing from dipping.",,
CTD_AI_AF90_ClearedForTakeoff,107,Air Florida Flight 90 Crash,AF90,Not started,,,,,0,"EXPERT: Finally, just before 4 o’clock, Air Florida Flight 90 is cleared for takeoff. It’s been 50 minutes since the plane was de-iced.",,
CTD_AI_AF90_CockpitPOV,107,Air Florida Flight 90 Crash,AF90,Not started,,,,,0,"AI - POV Cockpit window ⏎ VO: ⏎ AS THE 737 ACCELERATES DOWN THE RUNWAY, THE ENGINES CAN’T GENERATE ENOUGH THRUST FOR A NORMAL LIFT-OFF.",,
CTD_AI_AF90_DC9InFront,107,Air Florida Flight 90 Crash,AF90,Not started,,,,,0,"AI POV crew seeing DC-9 in front of them ⏎ EXPERT: There’s a DC-9 in front of them and the crew seems to think if they stay close enough, that plane’s engine exhaust will help de-ice their wings.",,
CTD_AI_AF90_EngineReverse,107,Air Florida Flight 90 Crash,AF90,Not started,,,,,0,"EXPERT: Even though the flight manual says not to do this, they put the engine thrusters in reverse, causing snow to blow toward the front of the aircraft.",,
CTD_AI_AF90_HitsBridge,107,Air Florida Flight 90 Crash,AF90,Not started,,,,,0,"AI Plane hits bridge ⏎ VO: ⏎ AT 4:01 PM, AIR FLORIDA FLIGHT 90 CRASHES INTO THE BUSY 14TH STREET BRIDGE, LESS THAN A MILE FROM THE RUNWAY.",,
CTD_AI_AF90_IceOnWings,107,Air Florida Flight 90 Crash,AF90,Not started,,,,,0,POV AI crew sees ice on their wings ⏎ SOT: CAPTAIN: I got a little on mine. ⏎ FIRST OFFICER: This one’s got about a quarter to half an inch on it all the way.,,
CTD_AI_AF90_IcedSensors,107,Air Florida Flight 90 Crash,AF90,Not started,,,,,0,"EXPERT: The plane is weighed down by snow and ice, and the engines are straining. But the iced-over sensors are giving false readings, telling the pilots the engines are working normally, which they should have been able to tell is not the case.",,
CTD_AI_AF90_JosephWaterPOV,107,Air Florida Flight 90 Crash,AF90,Not started,,,,,0,EXPERT: Joseph Stiley blacks out on impact but the cold water revives him. He makes his way out of the wreckage where he grabs a life preserver tossed down from a helicopter.,,
CTD_AI_AF90_LiftOff,107,Air Florida Flight 90 Crash,AF90,Not started,,,,,0,EXPERT: Air Florida Flight 90 lifts off. But it’s airborne for just 30 seconds because the plane can’t generate enough airspeed to climb.,,
CTD_AI_ARR_ApproachingPOV,107,Ashtabula River Railroad Disaster,ARR,Not started,,,,,0,"AI - POV through front window ⏎ EXPERT: Nearly two-and-a-half hours later, the train approaches Ashtabula, hours behind schedule.",,
CTD_AI_ARR_AshtabulaPort,107,Ashtabula River Railroad Disaster,ARR,Not started,,,,,0,ARCHIVAL / ⏎ AI: Ashtabula circa 1860 ⏎ EXPERT: Ashtabula’s port on Lake Erie is used to ship iron ore and coal. And better rail connections could foster more trade.,ARCHIVAL / ⏎ AI: Ashtabula circa 1860,
CTD_AI_ARR_BeamCracks,107,Ashtabula River Railroad Disaster,ARR,Not started,,,,,0,"AI - start on train wheel on track. Go under the bridge to zoom in on the metal component, as it cracks and gives way ⏎ EXPERT: After more than a decade supporting the weight of heavy trains in cold weather, a flaw in the iron casting causes a catastrophic crack in the upper beam near the western end of the bridge.",,
CTD_AI_ARR_BridgeCollapse,107,Ashtabula River Railroad Disaster,ARR,Not started,,,,,0,EXPERT: The bridge collapses…and the nearly 30-ton engine lurches downward sharply.,,
CTD_AI_ARR_CouplerBreaks,107,Ashtabula River Railroad Disaster,ARR,Not started,,,,,0,"EXPERT: Moments later, the coupler breaks between the front locomotive and the rest of the train.",,
CTD_AI_ARR_CrackedPot,107,Ashtabula River Railroad Disaster,ARR,Not started,,,,,0,"AI - cracked cast iron pot outside in the snow ⏎ EXPERT: The engineers know cast iron is brittle. It’s vulnerable to fatigue and can fracture suddenly, especially in the cold. And Ohio has some mighty cold winters.",,
CTD_AI_ARR_DesignPlans,107,Ashtabula River Railroad Disaster,ARR,Not started,,,,,0,AI - poring over bridge design plans ⏎ EXPERT: Stone hires some of the top names in the industry to help design the new bridge. But they don’t agree with his idea of using cast iron.,,
CTD_AI_ARR_EasingIn,107,Ashtabula River Railroad Disaster,ARR,Not started,,,,,0,"AI - POV ⏎ EXPERT: With visibility limited by the heavy snow, train engineer Daniel McGuire decides to ease slowly into town at just 10 miles an hour.",,
CTD_AI_ARR_Fanfare,107,Ashtabula River Railroad Disaster,ARR,Not started,,,,,0,"AI - fanfare at bridge opening ⏎ EXPERT: The new Ashtabula River Railroad Bridge opens in July of 1866, just west of the rail station. It’s 154 feet long and built of cast iron, just as Stone wanted.",,
CTD_AI_ARR_MarianAftermathPOV,107,Ashtabula River Railroad Disaster,ARR,Not started,,,,,0,AI POV - Marian watches from a distance as fire rips through a crashed train car ⏎ EXPERT: Fire erupts from overturned oil lamps and coal stoves used to heat the wooden rail cars. High winds spread the flames quickly killing several people who survived the initial collapse.,,
CTD_AI_ARR_MarianEscapePOV,107,Ashtabula River Railroad Disaster,ARR,Not started,,,,,0,"AI POV Marian as she climbs out of the river ⏎ EXPERT: Shepherd’s car lands in shallow water and she’s able to escape. Train engineer McGuire also survives. But for many other survivors, the ordeal isn’t over yet.",,
CTD_AI_ARR_MarianLightsOutPOV,107,Ashtabula River Railroad Disaster,ARR,Not started,,,,,0,"AI POV - Marian Shepherd lights go out ⏎ EXPERT: Marian Shepherd is a passenger in one of the rear sleeping cars. She hears someone shout, “We’re going down!” …just as the lights go out.",,
CTD_AI_ARR_RailCarsCrushed,107,Ashtabula River Railroad Disaster,ARR,Not started,,,,,0,AI - rail cars plunge into river ⏎ EXPERT: The first rail cars to fall are crushed as the next cars land on top of them.,,
CTD_AI_ARR_TrainOnTracks,107,Ashtabula River Railroad Disaster,ARR,Not started,,,,,0,"AI - train on the tracks in winter ⏎ VO: ⏎ ON THE AFTERNOON OF DECEMBER 29TH, 1876, THE PACIFIC EXPRESS LEAVES BUFFALO, NEW YORK ON A FIVE-HOUR TRIP TO CLEVELAND, PASSING ASHTABULA ALONG THE WAY.",,
CTD_AI_ARR_TrainPlunges,107,Ashtabula River Railroad Disaster,ARR,Not started,,,,,0,"EXPERT: The second locomotive plunges 70 feet into the icy river, taking the rail cars, and all the passengers, with it.",,
CTD_AI_ARR_TrainSmoke,107,Ashtabula River Railroad Disaster,ARR,Not started,,,,,0,AI - CU on locomotive smoke ⏎ EXPERT: The train has to cross the Ashtabula Bridge to reach the station.,,
CTD_AI_ARR_TryingToCross,107,Ashtabula River Railroad Disaster,ARR,Not started,,,,,0,"EXPERT: McGuire opens the throttle, trying to get across quickly. His front locomotive makes it to the part of the bridge that’s still standing. But the second locomotive hangs in the air.",,
CTD_AI_EnclosureDust,107,Imperial Sugar Explosion,ISE,Not started,,,,,0,"EXPERT: The enclosure traps sugar dust inside it. And they don’t install a dust collection system, or proper venting, for this interior space.",,
CTD_AI_ISE_CompressedAir,107,Imperial Sugar Explosion,ISE,Not started,,,,,0,"EXPERT: Cleaning is pretty lax too, ⏎ especially in hard to reach areas. And when things are cleaned, staff sometimes use compressed air, which sends more dust particles flying.",,
CTD_AI_ISE_Explosions,107,Imperial Sugar Explosion,ISE,Not started,,,,,0,"AI / ARCHIVAL ⏎ EXPERT: There’s a chain reaction as dust clouds fuel secondary explosions that sweep through the buildings, even hundreds of feet away.",AI / ARCHIVAL,
CTD_AI_ISE_FireEverywhere,107,Imperial Sugar Explosion,ISE,Not started,,,,,0,EXPERT: He sees fire all around him … on the walls…on the ceiling.,,
CTD_AI_ISE_FloorsBuckle,107,Imperial Sugar Explosion,ISE,Not started,,,,,0,EXPERT: Three-inch-thick concrete floors buckle. Furniture and equipment flies through the air.,,
CTD_AI_ISE_HotBearings,107,Imperial Sugar Explosion,ISE,Not started,,,,,0,"EXPERT: It’s business as usual. But what no one knows is that inside the conveyor belt, the metal bearings have reached a critical temperature of at least 680 degrees Fahrenheit, hot enough to ignite the sugar.",,
CTD_AI_ISE_JamiePOVEscape,107,Imperial Sugar Explosion,ISE,Not started,,,,,0,"AI - Jamie POV ⏎ EXPERT: In the darkness, Jamie stumbles across his brother John, lying on the ground. He hauls him up and they run through flames looking for an exit.",,
CTD_AI_ISE_JamiePOVFire,107,Imperial Sugar Explosion,ISE,Not started,,,,,0,"AI POV Jamie Butler ⏎ EXPERT: Inside the packing plant, Jamie Butler is knocked off his feet. He sees fire all around him…on the walls…on the ceiling.",,
CTD_AI_ISE_Shockwave,107,Imperial Sugar Explosion,ISE,Not started,,,,,0,AI / ARCHIVAL ⏎ EXPERT: A shockwave ripples through the factory.,AI / ARCHIVAL,
CTD_AI_ISE_SugarBlockage,107,Imperial Sugar Explosion,ISE,Not started,,,,,0,EXPERT: This is a dangerous situation. ⏎ The discharge chute is wider at the top so it lets in larger clumps. But it narrows where the chute feeds into the conveyor. It’s a perfect place for sugar to get stuck.,,
CTD_AI_ISE_SugarClumps,107,Imperial Sugar Explosion,ISE,Not started,,,,,0,"EXPERT: A year later, workers find clumps of sugar blocking one of the discharge chutes above the conveyor belt. They have to use steel rods to break up the lumps.",,
CTD_AI_ISE_SugarDust,107,Imperial Sugar Explosion,ISE,Not started,,,,,0,"EXPERT: The plant has no airborne dust ⏎ removal equipment so when sugar dust ⏎ wafts through the air, it settles on ⏎ overhead pipes, beams, lights, and ⏎ equipment.",,
CTD_AI_MRC_CarShearsOff,107,Mindbender Roller Coaster Crash,MRC,Not started,,,,,0,EXPERT: The car is dragged forward on the track. It starts to fishtail. The undercarriage shears off…and the lap bar malfunctions.,,
CTD_AI_MRC_CoasterStopped,107,Mindbender Roller Coaster Crash,MRC,Not started,,,,,0,"EXPERT: The now empty rear car slams into a concrete pillar, bringing the coaster to a stop…with 12 riders hanging upside down, 33 feet in the air.",,
CTD_AI_MRC_RemoveAxleCap,107,Mindbender Roller Coaster Crash,MRC,Not started,,,,,0,EXPERT: The only way maintenance would have seen these loose bolts is if they’d taken the car off the track and removed a cap on the axle.,,
CTD_AI_MRC_RideStartPOV,107,Mindbender Roller Coaster Crash,MRC,Not started,,,,,0,"AI - POV riders as ride starts, then on first two loops ⏎ EXPERT: The cars start moving. They pick up speed. And for the first minute, the Mindbender is as thrilling as advertised.",,
CTD_AI_MRC_RidersThrown,107,Mindbender Roller Coaster Crash,MRC,Not started,,,,,0,"EXPERT: All four riders are thrown from the car, and fall more than 25 feet onto a concrete floor.",,
CTD_AI_MRC_RollingBackwards,107,Mindbender Roller Coaster Crash,MRC,Not started,,,,,0,"EXPERT: Meanwhile, the train is still moving. It gets partway up the final loop, and then rolls backwards.",,
CTD_AI_MRC_WheelBolts,107,Mindbender Roller Coaster Crash,MRC,Not started,,,,,0,"AI - wheels under the fourth car ⏎ EXPERT: Underneath these four riders, the bolts holding the wheels in place are coming loose.",,
CTD_AI_MRC_WheelsDetach,107,Mindbender Roller Coaster Crash,MRC,Not started,,,,,0,"AI - disaster moment ⏎ VO: ⏎ AT 9:40 PM, AS THE TRAIN APPROACHES THE FINAL VERTICAL LOOP, THE BOLTS GIVE OUT AND THE WHEELS DETACH FROM THE REAR CAR.",,
CTD_AI_NCA_ExplosionPOV,107,Nedelin Catastrophe,NCA,Not started,,,,,0,"AI - POV ⏎ EXPERT: Mikhail Yangel survives thanks to his smoke break, watching the explosion from a safe distance.",,
CTD_AI_NCA_FinalPreparations,107,Nedelin Catastrophe,NCA,Not started,,,,,0,"EXPERT: Nedelin is about 50 feet from the rocket, barking orders as final preparations are rushed through. Chief engineer Yangel is there with him.",,
CTD_AI_NCA_MilitaryVehiclePOV,107,Nedelin Catastrophe,NCA,Not started,,,,,0,"AI - POV in a military vehicle arriving at the launch pad ⏎ EXPERT: Nedelin insists on being driven to the launch site. There are roughly 100 essential personnel at the pad, and another 150 people who don’t need to be there.",,
CTD_AI_NCA_R16NedelinPOV,107,Nedelin Catastrophe,NCA,Not started,,,,,0,"AI POV Nedelin looking at R-16 ⏎ EXPERT: Nedelin promises to launch the missile by October 23rd, so it can be celebrated at the November anniversary of the Soviet revolution.",,
CTD_AI_NCA_SmokeBreak,107,Nedelin Catastrophe,NCA,Not started,,,,,0,"EXPERT: At 6:40 PM two senior military officials invite Yangel to step away for a smoke, apparently to talk him into delaying the launch. ⏎ ALT: Shortly before take off two senior military officials invite Yangel to step away for a smoke, apparently to talk him into delaying the launch.",,
CTD_AI_NCA_ViewingStand,107,Nedelin Catastrophe,NCA,Not started,,,,,0,"AI - POV ⏎ EXPERT: On the morning of October 24th, a group of senior government officials arrive to watch the launch from a viewing stand a safe distance away.",,
CTD_AI_NCA_WatchCheck,107,Nedelin Catastrophe,NCA,Not started,,,,,0,"AI - POV Nedelin checks his watch, rocket in the distance ⏎ EXPERT: Nedelin initially sits with them but as time ticks by, he gets impatient. He takes a phone call from the Kremlin, possibly from Khrushchev himself, asking what’s going on.",,
CTD_AI_FerryLists,107,Sewol Ferry Disaster,SFD,Not started,,,,,0,"EXPERT: Five degrees might not sound like a lot, but the effect on the ferry is dramatic. It lists heavily to the left side when the bow turns too far to the right.",,
CTD_AI_SFD_BowlSlides,107,Sewol Ferry Disaster,SFD,Not started,,,,,0,"AI POV Jang - bowl sliding on table ⏎ EXPERT: High school student Jang Ae-jin is eating breakfast with friends when her bowl starts sliding off the table. At first, they assume it’s just the waves and don’t think it’s a big deal. They even laugh about it.",,
CTD_AI_SFD_CargoShifts,107,Sewol Ferry Disaster,SFD,Not started,,,,,0,"AI or ARCHIVAL: More extreme cargo shifts ⏎ EXPERT: As more cargo shifts, the list just keeps getting worse. And soon the ferry is tilting at 40 degrees.",AI or ARCHIVAL: More extreme cargo shifts,
CTD_AI_SFD_CutEngines,107,Sewol Ferry Disaster,SFD,Not started,,,,,0,EXPERT: The Captain tries to stabilize the ship by adjusting the ballast tanks. Then he orders his Chief Engineer to cut the engines. But it doesn’t help.,,
CTD_AI_SFD_HelmsmanPOV,107,Sewol Ferry Disaster,SFD,Not started,,,,,0,"AI - helmsman POV through ferry windows ⏎ EXPERT: A few seconds later, the Helmsman tells Park there’s a problem with the rudder. The ship is turning more sharply than it should.",,
CTD_AI_SFD_LeftTurn,107,Sewol Ferry Disaster,SFD,Not started,,,,,0,"EXPERT: Park tries to correct by ordering a left turn. The Helmsman turns the wheel left 10 degrees, but the ship continues turning right and listing left.",,
CTD_AI_SFD_Listing20Degrees,107,Sewol Ferry Disaster,SFD,Sent to Cream,,,,,6,AI - ship ⏎ EXPERT: These sharp turns made very quickly mean abrupt rudder movements on an unstable ship. So the effect is extreme. The ferry is now listing nearly 20 degrees.,,
CTD_AI_SFD_SmallIslands,107,Sewol Ferry Disaster,SFD,Not started,,,,,0,POV AI - looking out from the bridge at small islands in the channel ⏎ EXPERT: Third Mate Park tells her Helmsman to shift from autopilot to manual steering. It’ll take deft handling to navigate around all the obstacles.,,
CTD_AI_SFD_TurnRight,107,Sewol Ferry Disaster,SFD,Not started,,,,,0,"AI Good simulation here: ⏎ EXPERT: About 20 minutes later, Park orders the Helmsman to turn right 5 degrees, probably to avoid an obstacle. Two minutes later, she orders another 5-degree turn.",,
CTD_AI_SFD_WaterRushesIn,107,Sewol Ferry Disaster,SFD,Not started,,,,,0,"DISASTER AI ⏎ VO: ⏎ AT 8:55 AM, THE LIST CAUSES WATER TO RUSH INTO THE CARGO HOLD. AND THE LEFT SIDE OF THE FERRY PLUNGES INTO THE SEA.",,
CTD_AI_SFD_WaterSeepsIn,107,Sewol Ferry Disaster,SFD,Not started,,,,,0,"EXPERT: By now, the upper cargo deck ⏎ is flooding. Water is seeping through ⏎ vents, pipes and improperly sealed doors and windows.",,
CTD_AI_BBC_AnchorDrops,108,Baltimore Bridge Collapse,BBC,Not started,,,,,0,"AI RECREATION ⏎ Anchor drops, drags along bay floor, ship keeps drifting ⏎ VO: ⏎ WITH NO OTHER OPTIONS, THE SENIOR PILOT ORDERS TO DROP ANCHOR.",,
CTD_AI_BBC_BridgeGetsCloser,108,Baltimore Bridge Collapse,BBC,Not started,,,,,0,AI RECREATION ⏎ POV crew as they approach the bridge pier ⏎ EXPERT: They can’t do anything but watch in disbelief as the bridge gets closer and closer.,,
CTD_AI_BBC_CaptainOnIntercom,108,Baltimore Bridge Collapse,BBC,Not started,,,,,0,"AI RECREATION ⏎ Capt on intercom ⏎ EXPERT: By some miracle, nobody aboard is seriously hurt from the collision, but the captain warns the Coast Guard there may be casualties in the river.",,
CTD_AI_BBC_ContainersLoaded,108,Baltimore Bridge Collapse,BBC,Not started,,,,,0,"AI RECREATION ⏎ From behind in Silhouette, Capt. ⏎ Sabhapathy looks at containers being loaded on ship in BG. ⏎ EXPERT: The _Dali’s_ captain, Chandrashekar Sabhapathy, and his 20 crew members are preparing to depart for a month-long journey to Sri Lanka early the next morning.",,
CTD_AI_BBC_ContainersStacked,108,Baltimore Bridge Collapse,BBC,Not started,,,,,0,"AI RECREATION ⏎ Shipping Containers stacked on deck of ship ⏎ EXPERT: Making things even more challenging for the captain, he’ll be sailing with a full load of almost 5000 shipping containers.",,
CTD_AI_BBC_ControlPanelWire,108,Baltimore Bridge Collapse,BBC,Not started,,,,,0,"AI: Inside Control Panel - loose wire hangs by a thread – now hangs disconnected ⏎ EXPERT: Over time, it’s become loose and has now finally disconnected, tripping the electrical breakers on board.",,
CTD_AI_BBC_Current,108,Baltimore Bridge Collapse,BBC,Not started,,,,,0,"AI RECREATION ⏎ POV Behind Ship - Tilt down to current behind it - Full moon in the sky ⏎ VO: ⏎ THE SHIP IS ABOUT TO GET AN EXTRA PUSH, COURTESY OF MOTHER NATURE.",,
CTD_AI_BBC_CurrentPropels,108,Baltimore Bridge Collapse,BBC,Not started,,,,,0,"AI RECREATION ⏎ POV Behind Ship - current behind it ⏎ EXPERT: The tidal current will be running in the same direction as the ship, helping to propel it, which reduces fuel costs.",,
CTD_AI_BBC_DarkWaters,108,Baltimore Bridge Collapse,BBC,Not started,,,,,0,AI RECREATION ⏎ Tilt down from Collapsed Bridge to dark waters below ⏎ EXPERT: The other seven workers are still in their vehicles somewhere in the river.,,
CTD_AI_BBC_DriftingToBridge,108,Baltimore Bridge Collapse,BBC,Not started,,,,,0,"AI RECREATION ⏎ Drone over River - _Dali _drifting closer towards bridge ⏎ EXPERT: They’re responsible for keeping Maryland’s transportation systems safe, including its bridges.",,
CTD_AI_BBC_DroneOfDali,108,Baltimore Bridge Collapse,BBC,Not started,,,,,0,"AI RECREATION ⏎ Nighttime - Drone shot of _Dali_ ⏎ VO: ⏎ JUST AFTER MIDNIGHT ON MARCH 26th, THE _DALI_ IS CLEARED TO DEPART.",,
CTD_AI_BBC_HandGrabsPhone,108,Baltimore Bridge Collapse,BBC,Not started,,,,,0,AI RECREATION ⏎ Hand grabs phone ⏎ EXPERT: The Senior Pilot makes a Mayday call to port authority dispatch.,,
CTD_AI_BBC_HandGrabsPhone2,108,Baltimore Bridge Collapse,BBC,Not started,,,,,0,"CONT. (from CTD_AI_BBC_HandGrabsPhone?) ⏎ EXPERT: Then he urgently requests to have the tugboats come back, hoping they can get there in time to nudge or pull them off this collision course with the bridge.",,
CTD_AI_BBC_HandOnHelm,108,Baltimore Bridge Collapse,BBC,Not started,,,,,0,"AI RECREATION Hand on helm. bridge lights in BG ⏎ EXPERT: Once the tugboats leave, the Pilots steer the _Dali_ in the direction of the Francis Scott Key Bridge.",,
CTD_AI_BBC_HandOnSeat,108,Baltimore Bridge Collapse,BBC,Not started,,,,,0,AI RECREATION ⏎ INT. PICKUP Man’s hand on seat ⏎ EXPERT: 37-year-old Julio Cervantes Suarez and the other workers are taking a break in their vehicles parked on the bridge with no idea of what’s coming their way.,,
CTD_AI_BBC_HiddenWire,108,Baltimore Bridge Collapse,BBC,Not started,,,,,0,RECAP - AI RECREATION ⏎ Wire in control panel ⏎ EXPERT: It’s incredible to think this four billion dollar tragedy happened because of a small hidden wire that accidentally got detached.,,
CTD_AI_BBC_JulioEscape,108,Baltimore Bridge Collapse,BBC,Not started,,,,,0,"AI RECREATION ⏎ Hand rolls down window ⏎ Shoulder pushes through ⏎ EXPERT: Fortunately, his truck has manual windows. He’s able to roll one down, squeeze through, and swim up to the surface.",,
CTD_AI_BBC_JulioTrapped,108,Baltimore Bridge Collapse,BBC,Not started,,,,,0,"AI RECREATION ⏎ POV - trapped in pickup, Water filling cabin. ⏎ EXPERT: Julio is alive, trapped inside his pickup truck that’s quickly filling with water.",,
CTD_AI_BBC_LightsGoOff,108,Baltimore Bridge Collapse,BBC,Not started,,,,,0,"AI RECREATION ⏎ Lights suddenly go off on bridge ⏎ ARCHIVE# CCTV footage 1:20 ⏎ EXPERT: The Pilots have the vessel under control when suddenly, about half a mile away from the Francis Scott Key Bridge, the _Dali_ completely loses all electrical power. This triggers a total “blackout” cutting power to the lighting, main diesel engine, and steering system.",,
CTD_AI_BBC_PanicAtControls,108,Baltimore Bridge Collapse,BBC,Not started,,,,,0,"AI RECREATION ⏎ Pilots and Captain panic ⏎ VO: ⏎ THE PILOTS CAN NO LONGER CONTROL THE _DALI_, BUT NO ONE ON BOARD KNOWS WHY.",,
CTD_AI_BBC_PanicAtControls2,108,Baltimore Bridge Collapse,BBC,Not started,,,,,0,AI RECREATION CONT. (from CTD_AI_BBC_PanicAtControls) ⏎ Pan down to Control Panel - zoom in. ⏎ EXPERT: Hidden within a panel that controls the ship’s electrical and mechanical systems is a tiny wire that wasn’t properly connected when the ship was built ten years prior.,,
CTD_AI_BBC_PilotOnIntercom,108,Baltimore Bridge Collapse,BBC,Not started,,,,,0,AI RECREATION ⏎ Pilot on Intercom ⏎ EXPERT: The secondary Pilot radios the U.S. Coast Guard for help.,,
CTD_AI_BBC_PlaneOverhead,108,Baltimore Bridge Collapse,BBC,Not started,,,,,0,"AI RECREATION ⏎ Tilt up from Collapsed Bridge to a Swissair passenger plane flying overhead. ⏎ VO: ⏎ 25 YEARS BEFORE THE _DALI _CRASHES INTO THE FRANCIS KEY BRIDGE, ANOTHER UNSEEN EQUIPMENT MALFUNCTION LEADS TO DISASTER, THOUSANDS OF FEET IN THE AIR.",,
CTD_AI_BBC_PoliceWaving,108,Baltimore Bridge Collapse,BBC,Not started,,,,,0,AI RECREATION ⏎ Police hand waving OS ⏎ EXPERT: Officers manage to block all incoming traffic but they’re unable to reach the workers.,,
CTD_AI_BBC_ShipDrifting,108,Baltimore Bridge Collapse,BBC,Not started,,,,,0,"AI RECREATION ⏎ POV bridge getting closer. ⏎ EXPERT: With no propulsion or steering capabilities, panic sets in as the Pilots, Captain, and crew watch the ship start to drift off course directly toward one of the bridge’s piers.",,
CTD_AI_BBC_TruckFalls,108,Baltimore Bridge Collapse,BBC,Not started,,,,,0,"AI RECREATION ⏎ Cars & Trucks plunge into River ⏎ POV Julio as his truck falls ⏎ EXPERT: Julio and the other construction workers are completely caught off guard. One moment they’re relaxing in their cars, and the next, they’re plunging 185 feet into the frigid water below.",,
CTD_AI_BBC_WorkersOnBridge,108,Baltimore Bridge Collapse,BBC,Not started,,,,,0,"AI RECREATION ⏎ Silhouetted Construction Workers filling potholes on bridge ⏎ EXPERT: One saving grace is that this is the middle of the night, so there’s not much traffic on the bridge. But there is a seven-man construction crew there, repairing potholes, along with a road inspector.",,
CTD_AI_BBS_TugboatsPushDali,108,Baltimore Bridge Collapse,BBC,Not started,,,,,0,AI RECREATION ⏎ Two Tugboats push _Dali_ from dock into river ⏎ EXPERT: The _Dali _departs along with two tugboats to guide it from the dock into the main shipping lane. This is executed perfectly.,,
CTD_AI_BHD_ConcreteCrack,108,Baldwin Hills Dam,BHD,Not started,,,,,0,AI RECREATION ⏎ Crack on Concrete Lining ⏎ Water breaks through it ⏎ VO: ⏎ COMING UP…A TINY UNDETECTED CRACK LEADS TO A CATASTROPHIC FLOOD.,,
CTD_AI_BHD_DamBursting,108,Baldwin Hills Dam,BHD,Not started,,,,,0,"AI RECREATION / NEWS ARCHIVE of Dam Bursting ⏎ VO: ⏎ AT 3:38 PM, A MASSIVE CHUNK OF THE BALDWIN HILLS DAM RIPS OFF, LEAVING A HOLE 75 FEET WIDE.",,
CTD_AI_BHD_DamConstruction,108,Baldwin Hills Dam,BHD,Not started,,,,,0,"AI RECREATION ⏎ Dam Construction ⏎ Laying concrete etc.. ⏎ EXPERT: But Proctor aggressively proceeds with construction, overruling safety concerns and disagreements over important design details raised by his own team.",,
CTD_AI_BHD_EmergencyCrews,108,Baldwin Hills Dam,BHD,Not started,,,,,0,AI RECREATION ⏎ Silhouettes - Firemen & Police standing back from flood ⏎ EXPERT: Emergency crews rush to the scene but the sheer scale of the flood is too overwhelming.,,
CTD_AI_BHD_FillingCracks,108,Baldwin Hills Dam,BHD,Not started,,,,,0,"AI RECREATION ⏎ Hands filling cracks with Cement ⏎ EXPERT: But just like before, the cracks are patched up. Out of sight, out of mind.",,
CTD_AI_BHD_FloodDevastation,108,Baldwin Hills Dam,BHD,Not started,,,,,0,AI RECREATION ⏎ Flood water hits homes & overturns cars ⏎ EXPERT: The residents who didn’t evacuate watch helplessly from their rooftops as the water sweeps through their homes and overturns cars.,,
CTD_AI_BHD_HelicopterRescue,108,Baldwin Hills Dam,BHD,Not started,,,,,0,"AI RECREATION ⏎ Helicopter lines extend down to Rooftops - Hand grab it. ⏎ EXPERT: Police, fire, and Coast Guard helicopters rescue over a thousand people who got stranded.",,
CTD_AI_BHD_HelicopterRescue2,108,Baldwin Hills Dam,BHD,Not started,,,,,0,CONT. (from CTD_AI_BHD_HelicopterRescue?) ⏎ EXPERT: Five people are dead and almost 300 homes are damaged or completely destroyed.,,
CTD_AI_BHD_ManDriving,108,Baldwin Hills Dam,BHD,Not started,,,,,0,"AI RECREATION ⏎ Man’s hand on steering wheel - Dam Out of Focus in BG ⏎ EXPERT: Later that year, ~~on the afternoon of December 14th,~~ the dam’s maintenance supervisor William Tate is driving along the reservoir’s rim to inspect for leaks.",,
CTD_AI_BHD_ManWorries,108,Baldwin Hills Dam,BHD,Not started,,,,,0,"AI RECREATION ⏎ Man rubs his head in worry ⏎ EXPERT: Tate understands the severity of the situation and knows what’s coming. The dam is going to fail and at this point, there’s nothing anyone can do to stop it.",,
CTD_AI_BHD_MuddyWater,108,Baldwin Hills Dam,BHD,Not started,,,,,0,AI RECREATION ⏎ From Behind - Silhouette of Worker noticing Muddy Water spilling out of Drain ⏎ EXPERT: Muddy water is found in the dam’s drainage system which indicates there may be more cracks in the lining.,,
CTD_AI_BHD_PeopleOnRooftops,108,Baldwin Hills Dam,BHD,Not started,,,,,0,AI RECREATION ⏎ Silhouettes of People on Rooftops looking down at flood ⏎ EXPERT: The Baldwin Hills residents who didn’t evacuate watch helplessly from their rooftops as the water sweeps through their homes and overturns cars.,,
CTD_AI_BHD_PointingAtCrack,108,Baldwin Hills Dam,BHD,Not started,,,,,0,"AI RECREATION ⏎ Man’s Finger pointing to crack ⏎ EXPERT: But in ~~March~~ the spring of 1957, when workers drain the reservoir to perform a routine inspection, they discover small cracks in the asphalt lining.",,
CTD_AI_BHD_PoliceDirecting,108,Baldwin Hills Dam,BHD,Not started,,,,,0,"AI RECREATION ⏎ Policeman blows a whistle, directing people in BG ⏎ VO: ⏎ POLICE ARE CALLED IN TO IMMEDIATELY EVACUATE THE SURROUNDING AREA.",,
CTD_AI_BHD_ResidentsFlee,108,Baldwin Hills Dam,BHD,Not started,,,,,0,"AI RECREATION ⏎ Panicked people place items in their cars and drive away ⏎ EXPERT: Within an hour, panicked residents are fleeing their homes as water continues to pour out from the crack in the dam.",,
CTD_AI_BHD_StreetsFlooded,108,Baldwin Hills Dam,BHD,Not started,,,,,0,"AI RECREATION / NEWS ARCHIVE Streets flooded with a torrent of rushing water ⏎ EXPERT: Within seconds, nearly 300 million gallons of water gushes down into the streets below.",,
CTD_AI_BHD_StreetsFlooded2,108,Baldwin Hills Dam,BHD,Not started,,,,,0,CONT. (from CTD_AI_BHD_StreetsFlooded?) ⏎ Cars overturned ⏎ House deck destroyed ⏎ EXPERT: The flood obliterates everything in its path with the same destructive power as a large tornado.,,
CTD_AI_BHD_TapDrips,108,Baldwin Hills Dam,BHD,Not started,,,,,0,"AI RECREATION ⏎ Hand turns on outdoor tap but it only drips beads of water ⏎ EXPERT: L.A. city officials worry they’ll eventually run out of water. So during the post-war boom of the 1940s and 50s, they expand their struggling water system with new dams and reservoirs.",,
CTD_AI_BHD_WaterRecedes,108,Baldwin Hills Dam,BHD,Not started,,,,,0,"AI RECREATION ⏎ Water fills creeks and storm drains until it subsides ⏎ EXPERT: The devastating force of the water only lasts a few minutes before eventually receding into surrounding creeks, rivers, and storm drains.",,
CTD_AI_BHD_WaterRushingOut,108,Baldwin Hills Dam,BHD,Not started,,,,,0,AI RECREATION ⏎ Silhouette of Man on ridge looking down at Dam ⏎ Water rushing out Crack on wall ⏎ EXPERT: He’s shocked when he sees a stream of muddy water rushing out from a five-foot-wide crack on the east support wall. The dam is leaking.,,
CTD_AI_BPE_BlackSmoke,108,Beirut Port Explosion,BPE,Not started,,,,,0,"AI RECREATION ⏎ POV woman walking. Stops to look at black smoke in the sky ⏎ EXPERT: Near the port, Nada Hamza has just gotten out of her car when she spots thick black smoke ~~emanating~~ coming from one of the nearby buildings.",,
CTD_AI_BPE_CaptainAndCrew,108,Beirut Port Explosion,BPE,Not started,,,,,0,"AI RECREATION ⏎ Silhouette of Captain and crewmen on deck ⏎ EXPERT: Until it’s sorted out, Prokoshev and three of his crewmen are ordered to remain aboard.",,
CTD_AI_BPE_CargoInWarehouse,108,Beirut Port Explosion,BPE,Not started,,,,,0,"AI RECREATION ⏎ Forklift places cargo in warehouse beside Crates of fireworks ⏎ EXPERT: The fertilizer will be moved into the port’s Warehouse number 12. It’s hot and humid, and also where they’re storing fireworks.",,
CTD_AI_BPE_CargoInWarehouse2,108,Beirut Port Explosion,BPE,Not started,,,,,0,"CONT. (from CTD_AI_BPE_CargoInWarehouse?) ⏎ EXPERT: The captain again warns port officials about the potential dangers of doing this, but again, his warnings are dismissed.",,
CTD_AI_BPE_CarsFlip,108,Beirut Port Explosion,BPE,Not started,,,,,0,"AI RECREATION ⏎ People get knocked down ⏎ Cars flip ⏎ EXPERT: It throws people off their feet, shatters windows, flips cars and peels the steel siding off of buildings.",,
CTD_AI_BPE_DousingFlames,108,Beirut Port Explosion,BPE,Not started,,,,,0,AI RECREATION ⏎ Hoses douse flames inside ⏎ EXPERT: The firefighters that show up have no idea that highly flammable ammonium nitrate is also inside the warehouse.,,
CTD_AI_BPE_DroneInPort,108,Beirut Port Explosion,BPE,Not started,,,,,0,"AI RECREATION ⏎ Drone over _MV Rhosus_ in port ⏎ EXPERT: The _Rhosus_ is coming from Georgia in eastern Europe, and heading to Mozambique in southern Africa. The stop in Beirut is unplanned.",,
CTD_AI_BPE_HandOnTarp,108,Beirut Port Explosion,BPE,Not started,,,,,0,"AI RECREATION ⏎ Hand touches hot tarp on cargo ⏎ EXPERT: To remain stable, it needs to be kept cool and dry. But now, because the _Rhosus_ is impounded, the ammonium nitrate is in the cargo hold, baking under the hot Mediterranean sun.",,
CTD_AI_BPE_PalletsInCargo,108,Beirut Port Explosion,BPE,Not started,,,,,0,"AI RECREATION ⏎ OTS - Captain looking at large pallets in cargo hold ⏎ EXPERT: The captain is concerned about being stuck on the ship, which he knows is loaded full of extremely dangerous cargo.",,
CTD_AI_BPE_PalletsInCargo2,108,Beirut Port Explosion,BPE,Not started,,,,,0,"EXPERT: On board is almost 3000 tons of ammonium nitrate, a white crystalline substance that’s commonly used in agricultural fertilizer.",,
CTD_AI_BPE_ResidentsFilm,108,Beirut Port Explosion,BPE,Not started,,,,,0,AI RECREATION ⏎ From behind - Beirut residents film smoke with cell phones ⏎ EXPERT: Lots of other people have also noticed the massive plume of smoke billowing above the city. Many of them post what they’re seeing on social media.,,
CTD_AI_BPE_ShelterInBuilding,108,Beirut Port Explosion,BPE,Not started,,,,,0,"AI RECREATION ⏎ Crowd of Silhouette people crouched in dark foyer ⏎ EXPERT: Incredibly, Nada Hamza, who’s near the port at the time of the blast, is alive. She takes shelter in a nearby building.",,
CTD_AI_BPE_ShockwaveEffects,108,Beirut Port Explosion,BPE,Not started,,,,,0,"AI RECREATION ⏎ People get knocked down ⏎ Cars flip ⏎ EXPERT: It throws people off their feet, shatters windows, flips cars and peels the steel siding off of buildings.",,
CTD_AI_BPE_SlamsPhone,108,Beirut Port Explosion,BPE,Not started,,,,,0,"AI RECREATION ⏎ Captain on phone, arguing. He slams down the phone ⏎ VO: ⏎ THE CAPTAIN RAISES HIS CONCERNS ABOUT THIS WITH PORT OFFICIALS, BUT IT FALLS ON DEAF EARS.",,
CTD_AI_BPE_UnpaidInvoice,108,Beirut Port Explosion,BPE,Not started,,,,,0,"AI RECREATION ⏎ Finger pointing to unpaid invoice ⏎ EXPERT: It turns out the owner owes about $100,000 in unpaid fees and debts from other ports. And on top of that, the Rhosus is deemed not seaworthy due to multiple mechanical issues.",,
CTD_AI_BPE_WalkOff,108,Beirut Port Explosion,BPE,Not started,,,,,0,"AI RECREATION ⏎ Captain and crew walk off the ship. ⏎ EXPERT: Almost a year after they arrived in Beirut, the Captain and crew are finally allowed to leave the ship, which is essentially left to rot in port.",,
CTD_AI_BPE_WarehouseOnFire,108,Beirut Port Explosion,BPE,Not started,,,,,0,AI RECREATION ⏎ Warehouse 12 is on fire. ⏎ EXPERT: There’s a fire inside Warehouse 12 – where the fertilizer is being stored.,,
CTD_AI_BPE_WavesToCaptain,108,Beirut Port Explosion,BPE,Not started,,,,,0,"AI RECREATION ⏎ Port Official waves to Captain on deck of _MV Rhosus_ ⏎ EXPERT: The ship’s Captain, Boris Prokoshev, is not happy about this because it’s adding too much weight for the old ship to carry.",,
CTD_AI_BPE_WelderSpark,108,Beirut Port Explosion,BPE,Not started,,,,,0,AI RECREATION ⏎ CU - Welding Arc fusing door hinge ⏎ EXPERT: They suspect that workers repairing a door inside the warehouse using a welder created the spark that caused a chain reaction igniting the fireworks and the ammonium nitrate.,,
CTD_AI_GSL_BrianInSmog,108,Great Smog of London,GSL,Not started,,,,,0,"AI RECREATION ⏎ POV - Hand waving away smog as he walks. He stops, looks around frantically. ⏎ EXPERT: Londoner Brian Commins tries to find his way home through the thick smog and ends up getting lost. He literally can’t find his way across a street he’s known all his life.",,
CTD_AI_GSL_CreepyLondonFog,108,Great Smog of London,GSL,Not started,,,,,0,"AI RECREATION ⏎ Drone over London - Creepy Fog layer covers it ⏎ EXPERT: What most people in the city don’t fully grasp is that it isn’t just about not being able to see a foot in front of you. This toxic smog can be deadly…and what’s worse, there’s no safe refuge from it, not even in their homes.",,
CTD_AI_GSL_EmergencyRoom,108,Great Smog of London,GSL,Not started,,,,,0,AI RECREATION ⏎ Packed Emergency Room ⏎ EXPERT: London’s hospitals get overwhelmed by a massive influx of emergency patients.,,
CTD_AI_GSL_EmptyStreets,108,Great Smog of London,GSL,Not started,,,,,0,"AI RECREATION ⏎ Empty London Streets covered in Smog ⏎ EXPERT: In the days that follow, the death toll rises as the smog continues to paralyze London.",,
CTD_AI_GSL_FamilyAtStove,108,Great Smog of London,GSL,Not started,,,,,0,"INT - HOME (Family around stove) ⏎ EXPERT: So to stay warm, Londoners burn more coal than usual.",,
CTD_AI_GSL_FogLayer,108,Great Smog of London,GSL,Not started,,,,,0,AI RECREATION ⏎ Drone over London - Creepy Fog layer covers it ⏎ VO: ⏎ COMING UP…A DEADLY FOG PARALYZES LONDON.,,
CTD_AI_GSL_FoggyLondon,108,Great Smog of London,GSL,Not started,,,,,0,"AI RECREATION ⏎ Foggy London - Time Lapse to daytime ⏎ VO: ⏎ OVERNIGHT, THE SMOG INTENSIFIES.",,
CTD_AI_GSL_LondonersIll,108,Great Smog of London,GSL,Not started,,,,,0,"AI RECREATION ⏎ Hand holding heaving chest ⏎ Coughing into balled up hand ⏎ Hand holding throat ⏎ Rubbing eyes ⏎ EXPERT: It doesn’t take long before thousands of Londoners feel ill. Not only do they have trouble breathing, they develop choking coughs, sore throats, and a burning sensation in their eyes.",,
CTD_AI_GSL_MistCreepsIn,108,Great Smog of London,GSL,Not started,,,,,0,AI RECREATION ⏎ Fog mist comes through bottom of door ⏎ EXPERT: It’s straight out of a horror movie…poisonous air creeping in through cracks and under doors.,,
CTD_AI_GSL_MistCreepsIn2,108,Great Smog of London,GSL,Not started,,,,,0,"CONT. (from CTD_AI_GSL_MistCreepsIn?) ⏎ EXPERT: This smog is incredibly dangerous. The sulphur released from the burning coal has mixed with the moisture in the fog, creating a toxic mist of sulphuric acid.",,
CTD_AI_GSL_MistThroughDoor,108,Great Smog of London,GSL,Not started,,,,,0,AI RECREATION ⏎ Fog mist comes through bottom of door ⏎ EXPERT: It’s straight out of a horror movie…poisonous air creeping in through cracks and under doors.,,
CTD_AI_GSL_StreetsInSmog,108,Great Smog of London,GSL,Not started,,,,,0,"AI RECREATION ⏎ Streets completely covered in Smog ⏎ EXPERT: When residents wake up the next morning, a thick blanket of air pollution has completely engulfed the city.",,
CTD_AI_GSL_TransportationAtHalt,108,Great Smog of London,GSL,Not started,,,,,0,"AI RECREATION ⏎ Airport covered in Smog ⏎ Train Station covered in Smog ⏎ Streets packed with vehicles ⏎ EXPERT: London comes to a complete standstill. The airport and railways grind to a halt. Cars, double-decker buses, and taxis are forced to stop running.",,
CTD_AI_GSL_VehiclesInSmog,108,Great Smog of London,GSL,Not started,,,,,0,AI RECREATION ⏎ Empty buses & cars covered in Smog ⏎ EXPERT: Drivers are forced to abandon their vehicles on the roads. It’s complete chaos.,,
CTD_AI_GSL_WindBlowsSmog,108,Great Smog of London,GSL,Not started,,,,,0,"AI RECREATION ⏎ Wind blows away the smog ⏎ EXPERT: It’s not until ~~December 9th, ~~five days after it started, that the deadly smog finally clears.",,
CTD_AI_GSL_WindowsDoorsShut,108,Great Smog of London,GSL,Not started,,,,,0,AI RECREATION ⏎ Hand shuts Windows & Doors ⏎ CU of Door Bottom - Lines indicate air coming in ⏎ EXPERT: Shutting the windows and doors won’t do any good.,,
CTD_AI_HRW_BloodyHead,108,Hyatt Regency Walkway Collapse,HRW,Not started,,,,,0,"AI RECREATION ⏎ From Behind - Bloody Head turns, listening. ⏎ EXPERT: They don’t know if their wives are okay. They can’t see them in all the debris. Moments later, Tom is relieved when he hears the sound of Jean calling his name.",,
CTD_AI_HRW_Dancers,108,Hyatt Regency Walkway Collapse,HRW,Not started,,,,,0,AI RECREATION ⏎ OTS - Silhouetted couples looking out at the dancers. ⏎ EXPERT: They’re on the main floor with hundreds of other people. Chuck and Jayne leave their friends to go dance.,,
CTD_AI_HRW_Devastation,108,Hyatt Regency Walkway Collapse,HRW,Not started,,,,,0,"AI RECREATION ⏎ Wave of water laps into the wreckage ⏎ EXPERT: It’s dust and devastation everywhere you look. Limbs sticking out between the broken concrete, wires, glass. It’s an absolutely horrifying scene.",,
CTD_AI_HRW_Dominoes,108,Hyatt Regency Walkway Collapse,HRW,Not started,,,,,0,AI RECREATION ⏎ 4th Floor walks knocks down 2nd floor walkway ⏎ EXPERT: The sheer force of the impact causes the second floor walkway to then also collapse. And all of it starts falling down to the lobby below.,,
CTD_AI_HRW_FloorsPacked,108,Hyatt Regency Walkway Collapse,HRW,Not started,,,,,0,"AI RECREATION ⏎ Tilt up to 2nd, 3rd & 4th floors - Packed with people ⏎ EXPERT: There are dozens of people on the second, third, and fourth floor walkways watching the festivities below. Drinks are being served and everyone’s having a great time.",,
CTD_AI_HRW_HandInRubble,108,Hyatt Regency Walkway Collapse,HRW,Not started,,,,,0,AI RECREATION ⏎ Man’s hand extends out through rubble. ⏎ EXPERT: Tom and Chuck are alive but they’re both seriously injured.,,
CTD_AI_HRW_HandOnPhone,108,Hyatt Regency Walkway Collapse,HRW,Not started,,,,,0,"AI RECREATION ⏎ Hand picks up Phone ⏎ VO: ⏎ TIME IS RUNNING OUT, BUT HELP IS ON THE WAY.",,
CTD_AI_HRW_HandOnPhone2,108,Hyatt Regency Walkway Collapse,HRW,Not started,,,,,0,"CONT. (from CTD_AI_HRW_HandOnPhone?) ⏎ EXPERT: Witnesses outside, and those lucky enough to have escaped the collapse, start inundating 9-1-1 with emergency calls.",,
CTD_AI_HRW_LookingAtWreckage,108,Hyatt Regency Walkway Collapse,HRW,Not started,,,,,0,"AI RECREATION ⏎ From Behind - Silhouette of man’s shoulder looking at wreckage in BG ⏎ EXPERT: He later says that he was in Vietnam and saw some bad stuff, but the Hyatt collapse was the worst thing he’s ever seen. It was the longest night of his life.",,
CTD_AI_HRW_MenInHardHats,108,Hyatt Regency Walkway Collapse,HRW,Not started,,,,,0,AI RECREATION ⏎ Silhouetted Men’s hard hats in Atrium looking up at walkways ⏎ EXPERT: The redesign gets approved without the proper engineering evaluation and calculations.,,
CTD_AI_HRW_NoisesAbove,108,Hyatt Regency Walkway Collapse,HRW,Not started,,,,,0,"AI - POV People look up ⏎ EXPERT: ~~Just after 7 o’clock,~~ Soon after, Sally and other guests start to hear popping and cracking noises above them. And they’re getting louder.",,
CTD_AI_HRW_RodsBreaking,108,Hyatt Regency Walkway Collapse,HRW,Not started,,,,,0,"AI RECREATION ⏎ POV - 4th floor walkway swaying ⏎ CU - Suspension rods breaking ⏎ EXPERT: The hanger rod connections on the fourth-floor walkway are breaking, due to the excessive weight.",,
CTD_AI_HRW_RodsBreaking2,108,Hyatt Regency Walkway Collapse,HRW,Not started,,,,,0,"CONT. (from CTD_AI_HRW_RodsBreaking?) ⏎ VO: ⏎ SECONDS LATER….AT 7:05 PM, THE RODS GIVE WAY.",,
CTD_AI_HRW_TomCrashPOV,108,Hyatt Regency Walkway Collapse,HRW,Not started,,,,,0,"AI RECREATION ⏎ POV - Walking to table - stops looks up – Walkways falls towards camera - DUST ⏎ EXPERT: Tom Weir is on the ground floor heading back with drinks for his wife and friends when more than 60 tons of steel, concrete, and glass crashes down on top of them and hundreds of others.",,
CTD_AI_HRW_WalkwayFalls,108,Hyatt Regency Walkway Collapse,HRW,Not started,,,,,0,AI RECREATION ⏎ POV looking up ⏎ Walkway falls ⏎ EXPERT: They’re completely buried under thousands of pounds of debris.,,
CTD_AI_HRW_WalkwaysCrash,108,Hyatt Regency Walkway Collapse,HRW,Not started,,,,,0,"POV - Walkways falls towards camera ⏎ EXPERT: ~~Thousands of~~ Tons of steel, concrete, and glass come crashing down 30 feet on top of Sally Firestone and everyone else on the second floor walkway. ⏎ ALT EXPERT: Thousands of pounds of steel, concrete, and glass come crashing down 30 feet on top of Sally Firestone and everyone else on the second floor walkway.",,
CTD_AI_HRW_WaterRises,108,Hyatt Regency Walkway Collapse,HRW,Not started,,,,,0,"AI RECREATION ⏎ Water rising around wreckage ⏎ EXPERT: As the water level rises, ⏎ survivors trapped close to the ground are struggling not to drown.",,
CTD_AI_HRW_WaterValve,108,Hyatt Regency Walkway Collapse,HRW,Not started,,,,,0,"AI RECREATION ⏎ Hand shuts off Water valve ⏎ VO: ⏎ EMERGENCY CREWS MANAGE TO SHUT OFF THE MAIN WATER VALVE, BUT 64 TONS OF CONCRETE AND STEEL STILL STAND BETWEEN THEM AND THOSE TRAPPED UNDERNEATH.",,
CTD_AI_HRW_WomansHand,108,Hyatt Regency Walkway Collapse,HRW,Not started,,,,,0,"AI RECREATION ⏎ Woman’s hand lay limp ⏎ EXPERT: Sally lies unconscious under hundreds of pounds of rubble. Her spinal cord is crushed, and she has multiple fractures to her neck and legs.",,
CTD_AI_HRW_WomansHandReaches,108,Hyatt Regency Walkway Collapse,HRW,Not started,,,,,0,AI RECREATION ⏎ Woman’s hand reaches for young son’s hand. ⏎ EXPERT: Connie has two broken ankles and Dalton has a broken pelvis and his cheek is pressed down right against the ground.,,
CTD_AI_HRW_WomansHandReaches2,108,Hyatt Regency Walkway Collapse,HRW,Not started,,,,,0,CONT. (From CTD_AI_HRW_WomansHandReaches?) ⏎ EXPERT: Connie tells her injured son to try and keep his head up and not to fall asleep because he may slip into a coma and never wake up.,,
CTD_AI_SA111_AttendantButton,108,Swiss Air 111,SA111,Not started,,,,,0,"AI RECREATION ⏎ Finger presses Flight Attendant call button ⏎ EXPERT: They’re tipped off when the cabin loses power. And when they ask the flight attendants what’s going on, they’re told the plane is being diverted to another airport.",,
CTD_AI_SA111_CeilingPanels,108,Swiss Air 111,SA111,Not started,,,,,0,AI RECREATION ⏎ POV look up to ceiling ⏎ Smoke starts seeping into cockpit from behind panels ⏎ EXPERT: It smells like burning plastic and seems to be coming from behind the ceiling panel above them.,,
CTD_AI_SA111_ControlsDamaged,108,Swiss Air 111,SA111,Not started,,,,,0,"AI RECREATION ⏎ Smoke in cockpit ⏎ Controls aren’t working ⏎ EXPERT: The fire is growing even more intense. So much so, that it severely damages the aircraft’s electrical systems, including the Pilot’s flight controls.",,
CTD_AI_SA111_HandTapsComm,108,Swiss Air 111,SA111,Not started,,,,,0,AI RECREATION ⏎ Pilot’s hand taps comm - not working. ⏎ EXPERT: This is their last communication.,,
CTD_AI_SA111_HandsOnWires,108,Swiss Air 111,SA111,Not started,,,,,0,"AI RECREATION ⏎ Hands hooking up wires near insulation ⏎ EXPERT: But for some reason, when the system was installed a year earlier, no one considered this potential hazard.",,
CTD_AI_SA111_LosingAltitude,108,Swiss Air 111,SA111,Not started,,,,,0,"AI RECREATION ⏎ MD-11 losing altitude ⏎ VO: ⏎ SWISSAIR FLIGHT 111 BEGINS LOSING ALTITUDE, QUICKLY.",,
CTD_AI_SA111_MaydayCall,108,Swiss Air 111,SA111,Not started,,,,,0,EXPERT: They place a “Mayday” call to ATC Halifax.,,
CTD_AI_SA111_PassengersChilling,108,Swiss Air 111,SA111,Not started,,,,,0,"AI RECREATION ⏎ Passengers napping, enjoying in-flight entertainment system ⏎ EXPERT: With everything happening in the cockpit, the passengers are actually ⏎ unaware of the danger. Some are sleeping. Others are enjoying the in-flight entertainment system.",,
CTD_AI_SA111_PassengersInSeats,108,Swiss Air 111,SA111,Not started,,,,,0,"AI RECREATION ⏎ POV down Aisle - showing passengers in seats. ⏎ EXPERT: Passengers include Joe La Motta, the son of the former boxing champion, Jake La Motta, a member of the Saudi royal family and two AIDS research pioneers, Jonathan Mann and his wife Mary Lou.",,
CTD_AI_SA111_PassengersPanic,108,Swiss Air 111,SA111,Not started,,,,,0,AI RECREATION ⏎ Panicked passengers hands grip seats ⏎ EXPERT: Panic spreads throughout the cabin as the aircraft enters a steep spiral descent toward the Atlantic Ocean.,,
CTD_AI_SA111_PilotInHeadset,108,Swiss Air 111,SA111,Not started,,,,,0,"AI RECREATION ⏎ Pilot speaking into headset ⏎ EXPERT:** **They know they’re in serious danger, and need to make an emergency landing at the nearest airport.",,
CTD_AI_SA111_PilotsAtControls,108,Swiss Air 111,SA111,Not started,,,,,0,"AI RECREATION ⏎ In Silhouette - Pilots at controls ⏎ EXPERT: At the controls are Captain Urs Zimmermann and First Officer Stefan Löw. Both are former Swiss Air Force fighter pilots, with more than 15,000 hours of combined flight experience.",,
CTD_AI_SA111_PilotsConfused,108,Swiss Air 111,SA111,Not started,,,,,0,"AI RECREATION ⏎ From behind - Pilots look at each, confused. ⏎ EXPERT: Less than an hour into the flight, over Nova Scotia, the pilots detect a strange odor in the cockpit.",,
CTD_AI_SA111_PilotsInSmoke,108,Swiss Air 111,SA111,Not started,,,,,0,"AI RECREATION ⏎ Pilots being surrounded by smoke. ⏎ EXPERT:** **Halifax International Airport is about 75 miles away. So now the question is, will they get there in time?",,
CTD_AI_SA111_PilotsInSmoke2,108,Swiss Air 111,SA111,Not started,,,,,0,"CONT. (from CTD_AI_SA111_PilotsInSmoke?) ⏎ EXPERT:** **The smoke in the cockpit has gotten so thick, the pilots have to put on their oxygen masks to breathe.",,
CTD_AI_SA111_PlaneCrashes,108,Swiss Air 111,SA111,Not started,,,,,0,"AI RECREATION ⏎ Plane crashes into dark waters ⏎ VO: ⏎ SECONDS LATER, ~~AT 9:31 PM~~, SWISSAIR FLIGHT 111 SLAMS INTO THE OCEAN.",,
CTD_AI_SA111_PlaneCrashes2,108,Swiss Air 111,SA111,Not started,,,,,0,"CONT. (from CTD_AI_SA111_PlaneCrashes?) ⏎ EXPERT: The force of the impact is so great, the plane instantly disintegrates, killing all 229 people on board.",,
CTD_AI_SA111_SkyToBuildingPan,108,Swiss Air 111,SA111,Not started,,,,,0,"AI RECREATION ⏎ Tilt down from sky to– ⏎ Building - Walkway ⏎ VO: ⏎ SOMETIMES THE THREAT IS VISIBLE TO EVERYONE AND RECOGNIZED BY NO ONE, UNTIL IT’S TOO LATE.",,
CTD_AI_SA111_SmellSmoke,108,Swiss Air 111,SA111,Not started,,,,,0,Tilt down from sky to–,,
CTD_AI_SA111_SmokeBillows,108,Swiss Air 111,SA111,Not started,,,,,0,Building - Walkway,,
CTD_AI_SA111_SmokeEmanates,108,Swiss Air 111,SA111,Not started,,,,,0,AI RECREATION ⏎ Smoke emanates above cockpit ⏎ VO: ⏎ COMING UP…FIRE IN THE SKY.,,
CTD_AI_SA111_SmokeInCockpit,108,Swiss Air 111,SA111,Not started,,,,,0,"AI RECREATION ⏎ Pilots look up to the ceiling Smoke seeps into cockpit. ⏎ VO: ⏎ ~~55 MINUTES~~ ALMOST AN HOUR INTO THE FLIGHT, ~~SWISSAIR FLIGHT 111,~~ SMOKE IS SEEPING INTO THE COCKPIT OF SWISSAIR FLIGHT 111.",,
CTD_AI_SA111_SmokeInCockpit2,108,Swiss Air 111,SA111,Not started,,,,,0,Cont. (from CTD_AI_SA111_SmokeInCockpit?) ⏎ EXPERT: It’s coming from the ceiling panel above the pilots and they have no idea why.,,
CTD_AI_SA111_SmokeSeepsIn,108,Swiss Air 111,SA111,Not started,,,,,0,AI RECREATION ⏎ POV pilots Smoke starts seeping into cockpit from behind panels ⏎ EXPERT: The smell turns into smoke. You never want to see smoke in a cockpit. And they have no idea what’s causing it.,,
CTD_AI_SA111_SparksIgnite,108,Swiss Air 111,SA111,Not started,,,,,0,"AI RECREATION ⏎ Wire short circuits - sparks ignite insulation ⏎ EXPERT: The pilots are now facing the consequence of that error…because minutes earlier, one of the wires short-circuited, producing a single spark that ignited the insulation.",,
CTD_AI_SA111_TakesFlight,108,Swiss Air 111,SA111,Not started,,,,,0,"AI RECREATION ⏎ Swissair MD-11 takes flight into night sky ⏎ EXPERT: Just after 8pm, Flight 111** **lifts off, and within minutes reaches a cruising altitude of 33,000 feet.",,
CTD_AI_SA111_TransparentPanel,108,Swiss Air 111,SA111,Not started,,,,,0,AI RECREATION ⏎ Tilt up from pilots to ceiling ⏎ Transparent Panel - thermal insulation material ⏎ EXPERT: Behind the overhead panels is not just the maze of wires from the in-flight entertainment system. The space is also packed with thermal insulation material that’s highly flammable.,,
CTD_SI_SA111_MenInBoat,108,Swiss Air 111,SA111,Not started,,,,,0,"AI RECREATION ⏎ Silhouette of men in boat looking overhead ⏎ EXPERT: A few miles west of Halifax, some fishermen are in their boats when they hear what they describe as a loud roar overhead.",,
