Sequence,Episode,Asset ID,Seq In,Seq Out,Duration (s),Duration (TC),Date of Output,AI Tools,Outdated,Duplicate
CTD_101_CONFORM,101,CTD_AI_MSH_OrangeGlow_20260617_1a.mov,01:00:05:00,01:00:06:05,1.21,1:05,2026-06-17,Chat GPT; Krea,,
CTD_101_CONFORM,101,CTD_AI_MSH_UndergroundLava_20260617_1e.mov,01:00:06:05,01:00:07:17,1.5,1:12,2026-06-17,Chat GPT; Krea,,
CTD_101_CONFORM,101,CTD_AI_MSH_SurfaceCracking_20260617_1a.mov,01:00:07:17,01:00:09:19,2.08,2:02,2026-06-17,Chat GPT; Krea,,
CTD_101_CONFORM,101,CTD_AI_HIN_HinConstruction_20260512_2b.mov,01:00:09:19,01:00:11:02,1.29,1:07,2026-05-12,Chat GPT; Krea,,
CTD_101_CONFORM,101,CTD_AI_HIN_FlyingOcean_20260527_2b.mov,01:00:11:02,01:00:13:07,2.21,2:05,2026-05-27,Chat GPT; Krea,,
CTD_101_CONFORM,101,CTD_AI_HIN_CaptainPOV_20260709_1n.mov,01:00:13:07,01:00:14:09,1.08,1:02,2026-07-09,,,
CTD_101_CONFORM,101,CTD_AI_MSH_PyroclasticFlow_20260501_3e.mov,01:00:16:16,01:00:18:07,1.63,1:15,2026-05-01,Chat GPT; Krea,,
CTD_101_CONFORM,101,CTD_AI_MSH_DJwipeout_20260505_1h.mov,01:00:18:07,01:00:20:01,1.75,1:18,2026-05-05,Chat GPT; Krea,,
CTD_101_CONFORM,101,CTD_AI_MSH_DJovertheshoulder_20260501_2c.mov,01:00:20:01,01:00:22:04,2.13,2:03,2026-05-01,Chat GPT; Krea,,
CTD_101_CONFORM,101,CTD_AI_MSH_LodgeCorner_20260626_1a.mov,01:00:22:04,01:00:23:17,1.54,1:13,2026-06-26,Chat GPT; Krea,,
CTD_101_CONFORM,101,CTD_AI_MSH_LodgeRoof_20260626_1c.mov,01:00:23:17,01:00:25:03,1.42,1:10,2026-06-26,Chat GPT; Krea,,
CTD_101_CONFORM,101,CTD_AI_TXC_NEWBagExplosion_20260522_3b.mov,01:00:36:23,01:00:39:05,2.25,2:06,2026-05-22,Chat GPT; Krea,,
CTD_101_CONFORM,101,CTD_AI_TXC_HatchExplode_20260522_1a.mov,01:00:39:05,01:00:41:02,1.88,1:21,2026-05-22,Chat GPT; Krea,,
CTD_101_CONFORM,101,CTD_AI_TXC_BlowPortWindows_20260522_1a.mov,01:00:41:02,01:00:42:02,1,1:00,2026-05-22,Chat GPT; Krea,,
CTD_101_CONFORM,101,CTD_AI_TXC_NEWBoatExplosion_20260522_1a.mov,01:00:42:02,01:00:43:01,0.96,0:23,2026-05-22,Chat GPT; Krea,,
CTD_101_CONFORM,101,CTD_AI_FDN_GeneratorFlood_20260417_2a.mov,01:00:49:00,01:00:50:11,1.46,1:11,2026-04-17,Chat GPT; Krea,,
CTD_101_CONFORM,101,CTD_AI_FDN_FireTrucks_20260505_5b.mov,01:00:50:11,01:00:51:20,1.38,1:09,2026-05-05,Chat GPT; Krea,,
CTD_101_CONFORM,101,CTD_AI_FDN_WideSuitUpZipUp_20260617_1a.mov,01:00:51:20,01:00:52:14,0.75,0:18,2026-06-17,Chat GPT; Krea,,
CTD_101_CONFORM,101,CTD_AI_FDN_WideSuitUp_20260615_3b.mov,01:00:52:14,01:00:53:10,0.83,0:20,2026-06-16,Chat GPT; Krea,,
CTD_101_CONFORM,101,CTD_AI_FDN_MaskUp_20260615_1b.mov,01:00:53:10,01:00:54:11,1.04,1:01,2026-06-16,Chat GPT; Krea,,
CTD_101_CONFORM,101,CTD_AI_FDN_Reactorexplosion_20260521_31a.mov,01:00:58:02,01:01:00:13,2.46,2:11,2026-05-21,Chat GPT; Krea,,
CTD_101_CONFORM,101,CTD_AI_FDN_SparksWire_20260522_1b.mov,01:01:00:13,01:01:01:11,0.92,0:22,2026-05-22,Chat GPT; Krea,,
CTD_101_CONFORM,101,CTD_AI_CHF_Dike_20260526_2e.mov,01:01:01:11,01:01:02:07,0.83,0:20,2026-05-26,Chat GPT; Krea,,
CTD_101_CONFORM,101,CTD_AI_447_HailCloud_20260623_1a.mov,01:01:02:07,01:01:03:06,0.96,0:23,2026-06-23,Chat GPT; Krea,,
CTD_101_CONFORM,101,CTD_AI_FDN_BigPipe_20260522_1b.mov,01:01:03:06,01:01:04:03,0.88,0:21,2026-05-22,Chat GPT; Krea,,
CTD_101_CONFORM,101,CTD_AI_FDN_TsunamiMisc_20260416_1a.mov,01:01:04:03,01:01:05:01,0.92,0:22,2026-04-16,Chat GPT; Krea,,
CTD_101_CONFORM,101,CTD_AI_CHF_CycloneVillage_20260701_2a.mov,01:01:05:01,01:01:06:05,1.17,1:04,2026-07-02,Chat GPT; Krea,,
CTD_101_CONFORM,101,CTD_AI_CHF_FloodedWuhan_20260526_10e.mov,01:01:06:05,01:01:07:22,1.71,1:17,2026-05-26,Chat GPT; Krea,,
CTD_101_CONFORM,101,CTD_AI_447_Planecrash_20260703_1e.mov,01:01:07:22,01:01:09:15,1.71,1:17,2026-07-03,Chat GPT; Krea,,
CTD_101_CONFORM,101,CTD_AI_447_PlaneCrashWing_20260623_1c.mov,01:01:09:15,01:01:10:22,1.29,1:07,2026-06-23,Chat GPT; Krea,,
CTD_101_CONFORM,101,CTD_AI_MSH_LowCracks_20260413_1b.mov,01:02:29:07,01:02:30:20,1.54,1:13,2026-04-13,Chat GPT; Krea,,
CTD_101_CONFORM,101,CTD_AI_MSH_LowCracks_20260413_1a.mov,01:02:30:20,01:02:32:06,1.42,1:10,2026-04-13,Chat GPT; Krea,,
CTD_101_CONFORM,101,CTD_AI_MSH_LargeCracks_20260413_1a.mov,01:02:32:06,01:02:34:05,1.96,1:23,2026-04-13,Chat GPT; Krea,,
CTD_101_CONFORM,101,CTD_AI_MSH_InitialSmoke_20260624_4c.mov,01:02:38:04,01:02:48:14,10.42,10:10,2026-06-24,Chat GPT; Krea,,
CTD_101_CONFORM,101,CTD_AI_MSH_OrangeGlow_20260617_1a.mov,01:08:02:04,01:08:06:11,4.29,4:07,2026-06-17,Chat GPT; Krea,,
CTD_101_CONFORM,101,CTD_AI_MSH_SurfaceCracking_20260617_1a.mov,01:08:06:11,01:08:13:17,7.25,7:06,2026-06-17,Chat GPT; Krea,,
CTD_101_CONFORM,101,CTD_AI_MSH_CloseLandslide_20260624_1e.mov,01:08:13:17,01:08:18:02,4.38,4:09,2026-06-24,Chat GPT; Krea,,
CTD_101_CONFORM,101,CTD_AI_MSH_UndergroundLava_20260617_1e.mov,01:08:25:14,01:08:28:02,2.5,2:12,2026-06-17,Chat GPT; Krea,,
CTD_101_CONFORM,101,CTD_AI_MSH_CrackForming_20260427_1a.mov,01:08:28:02,01:08:31:16,3.58,3:14,2026-04-27,Chat GPT; Krea,,
CTD_101_CONFORM,101,CTD_AI_MSH_CrackForming_20260427_3a.mov,01:08:35:05,01:08:40:21,5.67,5:16,2026-04-27,Chat GPT; Krea,,
CTD_101_CONFORM,101,CTD_AI_MSH_BulgeCrack_20260617_1a.mov,01:08:40:21,01:08:45:09,4.5,4:12,2026-06-17,Chat GPT; Krea,,
CTD_101_CONFORM,101,CTD_AI_MSH_PyroclasticFlow_20260501_1a.mov,01:09:18:07,01:09:24:08,6.04,6:01,2026-05-01,Chat GPT; Krea,,
CTD_101_CONFORM,101,CTD_AI_MSH_Pyroclasticflowwide_20260427_1b.mov,01:09:31:00,01:09:35:05,4.21,4:05,2026-04-27,Chat GPT; Krea,,
CTD_101_CONFORM,101,CTD_AI_MSH_DJovertheshoulder_20260501_2c.mov,01:09:43:09,01:09:45:22,2.54,2:13,2026-05-01,Chat GPT; Krea,,
CTD_101_CONFORM,101,CTD_AI_MSH_PickingUpRadio_20260408_1c.mov,01:09:50:17,01:09:51:10,0.71,0:17,2026-04-08,Chat GPT; Krea,,
CTD_101_CONFORM,101,CTD_AI_MSH_DJovertheshoulder_20260617_2c.mov,01:09:51:10,01:09:54:00,2.58,2:14,2026-06-17,Chat GPT; Krea,,
CTD_101_CONFORM,101,CTD_AI_MSH_DJovertheshoulder_20260617_2e.mov,01:09:54:00,01:09:56:23,2.96,2:23,2026-06-17,Chat GPT; Krea,,
CTD_101_CONFORM,101,CTD_AI_MSH_PyroclasticFlow_20260408_9a.mov,01:10:04:09,01:10:09:13,5.17,5:04,2026-04-08,Chat GPT; Krea,,
CTD_101_CONFORM,101,CTD_AI_MSH_MonitoringDevice_20260505_1a.mov,01:10:09:13,01:10:12:11,2.92,2:22,2026-05-05,Chat GPT; Krea,,
CTD_101_CONFORM,101,CTD_AI_MSH_PyroclasticFlow_20260501_3e.mov,01:10:12:11,01:10:16:13,4.08,4:02,2026-05-01,Chat GPT; Krea,,
CTD_101_CONFORM,101,CTD_AI_MSH_PyroclasticFlow_20260408_2a.mov,01:10:16:13,01:10:25:11,8.92,8:22,2026-04-08,Chat GPT; Krea,,
CTD_101_CONFORM,101,CTD_AI_MSH_PyroclasticFlow_20260501_3d.mov,01:10:29:14,01:10:31:12,1.92,1:22,2026-05-01,Chat GPT; Krea,,
CTD_101_CONFORM,101,CTD_AI_MSH_LodgeCorner_20260626_1a.mov,01:10:31:12,01:10:34:20,3.33,3:08,2026-06-26,Chat GPT; Krea,,
CTD_101_CONFORM,101,CTD_AI_MSH_LodgeRoof_20260626_1c.mov,01:10:34:20,01:10:37:19,2.96,2:23,2026-06-26,Chat GPT; Krea,,
CTD_101_CONFORM,101,CTD_AI_MSH_LodgeRoof_20260626_1a.mov,01:10:37:19,01:10:40:00,2.21,2:05,2026-06-26,Chat GPT; Krea,,
CTD_101_CONFORM,101,CTD_AI_FDN_EarthquakeControlRoomDesk_20260617_4a.mov,01:14:42:15,01:14:43:05,0.58,0:24,2026-06-17,Chat GPT; Krea,,
CTD_101_CONFORM,101,CTD_AI_FDN_EarthquakeControlRoomGrip_20260617_1a.mov,01:14:43:05,01:14:44:00,0.79,0:19,2026-06-17,Chat GPT; Krea,,
CTD_101_CONFORM,101,CTD_AI_FDN_EarthquakeControlRoomDesk_20260617_1a.mov,01:14:44:00,01:14:44:14,0.58,0:24,2026-06-17,Chat GPT; Krea,,
CTD_101_CONFORM,101,CTD_AI_FDN_EarthquakeControlRoom_20260617_2a.mov,01:14:44:14,01:14:45:08,0.75,0:18,2026-06-17,Chat GPT; Krea,,
CTD_101_CONFORM,101,CTD_AI_FDN_EarthquakeControlRoomConsole_20260617_1b.mov,01:14:45:08,01:14:46:17,1.38,1:09,2026-06-17,Chat GPT; Krea,,
CTD_101_CONFORM,101,CTD_AI_FDN_EarthquakeControlRoomBlinking_20260617_2a.mov,01:14:46:17,01:14:48:07,1.58,1:14,2026-06-17,Chat GPT; Krea,,
CTD_101_CONFORM,101,CTD_AI_FDN_Coffee&Alarm_20260416_1b.mov,01:14:48:07,01:14:49:05,0.92,0:22,2026-04-16,Chat GPT; Krea,,
CTD_101_CONFORM,101,CTD_AI_FDN_EarthquakeControlRoom_20260615_6b.mov,01:14:49:05,01:14:50:06,1.04,1:01,2026-06-16,Chat GPT; Krea,,
CTD_101_CONFORM,101,CTD_AI_FDN_EarthquakeControlRoomLights_20260617_1b.mov,01:14:50:06,01:14:50:18,0.5,0:12,2026-06-17,Chat GPT; Krea,,
CTD_101_CONFORM,101,CTD_AI_FDN_EarthquakeControlRoomBlinking_20260617_1b.mov,01:14:50:18,01:14:52:07,1.54,1:13,2026-06-17,Chat GPT; Krea,,
CTD_101_CONFORM,101,CTD_AI_FDN_EarthquakeControlRoom_20260617_3a.mov,01:14:52:07,01:14:52:18,0.46,0:11,2026-06-17,Chat GPT; Krea,,
CTD_101_CONFORM,101,CTD_AI_FDN_EarthquakeControlRoom_20260615_8a.mov,01:14:52:18,01:14:53:20,1.08,1:02,2026-06-16,Chat GPT; Krea,,
CTD_101_CONFORM,101,CTD_AI_FDN_EarthquakeControlRoom_20260416_3a.mov,01:14:53:20,01:14:54:22,1.08,1:02,2026-04-16,Chat GPT; Krea,,
CTD_101_CONFORM,101,CTD_AI_FDN_ControlRoomPower_20260505_1a.mov,01:14:54:22,01:14:57:08,2.42,2:10,2026-05-05,Chat GPT; Krea,,
CTD_101_CONFORM,101,CTD_AI_FDN_Reactor_20260625_1b.mov,01:15:03:13,01:15:05:16,2.13,2:03,2026-06-25,Chat GPT; Krea,,
CTD_101_CONFORM,101,CTD_AI_FDN_Reactor_20260703_2e.mov,01:15:05:16,01:15:08:14,2.92,2:22,2026-07-03,Chat GPT; Krea,,
CTD_101_CONFORM,101,CTD_AI_FDN_GeneratorFlood_20260703_1a.mov,01:15:11:14,01:15:15:06,3.67,3:16,2026-07-03,Chat GPT; Krea,,
CTD_101_CONFORM,101,CTD_AI_FDN_Radiator_20260429_1c.mov,01:15:15:06,01:15:17:21,2.63,2:15,2026-04-29,Chat GPT; Krea,,
CTD_101_CONFORM,101,CTD_AI_FDN_PowerOn_20260506_1c.mov,01:15:17:21,01:15:19:10,1.54,1:13,2026-05-06,Chat GPT; Krea,,
CTD_101_CONFORM,101,CTD_AI_FDN_VoltageLevel_20260506_1b.mov,01:15:19:10,01:15:20:04,0.75,0:18,2026-05-06,Chat GPT; Krea,,
CTD_101_CONFORM,101,CTD_AI_FDN_VoltageLevel_20260506_1b.mov,01:15:20:04,01:15:21:09,1.21,1:05,2026-05-06,Chat GPT; Krea,,
CTD_101_CONFORM,101,CTD_AI_FDN_ControlRoomPower_20260505_1a.mov,01:15:21:09,01:15:25:03,3.75,3:18,2026-05-05,Chat GPT; Krea,,
CTD_101_CONFORM,101,CTD_AI_FDN_LowAngleTsunami_20260501_1a.mov,01:15:40:07,01:15:42:03,1.83,1:20,2026-05-01,Chat GPT; Krea,,
CTD_101_CONFORM,101,CTD_AI_FDN_TsunamiMisc_20260416_1a.mov,01:15:42:03,01:15:43:02,0.96,0:23,2026-04-16,Chat GPT; Krea,,
CTD_101_CONFORM,101,CTD_AI_FDN_TsunamiMisc_20260421_12a.mov,01:15:43:02,01:15:45:05,2.13,2:03,2026-04-21,Chat GPT; Krea,,
CTD_101_CONFORM,101,CTD_AI_FDN_TsunamiMisc_20260421_11c.mov,01:15:45:05,01:15:45:21,0.67,0:16,2026-04-21,Chat GPT; Krea,,
CTD_101_CONFORM,101,CTD_AI_FDN_Tsunami_20260416_1b.mov,01:15:45:21,01:15:46:16,0.79,0:19,2026-04-16,Chat GPT; Krea,,
CTD_101_CONFORM,101,CTD_AI_FDN_TsunamiMisc_20260421_14a.mov,01:15:46:16,01:15:47:15,0.96,0:23,2026-04-21,Chat GPT; Krea,,
CTD_101_CONFORM,101,CTD_AI_FDN_TsunamiMisc_20260421_7a.mov,01:15:47:15,01:15:49:02,1.46,1:11,2026-04-21,Chat GPT; Krea,,
CTD_101_CONFORM,101,CTD_AI_FDN_GeneratorFlood_20260417_2a.mov,01:15:49:02,01:15:50:21,1.79,1:19,2026-04-17,Chat GPT; Krea,,
CTD_101_CONFORM,101,CTD_AI_FDN_GeneratorFlood_20260417_3b.mov,01:15:50:21,01:15:52:23,2.08,2:02,2026-04-17,Chat GPT; Krea,,
CTD_101_CONFORM,101,CTD_AI_FDN_GeneratorPanel_20260501_1a.mov,01:15:55:16,01:15:57:17,2.04,2:01,2026-05-01,Chat GPT; Krea,,
CTD_101_CONFORM,101,CTD_AI_FDN_EarthQuakeControlRoomLightsOut_20260702_1b.mov,01:15:57:17,01:15:58:18,1.04,1:01,2026-07-02,Chat GPT; Krea,,
CTD_101_CONFORM,101,CTD_AI_FDN_EarthQuakeControlRoomMonitors_20260702_1a.mov,01:15:58:18,01:16:00:09,1.63,1:15,2026-07-02,Chat GPT; Krea,,
CTD_101_CONFORM,101,CTD_AI_FDN_ControlRoomFlash_20260505_1a.mov,01:16:04:15,01:16:06:19,2.17,2:04,2026-05-05,Chat GPT; Krea,,
CTD_101_CONFORM,101,CTD_AI_FDN_ControlRoomButton_20260505_2a.mov,01:16:06:19,01:16:09:08,2.54,2:13,2026-05-05,Chat GPT; Krea,,
CTD_101_CONFORM,101,CTD_AI_FDN_Temperature5000_20260505_1a.mov,01:16:53:09,01:16:56:07,2.92,2:22,2026-05-05,Chat GPT; Krea,,
CTD_101_CONFORM,101,CTD_AI_FDN_BigPipe_20260602_2a.mov,01:17:00:01,01:17:02:09,2.33,2:08,2026-06-02,Chat GPT; Krea,,
CTD_101_CONFORM,101,CTD_AI_FDN_BigPipe_20260522_1d.mov,01:17:02:09,01:17:04:03,1.75,1:18,2026-05-22,Chat GPT; Krea,,
CTD_101_CONFORM,101,CTD_AI_FDN_BigPipe_20260602_1a.mov,01:17:04:03,01:17:08:05,4.08,4:02,2026-06-02,Chat GPT; Krea,,
CTD_101_CONFORM,101,CTD_AI_FDN_BigPipe_20260522_2a.mov,01:17:09:19,01:17:14:10,4.63,4:15,2026-05-22,Chat GPT; Krea,,
CTD_101_CONFORM,101,CTD_AI_FDN_FireTrucks_20260505_5b.mov,01:17:21:12,01:17:22:23,1.46,1:11,2026-05-05,Chat GPT; Krea,,
CTD_101_CONFORM,101,CTD_AI_FDN_FiremanHose_20260702_3c.mov,01:17:22:23,01:17:23:22,0.96,0:23,2026-07-02,Chat GPT; Krea,,
CTD_101_CONFORM,101,CTD_AI_FDN_FiremanHose_20260702_2b.mov,01:17:23:22,01:17:25:12,1.58,1:14,2026-07-02,Chat GPT; Krea,,
CTD_101_CONFORM,101,CTD_AI_FDN_WideSuitUpZipUp_20260617_1a.mov,01:17:28:04,01:17:29:06,1.08,1:02,2026-06-17,Chat GPT; Krea,,
CTD_101_CONFORM,101,CTD_AI_FDN_WideSuitUp_20260615_5a.mov,01:17:29:06,01:17:30:00,0.75,0:18,2026-06-16,Chat GPT; Krea,,
CTD_101_CONFORM,101,CTD_AI_FDN_WideSuitUpGloves_20260617_1a.mov,01:17:30:00,01:17:30:21,0.88,0:21,2026-06-17,Chat GPT; Krea,,
CTD_101_CONFORM,101,CTD_AI_FDN_WideSuitUp_20260615_3b.mov,01:17:30:21,01:17:32:01,1.17,1:04,2026-06-16,Chat GPT; Krea,,
CTD_101_CONFORM,101,CTD_AI_FDN_CloseSuitUpZipUp_20260618_1a.mov,01:17:33:04,01:17:33:18,0.58,0:24,2026-06-18,Chat GPT; Krea,,
CTD_101_CONFORM,101,CTD_AI_FDN_CloseSuitUpHelmet_20260618_2a.mov,01:17:33:18,01:17:34:13,0.79,0:19,2026-06-18,Chat GPT; Krea,,
CTD_101_CONFORM,101,CTD_AI_FDN_WideSuitUpFaceInHands_20260617_1b.mov,01:17:34:13,01:17:35:18,1.21,1:05,2026-06-17,Chat GPT; Krea,,
CTD_101_CONFORM,101,CTD_AI_FDN_MaskUp_20260615_1b.mov,01:17:35:18,01:17:37:10,1.67,1:16,2026-06-16,Chat GPT; Krea,,
CTD_101_CONFORM,101,CTD_AI_FDN_WideSuitUpPhoto_20260617_1b.mov,01:17:37:10,01:17:38:11,1.04,1:01,2026-06-17,Chat GPT; Krea,,
CTD_101_CONFORM,101,CTD_AI_FDN_TurningBigWheelWater_20260618_1a.mov,01:17:40:10,01:17:41:16,1.25,1:06,2026-06-18,Chat GPT; Krea,,
CTD_101_CONFORM,101,CTD_AI_FDN_BootsWadingSearching_20260617_3a.mov,01:17:41:16,01:17:42:15,0.96,0:23,2026-06-17,Chat GPT; Krea,,
CTD_101_CONFORM,101,CTD_AI_FDN_TurningBigWheelLooking_20260618_3a.mov,01:17:42:15,01:17:43:06,0.63,0:15,2026-06-18,Chat GPT; Krea,,
CTD_101_CONFORM,101,CTD_AI_FDN_BootsWadingSearching_20260617_2a.mov,01:17:43:06,01:17:44:11,1.21,1:05,2026-06-17,Chat GPT; Krea,,
CTD_101_CONFORM,101,CTD_AI_FDN_TurningBigWheelWalking_20260618_1a.mov,01:17:44:11,01:17:45:07,0.83,0:20,2026-06-18,Chat GPT; Krea,,
CTD_101_CONFORM,101,CTD_AI_FDN_BootsWading_20260615_1c.mov,01:17:45:07,01:17:46:12,1.21,1:05,2026-06-16,Chat GPT; Krea,,
CTD_101_CONFORM,101,CTD_AI_FDN_TurningBigWheel_20260522_5a.mov,01:17:46:12,01:17:47:17,1.21,1:05,2026-05-22,Chat GPT; Krea,,
CTD_101_CONFORM,101,CTD_AI_FDN_TurningBigWheel_20260522_3a.mov,01:17:47:17,01:17:49:05,1.5,1:12,2026-05-22,Chat GPT; Krea,,
CTD_101_CONFORM,101,CTD_AI_FDN_TurningBigWheel_20260522_1a.mov,01:17:51:19,01:17:55:19,4,4:00,2026-05-22,Chat GPT; Krea,,
CTD_101_CONFORM,101,CTD_AI_FDN_TurningBigWheel_20260601_2a.mov,01:18:00:10,01:18:03:21,3.46,3:11,2026-06-01,Chat GPT; Krea,,
CTD_101_CONFORM,101,CTD_AI_FDN_TurningBigWheel_20260601_3b.mov,01:18:03:21,01:18:07:01,3.17,3:04,2026-06-01,Chat GPT; Krea,,
CTD_101_CONFORM,101,CTD_AI_FDN_TurningBigWheel_20260522_2c.mov,01:18:07:01,01:18:10:06,3.21,3:05,2026-05-22,Chat GPT; Krea,,
CTD_101_CONFORM,101,CTD_AI_FDN_Reactor_20260625_1e.mov,01:18:19:17,01:18:24:07,4.58,4:14,2026-06-25,Chat GPT; Krea,,
CTD_101_CONFORM,101,CTD_AI_FDN_Reactor_20260703_2a.mov,01:18:27:13,01:18:31:03,3.58,3:14,2026-07-03,Chat GPT; Krea,,
CTD_101_CONFORM,101,CTD_AI_FDN_SparksWire_20260522_1b.mov,01:18:32:17,01:18:37:11,4.75,4:18,2026-05-22,Chat GPT; Krea,,
CTD_101_CONFORM,101,CTD_AI_FDN_Reatorexplosion_20260707_1a.mov,01:18:37:11,01:18:39:19,2.33,2:08,2026-07-07,Chat GPT; Krea,,
CTD_101_CONFORM,101,CTD_AI_FDN_Reactorexplosion_20260521_24a.mov,01:18:39:19,01:18:41:10,1.63,1:15,2026-05-21,Chat GPT; Krea,,
CTD_101_CONFORM,101,CTD_AI_FDN_Reactorexplosion_20260521_28a.mov,01:18:41:10,01:18:43:04,1.75,1:18,2026-05-21,Chat GPT; Krea,,
CTD_101_CONFORM,101,CTD_AI_FDN_ReactorExplodes_20260520_1b.MOV,01:18:43:04,01:18:47:08,4.17,4:04,2026-05-20,Chat GPT; Krea,,
CTD_101_CONFORM,101,CTD_AI_FDN_Reactorexplosion_20260703_7a.mov,01:18:47:08,01:18:48:13,1.21,1:05,2026-07-03,Chat GPT; Krea,,
CTD_101_CONFORM,101,CTD_AI_FDN_Reactorexplosion_20260703_30c.mov,01:18:48:13,01:18:49:11,0.92,0:22,2026-07-03,Chat GPT; Krea,,
CTD_101_CONFORM,101,CTD_AI_FDN_Reactorexplosion_20260521_18a.mov,01:18:49:11,01:18:51:12,2.04,2:01,2026-05-21,Chat GPT; Krea,,
CTD_101_CONFORM,101,CTD_AI_FDN_Reatorexplosion_20260707_1p.mov,01:18:51:12,01:18:53:17,2.21,2:05,2026-07-07,Chat GPT; Krea,,
CTD_101_CONFORM,101,CTD_AI_FDN_Reatorexplosion_20260707_1r.mov,01:18:53:17,01:18:55:10,1.71,1:17,2026-07-07,Chat GPT; Krea,,
CTD_101_CONFORM,101,CTD_AI_FDN_Reatorexplosion_20260707_1i.mov,01:18:55:10,01:18:57:05,1.79,1:19,2026-07-07,Chat GPT; Krea,,
CTD_101_CONFORM,101,CTD_AI_FDN_Reactorexplosion_20260521_34a.mov,01:19:16:19,01:19:18:15,1.83,1:20,2026-05-21,Chat GPT; Krea,,
CTD_101_CONFORM,101,CTD_AI_FDN_GroupMeeting_20260505_1a.mov,01:19:18:15,01:19:22:13,3.92,3:22,2026-05-05,Chat GPT; Krea,,
CTD_101_CONFORM,101,CTD_AI_FDN_Reactorexplosion_20260521_19a.mov,01:19:27:19,01:19:32:22,5.13,5:03,2026-05-21,Chat GPT; Krea,,
CTD_101_CONFORM,101,CTD_AI_FDN_Reactorexplosion_20260703_6a.mov,01:19:32:22,01:19:37:17,4.79,4:19,2026-07-03,Chat GPT; Krea,,
CTD_101_CONFORM,101,CTD_AI_FDN_ReactorExplodes_20260520_2a.MOV,01:19:37:17,01:19:39:04,1.46,1:11,2026-05-20,Chat GPT; Krea,,
CTD_101_CONFORM,101,CTD_AI_FDN_Reactorexplosion_20260521_24a.mov,01:19:39:04,01:19:40:16,1.5,1:12,2026-05-21,Chat GPT; Krea,,
CTD_101_CONFORM,101,CTD_AI_FDN_Reactorexplosion_20260521_34a.mov,01:19:40:16,01:19:42:15,1.96,1:23,2026-05-21,Chat GPT; Krea,,
CTD_101_CONFORM,101,CTD_AI_FDN_ReactorExplosion_20260511_5e.mov,01:19:48:23,01:19:51:18,2.79,2:19,2026-05-11,Chat GPT; Krea,,
CTD_101_CONFORM,101,CTD_AI_FDN_Reactorexplosion_20260521_21a.mov,01:19:51:18,01:19:53:03,1.38,1:09,2026-05-21,Chat GPT; Krea,,
CTD_101_CONFORM,101,CTD_AI_FDN_Reactorexplosion_20260703_30d.mov,01:19:53:03,01:19:55:16,2.54,2:13,2026-07-03,Chat GPT; Krea,,
CTD_101_CONFORM,101,CTD_AI_FDN_Reactorexplosion_20260703_30e.mov,01:19:55:16,01:19:58:16,3,3:00,2026-07-03,Chat GPT; Krea,,
CTD_101_CONFORM,101,CTD_AI_FDN_Reactorexplosion_20260521_32a.mov,01:19:58:16,01:20:02:07,3.63,3:15,2026-05-21,Chat GPT; Krea,,
CTD_101_CONFORM,101,CTD_AI_FDN_Reactorexplosion_20260702_7g.mov,01:20:02:07,01:20:06:07,4,4:00,2026-07-02,Chat GPT; Krea,,
CTD_101_CONFORM,101,CTD_AI_FDN_GroupMeeting_20260505_1a.mov,01:20:23:08,01:20:29:15,6.29,6:07,2026-05-05,Chat GPT; Krea,,
CTD_101_CONFORM,101,CTD_AI_TXC_WorkerBags_20260625_1b.mov,01:22:39:00,01:22:40:12,1.5,1:12,2026-06-25,Chat GPT; Krea,,
CTD_101_CONFORM,101,CTD_AI_TXC_WorkerBags_20260625_1d.mov,01:22:40:12,01:22:41:17,1.21,1:05,2026-06-25,Chat GPT; Krea,,
CTD_101_CONFORM,101,CTD_AI_TXC_POVFindingBurningBag_20260625_1a.mov,01:22:41:17,01:22:42:15,0.92,0:22,2026-06-25,Chat GPT; Krea,,
CTD_101_CONFORM,101,CTD_AI_TXC_BagExplosion_20260625_1d.mov,01:22:46:22,01:22:50:23,4.04,4:01,2026-06-25,Chat GPT; Krea,,
CTD_101_CONFORM,101,CTD_AI_TXC_MovingBags_20260626_1b.mov,01:22:52:07,01:22:54:23,2.67,2:16,2026-06-26,Chat GPT; Krea,,
CTD_101_CONFORM,101,CTD_AI_TXC_MovingBags_20260626_2a.mov,01:22:54:23,01:22:56:07,1.33,1:08,2026-06-26,Chat GPT; Krea,,
CTD_101_CONFORM,101,CTD_AI_TXC_BagExplosion_20260625_1e.mov,01:23:03:03,01:23:06:05,3.08,3:02,2026-06-25,Chat GPT; Krea,,
CTD_101_CONFORM,101,CTD_AI_TXC_WaterBucket_20260525_1b.mov,01:23:08:11,01:23:10:15,2.17,2:04,2026-05-26,Chat GPT; Krea,,
CTD_101_CONFORM,101,CTD_AI_TXC_HatchFireHose_20260706_2a.mov,01:23:11:16,01:23:12:21,1.21,1:05,2026-07-06,Chat GPT; Krea,,
CTD_101_CONFORM,101,CTD_AI_TXC_HatchFireHose_20260706_3a.mov,01:23:12:21,01:23:15:21,3,3:00,2026-07-06,Chat GPT; Krea,,
CTD_101_CONFORM,101,CTD_AI_TXC_FightingFire03_20260522_1a.mov,01:23:21:10,01:23:23:19,2.38,2:09,2026-05-22,Chat GPT; Krea,,
CTD_101_CONFORM,101,CTD_AI_TXC_MTarpHatch_20260515_1a.mov,01:23:37:22,01:23:39:18,1.83,1:20,2026-05-15,Chat GPT; Krea,,
CTD_101_CONFORM,101,CTD_AI_TXC_CUTarpHatch_20260515_1a.mov,01:23:39:18,01:23:41:10,1.67,1:16,2026-05-15,Chat GPT; Krea,,
CTD_101_CONFORM,101,CTD_AI_TXC_TarpHatch_20260515_1a.mov,01:23:41:10,01:23:45:01,3.63,3:15,2026-05-15,Chat GPT; Krea,,
CTD_101_CONFORM,101,CTD_AI_TXC_BagExplosion_20260525_1b.mov,01:23:54:16,01:24:00:07,5.63,5:15,2026-05-26,Chat GPT; Krea,,
CTD_101_CONFORM,101,CTD_AI_TXC_BagExplosion_20260515_1c.mov,01:24:00:07,01:24:01:00,0.71,0:17,2026-05-15,Chat GPT; Krea,,
CTD_101_CONFORM,101,CTD_AI_TXC_BlowPortWindows_20260625_1a.mov,01:24:01:00,01:24:03:09,2.38,2:09,2026-06-25,Chat GPT; Krea,,
CTD_101_CONFORM,101,CTD_AI_TXC_BlowPortWindows_20260625_1d.mov,01:24:04:21,01:24:07:12,2.63,2:15,2026-06-25,Chat GPT; Krea,,
CTD_101_CONFORM,101,CTD_AI_TXC_BlowPortWindows_20260625_1d.mov,01:24:22:21,01:24:25:14,2.71,2:17,2026-06-25,Chat GPT; Krea,,
CTD_101_CONFORM,101,CTD_AI_TXC_NEWBoatExplosion_20260625_1b.mov,01:24:25:14,01:24:29:14,4,4:00,2026-06-25,Chat GPT; Krea,,
CTD_101_CONFORM,101,CTD_AI_TXC_BoatExplode_20260526_1a.mov,01:24:29:14,01:24:34:22,5.33,5:08,2026-05-26,Chat GPT; Krea,,
CTD_101_CONFORM,101,CTD_AI_TXC_Baseball_20260625_1a.mov,01:24:51:01,01:24:55:12,4.46,4:11,2026-06-25,Chat GPT; Krea,,
CTD_101_CONFORM,101,CTD_AI_TXC_Baseball_20260625_1b.mov,01:25:00:09,01:25:02:15,2.25,2:06,2026-06-25,Chat GPT; Krea,,
CTD_101_CONFORM,101,CTD_AI_TXC_WaveImpact_20260526_2a.mov,01:25:23:11,01:25:26:05,2.75,2:18,2026-05-26,Chat GPT; Krea,,
CTD_101_CONFORM,101,CTD_AI_TXC_WaveImpact_20260702_2a.mov,01:25:26:05,01:25:30:05,4,4:00,2026-07-02,Chat GPT; Krea,,
CTD_101_CONFORM,101,CTD_AI_CHF_WinterVillage_20260701_1a.mov,01:26:11:14,01:26:12:23,1.38,1:09,2026-07-02,Chat GPT; Krea,,
CTD_101_CONFORM,101,CTD_AI_CHF_WinterVillage_20260701_5a.mov,01:26:12:23,01:26:14:09,1.42,1:10,2026-07-02,Chat GPT; Krea,,
CTD_101_CONFORM,101,CTD_AI_CHF_WinterTown_20260623_2c.mov,01:26:14:09,01:26:15:20,1.46,1:11,2026-06-23,Chat GPT; Krea,,
CTD_101_CONFORM,101,CTD_AI_CHF_WinterVillage_20260701_4a.mov,01:26:15:20,01:26:17:19,1.96,1:23,2026-07-02,Chat GPT; Krea,,
CTD_101_CONFORM,101,CTD_AI_CHF_FloodedVillage_20260623_2f.mov,01:26:17:19,01:26:19:11,1.67,1:16,2026-06-23,Chat GPT; Krea,,
CTD_101_CONFORM,101,CTD_AI_CHF_StormHits_FloodPeople_20260701_2a.mov,01:26:19:11,01:26:21:03,1.67,1:16,2026-07-02,Chat GPT; Krea,,
CTD_101_CONFORM,101,CTD_AI_CHF_DikeBreaking_20260701_7a.mov,01:26:21:03,01:26:22:12,1.38,1:09,2026-07-02,Chat GPT; Krea,,
CTD_101_CONFORM,101,CTD_AI_CHF_Dike_20260526_5f.mov,01:26:22:12,01:26:24:10,1.92,1:22,2026-05-26,Chat GPT; Krea,,
CTD_101_CONFORM,101,CTD_AI_CHF_WinterVillage_20260701_3a.mov,01:26:25:10,01:26:29:17,4.29,4:07,2026-07-02,Chat GPT; Krea,,
CTD_101_CONFORM,101,CTD_AI_CHF_WinterVillage_20260701_4a.mov,01:26:29:17,01:26:32:23,3.25,3:06,2026-07-02,Chat GPT; Krea,,
CTD_101_CONFORM,101,CTD_AI_CHF_WinterVillage_20260701_2b.mov,01:26:32:23,01:26:34:23,2,2:00,2026-07-02,,,
CTD_101_CONFORM,101,CTD_AI_CHF_WinterVillage_20260701_5b.mov,01:26:34:23,01:26:36:11,1.5,1:12,2026-07-02,Chat GPT; Krea,,
CTD_101_CONFORM,101,CTD_AI_CHF_WinterVillage_20260701_5a.mov,01:26:36:11,01:26:40:12,4.04,4:01,2026-07-02,Chat GPT; Krea,,
CTD_101_CONFORM,101,CTD_AI_CHF_MeltingRiver_20260520_4a.MOV,01:27:00:15,01:27:07:21,7.25,7:06,2026-05-20,Chat GPT; Krea,,
CTD_101_CONFORM,101,CTD_AI_CHF_River_20260511_1d.mov,01:27:15:19,01:27:18:17,2.92,2:22,2026-05-11,Chat GPT; Krea,,
CTD_101_CONFORM,101,CTD_AI_CHF_FloodedVillage_20260623_1b.mov,01:27:18:17,01:27:20:07,1.58,1:14,2026-06-23,Chat GPT; Krea,,
CTD_101_CONFORM,101,CTD_AI_CHF_FloodedVillage_20260623_1e.mov,01:27:20:07,01:27:23:21,3.58,3:14,2026-06-23,,,
CTD_101_CONFORM,101,CTD_AI_CHF_TownFlood_20260511_2a.mov,01:27:27:10,01:27:29:14,2.17,2:04,2026-05-11,Chat GPT; Krea,,
CTD_101_CONFORM,101,CTD_AI_CHF_TownFlood_20260511_4a.mov,01:27:29:14,01:27:33:11,3.88,3:21,2026-05-11,Chat GPT; Krea,,
CTD_101_CONFORM,101,CTD_AI_CHF_CycloneVillage_20260701_2a.mov,01:27:36:03,01:27:39:19,3.67,3:16,2026-07-02,Chat GPT; Krea,,
CTD_101_CONFORM,101,CTD_AI_CHF_Storm_20260528_1a.mov,01:27:39:19,01:27:40:23,1.17,1:04,2026-05-28,Chat GPT; Krea,,
CTD_101_CONFORM,101,CTD_AI_CHF_Storm_20260528_6c.mov,01:27:40:23,01:27:44:22,3.96,3:23,2026-05-28,Chat GPT; Krea,,
CTD_101_CONFORM,101,CTD_AI_CHF_FloodedVillage_20260623_2f.mov,01:27:53:22,01:27:55:04,1.25,1:06,2026-06-23,Chat GPT; Krea,,
CTD_101_CONFORM,101,CTD_AI_CHF_FloodedVillage_20260623_2d.mov,01:27:55:04,01:27:56:16,1.5,1:12,2026-06-23,Chat GPT; Krea,,
CTD_101_CONFORM,101,CTD_AI_CHF_FarmlandFloods_20260701_1a.mov,01:27:56:16,01:27:58:02,1.42,1:10,2026-07-02,Chat GPT; Krea,,
CTD_101_CONFORM,101,CTD_AI_CHF_StormHits_FloodPeople_20260701_3b.mov,01:27:59:14,01:28:01:01,1.46,1:11,2026-07-02,Chat GPT; Krea,,
CTD_101_CONFORM,101,CTD_AI_CHF_StormHits_FloodPeople_20260701_2a.mov,01:28:01:01,01:28:02:13,1.5,1:12,2026-07-02,Chat GPT; Krea,,
CTD_101_CONFORM,101,CTD_AI_CHF_DIKE_20260623_1c.mov,01:28:38:00,01:28:41:11,3.46,3:11,2026-06-23,Chat GPT; Krea,,
CTD_101_CONFORM,101,CTD_AI_CHF_Dike_20260526_2e.mov,01:28:41:11,01:28:44:09,2.92,2:22,2026-05-26,Chat GPT; Krea,,
CTD_101_CONFORM,101,CTD_AI_CHF_DikeBreaking_2026023_1a.mov,01:28:44:09,01:28:48:10,4.04,4:01,2026-07-23,Chat GPT; Krea,,
CTD_101_CONFORM,101,CTD_AI_CHF_DikeBreaking_2026023_5b.mov,01:28:48:10,01:28:52:18,4.33,4:08,2026-07-23,Chat GPT; Krea,,
CTD_101_CONFORM,101,CTD_AI_CHF_DIKE_20260623_2e.mov,01:28:52:18,01:28:54:17,1.96,1:23,2026-06-23,Chat GPT; Krea,,
CTD_101_CONFORM,101,CTD_AI_CHF_DikeBreaking_20260701_6b.mov,01:28:54:17,01:28:56:04,1.46,1:11,2026-07-02,Chat GPT; Krea,,
CTD_101_CONFORM,101,CTD_AI_CHF_DikeBreaking_20260701_6a.mov,01:28:56:04,01:28:58:05,2.04,2:01,2026-07-02,Chat GPT; Krea,,
CTD_101_CONFORM,101,CTD_AI_CHF_Dike_20260526_2h.mov,01:28:58:05,01:28:58:18,0.54,0:13,2026-05-26,Chat GPT; Krea,,
CTD_101_CONFORM,101,CTD_AI_CHF_Dike_20260526_5f.mov,01:28:58:18,01:28:59:18,1,1:00,2026-05-26,Chat GPT; Krea,,
CTD_101_CONFORM,101,CTD_AI_CHF_DIKE_20260623_2c.mov,01:28:59:18,01:29:00:06,0.5,0:12,2026-06-23,,,
CTD_101_CONFORM,101,CTD_AI_CHF_DikeBreaking_20260701_9aa.mov,01:29:00:06,01:29:03:04,2.92,2:22,2026-07-02,Chat GPT; Krea,,
CTD_101_CONFORM,101,CTD_AI_CHF_WuhanFlood_20260623_3e.mov,01:29:06:10,01:29:09:08,2.92,2:22,2026-06-23,Chat GPT; Krea,,
CTD_101_CONFORM,101,CTD_AI_CHF_WuhanFlood_20260623_3c.mov,01:29:09:08,01:29:11:08,2,2:00,2026-06-23,Chat GPT; Krea,,
CTD_101_CONFORM,101,CTD_AI_CHF_WuhanFlood_20260623_3a.mov,01:29:11:08,01:29:13:16,2.33,2:08,2026-06-23,Chat GPT; Krea,,
CTD_101_CONFORM,101,CTD_AI_CHF_WuhanFlood_20260623_3.mov,01:29:16:03,01:29:21:07,5.17,5:04,2026-06-23,Chat GPT; Krea,,
CTD_101_CONFORM,101,CTD_AI_CHF_WuhanFlood_20260623_3b.mov,01:29:28:23,01:29:33:02,4.13,4:03,2026-06-23,Chat GPT; Krea,,
CTD_101_CONFORM,101,CTD_AI_CHF_WallOfWater_20260701_4a.mov,01:29:37:04,01:29:39:12,2.33,2:08,2026-07-02,Chat GPT; Krea,,
CTD_101_CONFORM,101,CTD_AI_CHF_WallOfWater_20260701_5a.mov,01:29:39:12,01:29:41:09,1.88,1:21,2026-07-02,Chat GPT; Krea,,
CTD_101_CONFORM,101,CTD_AI_CHF_WuhanFlood_20260623_4a.mov,01:29:41:09,01:29:45:21,4.5,4:12,2026-06-23,Chat GPT; Krea,,
CTD_101_CONFORM,101,CTD_AI_447_Stage02_20260709_12a.mov,01:30:34:07,01:30:36:13,2.25,2:06,2026-07-06,Chat GPT; Krea,,
CTD_101_CONFORM,101,CTD_AI_447_StormyWindow_20260703_1b.mov,01:30:36:13,01:30:38:07,1.75,1:18,2026-07-03,Chat GPT; Krea,,
CTD_101_CONFORM,101,CTD_AI_447_Planemisc_20260507_1g.mov,01:30:38:07,01:30:40:05,1.92,1:22,2026-05-07,Chat GPT; Krea,,
CTD_101_CONFORM,101,CTD_AI_447_Galley_20260619_1b.mov,01:30:40:05,01:30:41:14,1.38,1:09,2026-06-19,Chat GPT; Krea,,
CTD_101_CONFORM,101,CTD_AI_447_PlaneCrashBrace_20260623_2a.mov,01:30:41:14,01:30:42:10,0.83,0:20,2026-06-23,Chat GPT; Krea,,
CTD_101_CONFORM,101,CTD_AI_447_PlaneCrashHold_20260702_1a.mov,01:30:42:10,01:30:43:23,1.54,1:13,2026-07-02,Chat GPT; Krea,,
CTD_101_CONFORM,101,CTD_AI_447_HandOnLeg_20260619_1a.mov,01:30:47:23,01:30:48:15,0.67,0:16,2026-06-19,Chat GPT; Krea,,
CTD_101_CONFORM,101,CTD_AI_447_Planecrash_20260703_1d.mov,01:30:48:15,01:30:52:05,3.58,3:14,2026-07-03,Chat GPT; Krea,,
CTD_101_CONFORM,101,CTD_AI_447_CalmCabin_20260514_1c.mov,01:31:16:04,01:31:20:07,4.13,4:03,2026-05-14,Chat GPT; Krea,,
CTD_101_CONFORM,101,CTD_AI_CHF_DIKE_20260623_2c.mov,01:31:33:03,01:31:35:07,2.17,2:04,2026-06-23,,,
CTD_101_CONFORM,101,CTD_AI_447_CalmFlight_20260520_2a.mov,01:31:35:07,01:31:37:10,2.13,2:03,2026-05-20,Chat GPT; Krea,,
CTD_101_CONFORM,101,CTD_AI_447_Stage01_20260709_1b.mov,01:31:42:02,01:31:46:16,4.58,4:14,2026-07-06,Chat GPT; Krea,,
CTD_101_CONFORM,101,CTD_AI_447_WideCockpit_20260703_2d.mov,01:31:46:16,01:31:48:12,1.83,1:20,2026-07-03,Chat GPT; Krea,,
CTD_101_CONFORM,101,CTD_AI_447_CaptainLeaves_20260511_2a.mov,01:31:48:12,01:31:53:21,5.38,5:09,2026-05-11,Chat GPT; Krea,,
CTD_101_CONFORM,101,CTD_AI_447_Stage02_20260709_1a.mov,01:32:02:04,01:32:06:06,4.08,4:02,2026-07-06,Chat GPT; Krea,,
CTD_101_CONFORM,101,CTD_AI_447_Stage02_20260709_2c.mov,01:32:06:06,01:32:09:16,3.42,3:10,2026-07-06,Chat GPT; Krea,,
CTD_101_CONFORM,101,CTD_AI_447_Planemisc_20260507_1g.mov,01:32:09:16,01:32:11:13,1.88,1:21,2026-05-07,Chat GPT; Krea,,
CTD_101_CONFORM,101,CTD_AI_447_HailWindow_20260619_1b.mov,01:32:20:14,01:32:23:18,3.17,3:04,2026-06-19,Chat GPT; Krea,,
CTD_101_CONFORM,101,CTD_AI_447_WideCockpit_20260703_2d.mov,01:32:27:13,01:32:29:02,1.54,1:13,2026-07-03,Chat GPT; Krea,,
CTD_101_CONFORM,101,CTD_AI_447_WideCockpit_20260703_2b.mov,01:32:29:02,01:32:30:09,1.29,1:07,2026-07-03,Chat GPT; Krea,,
CTD_101_CONFORM,101,CTD_AI_447_Stage02_20260709_12a.mov,01:32:30:09,01:32:33:15,3.25,3:06,2026-07-06,Chat GPT; Krea,,
CTD_101_CONFORM,101,CTD_AI_447_CUPitotTube_20260706_1b.mov,01:32:39:17,01:32:43:17,4,4:00,2026-07-06,Chat GPT; Krea,,
CTD_101_CONFORM,101,CTD_AI_447_HailCloud_20260703_1b.mov,01:32:44:20,01:32:46:08,1.5,1:12,2026-07-03,Chat GPT; Krea,,
CTD_101_CONFORM,101,CTD_AI_447_HailCloud_20260703_1a.mov,01:32:46:08,01:32:47:20,1.5,1:12,2026-07-03,Chat GPT; Krea,,
CTD_101_CONFORM,101,CTD_AI_447_CUAutoPilotOff_20260423_1b.mov,01:32:54:07,01:32:56:10,2.13,2:03,2026-04-23,Chat GPT; Krea,,
CTD_101_CONFORM,101,CTD_AI_447_WideCockpit_20260423_2a.mov,01:32:56:10,01:32:59:06,2.83,2:20,2026-04-23,Chat GPT; Krea,,
CTD_101_CONFORM,101,CTD_AI_447_Stage02_20260709_9a.mov,01:33:01:18,01:33:03:02,1.33,1:08,2026-07-06,Chat GPT; Krea,,
CTD_101_CONFORM,101,CTD_AI_447_Stage03_20260709_3a.mov,01:33:03:02,01:33:06:02,3,3:00,2026-07-06,Chat GPT; Krea,,
CTD_101_CONFORM,101,CTD_AI_447_Stage02_20260709_9b.mov,01:33:06:02,01:33:07:07,1.21,1:05,2026-07-06,Chat GPT; Krea,,
CTD_101_CONFORM,101,CTD_AI_447_CUFlightControls_20260512_1b.mov,01:33:21:04,01:33:22:13,1.38,1:09,2026-05-12,Chat GPT; Krea,,
CTD_101_CONFORM,101,CTD_AI_447_CloudPLANE_20260708_1c.mov,01:33:22:13,01:33:25:21,3.33,3:08,2026-07-08,Chat GPT; Krea,,
CTD_101_CONFORM,101,CTD_AI_447_IsleWaterBottle_20260515_2a.mov,01:33:25:21,01:33:27:16,1.79,1:19,2026-05-15,Chat GPT; Krea,,
CTD_101_CONFORM,101,CTD_AI_447_Stage04_20260709_1a.mov,01:33:37:01,01:33:38:23,1.92,1:22,2026-07-06,Chat GPT; Krea,,
CTD_101_CONFORM,101,CTD_AI_447_Stage02_20260709_15a.mov,01:33:38:23,01:33:42:00,3.04,3:01,2026-07-06,Chat GPT; Krea,,
CTD_101_CONFORM,101,CTD_AI_447_Warning_20260507_1a.mov,01:33:42:00,01:33:43:02,1.08,1:02,2026-05-07,Chat GPT; Krea,,
CTD_101_CONFORM,101,CTD_AI_447_HailCloud_20260703_1f.mov,01:33:45:10,01:33:46:06,0.83,0:20,2026-07-03,Chat GPT; Krea,,
CTD_101_CONFORM,101,CTD_AI_447_SweatWipe_20260514_1a.mov,01:33:46:06,01:33:47:14,1.33,1:08,2026-05-14,Chat GPT; Krea,,
CTD_101_CONFORM,101,CTD_AI_447_SweatTie_20260619_1b.mov,01:33:47:14,01:33:49:14,2,2:00,2026-06-19,Chat GPT; Krea,,
CTD_101_CONFORM,101,CTD_AI_447_Stage04_20260709_3a.mov,01:33:49:14,01:33:51:12,1.92,1:22,2026-07-06,Chat GPT; Krea,,
CTD_101_CONFORM,101,CTD_AI_447_FlightControls_20260703_1d.mov,01:33:53:10,01:33:55:09,1.96,1:23,2026-07-03,Chat GPT; Krea,,
CTD_101_CONFORM,101,CTD_AI_447_LeftStickClose_20260507_1a.mov,01:33:55:09,01:33:57:13,2.17,2:04,2026-05-07,Chat GPT; Krea,,
CTD_101_CONFORM,101,CTD_AI_447_StormyWindow_20260703_1b.mov,01:33:57:13,01:33:59:01,1.5,1:12,2026-07-03,Chat GPT; Krea,,
CTD_101_CONFORM,101,CTD_AI_447_CUCallButton_20260423_1c.mov,01:33:59:01,01:34:00:14,1.54,1:13,2026-04-23,Chat GPT; Krea,,
CTD_101_CONFORM,101,CTD_AI_447_CUCallButton_20260423_1c.mov,01:34:00:14,01:34:01:20,1.25,1:06,2026-04-23,Chat GPT; Krea,,
CTD_101_CONFORM,101,CTD_AI_447_NoseUpCloseUp_20260619_1a.mov,01:34:01:20,01:34:07:14,5.75,5:18,2026-06-19,Chat GPT; Krea,,
CTD_101_CONFORM,101,CTD_AI_447_AircraftCrashes01_20260708_1i.mov,01:34:14:04,01:34:15:12,1.33,1:08,2026-07-08,Chat GPT; Krea,,
CTD_101_CONFORM,101,CTD_AI_447_AircraftCrashes01_20260723_1g.mov,01:34:15:12,01:34:17:05,1.71,1:17,2026-07-23,Chat GPT; Krea,,
CTD_101_CONFORM,101,CTD_AI_447_Stage02_20260709_11a.mov,01:34:31:08,01:34:35:21,4.54,4:13,2026-07-06,Chat GPT; Krea,,
CTD_101_CONFORM,101,CTD_AI_447_HailCloud_20260703_1c.mov,01:34:39:22,01:34:40:19,0.88,0:21,2026-07-03,Chat GPT; Krea,,
CTD_101_CONFORM,101,CTD_AI_447_HailCloud_20260703_1b.mov,01:34:40:19,01:34:41:10,0.63,0:15,2026-07-03,Chat GPT; Krea,,
CTD_101_CONFORM,101,CTD_AI_447_HailCloud_20260703_1a.mov,01:34:41:10,01:34:42:21,1.46,1:11,2026-07-03,Chat GPT; Krea,,
CTD_101_CONFORM,101,CTD_AI_447_Stage02_20260709_13a.mov,01:34:45:17,01:34:51:00,5.29,5:07,2026-07-06,Chat GPT; Krea,,
CTD_101_CONFORM,101,CTD_AI_447_Stage05_20260709_1a.mov,01:34:51:00,01:34:52:05,1.21,1:05,2026-07-06,Chat GPT; Krea,,
CTD_101_CONFORM,101,CTD_AI_447_Stage05_20260709_4a.mov,01:34:52:05,01:34:53:05,1,1:00,2026-07-06,Chat GPT; Krea,,
CTD_101_CONFORM,101,CTD_AI_447_Stage05_20260709_2a.mov,01:34:53:05,01:34:54:12,1.29,1:07,2026-07-06,Chat GPT; Krea,,
CTD_101_CONFORM,101,CTD_AI_447_PlaneCrashBrace_20260623_2a.mov,01:34:56:15,01:34:58:02,1.46,1:11,2026-06-23,Chat GPT; Krea,,
CTD_101_CONFORM,101,CTD_AI_447_Galley_20260619_1b.mov,01:34:58:02,01:34:58:23,0.88,0:21,2026-06-19,Chat GPT; Krea,,
CTD_101_CONFORM,101,CTD_AI_447_PlaneCrashLuggage_20260702_1a.mov,01:34:58:23,01:34:59:11,0.5,0:12,2026-07-02,Chat GPT; Krea,,
CTD_101_CONFORM,101,CTD_AI_447_PlaneCrashBrace_20260623_1a.mov,01:34:59:11,01:35:00:08,0.88,0:21,2026-06-23,Chat GPT; Krea,,
CTD_101_CONFORM,101,CTD_AI_447_HailCloud_20260623_1a.mov,01:35:02:07,01:35:04:19,2.5,2:12,2026-06-23,Chat GPT; Krea,,
CTD_101_CONFORM,101,CTD_AI_447_HailCloud_20260703_1c.mov,01:35:04:19,01:35:06:16,1.88,1:21,2026-07-03,Chat GPT; Krea,,
CTD_101_CONFORM,101,CTD_AI_447_FlightControls_20260703_1e.mov,01:35:10:23,01:35:15:08,4.38,4:09,2026-07-03,Chat GPT; Krea,,
CTD_101_CONFORM,101,CTD_AI_447_AircraftCrashes01_20260708_1f.mov,01:35:25:18,01:35:26:16,0.92,0:22,2026-07-08,Chat GPT; Krea,,
CTD_101_CONFORM,101,CTD_AI_447_AircraftCrashes01_20260708_1j.mov,01:35:26:16,01:35:27:23,1.29,1:07,2026-07-08,Chat GPT; Krea,,
CTD_101_CONFORM,101,CTD_AI_447_PlaneCrashBrace_20260623_3a.mov,01:35:27:23,01:35:30:14,2.63,2:15,2026-06-23,Chat GPT; Krea,,
CTD_101_CONFORM,101,CTD_AI_447_Stage05_20260709_4a.mov,01:35:35:09,01:35:36:07,0.92,0:22,2026-07-06,Chat GPT; Krea,,
CTD_101_CONFORM,101,CTD_AI_447_Stage05_20260709_2a.mov,01:35:36:07,01:35:37:15,1.33,1:08,2026-07-06,Chat GPT; Krea,,
CTD_101_CONFORM,101,CTD_AI_447_Stage05_20260709_1a.mov,01:35:37:15,01:35:39:08,1.71,1:17,2026-07-06,Chat GPT; Krea,,
CTD_101_CONFORM,101,CTD_AI_447_Trolley_20260619_1c.mov,01:35:39:08,01:35:41:02,1.75,1:18,2026-06-19,Chat GPT; Krea,,
CTD_101_CONFORM,101,CTD_AI_447_AircraftCrashes01_20260708_1a.mov,01:35:41:02,01:35:42:16,1.58,1:14,2026-07-08,Chat GPT; Krea,,
CTD_101_CONFORM,101,CTD_AI_447_AircraftCrashes01_20260723_1a.mov,01:35:42:16,01:35:43:22,1.25,1:06,2026-07-23,Chat GPT; Krea,,
CTD_101_CONFORM,101,CTD_AI_447_FeetApproach_20260624_1a.mov,01:35:43:22,01:35:45:04,1.25,1:06,2026-06-24,Chat GPT; Krea,,
CTD_101_CONFORM,101,CTD_AI_447_FeetApproachHand_20260624_1b.mov,01:35:45:04,01:35:47:15,2.46,2:11,2026-06-24,Chat GPT; Krea,,
CTD_101_CONFORM,101,CTD_AI_447_FlightControls_20260703_1e.mov,01:36:00:20,01:36:02:16,1.83,1:20,2026-07-03,Chat GPT; Krea,,
CTD_101_CONFORM,101,CTD_AI_447_HailCloud_20260703_1h.mov,01:36:02:16,01:36:04:07,1.63,1:15,2026-07-03,Chat GPT; Krea,,
CTD_101_CONFORM,101,CTD_AI_447_WindshieldCloud01_20260708_1c.mov,01:36:04:07,01:36:05:20,1.54,1:13,2026-07-08,Chat GPT; Krea,,
CTD_101_CONFORM,101,CTD_AI_447_PlaneCrashHold_20260702_1a.mov,01:36:11:13,01:36:12:18,1.21,1:05,2026-07-02,Chat GPT; Krea,,
CTD_101_CONFORM,101,CTD_AI_447_Stage05_20260709_3a.mov,01:36:12:18,01:36:14:22,2.17,2:04,2026-07-06,Chat GPT; Krea,,
CTD_101_CONFORM,101,CTD_AI_447_WindshieldCloud01_20260708_1h.mov,01:36:14:22,01:36:16:05,1.29,1:07,2026-07-08,Chat GPT; Krea,,
CTD_101_CONFORM,101,CTD_AI_447_HailCloud_20260623_1b.mov,01:36:16:05,01:36:18:07,2.08,2:02,2026-06-23,Chat GPT; Krea,,
CTD_101_CONFORM,101,CTD_AI_447_Stage05_20260709_5b.mov,01:36:23:08,01:36:24:12,1.17,1:04,2026-07-06,Chat GPT; Krea,,
CTD_101_CONFORM,101,CTD_AI_447_Planecrash_20260703_1e.mov,01:36:24:12,01:36:27:03,2.63,2:15,2026-07-03,Chat GPT; Krea,,
CTD_101_CONFORM,101,CTD_AI_447_Stage06_20260708_1d.mov,01:36:27:03,01:36:29:00,1.88,1:21,2026-07-08,Chat GPT; Krea,,
CTD_101_CONFORM,101,CTD_AI_447_Planecrash_20260703_1e.mov,01:36:29:00,01:36:31:09,2.38,2:09,2026-07-03,Chat GPT; Krea,,
CTD_101_CONFORM,101,CTD_AI_447_Stage06_20260708_1b.mov,01:36:31:09,01:36:33:19,2.42,2:10,2026-07-08,Chat GPT; Krea,,
CTD_101_CONFORM,101,CTD_AI_447_PlaneCrashTail_20260623_1b.mov,01:36:33:19,01:36:36:09,2.58,2:14,2026-06-23,Chat GPT; Krea,,
CTD_101_CONFORM,101,CTD_AI_447_Debris_20260520_2a.mov,01:36:36:09,01:36:39:12,3.13,3:03,2026-05-20,Chat GPT; Krea,,
CTD_101_CONFORM,101,CTD_AI_447_Debris_20260706_1a.mov,01:36:39:12,01:36:42:17,3.21,3:05,2026-07-06,Chat GPT; Krea,,
CTD_101_CONFORM,101,CTD_AI_447_Debris_20260706_2a.mov,01:37:09:14,01:37:13:09,3.79,3:19,2026-07-06,Chat GPT; Krea,,
CTD_101_CONFORM,101,CTD_AI_HIN_CaptainPOV_20260709_1n.mov,01:37:21:23,01:37:25:18,3.79,3:19,2026-07-09,,,
CTD_101_CONFORM,101,CTD_AI_HIN_HinConstruction_20260512_2b.mov,01:37:46:14,01:37:48:11,1.88,1:21,2026-05-12,Chat GPT; Krea,,
CTD_101_CONFORM,101,CTD_AI_HIN_HinConstruction_20260709_2a.mov,01:37:48:11,01:37:50:15,2.17,2:04,2026-07-09,,,
CTD_101_CONFORM,101,CTD_AI_HIN_HinConstruction_20260709_1b.mov,01:37:54:04,01:37:58:05,4.04,4:01,2026-07-09,,,
CTD_101_CONFORM,101,CTD_AI_HIN_GassingUp_20260629_2a.mov,01:38:40:04,01:38:41:16,1.5,1:12,2026-06-29,Chat GPT; Krea,,
CTD_101_CONFORM,101,CTD_AI_HIN_GassingUp_20260723_1a.mov,01:38:41:16,01:38:42:15,0.96,0:23,2026-07-23,Chat GPT; Krea,,
CTD_101_CONFORM,101,CTD_AI_HIN_GassingUp_20260723_1a.mov,01:38:42:15,01:38:44:04,1.54,1:13,2026-07-23,Chat GPT; Krea,,
CTD_101_CONFORM,101,CTD_AI_HIN_GassingUp_20260723_1e.mov,01:38:44:04,01:38:44:22,0.75,0:18,2026-07-23,,,
CTD_101_CONFORM,101,CTD_AI_HIN_GassingUp_20260723_1c.mov,01:38:44:22,01:38:47:13,2.63,2:15,2026-07-23,Chat GPT; Krea,,
CTD_101_CONFORM,101,CTD_AI_HIN_ApproachingNYC_20260527_1b.mov,01:39:04:19,01:39:07:22,3.13,3:03,2026-05-27,Chat GPT; Krea,,
CTD_101_CONFORM,101,CTD_AI_HIN_FlyingOcean_20260527_2a.mov,01:39:07:22,01:39:09:18,1.83,1:20,2026-05-27,Chat GPT; Krea,,
CTD_101_CONFORM,101,CTD_AI_HIN_ApproachingNJ_20260527_1a.mov,01:39:09:18,01:39:11:19,2.04,2:01,2026-05-27,Chat GPT; Krea,,
CTD_101_CONFORM,101,CTD_AI_HIN_StormClouds_20260709_3c.mov,01:40:09:04,01:40:14:11,5.29,5:07,2026-07-09,,,
CTD_101_CONFORM,101,CTD_AI_HIN_StormClouds_20260709_1a.mov,01:40:22:19,01:40:28:08,5.54,5:13,2026-07-09,,,
CTD_101_CONFORM,101,CTD_AI_HIN_MooringTower_20260709_1a.mov,01:40:42:07,01:40:45:12,3.21,3:05,2026-07-09,,,
CTD_101_CONFORM,101,CTD_AI_HIN_CaptainPOV_20260804_3a.mov,01:41:14:19,01:41:19:21,5.08,5:02,2026-08-04,,,
CTD_101_CONFORM,101,CTD_AI_HIN_CaptainPOV_20260709_1n.mov,01:41:19:21,01:41:28:04,8.29,8:24,2026-07-09,,,
CTD_101_CONFORM,101,CTD_AI_MSH_PyroclasticFlow_20260408_1a.mov,01:42:45:19,01:42:47:09,1.58,1:14,2026-04-08,Chat GPT; Krea,,
CTD_101_CONFORM,101,CTD_AI_MSH_PyroclasticFlow_20260408_2a.mov,01:42:47:09,01:42:48:07,0.92,0:22,2026-04-08,Chat GPT; Krea,,
CTD_101_CONFORM,101,CTD_AI_FDN_LowAngleTsunami_20260501_1a.mov,01:42:48:07,01:42:49:01,0.75,0:18,2026-05-01,Chat GPT; Krea,,
CTD_101_CONFORM,101,CTD_AI_FDN_GeneratorFlood_20260417_2a.mov,01:42:49:01,01:42:49:19,0.75,0:18,2026-04-17,Chat GPT; Krea,,
CTD_101_CONFORM,101,CTD_AI_HIN_FlyingOcean_20260527_2a.mov,01:42:49:19,01:42:50:16,0.88,0:21,2026-05-27,Chat GPT; Krea,,
CTD_101_CONFORM,101,CTD_AI_HIN_CaptainPOV_20260709_1n.mov,01:42:50:16,01:42:53:22,3.25,3:06,2026-07-09,,,
CTD_101_CONFORM,101,CTD_AI_CHF_DikeBreaking_20260701_5a.mov,01:42:53:22,01:42:54:19,0.88,0:21,2026-07-02,Chat GPT; Krea,,
CTD_101_CONFORM,101,CTD_AI_TXC_BagExplosion_20260625_1e.mov,01:42:54:19,01:42:55:17,0.92,0:22,2026-06-25,Chat GPT; Krea,,
CTD_101_CONFORM,101,CTD_AI_CHF_DIKE_20260623_2e.mov,01:42:55:17,01:42:56:17,1,1:00,2026-06-23,Chat GPT; Krea,,
CTD_101_CONFORM,101,CTD_AI_447_FlightControls_20260703_1e.mov,01:42:56:17,01:42:58:06,1.54,1:13,2026-07-03,Chat GPT; Krea,,
CTD_101_CONFORM,101,CTD_AI_CHF_WuhanFlood_20260623_3.mov,01:42:58:06,01:42:58:17,0.46,0:11,2026-06-23,Chat GPT; Krea,,
CTD_101_CONFORM,101,CTD_AI_FDN_Reactorexplosion_20260703_30e.mov,01:42:58:17,01:42:59:02,0.38,0:09,2026-07-03,Chat GPT; Krea,,
CTD_101_CONFORM,101,CTD_AI_TXC_NEWBoatExplosion_20260625_1b.mov,01:42:59:02,01:42:59:12,0.42,0:10,2026-06-25,Chat GPT; Krea,,
CTD_101_CONFORM,101,CTD_AI_447_Stage06_20260708_1d.mov,01:42:59:12,01:43:02:10,2.92,2:22,2026-07-08,Chat GPT; Krea,,
CTD_101_FC_20260713,101,CTD_AI_MSH_OrangeGlow_20260617_1a.mov,01:00:10:00,01:00:11:06,1.25,1:06,2026-06-17,Chat GPT; Krea,,
CTD_101_FC_20260713,101,CTD_AI_MSH_UndergroundLava_20260617_1e.mov,01:00:11:06,01:00:12:18,1.5,1:12,2026-06-17,Chat GPT; Krea,,
CTD_101_FC_20260713,101,CTD_AI_MSH_SurfaceCracking_20260617_1a.mov,01:00:12:18,01:00:14:20,2.08,2:02,2026-06-17,Chat GPT; Krea,,
CTD_101_FC_20260713,101,CTD_AI_HIN_HinConstruction_20260512_2b.mov,01:00:14:20,01:00:16:03,1.29,1:07,2026-05-12,Chat GPT; Krea,,
CTD_101_FC_20260713,101,CTD_AI_HIN_FlyingOcean_20260527_2b.mov,01:00:16:03,01:00:18:08,2.21,2:05,2026-05-27,Chat GPT; Krea,,
CTD_101_FC_20260713,101,CTD_AI_HIN_CaptainPOV_20260709_1n.mov,01:00:18:08,01:00:19:10,1.08,1:02,2026-07-09,,,
CTD_101_FC_20260713,101,CTD_AI_MSH_PyroclasticFlow_20260501_3e.mov,01:00:21:23,01:00:22:05,0.25,0:06,2026-05-01,Chat GPT; Krea,,
CTD_101_FC_20260713,101,CTD_AI_MSH_PyroclasticFlow_20260501_3e.mov,01:00:22:05,01:00:23:08,1.13,1:24,2026-05-01,Chat GPT; Krea,,
CTD_101_FC_20260713,101,CTD_AI_MSH_DJwipeout_20260505_1h.mov,01:00:23:08,01:00:25:02,1.75,1:18,2026-05-05,Chat GPT; Krea,,
CTD_101_FC_20260713,101,CTD_AI_MSH_DJovertheshoulder_20260501_2c.mov,01:00:25:02,01:00:27:05,2.13,2:03,2026-05-01,Chat GPT; Krea,,
CTD_101_FC_20260713,101,CTD_AI_MSH_LodgeWipeOut_20260505_1f.mov,01:00:27:05,01:00:30:04,2.96,2:23,2026-05-05,Chat GPT; Krea,,
CTD_101_FC_20260713,101,CTD_AI_TXC_NEWBagExplosion_20260522_3b.mov,01:00:42:06,01:00:42:12,0.25,0:06,2026-05-22,Chat GPT; Krea,,
CTD_101_FC_20260713,101,CTD_AI_TXC_NEWBagExplosion_20260522_3b.mov,01:00:42:12,01:00:44:01,1.54,1:13,2026-05-22,Chat GPT; Krea,,
CTD_101_FC_20260713,101,CTD_AI_TXC_HatchExplode_20260522_1a.mov,01:00:44:01,01:00:45:22,1.88,1:21,2026-05-22,Chat GPT; Krea,,
CTD_101_FC_20260713,101,CTD_AI_TXC_BlowPortWindows_20260522_1a.mov,01:00:45:22,01:00:46:22,1,1:00,2026-05-22,Chat GPT; Krea,,
CTD_101_FC_20260713,101,CTD_AI_TXC_NEWBoatExplosion_20260522_1a.mov,01:00:46:22,01:00:47:21,0.96,0:23,2026-05-22,Chat GPT; Krea,,
CTD_101_FC_20260713,101,CTD_AI_FDN_GeneratorFlood_20260417_2a.mov,01:00:53:20,01:00:55:07,1.46,1:11,2026-04-17,Chat GPT; Krea,,
CTD_101_FC_20260713,101,CTD_AI_FDN_FireTrucks_20260505_5b.mov,01:00:55:07,01:00:56:16,1.38,1:09,2026-05-05,Chat GPT; Krea,,
CTD_101_FC_20260713,101,CTD_AI_FDN_WideSuitUpZipUp_20260617_1a.mov,01:00:56:16,01:00:57:10,0.75,0:18,2026-06-17,Chat GPT; Krea,,
CTD_101_FC_20260713,101,CTD_AI_FDN_WideSuitUp_20260615_3b.mov,01:00:57:10,01:00:58:06,0.83,0:20,2026-06-16,Chat GPT; Krea,,
CTD_101_FC_20260713,101,CTD_AI_FDN_MaskUp_20260615_1b.mov,01:00:58:06,01:00:59:07,1.04,1:01,2026-06-16,Chat GPT; Krea,,
CTD_101_FC_20260713,101,CTD_AI_FDN_Reactorexplosion_20260521_30a.mov,01:01:02:07,01:01:02:22,0.63,0:15,2026-05-21,Chat GPT; Krea,,
CTD_101_FC_20260713,101,CTD_AI_FDN_Reactorexplosion_20260521_31a.mov,01:01:02:22,01:01:05:09,2.46,2:11,2026-05-21,Chat GPT; Krea,,
CTD_101_FC_20260713,101,CTD_AI_FDN_SparksWire_20260522_1b.mov,01:01:05:09,01:01:06:07,0.92,0:22,2026-05-22,Chat GPT; Krea,,
CTD_101_FC_20260713,101,CTD_AI_CHF_Dike_20260526_2e.mov,01:01:06:07,01:01:07:03,0.83,0:20,2026-05-26,Chat GPT; Krea,,
CTD_101_FC_20260713,101,CTD_AI_447_HailCloud_20260623_1a.mov,01:01:07:03,01:01:08:02,0.96,0:23,2026-06-23,Chat GPT; Krea,,
CTD_101_FC_20260713,101,CTD_AI_FDN_BigPipe_20260522_1b.mov,01:01:08:02,01:01:08:23,0.88,0:21,2026-05-22,Chat GPT; Krea,,
CTD_101_FC_20260713,101,CTD_AI_FDN_TsunamiMisc_20260416_1a.mov,01:01:08:23,01:01:09:21,0.92,0:22,2026-04-16,Chat GPT; Krea,,
CTD_101_FC_20260713,101,CTD_AI_CHF_CycloneVillage_20260701_2a.mov,01:01:09:21,01:01:11:01,1.17,1:04,2026-07-02,Chat GPT; Krea,,
CTD_101_FC_20260713,101,CTD_AI_CHF_FloodedWuhan_20260526_10e.mov,01:01:11:01,01:01:12:18,1.71,1:17,2026-05-26,Chat GPT; Krea,,
CTD_101_FC_20260713,101,CTD_AI_447_Planecrash_20260703_1e.mov,01:01:12:18,01:01:14:11,1.71,1:17,2026-07-03,Chat GPT; Krea,,
CTD_101_FC_20260713,101,CTD_AI_447_PlaneCrashWing_20260623_1c.mov,01:01:14:11,01:01:15:21,1.42,1:10,2026-06-23,Chat GPT; Krea,,
CTD_101_FC_20260713,101,CTD_AI_MSH_LowCracks_20260413_1b.mov,01:02:35:11,01:02:37:00,1.54,1:13,2026-04-13,Chat GPT; Krea,,
CTD_101_FC_20260713,101,CTD_AI_MSH_LowCracks_20260413_1a.mov,01:02:37:00,01:02:38:10,1.42,1:10,2026-04-13,Chat GPT; Krea,,
CTD_101_FC_20260713,101,CTD_AI_MSH_LargeCracks_20260413_1a.mov,01:02:38:10,01:02:40:09,1.96,1:23,2026-04-13,Chat GPT; Krea,,
CTD_101_FC_20260713,101,CTD_AI_MSH_InitialSmoke_20260624_4c.mov,01:02:44:08,01:02:54:18,10.42,10:10,2026-06-24,Chat GPT; Krea,,
CTD_101_FC_20260713,101,CTD_AI_MSH_OrangeGlow_20260617_1a.mov,01:08:10:13,01:08:14:20,4.29,4:07,2026-06-17,Chat GPT; Krea,,
CTD_101_FC_20260713,101,CTD_AI_MSH_SurfaceCracking_20260617_1a.mov,01:08:14:20,01:08:22:02,7.25,7:06,2026-06-17,Chat GPT; Krea,,
CTD_101_FC_20260713,101,CTD_AI_MSH_CloseLandslide_20260624_1e.mov,01:08:22:02,01:08:26:11,4.38,4:09,2026-06-24,Chat GPT; Krea,,
CTD_101_FC_20260713,101,CTD_AI_MSH_UndergroundLava_20260617_1e.mov,01:08:33:23,01:08:36:11,2.5,2:12,2026-06-17,Chat GPT; Krea,,
CTD_101_FC_20260713,101,CTD_AI_MSH_CrackForming_20260427_1a.mov,01:08:36:11,01:08:40:01,3.58,3:14,2026-04-27,Chat GPT; Krea,,
CTD_101_FC_20260713,101,CTD_AI_MSH_CrackForming_20260427_3a.mov,01:08:44:23,01:08:50:15,5.67,5:16,2026-04-27,Chat GPT; Krea,,
CTD_101_FC_20260713,101,CTD_AI_MSH_BulgeCrack_20260617_1a.mov,01:08:50:15,01:08:55:03,4.5,4:12,2026-06-17,Chat GPT; Krea,,
CTD_101_FC_20260713,101,CTD_AI_MSH_PyroclasticFlow_20260408_1a.mov,01:09:28:01,01:09:34:05,6.17,6:04,2026-04-08,Chat GPT; Krea,,
CTD_101_FC_20260713,101,CTD_AI_MSH_Pyroclasticflowwide_20260427_1b.mov,01:09:40:18,01:09:44:23,4.21,4:05,2026-04-27,Chat GPT; Krea,,
CTD_101_FC_20260713,101,CTD_AI_MSH_DJovertheshoulder_20260501_2c.mov,01:09:53:03,01:09:55:16,2.54,2:13,2026-05-01,Chat GPT; Krea,,
CTD_101_FC_20260713,101,CTD_AI_MSH_PickingUpRadio_20260408_1c.mov,01:10:00:11,01:10:01:04,0.71,0:17,2026-04-08,Chat GPT; Krea,,
CTD_101_FC_20260713,101,CTD_AI_MSH_DJovertheshoulder_20260617_2c.mov,01:10:01:04,01:10:03:18,2.58,2:14,2026-06-17,Chat GPT; Krea,,
CTD_101_FC_20260713,101,CTD_AI_MSH_DJovertheshoulder_20260617_2e.mov,01:10:03:18,01:10:06:17,2.96,2:23,2026-06-17,Chat GPT; Krea,,
CTD_101_FC_20260713,101,CTD_AI_MSH_PyroclasticFlow_20260408_9a.mov,01:10:14:03,01:10:19:07,5.17,5:04,2026-04-08,Chat GPT; Krea,,
CTD_101_FC_20260713,101,CTD_AI_MSH_MonitoringDevice_20260505_1a.mov,01:10:19:07,01:10:22:05,2.92,2:22,2026-05-05,Chat GPT; Krea,,
CTD_101_FC_20260713,101,CTD_AI_MSH_PyroclasticFlow_20260501_3e.mov,01:10:22:05,01:10:26:07,4.08,4:02,2026-05-01,Chat GPT; Krea,,
CTD_101_FC_20260713,101,CTD_AI_MSH_PyroclasticFlow_20260408_2a.mov,01:10:26:07,01:10:35:05,8.92,8:22,2026-04-08,Chat GPT; Krea,,
CTD_101_FC_20260713,101,CTD_AI_MSH_PyroclasticFlow_20260501_3d.mov,01:10:39:08,01:10:43:17,4.38,4:09,2026-05-01,Chat GPT; Krea,,
CTD_101_FC_20260713,101,CTD_AI_MSH_LodgeCorner_20260626_1a.mov,01:10:43:17,01:10:45:07,1.58,1:14,2026-06-26,Chat GPT; Krea,,
CTD_101_FC_20260713,101,CTD_AI_MSH_LodgeWipeOut_20260505_1f.mov,01:10:45:07,01:10:46:06,0.96,0:23,2026-05-05,Chat GPT; Krea,,
CTD_101_FC_20260713,101,CTD_AI_MSH_LodgeRoof_20260626_1c.mov,01:10:46:06,01:10:47:16,1.42,1:10,2026-06-26,Chat GPT; Krea,,
CTD_101_FC_20260713,101,CTD_AI_MSH_LodgeRoof_20260626_1a.mov,01:10:47:16,01:10:49:18,2.08,2:02,2026-06-26,Chat GPT; Krea,,
CTD_101_FC_20260713,101,CTD_AI_FDN_EarthquakeControlRoomDesk_20260617_4a.mov,01:15:06:20,01:15:07:10,0.58,0:24,2026-06-17,Chat GPT; Krea,,
CTD_101_FC_20260713,101,CTD_AI_FDN_EarthquakeControlRoomGrip_20260617_1a.mov,01:15:07:10,01:15:08:05,0.79,0:19,2026-06-17,Chat GPT; Krea,,
CTD_101_FC_20260713,101,CTD_AI_FDN_EarthquakeControlRoomDesk_20260617_1a.mov,01:15:08:05,01:15:08:19,0.58,0:24,2026-06-17,Chat GPT; Krea,,
CTD_101_FC_20260713,101,CTD_AI_FDN_EarthquakeControlRoom_20260617_2a.mov,01:15:08:19,01:15:09:13,0.75,0:18,2026-06-17,Chat GPT; Krea,,
CTD_101_FC_20260713,101,CTD_AI_FDN_EarthquakeControlRoomConsole_20260617_1b.mov,01:15:09:13,01:15:11:13,2,2:00,2026-06-17,Chat GPT; Krea,,
CTD_101_FC_20260713,101,CTD_AI_FDN_EarthquakeControlRoomBlinking_20260617_2a.mov,01:15:11:13,01:15:12:12,0.96,0:23,2026-06-17,Chat GPT; Krea,,
CTD_101_FC_20260713,101,CTD_AI_FDN_Coffee&Alarm_20260416_1b.mov,01:15:12:12,01:15:13:10,0.92,0:22,2026-04-16,Chat GPT; Krea,,
CTD_101_FC_20260713,101,CTD_AI_FDN_EarthquakeControlRoom_20260615_6b.mov,01:15:13:10,01:15:14:11,1.04,1:01,2026-06-16,Chat GPT; Krea,,
CTD_101_FC_20260713,101,CTD_AI_FDN_EarthquakeControlRoomLights_20260617_1b.mov,01:15:14:11,01:15:14:23,0.5,0:12,2026-06-17,Chat GPT; Krea,,
CTD_101_FC_20260713,101,CTD_AI_FDN_EarthquakeControlRoomBlinking_20260617_1b.mov,01:15:14:23,01:15:16:12,1.54,1:13,2026-06-17,Chat GPT; Krea,,
CTD_101_FC_20260713,101,CTD_AI_FDN_EarthquakeControlRoom_20260617_3a.mov,01:15:16:12,01:15:16:23,0.46,0:11,2026-06-17,Chat GPT; Krea,,
CTD_101_FC_20260713,101,CTD_AI_FDN_EarthquakeControlRoom_20260615_8a.mov,01:15:16:23,01:15:18:01,1.08,1:02,2026-06-16,Chat GPT; Krea,,
CTD_101_FC_20260713,101,CTD_AI_FDN_EarthquakeControlRoom_20260416_3a.mov,01:15:18:01,01:15:19:03,1.08,1:02,2026-04-16,Chat GPT; Krea,,
CTD_101_FC_20260713,101,CTD_AI_FDN_ControlRoomPower_20260505_1a.mov,01:15:19:03,01:15:21:13,2.42,2:10,2026-05-05,Chat GPT; Krea,,
CTD_101_FC_20260713,101,CTD_AI_FDN_Reactor_20260625_1b.mov,01:15:27:18,01:15:29:21,2.13,2:03,2026-06-25,Chat GPT; Krea,,
CTD_101_FC_20260713,101,CTD_AI_FDN_Reactor_20260703_2e.mov,01:15:29:21,01:15:32:19,2.92,2:22,2026-07-03,Chat GPT; Krea,,
CTD_101_FC_20260713,101,CTD_AI_FDN_BootsWading_20260501_2c.mov,01:15:35:19,01:15:38:09,2.58,2:14,2026-05-01,Chat GPT; Krea,,
CTD_101_FC_20260713,101,CTD_AI_FDN_GeneratorFlood_20260703_1a.mov,01:15:38:09,01:15:40:02,1.71,1:17,2026-07-03,Chat GPT; Krea,,
CTD_101_FC_20260713,101,CTD_AI_FDN_Radiator_20260429_1c.mov,01:15:40:02,01:15:42:02,2,2:00,2026-04-29,Chat GPT; Krea,,
CTD_101_FC_20260713,101,CTD_AI_FDN_PowerOn_20260506_1c.mov,01:15:42:02,01:15:43:15,1.54,1:13,2026-05-06,Chat GPT; Krea,,
CTD_101_FC_20260713,101,CTD_AI_FDN_VoltageLevel_20260506_1b.mov,01:15:43:15,01:15:44:09,0.75,0:18,2026-05-06,Chat GPT; Krea,,
CTD_101_FC_20260713,101,CTD_AI_FDN_VoltageLevel_20260506_1b.mov,01:15:44:09,01:15:45:14,1.21,1:05,2026-05-06,Chat GPT; Krea,,
CTD_101_FC_20260713,101,CTD_AI_FDN_ControlRoomPower_20260505_1a.mov,01:15:45:14,01:15:49:08,3.75,3:18,2026-05-05,Chat GPT; Krea,,
CTD_101_FC_20260713,101,CTD_AI_FDN_LowAngleTsunami_20260501_1a.mov,01:16:04:12,01:16:06:08,1.83,1:20,2026-05-01,Chat GPT; Krea,,
CTD_101_FC_20260713,101,CTD_AI_FDN_TsunamiMisc_20260416_1a.mov,01:16:06:08,01:16:07:07,0.96,0:23,2026-04-16,Chat GPT; Krea,,
CTD_101_FC_20260713,101,CTD_AI_FDN_TsunamiMisc_20260421_12a.mov,01:16:07:07,01:16:09:10,2.13,2:03,2026-04-21,Chat GPT; Krea,,
CTD_101_FC_20260713,101,CTD_AI_FDN_TsunamiMisc_20260421_11c.mov,01:16:09:10,01:16:10:02,0.67,0:16,2026-04-21,Chat GPT; Krea,,
CTD_101_FC_20260713,101,CTD_AI_FDN_Tsunami_20260416_1b.mov,01:16:10:02,01:16:10:21,0.79,0:19,2026-04-16,Chat GPT; Krea,,
CTD_101_FC_20260713,101,CTD_AI_FDN_TsunamiMisc_20260421_14a.mov,01:16:10:21,01:16:11:20,0.96,0:23,2026-04-21,Chat GPT; Krea,,
CTD_101_FC_20260713,101,CTD_AI_FDN_TsunamiMisc_20260421_7a.mov,01:16:11:20,01:16:13:07,1.46,1:11,2026-04-21,Chat GPT; Krea,,
CTD_101_FC_20260713,101,CTD_AI_FDN_GeneratorFlood_20260417_2a.mov,01:16:13:07,01:16:15:02,1.79,1:19,2026-04-17,Chat GPT; Krea,,
CTD_101_FC_20260713,101,CTD_AI_FDN_GeneratorFlood_20260417_3b.mov,01:16:15:02,01:16:17:04,2.08,2:02,2026-04-17,Chat GPT; Krea,,
CTD_101_FC_20260713,101,CTD_AI_FDN_GeneratorPanel_20260501_1a.mov,01:16:19:21,01:16:21:22,2.04,2:01,2026-05-01,Chat GPT; Krea,,
CTD_101_FC_20260713,101,CTD_AI_FDN_EarthQuakeControlRoomLightsOut_20260702_1b.mov,01:16:21:22,01:16:22:23,1.04,1:01,2026-07-02,Chat GPT; Krea,,
CTD_101_FC_20260713,101,CTD_AI_FDN_EarthQuakeControlRoomLightsOut_20260702_1a.mov,01:16:22:23,01:16:24:14,1.63,1:15,2026-07-02,Chat GPT; Krea,,
CTD_101_FC_20260713,101,CTD_AI_FDN_ControlRoomFlash_20260505_1a.mov,01:16:28:20,01:16:31:00,2.17,2:04,2026-05-05,Chat GPT; Krea,,
CTD_101_FC_20260713,101,CTD_AI_FDN_ControlRoomButton_20260505_2a.mov,01:16:31:00,01:16:33:13,2.54,2:13,2026-05-05,Chat GPT; Krea,,
CTD_101_FC_20260713,101,CTD_AI_FDN_FireTrucks_20260505_5b.mov,01:17:21:02,01:17:22:09,1.29,1:07,2026-05-05,Chat GPT; Krea,,
CTD_101_FC_20260713,101,CTD_AI_FDN_FiremanHose_20260702_3c.mov,01:17:22:09,01:17:23:08,0.96,0:23,2026-07-02,Chat GPT; Krea,,
CTD_101_FC_20260713,101,CTD_AI_FDN_FiremanHose_20260702_2b.mov,01:17:23:08,01:17:24:22,1.58,1:14,2026-07-02,Chat GPT; Krea,,
CTD_101_FC_20260713,101,CTD_AI_FDN_Temperature5000_20260505_1a.mov,01:17:28:16,01:17:31:14,2.92,2:22,2026-05-05,Chat GPT; Krea,,
CTD_101_FC_20260713,101,CTD_AI_FDN_BigPipe_20260602_2a.mov,01:17:35:08,01:17:37:16,2.33,2:08,2026-06-02,Chat GPT; Krea,,
CTD_101_FC_20260713,101,CTD_AI_FDN_BigPipe_20260522_1d.mov,01:17:37:16,01:17:39:10,1.75,1:18,2026-05-22,Chat GPT; Krea,,
CTD_101_FC_20260713,101,CTD_AI_FDN_BigPipe_20260602_1a.mov,01:17:39:10,01:17:43:12,4.08,4:02,2026-06-02,Chat GPT; Krea,,
CTD_101_FC_20260713,101,CTD_AI_FDN_BigPipe_20260522_2a.mov,01:17:45:02,01:17:48:13,3.46,3:11,2026-05-22,Chat GPT; Krea,,
CTD_101_FC_20260713,101,CTD_AI_FDN_WideSuitUpZipUp_20260617_1a.mov,01:17:50:14,01:17:51:16,1.08,1:02,2026-06-17,Chat GPT; Krea,,
CTD_101_FC_20260713,101,CTD_AI_FDN_WideSuitUp_20260615_4a.mov,01:17:51:16,01:17:52:07,0.63,0:15,2026-06-16,Chat GPT; Krea,,
CTD_101_FC_20260713,101,CTD_AI_FDN_WideSuitUp_20260615_5a.mov,01:17:52:07,01:17:53:01,0.75,0:18,2026-06-16,Chat GPT; Krea,,
CTD_101_FC_20260713,101,CTD_AI_FDN_WideSuitUpGloves_20260617_1a.mov,01:17:53:01,01:17:53:22,0.88,0:21,2026-06-17,Chat GPT; Krea,,
CTD_101_FC_20260713,101,CTD_AI_FDN_WideSuitUp_20260615_3b.mov,01:17:53:22,01:17:55:02,1.17,1:04,2026-06-16,Chat GPT; Krea,,
CTD_101_FC_20260713,101,CTD_AI_FDN_CloseSuitUpZipUp_20260618_1a.mov,01:17:56:05,01:17:56:19,0.58,0:24,2026-06-18,Chat GPT; Krea,,
CTD_101_FC_20260713,101,CTD_AI_FDN_CloseSuitUpHelmet_20260618_2a.mov,01:17:56:19,01:17:57:14,0.79,0:19,2026-06-18,Chat GPT; Krea,,
CTD_101_FC_20260713,101,CTD_AI_FDN_WideSuitUpFaceInHands_20260617_1b.mov,01:17:57:14,01:17:58:19,1.21,1:05,2026-06-17,Chat GPT; Krea,,
CTD_101_FC_20260713,101,CTD_AI_FDN_MaskUp_20260615_1b.mov,01:17:58:19,01:18:00:11,1.67,1:16,2026-06-16,Chat GPT; Krea,,
CTD_101_FC_20260713,101,CTD_AI_FDN_WideSuitUpPhoto_20260617_1b.mov,01:18:00:11,01:18:01:12,1.04,1:01,2026-06-17,Chat GPT; Krea,,
CTD_101_FC_20260713,101,CTD_AI_FDN_TurningBigWheelWater_20260618_1a.mov,01:18:04:15,01:18:05:21,1.25,1:06,2026-06-18,Chat GPT; Krea,,
CTD_101_FC_20260713,101,CTD_AI_FDN_BootsWadingSearching_20260617_3a.mov,01:18:05:21,01:18:06:20,0.96,0:23,2026-06-17,Chat GPT; Krea,,
CTD_101_FC_20260713,101,CTD_AI_FDN_TurningBigWheelLooking_20260618_3a.mov,01:18:06:20,01:18:07:11,0.63,0:15,2026-06-18,Chat GPT; Krea,,
CTD_101_FC_20260713,101,CTD_AI_FDN_BootsWadingSearching_20260617_2a.mov,01:18:07:11,01:18:08:16,1.21,1:05,2026-06-17,Chat GPT; Krea,,
CTD_101_FC_20260713,101,CTD_AI_FDN_TurningBigWheelWalking_20260618_1a.mov,01:18:08:16,01:18:09:12,0.83,0:20,2026-06-18,Chat GPT; Krea,,
CTD_101_FC_20260713,101,CTD_AI_FDN_BootsWading_20260615_1c.mov,01:18:09:12,01:18:10:17,1.21,1:05,2026-06-16,Chat GPT; Krea,,
CTD_101_FC_20260713,101,CTD_AI_FDN_TurningBigWheel_20260522_5a.mov,01:18:10:17,01:18:11:22,1.21,1:05,2026-05-22,Chat GPT; Krea,,
CTD_101_FC_20260713,101,CTD_AI_FDN_TurningBigWheel_20260522_3a.mov,01:18:11:22,01:18:13:10,1.5,1:12,2026-05-22,Chat GPT; Krea,,
CTD_101_FC_20260713,101,CTD_AI_FDN_TurningBigWheel_20260522_1a.mov,01:18:16:00,01:18:20:00,4,4:00,2026-05-22,Chat GPT; Krea,,
CTD_101_FC_20260713,101,CTD_AI_FDN_TurningBigWheel_20260601_2a.mov,01:18:24:15,01:18:28:02,3.46,3:11,2026-06-01,Chat GPT; Krea,,
CTD_101_FC_20260713,101,CTD_AI_FDN_TurningBigWheel_20260601_3b.mov,01:18:28:02,01:18:31:03,3.04,3:01,2026-06-01,Chat GPT; Krea,,
CTD_101_FC_20260713,101,CTD_AI_FDN_TurningBigWheel_20260522_2c.mov,01:18:31:03,01:18:34:23,3.83,3:20,2026-05-22,Chat GPT; Krea,,
CTD_101_FC_20260713,101,CTD_AI_FDN_Reactor_20260625_1e.mov,01:18:43:22,01:18:48:12,4.58,4:14,2026-06-25,Chat GPT; Krea,,
CTD_101_FC_20260713,101,CTD_AI_FDN_Reactor_20260703_2a.mov,01:18:51:18,01:18:55:08,3.58,3:14,2026-07-03,Chat GPT; Krea,,
CTD_101_FC_20260713,101,CTD_AI_FDN_SparksWire_20260522_1b.mov,01:18:56:22,01:19:01:16,4.75,4:18,2026-05-22,Chat GPT; Krea,,
CTD_101_FC_20260713,101,CTD_AI_FDN_ReactorExplodes_20260702_1a.mov,01:19:01:16,01:19:04:00,2.33,2:08,2026-07-02,Chat GPT; Krea,,
CTD_101_FC_20260713,101,CTD_AI_FDN_Reactorexplosion_20260521_24a.mov,01:19:04:00,01:19:05:15,1.63,1:15,2026-05-21,Chat GPT; Krea,,
CTD_101_FC_20260713,101,CTD_AI_FDN_Reactorexplosion_20260521_28a.mov,01:19:05:15,01:19:07:09,1.75,1:18,2026-05-21,Chat GPT; Krea,,
CTD_101_FC_20260713,101,CTD_AI_FDN_ReactorExplodes_20260520_1b.MOV,01:19:07:09,01:19:11:13,4.17,4:04,2026-05-20,Chat GPT; Krea,,
CTD_101_FC_20260713,101,CTD_AI_FDN_Reactorexplosion_20260521_18a.mov,01:19:11:13,01:19:14:18,3.21,3:05,2026-05-21,Chat GPT; Krea,,
CTD_101_FC_20260713,101,CTD_AI_FDN_Reactorexplosion_20260702_7e.mov,01:19:29:11,01:19:32:05,2.75,2:18,2026-07-02,Chat GPT; Krea,,
CTD_101_FC_20260713,101,CTD_AI_FDN_ReactorExplodes_20260520_2a.MOV,01:19:32:05,01:19:34:00,1.79,1:19,2026-05-20,Chat GPT; Krea,,
CTD_101_FC_20260713,101,CTD_AI_FDN_Reactorexplosion_20260521_34a.mov,01:19:41:19,01:19:42:20,1.04,1:01,2026-05-21,Chat GPT; Krea,,
CTD_101_FC_20260713,101,CTD_AI_FDN_GroupMeeting_20260505_1a.mov,01:19:42:20,01:19:46:18,3.92,3:22,2026-05-05,Chat GPT; Krea,,
CTD_101_FC_20260713,101,CTD_AI_FDN_Reactorexplosion_20260521_19a.mov,01:19:51:08,01:19:56:11,5.13,5:03,2026-05-21,Chat GPT; Krea,,
CTD_101_FC_20260713,101,CTD_AI_FDN_Reactorexplosion_20260703_6a.mov,01:19:56:11,01:20:00:17,4.25,4:06,2026-07-03,Chat GPT; Krea,,
CTD_101_FC_20260713,101,CTD_AI_FDN_Reactorexplosion_20260703_6d.mov,01:20:00:17,01:20:02:10,1.71,1:17,2026-07-03,Chat GPT; Krea,,
CTD_101_FC_20260713,101,CTD_AI_FDN_Reactorexplosion_20260521_24a.mov,01:20:02:10,01:20:04:05,1.79,1:19,2026-05-21,Chat GPT; Krea,,
CTD_101_FC_20260713,101,CTD_AI_FDN_Reactorexplosion_20260521_34a.mov,01:20:04:05,01:20:06:04,1.96,1:23,2026-05-21,Chat GPT; Krea,,
CTD_101_FC_20260713,101,CTD_AI_FDN_ReactorExplosion_20260511_5e.mov,01:20:12:12,01:20:15:07,2.79,2:19,2026-05-11,Chat GPT; Krea,,
CTD_101_FC_20260713,101,CTD_AI_FDN_Reactorexplosion_20260521_21a.mov,01:20:15:07,01:20:16:16,1.38,1:09,2026-05-21,Chat GPT; Krea,,
CTD_101_FC_20260713,101,CTD_AI_FDN_Reactorexplosion_20260703_30d.mov,01:20:16:16,01:20:19:05,2.54,2:13,2026-07-03,Chat GPT; Krea,,
CTD_101_FC_20260713,101,CTD_AI_FDN_Reactorexplosion_20260703_30e.mov,01:20:19:05,01:20:22:05,3,3:00,2026-07-03,Chat GPT; Krea,,
CTD_101_FC_20260713,101,CTD_AI_FDN_Reactorexplosion_20260521_32a.mov,01:20:22:05,01:20:25:20,3.63,3:15,2026-05-21,Chat GPT; Krea,,
CTD_101_FC_20260713,101,CTD_AI_FDN_Reactorexplosion_20260702_7g.mov,01:20:25:20,01:20:27:21,2.04,2:01,2026-07-02,Chat GPT; Krea,,
CTD_101_FC_20260713,101,CTD_AI_FDN_GroupMeeting_20260505_1a.mov,01:20:46:21,01:20:54:03,7.25,7:06,2026-05-05,Chat GPT; Krea,,
CTD_101_FC_20260713,101,CTD_AI_TXC_WorkerBags_20260625_1b.mov,01:23:04:17,01:23:06:05,1.5,1:12,2026-06-25,Chat GPT; Krea,,
CTD_101_FC_20260713,101,CTD_AI_TXC_WorkerBags_20260625_1d.mov,01:23:06:05,01:23:07:10,1.21,1:05,2026-06-25,Chat GPT; Krea,,
CTD_101_FC_20260713,101,CTD_AI_TXC_POVFindingBurningBag_20260625_1a.mov,01:23:07:10,01:23:08:08,0.92,0:22,2026-06-25,Chat GPT; Krea,,
CTD_101_FC_20260713,101,CTD_AI_TXC_BagExplosion_20260625_1d.mov,01:23:12:15,01:23:16:16,4.04,4:01,2026-06-25,Chat GPT; Krea,,
CTD_101_FC_20260713,101,CTD_AI_TXC_MovingBags_20260626_1b.mov,01:23:18:00,01:23:20:16,2.67,2:16,2026-06-26,Chat GPT; Krea,,
CTD_101_FC_20260713,101,CTD_AI_TXC_MovingBags_20260626_2a.mov,01:23:20:16,01:23:21:22,1.25,1:06,2026-06-26,Chat GPT; Krea,,
CTD_101_FC_20260713,101,CTD_AI_TXC_BagExplosion_20260625_1e.mov,01:23:28:20,01:23:31:22,3.08,3:02,2026-06-25,Chat GPT; Krea,,
CTD_101_FC_20260713,101,CTD_AI_TXC_WaterBucket_20260525_1b.mov,01:23:34:04,01:23:36:08,2.17,2:04,2026-05-26,Chat GPT; Krea,,
CTD_101_FC_20260713,101,CTD_AI_TXC_HatchFireHose_20260706_2a.mov,01:23:37:09,01:23:38:14,1.21,1:05,2026-07-06,Chat GPT; Krea,,
CTD_101_FC_20260713,101,CTD_AI_TXC_HatchFireHose_20260706_3a.mov,01:23:38:14,01:23:41:14,3,3:00,2026-07-06,Chat GPT; Krea,,
CTD_101_FC_20260713,101,CTD_AI_TXC_FightingFire03_20260522_1a.mov,01:23:47:03,01:23:49:12,2.38,2:09,2026-05-22,Chat GPT; Krea,,
CTD_101_FC_20260713,101,CTD_AI_TXC_MTarpHatch_20260515_1a.mov,01:24:03:15,01:24:05:11,1.83,1:20,2026-05-15,Chat GPT; Krea,,
CTD_101_FC_20260713,101,CTD_AI_TXC_CUTarpHatch_20260515_1a.mov,01:24:05:11,01:24:07:03,1.67,1:16,2026-05-15,Chat GPT; Krea,,
CTD_101_FC_20260713,101,CTD_AI_TXC_TarpHatch_20260515_1a.mov,01:24:07:03,01:24:10:18,3.63,3:15,2026-05-15,Chat GPT; Krea,,
CTD_101_FC_20260713,101,CTD_AI_TXC_BagExplosion_20260525_1b.mov,01:24:20:09,01:24:26:00,5.63,5:15,2026-05-26,Chat GPT; Krea,,
CTD_101_FC_20260713,101,CTD_AI_TXC_BagExplosion_20260515_1c.mov,01:24:26:00,01:24:26:17,0.71,0:17,2026-05-15,Chat GPT; Krea,,
CTD_101_FC_20260713,101,CTD_AI_TXC_BlowPortWindows_20260625_1a.mov,01:24:26:17,01:24:29:02,2.38,2:09,2026-06-25,Chat GPT; Krea,,
CTD_101_FC_20260713,101,CTD_AI_TXC_BlowPortWindows_20260625_1d.mov,01:24:30:14,01:24:33:05,2.63,2:15,2026-06-25,Chat GPT; Krea,,
CTD_101_FC_20260713,101,CTD_AI_TXC_Explosion01_20260522_1a.mov,01:24:48:14,01:24:51:00,2.42,2:10,2026-05-22,Chat GPT; Krea,,
CTD_101_FC_20260713,101,CTD_AI_TXC_NEWBoatExplosion_20260625_1b.mov,01:24:51:00,01:24:56:02,5.08,5:02,2026-06-25,Chat GPT; Krea,,
CTD_101_FC_20260713,101,CTD_AI_TXC_Explosion01_20260522_1a.mov,01:24:56:02,01:24:57:09,1.29,1:07,2026-05-22,Chat GPT; Krea,,
CTD_101_FC_20260713,101,CTD_AI_TXC_BoatExplode_20260526_1a.mov,01:24:57:09,01:25:00:14,3.21,3:05,2026-05-26,Chat GPT; Krea,,
CTD_101_FC_20260713,101,CTD_AI_TXC_NEWBoatExplosion_20260522_1a.mov,01:25:00:14,01:25:04:10,3.83,3:20,2026-05-22,Chat GPT; Krea,,
CTD_101_FC_20260713,101,CTD_AI_TXC_Baseball_20260625_1a.mov,01:25:16:18,01:25:21:05,4.46,4:11,2026-06-25,Chat GPT; Krea,,
CTD_101_FC_20260713,101,CTD_AI_TXC_Baseball_20260625_1b.mov,01:25:26:02,01:25:29:03,3.04,3:01,2026-06-25,Chat GPT; Krea,,
CTD_101_FC_20260713,101,CTD_AI_TXC_WaveImpact_20260526_2a.mov,01:25:47:19,01:25:50:13,2.75,2:18,2026-05-26,Chat GPT; Krea,,
CTD_101_FC_20260713,101,CTD_AI_TXC_WaveImpact_20260702_2a.mov,01:25:50:13,01:25:54:14,4.04,4:01,2026-07-02,Chat GPT; Krea,,
CTD_101_FC_20260713,101,CTD_AI_CHF_WinterVillage_20260701_1a.mov,01:26:37:07,01:26:38:16,1.38,1:09,2026-07-02,Chat GPT; Krea,,
CTD_101_FC_20260713,101,CTD_AI_CHF_WinterVillage_20260701_5a.mov,01:26:38:16,01:26:40:02,1.42,1:10,2026-07-02,Chat GPT; Krea,,
CTD_101_FC_20260713,101,CTD_AI_CHF_WinterTown_20260623_2c.mov,01:26:40:02,01:26:41:13,1.46,1:11,2026-06-23,Chat GPT; Krea,,
CTD_101_FC_20260713,101,CTD_AI_CHF_WinterVillage_20260701_4a.mov,01:26:41:13,01:26:43:12,1.96,1:23,2026-07-02,Chat GPT; Krea,,
CTD_101_FC_20260713,101,CTD_AI_CHF_FloodedVillage_20260623_2f.mov,01:26:43:12,01:26:45:04,1.67,1:16,2026-06-23,Chat GPT; Krea,,
CTD_101_FC_20260713,101,CTD_AI_CHF_StormHits_FloodPeople_20260701_2b.mov,01:26:45:04,01:26:46:02,0.92,0:22,2026-07-02,,,
CTD_101_FC_20260713,101,CTD_AI_CHF_FarmlandFloods_20260701_2a.mov,01:26:46:02,01:26:46:20,0.75,0:18,2026-07-02,,,
CTD_101_FC_20260713,101,CTD_AI_CHF_DikeBreaking_20260701_7a.mov,01:26:46:20,01:26:48:05,1.38,1:09,2026-07-02,Chat GPT; Krea,,
CTD_101_FC_20260713,101,CTD_AI_CHF_Dike_20260526_5f.mov,01:26:48:05,01:26:50:09,2.17,2:04,2026-05-26,Chat GPT; Krea,,
CTD_101_FC_20260713,101,CTD_AI_CHF_WinterVillage_20260701_3a.mov,01:26:51:09,01:26:55:16,4.29,4:07,2026-07-02,Chat GPT; Krea,,
CTD_101_FC_20260713,101,CTD_AI_CHF_WinterVillage_20260701_4a.mov,01:26:55:16,01:26:58:05,2.54,2:13,2026-07-02,Chat GPT; Krea,,
CTD_101_FC_20260713,101,CTD_AI_CHF_WinterVillage_20260701_2b.mov,01:26:58:05,01:27:00:22,2.71,2:17,2026-07-02,,,
CTD_101_FC_20260713,101,CTD_AI_CHF_WinterVillage_20260701_5b.mov,01:27:00:22,01:27:02:10,1.5,1:12,2026-07-02,Chat GPT; Krea,,
CTD_101_FC_20260713,101,CTD_AI_CHF_WinterVillage_20260701_5a.mov,01:27:02:10,01:27:06:11,4.04,4:01,2026-07-02,Chat GPT; Krea,,
CTD_101_FC_20260713,101,CTD_AI_CHF_MeltingRiver_20260520_4a.MOV,01:27:26:14,01:27:33:20,7.25,7:06,2026-05-20,Chat GPT; Krea,,
CTD_101_FC_20260713,101,CTD_AI_CHF_WinterTown_20260623_3a.mov,01:27:41:12,01:27:43:22,2.42,2:10,2026-06-23,,,
CTD_101_FC_20260713,101,CTD_AI_CHF_River_20260511_1d.mov,01:27:43:22,01:27:46:10,2.5,2:12,2026-05-11,Chat GPT; Krea,,
CTD_101_FC_20260713,101,CTD_AI_CHF_FloodedVillage_20260623_1b.mov,01:27:46:10,01:27:48:00,1.58,1:14,2026-06-23,Chat GPT; Krea,,
CTD_101_FC_20260713,101,CTD_AI_CHF_FloodedVillage_20260623_1e.mov,01:27:48:00,01:27:51:14,3.58,3:14,2026-06-23,,,
CTD_101_FC_20260713,101,CTD_AI_CHF_TownFlood_20260511_2a.mov,01:27:55:03,01:27:57:08,2.21,2:05,2026-05-11,Chat GPT; Krea,,
CTD_101_FC_20260713,101,CTD_AI_CHF_TownFlood_20260511_4a.mov,01:27:57:08,01:28:01:04,3.83,3:20,2026-05-11,Chat GPT; Krea,,
CTD_101_FC_20260713,101,CTD_AI_CHF_CycloneVillage_20260701_2a.mov,01:28:03:20,01:28:07:12,3.67,3:16,2026-07-02,Chat GPT; Krea,,
CTD_101_FC_20260713,101,CTD_AI_CHF_Storm_20260528_1f.mov,01:28:07:12,01:28:08:16,1.17,1:04,2026-05-28,Chat GPT; Krea,,
CTD_101_FC_20260713,101,CTD_AI_CHF_Storm_20260528_6c.mov,01:28:08:16,01:28:12:15,3.96,3:23,2026-05-28,Chat GPT; Krea,,
CTD_101_FC_20260713,101,CTD_AI_CHF_FloodedVillage_20260623_2f.mov,01:28:21:15,01:28:22:21,1.25,1:06,2026-06-23,Chat GPT; Krea,,
CTD_101_FC_20260713,101,CTD_AI_CHF_FloodedVillage_20260623_2d.mov,01:28:22:21,01:28:24:09,1.5,1:12,2026-06-23,Chat GPT; Krea,,
CTD_101_FC_20260713,101,CTD_AI_CHF_FarmlandFloods_20260701_1a.mov,01:28:24:09,01:28:25:19,1.42,1:10,2026-07-02,Chat GPT; Krea,,
CTD_101_FC_20260713,101,CTD_AI_CHF_StormHits_FloodPeople_20260701_3b.mov,01:28:27:07,01:28:28:18,1.46,1:11,2026-07-02,Chat GPT; Krea,,
CTD_101_FC_20260713,101,CTD_AI_CHF_StormHits_FloodPeople_20260701_2a.mov,01:28:28:18,01:28:30:06,1.5,1:12,2026-07-02,Chat GPT; Krea,,
CTD_101_FC_20260713,101,CTD_AI_CHF_DikeBreaking_20260701_1a.mov,01:29:06:14,01:29:09:16,3.08,3:02,2026-07-02,,,
CTD_101_FC_20260713,101,CTD_AI_CHF_Dike_20260526_2e.mov,01:29:09:16,01:29:13:13,3.88,3:21,2026-05-26,Chat GPT; Krea,,
CTD_101_FC_20260713,101,CTD_AI_CHF_DikeBreaking_20260701_5a.mov,01:29:13:13,01:29:17:01,3.5,3:12,2026-07-02,Chat GPT; Krea,,
CTD_101_FC_20260713,101,CTD_AI_CHF_DIKE_20260623_2e.mov,01:29:17:01,01:29:20:07,3.25,3:06,2026-06-23,Chat GPT; Krea,,
CTD_101_FC_20260713,101,CTD_AI_CHF_DikeBreaking_20260701_6b.mov,01:29:20:07,01:29:21:07,1,1:00,2026-07-02,Chat GPT; Krea,,
CTD_101_FC_20260713,101,CTD_AI_CHF_DikeBreaking_20260701_6a.mov,01:29:21:07,01:29:23:08,2.04,2:01,2026-07-02,Chat GPT; Krea,,
CTD_101_FC_20260713,101,CTD_AI_CHF_DikeBreaking_20260701_7a.mov,01:29:23:08,01:29:25:02,1.75,1:18,2026-07-02,Chat GPT; Krea,,
CTD_101_FC_20260713,101,CTD_AI_CHF_DikeBreaking_20260701_9aa.mov,01:29:25:02,01:29:28:07,3.21,3:05,2026-07-02,Chat GPT; Krea,,
CTD_101_FC_20260713,101,CTD_AI_CHF_WuhanFlood_20260623_3e.mov,01:29:31:13,01:29:34:10,2.88,2:21,2026-06-23,Chat GPT; Krea,,
CTD_101_FC_20260713,101,CTD_AI_CHF_WuhanFlood_20260623_3c.mov,01:29:34:10,01:29:38:08,3.92,3:22,2026-06-23,Chat GPT; Krea,,
CTD_101_FC_20260713,101,CTD_AI_CHF_WuhanFlood_20260623_3a.mov,01:29:38:08,01:29:40:16,2.33,2:08,2026-06-23,Chat GPT; Krea,,
CTD_101_FC_20260713,101,CTD_AI_CHF_WuhanFlood_20260623_3.mov,01:29:43:03,01:29:48:07,5.17,5:04,2026-06-23,Chat GPT; Krea,,
CTD_101_FC_20260713,101,CTD_AI_CHF_WuhanFlood_20260623_3b.mov,01:29:55:23,01:30:00:02,4.13,4:03,2026-06-23,Chat GPT; Krea,,
CTD_101_FC_20260713,101,CTD_AI_CHF_WallOfWater_20260701_4a.mov,01:30:04:04,01:30:06:12,2.33,2:08,2026-07-02,Chat GPT; Krea,,
CTD_101_FC_20260713,101,CTD_AI_CHF_WallOfWater_20260701_5a.mov,01:30:06:12,01:30:08:09,1.88,1:21,2026-07-02,Chat GPT; Krea,,
CTD_101_FC_20260713,101,CTD_AI_CHF_WuhanFlood_20260623_4a.mov,01:30:08:09,01:30:12:21,4.5,4:12,2026-06-23,Chat GPT; Krea,,
CTD_101_FC_20260713,101,CTD_AI_447_Stage04_20260709_3a.mov,01:31:01:07,01:31:03:13,2.25,2:06,2026-07-06,Chat GPT; Krea,,
CTD_101_FC_20260713,101,CTD_AI_447_StormyWindow_20260703_1b.mov,01:31:03:13,01:31:05:07,1.75,1:18,2026-07-03,Chat GPT; Krea,,
CTD_101_FC_20260713,101,CTD_AI_447_Planemisc_20260507_1g.mov,01:31:05:07,01:31:07:05,1.92,1:22,2026-05-07,Chat GPT; Krea,,
CTD_101_FC_20260713,101,CTD_AI_447_Galley_20260619_1b.mov,01:31:07:05,01:31:08:14,1.38,1:09,2026-06-19,Chat GPT; Krea,,
CTD_101_FC_20260713,101,CTD_AI_447_PlaneCrashBrace_20260623_2a.mov,01:31:08:14,01:31:09:10,0.83,0:20,2026-06-23,Chat GPT; Krea,,
CTD_101_FC_20260713,101,CTD_AI_447_PlaneCrashHold_20260702_1a.mov,01:31:09:10,01:31:10:13,1.13,1:24,2026-07-02,Chat GPT; Krea,,
CTD_101_FC_20260713,101,CTD_AI_447_HandOnLeg_20260619_1a.mov,01:31:14:09,01:31:15:01,0.67,0:16,2026-06-19,Chat GPT; Krea,,
CTD_101_FC_20260713,101,CTD_AI_447_Planecrash_20260703_1d.mov,01:31:15:01,01:31:18:09,3.33,3:08,2026-07-03,Chat GPT; Krea,,
CTD_101_FC_20260713,101,CTD_AI_447_CalmCabin_20260514_1c.mov,01:31:42:08,01:31:46:11,4.13,4:03,2026-05-14,Chat GPT; Krea,,
CTD_101_FC_20260713,101,CTD_AI_447_Stage01_20260709_4a.mov,01:31:59:07,01:32:01:11,2.17,2:04,2026-07-06,Chat GPT; Krea,,
CTD_101_FC_20260713,101,CTD_AI_447_CalmFlight_20260520_2a.mov,01:32:01:11,01:32:03:14,2.13,2:03,2026-05-20,Chat GPT; Krea,,
CTD_101_FC_20260713,101,CTD_AI_447_Stage01_20260709_3a.mov,01:32:08:06,01:32:11:09,3.13,3:03,2026-07-06,,,
CTD_101_FC_20260713,101,CTD_AI_447_WideCockpit_20260623_1c.mov,01:32:11:09,01:32:15:04,3.79,3:19,2026-06-23,Chat GPT; Krea,,
CTD_101_FC_20260713,101,CTD_AI_447_CaptainLeaves_20260511_2a.mov,01:32:15:04,01:32:20:01,4.88,4:21,2026-05-11,Chat GPT; Krea,,
CTD_101_FC_20260713,101,CTD_AI_447_Stage02_20260709_1b.mov,01:32:28:08,01:32:33:23,5.63,5:15,2026-07-06,,,
CTD_101_FC_20260713,101,CTD_AI_447_Stage02_20260709_2c.mov,01:32:33:23,01:32:35:20,1.88,1:21,2026-07-06,Chat GPT; Krea,,
CTD_101_FC_20260713,101,CTD_AI_447_Planemisc_20260507_1g.mov,01:32:35:20,01:32:37:17,1.88,1:21,2026-05-07,Chat GPT; Krea,,
CTD_101_FC_20260713,101,CTD_AI_447_HailWindow_20260619_1b.mov,01:32:46:18,01:32:49:22,3.17,3:04,2026-06-19,Chat GPT; Krea,,
CTD_101_FC_20260713,101,CTD_AI_447_WideCockpit_20260703_2d.mov,01:32:53:17,01:32:55:06,1.54,1:13,2026-07-03,Chat GPT; Krea,,
CTD_101_FC_20260713,101,CTD_AI_447_WideCockpit_20260703_2b.mov,01:32:55:06,01:32:56:13,1.29,1:07,2026-07-03,Chat GPT; Krea,,
CTD_101_FC_20260713,101,CTD_AI_447_WideCockpit_20260703_1a.mov,01:32:56:13,01:32:59:19,3.25,3:06,2026-07-03,Chat GPT; Krea,,
CTD_101_FC_20260713,101,CTD_AI_447_CUPitotTube_20260706_1b.mov,01:33:05:21,01:33:09:21,4,4:00,2026-07-06,Chat GPT; Krea,,
CTD_101_FC_20260713,101,CTD_AI_447_HailCloud_20260703_1b.mov,01:33:11:00,01:33:12:12,1.5,1:12,2026-07-03,Chat GPT; Krea,,
CTD_101_FC_20260713,101,CTD_AI_447_HailCloud_20260703_1a.mov,01:33:12:12,01:33:14:00,1.5,1:12,2026-07-03,Chat GPT; Krea,,
CTD_101_FC_20260713,101,CTD_AI_447_CUAutoPilotOff_20260423_1b.mov,01:33:20:11,01:33:22:14,2.13,2:03,2026-04-23,Chat GPT; Krea,,
CTD_101_FC_20260713,101,CTD_AI_447_WideCockpit_20260423_2a.mov,01:33:22:14,01:33:25:10,2.83,2:20,2026-04-23,Chat GPT; Krea,,
CTD_101_FC_20260713,101,CTD_AI_447_Stage02_20260709_9a.mov,01:33:27:22,01:33:29:17,1.79,1:19,2026-07-06,Chat GPT; Krea,,
CTD_101_FC_20260713,101,CTD_AI_447_Stage03_20260709_3a.mov,01:33:29:17,01:33:32:06,2.54,2:13,2026-07-06,Chat GPT; Krea,,
CTD_101_FC_20260713,101,CTD_AI_447_Stage02_20260709_9b.mov,01:33:32:06,01:33:33:11,1.21,1:05,2026-07-06,Chat GPT; Krea,,
CTD_101_FC_20260713,101,CTD_AI_447_CUFlightControls_20260512_1b.mov,01:33:47:08,01:33:48:17,1.38,1:09,2026-05-12,Chat GPT; Krea,,
CTD_101_FC_20260713,101,CTD_AI_447_CloudPLANE_20260708_1c.mov,01:33:48:17,01:33:52:01,3.33,3:08,2026-07-08,Chat GPT; Krea,,
CTD_101_FC_20260713,101,CTD_AI_447_IsleWaterBottle_20260515_2a.mov,01:33:52:01,01:33:53:20,1.79,1:19,2026-05-15,Chat GPT; Krea,,
CTD_101_FC_20260713,101,CTD_AI_447_Stage04_20260709_1a.mov,01:34:03:05,01:34:05:03,1.92,1:22,2026-07-06,Chat GPT; Krea,,
CTD_101_FC_20260713,101,CTD_AI_447_Stage02_20260709_15a.mov,01:34:05:03,01:34:08:04,3.04,3:01,2026-07-06,Chat GPT; Krea,,
CTD_101_FC_20260713,101,CTD_AI_447_Bear_20260703_1a.mov,01:34:08:04,01:34:09:12,1.33,1:08,2026-07-03,Chat GPT; Krea,,
CTD_101_FC_20260713,101,CTD_AI_447_Warning_20260507_1a.mov,01:34:09:12,01:34:10:14,1.08,1:02,2026-05-07,Chat GPT; Krea,,
CTD_101_FC_20260713,101,CTD_AI_447_HailCloud_20260703_1f.mov,01:34:11:14,01:34:12:10,0.83,0:20,2026-07-03,Chat GPT; Krea,,
CTD_101_FC_20260713,101,CTD_AI_447_SweatWipe_20260514_1a.mov,01:34:12:10,01:34:13:18,1.33,1:08,2026-05-14,Chat GPT; Krea,,
CTD_101_FC_20260713,101,CTD_AI_447_SweatTie_20260619_1b.mov,01:34:13:18,01:34:15:18,2,2:00,2026-06-19,Chat GPT; Krea,,
CTD_101_FC_20260713,101,CTD_AI_447_Stage04_20260709_3a.mov,01:34:15:18,01:34:17:16,1.92,1:22,2026-07-06,Chat GPT; Krea,,
CTD_101_FC_20260713,101,CTD_AI_447_FlightControls_20260703_1d.mov,01:34:19:14,01:34:21:13,1.96,1:23,2026-07-03,Chat GPT; Krea,,
CTD_101_FC_20260713,101,CTD_AI_447_LeftStickClose_20260507_1a.mov,01:34:21:13,01:34:23:17,2.17,2:04,2026-05-07,Chat GPT; Krea,,
CTD_101_FC_20260713,101,CTD_AI_447_StormyWindow_20260703_1b.mov,01:34:23:17,01:34:25:05,1.5,1:12,2026-07-03,Chat GPT; Krea,,
CTD_101_FC_20260713,101,CTD_AI_447_CUCallButton_20260423_1c.mov,01:34:25:05,01:34:26:18,1.54,1:13,2026-04-23,Chat GPT; Krea,,
CTD_101_FC_20260713,101,CTD_AI_447_CUCallButton_20260423_1c.mov,01:34:26:18,01:34:28:00,1.25,1:06,2026-04-23,Chat GPT; Krea,,
CTD_101_FC_20260713,101,CTD_AI_447_NoseUpCloseUp_20260619_1a.mov,01:34:28:00,01:34:33:18,5.75,5:18,2026-06-19,Chat GPT; Krea,,
CTD_101_FC_20260713,101,CTD_AI_447_AircraftCrashes01_20260708_1i.mov,01:34:40:08,01:34:41:16,1.33,1:08,2026-07-08,Chat GPT; Krea,,
CTD_101_FC_20260713,101,CTD_AI_447_AircraftCrashes01_20260708_1k.mov,01:34:41:16,01:34:43:10,1.75,1:18,2026-07-08,,,
CTD_101_FC_20260713,101,CTD_AI_447_Stage02_20260709_11a.mov,01:34:57:12,01:35:02:01,4.54,4:13,2026-07-06,Chat GPT; Krea,,
CTD_101_FC_20260713,101,CTD_AI_447_HailCloud_20260703_1c.mov,01:35:06:02,01:35:06:23,0.88,0:21,2026-07-03,Chat GPT; Krea,,
CTD_101_FC_20260713,101,CTD_AI_447_HailCloud_20260703_1b.mov,01:35:06:23,01:35:07:14,0.63,0:15,2026-07-03,Chat GPT; Krea,,
CTD_101_FC_20260713,101,CTD_AI_447_HailCloud_20260703_1a.mov,01:35:07:14,01:35:09:01,1.46,1:11,2026-07-03,Chat GPT; Krea,,
CTD_101_FC_20260713,101,CTD_AI_447_Stage02_20260709_13a.mov,01:35:13:12,01:35:18:19,5.29,5:07,2026-07-06,Chat GPT; Krea,,
CTD_101_FC_20260713,101,CTD_AI_447_Stage05_20260709_1a.mov,01:35:18:19,01:35:20:00,1.21,1:05,2026-07-06,Chat GPT; Krea,,
CTD_101_FC_20260713,101,CTD_AI_447_Stage05_20260709_4a.mov,01:35:20:00,01:35:21:00,1,1:00,2026-07-06,Chat GPT; Krea,,
CTD_101_FC_20260713,101,CTD_AI_447_Stage05_20260709_2a.mov,01:35:21:00,01:35:22:07,1.29,1:07,2026-07-06,Chat GPT; Krea,,
CTD_101_FC_20260713,101,CTD_AI_447_PlaneCrashBrace_20260623_2a.mov,01:35:24:01,01:35:25:12,1.46,1:11,2026-06-23,Chat GPT; Krea,,
CTD_101_FC_20260713,101,CTD_AI_447_Galley_20260619_1b.mov,01:35:25:12,01:35:26:09,0.88,0:21,2026-06-19,Chat GPT; Krea,,
CTD_101_FC_20260713,101,CTD_AI_447_PlaneCrashLuggage_20260702_1a.mov,01:35:26:09,01:35:26:21,0.5,0:12,2026-07-02,Chat GPT; Krea,,
CTD_101_FC_20260713,101,CTD_AI_447_PlaneCrashBrace_20260623_1a.mov,01:35:26:21,01:35:27:18,0.88,0:21,2026-06-23,Chat GPT; Krea,,
CTD_101_FC_20260713,101,CTD_AI_447_HailCloud_20260623_1a.mov,01:35:29:17,01:35:32:05,2.5,2:12,2026-06-23,Chat GPT; Krea,,
CTD_101_FC_20260713,101,CTD_AI_447_HailCloud_20260703_1c.mov,01:35:32:05,01:35:34:02,1.88,1:21,2026-07-03,Chat GPT; Krea,,
CTD_101_FC_20260713,101,CTD_AI_447_FlightControls_20260703_1e.mov,01:35:38:09,01:35:42:18,4.38,4:09,2026-07-03,Chat GPT; Krea,,
CTD_101_FC_20260713,101,CTD_AI_447_AircraftCrashes01_20260708_1f.mov,01:35:53:04,01:35:54:15,1.46,1:11,2026-07-08,Chat GPT; Krea,,
CTD_101_FC_20260713,101,CTD_AI_447_AircraftCrashes01_20260708_1j.mov,01:35:54:15,01:35:55:22,1.29,1:07,2026-07-08,Chat GPT; Krea,,
CTD_101_FC_20260713,101,CTD_AI_447_PlaneCrashBrace_20260623_3a.mov,01:35:55:22,01:35:58:00,2.08,2:02,2026-06-23,Chat GPT; Krea,,
CTD_101_FC_20260713,101,CTD_AI_447_Stage05_20260709_4a.mov,01:36:02:19,01:36:03:17,0.92,0:22,2026-07-06,Chat GPT; Krea,,
CTD_101_FC_20260713,101,CTD_AI_447_Stage05_20260709_2a.mov,01:36:03:17,01:36:05:01,1.33,1:08,2026-07-06,Chat GPT; Krea,,
CTD_101_FC_20260713,101,CTD_AI_447_Stage05_20260709_1a.mov,01:36:05:01,01:36:06:18,1.71,1:17,2026-07-06,Chat GPT; Krea,,
CTD_101_FC_20260713,101,CTD_AI_447_Galley_20260619_1a.mov,01:36:06:18,01:36:08:00,1.25,1:06,2026-06-19,Chat GPT; Krea,,
CTD_101_FC_20260713,101,CTD_AI_447_AircraftCrashes01_20260708_1a.mov,01:36:08:00,01:36:09:14,1.58,1:14,2026-07-08,Chat GPT; Krea,,
CTD_101_FC_20260713,101,CTD_AI_447_Trolley_20260619_1c.mov,01:36:09:14,01:36:11:08,1.75,1:18,2026-06-19,Chat GPT; Krea,,
CTD_101_FC_20260713,101,CTD_AI_447_FeetApproach_20260624_1a.mov,01:36:11:08,01:36:12:14,1.25,1:06,2026-06-24,Chat GPT; Krea,,
CTD_101_FC_20260713,101,CTD_AI_447_FeetApproachHand_20260624_1b.mov,01:36:12:14,01:36:15:01,2.46,2:11,2026-06-24,Chat GPT; Krea,,
CTD_101_FC_20260713,101,CTD_AI_447_FlightControls_20260703_1e.mov,01:36:28:06,01:36:30:02,1.83,1:20,2026-07-03,Chat GPT; Krea,,
CTD_101_FC_20260713,101,CTD_AI_447_HailCloud_20260703_1h.mov,01:36:30:02,01:36:31:17,1.63,1:15,2026-07-03,Chat GPT; Krea,,
CTD_101_FC_20260713,101,CTD_AI_447_WindshieldCloud01_20260708_1c.mov,01:36:31:17,01:36:33:06,1.54,1:13,2026-07-08,Chat GPT; Krea,,
CTD_101_FC_20260713,101,CTD_AI_447_PlaneCrashHold_20260702_1a.mov,01:36:38:23,01:36:40:04,1.21,1:05,2026-07-02,Chat GPT; Krea,,
CTD_101_FC_20260713,101,CTD_AI_447_Stage05_20260709_3a.mov,01:36:40:04,01:36:42:08,2.17,2:04,2026-07-06,Chat GPT; Krea,,
CTD_101_FC_20260713,101,CTD_AI_447_WindshieldCloud01_20260708_1h.mov,01:36:42:08,01:36:43:15,1.29,1:07,2026-07-08,Chat GPT; Krea,,
CTD_101_FC_20260713,101,CTD_AI_447_HailCloud_20260623_1b.mov,01:36:43:15,01:36:45:17,2.08,2:02,2026-06-23,Chat GPT; Krea,,
CTD_101_FC_20260713,101,CTD_AI_447_Stage05_20260709_5b.mov,01:36:50:18,01:36:51:22,1.17,1:04,2026-07-06,Chat GPT; Krea,,
CTD_101_FC_20260713,101,CTD_AI_447_Planecrash_20260703_1e.mov,01:36:51:22,01:36:54:13,2.63,2:15,2026-07-03,Chat GPT; Krea,,
CTD_101_FC_20260713,101,CTD_AI_447_Stage06_20260708_1d.mov,01:36:54:13,01:36:56:10,1.88,1:21,2026-07-08,Chat GPT; Krea,,
CTD_101_FC_20260713,101,CTD_AI_447_Planecrash_20260703_1e.mov,01:36:56:10,01:36:58:19,2.38,2:09,2026-07-03,Chat GPT; Krea,,
CTD_101_FC_20260713,101,CTD_AI_447_Stage06_20260708_1b.mov,01:36:58:19,01:37:01:05,2.42,2:10,2026-07-08,Chat GPT; Krea,,
CTD_101_FC_20260713,101,CTD_AI_447_PlaneCrashTail_20260623_1b.mov,01:37:01:05,01:37:03:19,2.58,2:14,2026-06-23,Chat GPT; Krea,,
CTD_101_FC_20260713,101,CTD_AI_447_Debris_20260520_2a.mov,01:37:03:19,01:37:06:22,3.13,3:03,2026-05-20,Chat GPT; Krea,,
CTD_101_FC_20260713,101,CTD_AI_447_Debris_20260706_1a.mov,01:37:06:22,01:37:10:03,3.21,3:05,2026-07-06,Chat GPT; Krea,,
CTD_101_FC_20260713,101,CTD_AI_447_Debris_20260706_2a.mov,01:37:37:00,01:37:40:19,3.79,3:19,2026-07-06,Chat GPT; Krea,,
CTD_101_FC_20260713,101,CTD_AI_HIN_CaptainPOV_20260709_1n.mov,01:37:48:16,01:37:52:16,4,4:00,2026-07-09,,,
CTD_101_FC_20260713,101,CTD_AI_HIN_HinConstruction_20260512_2b.mov,01:38:13:00,01:38:14:21,1.88,1:21,2026-05-12,Chat GPT; Krea,,
CTD_101_FC_20260713,101,CTD_AI_HIN_HinConstruction_20260709_2a.mov,01:38:14:21,01:38:17:01,2.17,2:04,2026-07-09,,,
CTD_101_FC_20260713,101,CTD_AI_HIN_HinConstruction_20260709_1b.mov,01:38:20:14,01:38:24:15,4.04,4:01,2026-07-09,,,
CTD_101_FC_20260713,101,CTD_AI_HIN_CaptainPOV_20260709_2a.mov,01:39:06:14,01:39:08:09,1.79,1:19,2026-07-09,,,
CTD_101_FC_20260713,101,CTD_AI_HIN_GassingUp_20260709_2a.mov,01:39:08:09,01:39:11:11,3.08,3:02,2026-07-09,,,
CTD_101_FC_20260713,101,CTD_AI_HIN_GassingUp_20260709_1c.mov,01:39:11:11,01:39:13:23,2.5,2:12,2026-07-09,,,
CTD_101_FC_20260713,101,CTD_AI_HIN_ApproachingNYC_20260527_1b.mov,01:39:31:05,01:39:34:08,3.13,3:03,2026-05-27,Chat GPT; Krea,,
CTD_101_FC_20260713,101,CTD_AI_HIN_FlyingOcean_20260527_2a.mov,01:39:34:08,01:39:36:04,1.83,1:20,2026-05-27,Chat GPT; Krea,,
CTD_101_FC_20260713,101,CTD_AI_HIN_ApproachingNJ_20260527_1a.mov,01:39:36:04,01:39:38:05,2.04,2:01,2026-05-27,Chat GPT; Krea,,
CTD_101_FC_20260713,101,CTD_AI_HIN_StormClouds_20260709_3c.mov,01:40:35:14,01:40:40:21,5.29,5:07,2026-07-09,,,
CTD_101_FC_20260713,101,CTD_AI_HIN_StormClouds_20260709_1a.mov,01:40:49:05,01:40:54:18,5.54,5:13,2026-07-09,,,
CTD_101_FC_20260713,101,CTD_AI_HIN_MooringTower_20260709_1a.mov,01:41:08:17,01:41:11:22,3.21,3:05,2026-07-09,,,
CTD_101_FC_20260713,101,CTD_AI_HIN_MooringLines_20260710_1b.mov,01:41:41:04,01:41:47:05,6.04,6:01,2026-07-10,,,
CTD_101_FC_20260713,101,CTD_AI_HIN_CaptainPOV_20260710_1a.mov,01:41:47:05,01:41:53:22,6.71,6:17,2026-07-10,,,
CTD_101_FC_20260713,101,CTD_AI_HIN_CaptainPOV_20260709_1n.mov,01:41:53:22,01:41:56:18,2.83,2:20,2026-07-09,,,
CTD_101_FC_20260713,101,CTD_AI_HIN_CaptainPOV_20260709_1n.mov,01:41:56:18,01:41:59:06,2.5,2:12,2026-07-09,,,
CTD_101_FC_20260713,101,CTD_AI_MSH_PyroclasticFlow_20260408_1a.mov,01:43:20:11,01:43:22:01,1.58,1:14,2026-04-08,Chat GPT; Krea,,
CTD_101_FC_20260713,101,CTD_AI_MSH_PyroclasticFlow_20260408_2a.mov,01:43:22:01,01:43:22:23,0.92,0:22,2026-04-08,Chat GPT; Krea,,
CTD_101_FC_20260713,101,CTD_AI_FDN_LowAngleTsunami_20260501_1a.mov,01:43:22:23,01:43:24:01,1.08,1:02,2026-05-01,Chat GPT; Krea,,
CTD_101_FC_20260713,101,CTD_AI_FDN_GeneratorFlood_20260417_2a.mov,01:43:24:01,01:43:25:08,1.29,1:07,2026-04-17,Chat GPT; Krea,,
CTD_101_FC_20260713,101,CTD_AI_HIN_CaptainPOV_20260709_1n.mov,01:43:25:08,01:43:27:18,2.42,2:10,2026-07-09,,,
CTD_101_FC_20260713,101,CTD_AI_CHF_DikeBreaking_20260701_5a.mov,01:43:27:18,01:43:28:15,0.88,0:21,2026-07-02,Chat GPT; Krea,,
CTD_101_FC_20260713,101,CTD_AI_TXC_BagExplosion_20260625_1e.mov,01:43:28:15,01:43:29:13,0.92,0:22,2026-06-25,Chat GPT; Krea,,
CTD_101_FC_20260713,101,CTD_AI_CHF_DIKE_20260623_2e.mov,01:43:29:13,01:43:30:13,1,1:00,2026-06-23,Chat GPT; Krea,,
CTD_101_FC_20260713,101,CTD_AI_447_FlightControls_20260703_1e.mov,01:43:30:13,01:43:32:02,1.54,1:13,2026-07-03,Chat GPT; Krea,,
CTD_101_FC_20260713,101,CTD_AI_CHF_WuhanFlood_20260623_3.mov,01:43:32:02,01:43:32:13,0.46,0:11,2026-06-23,Chat GPT; Krea,,
CTD_101_FC_20260713,101,CTD_AI_FDN_Reactorexplosion_20260703_30e.mov,01:43:32:13,01:43:32:22,0.38,0:09,2026-07-03,Chat GPT; Krea,,
CTD_101_FC_20260713,101,CTD_AI_TXC_NEWBoatExplosion_20260625_1b.mov,01:43:32:22,01:43:33:08,0.42,0:10,2026-06-25,Chat GPT; Krea,,
CTD_101_FC_20260713,101,CTD_AI_447_Stage06_20260708_1d.mov,01:43:33:08,01:43:36:07,2.96,2:23,2026-07-08,Chat GPT; Krea,,
CTD_101_PL_20260724,101,CTD_AI_MSH_OrangeGlow_20260617_1a.mov,01:00:05:00,01:00:06:05,1.21,1:05,2026-06-17,Chat GPT; Krea,,
CTD_101_PL_20260724,101,CTD_AI_MSH_UndergroundLava_20260617_1e.mov,01:00:06:05,01:00:07:17,1.5,1:12,2026-06-17,Chat GPT; Krea,,
CTD_101_PL_20260724,101,CTD_AI_MSH_SurfaceCracking_20260617_1a.mov,01:00:07:17,01:00:09:19,2.08,2:02,2026-06-17,Chat GPT; Krea,,
CTD_101_PL_20260724,101,CTD_AI_HIN_HinConstruction_20260512_2b.mov,01:00:09:19,01:00:11:02,1.29,1:07,2026-05-12,Chat GPT; Krea,,
CTD_101_PL_20260724,101,CTD_AI_HIN_FlyingOcean_20260527_2b.mov,01:00:11:02,01:00:13:07,2.21,2:05,2026-05-27,Chat GPT; Krea,,
CTD_101_PL_20260724,101,CTD_AI_HIN_CaptainPOV_20260709_1n.mov,01:00:13:07,01:00:14:09,1.08,1:02,2026-07-09,,,
CTD_101_PL_20260724,101,CTD_AI_MSH_PyroclasticFlow_20260501_3e.mov,01:00:16:15,01:00:16:16,0.04,0:00,2026-05-01,Chat GPT; Krea,,
CTD_101_PL_20260724,101,CTD_AI_MSH_PyroclasticFlow_20260501_3e.mov,01:00:16:16,01:00:18:07,1.63,1:15,2026-05-01,Chat GPT; Krea,,
CTD_101_PL_20260724,101,CTD_AI_MSH_DJwipeout_20260505_1h.mov,01:00:18:07,01:00:20:01,1.75,1:18,2026-05-05,Chat GPT; Krea,,
CTD_101_PL_20260724,101,CTD_AI_MSH_DJovertheshoulder_20260501_2c.mov,01:00:20:01,01:00:22:04,2.13,2:03,2026-05-01,Chat GPT; Krea,,
CTD_101_PL_20260724,101,CTD_AI_MSH_LodgeCorner_20260626_1a.mov,01:00:22:04,01:00:23:17,1.54,1:13,2026-06-26,Chat GPT; Krea,,
CTD_101_PL_20260724,101,CTD_AI_MSH_LodgeRoof_20260626_1c.mov,01:00:23:17,01:00:25:03,1.42,1:10,2026-06-26,Chat GPT; Krea,,
CTD_101_PL_20260724,101,CTD_AI_TXC_NEWBagExplosion_20260522_3b.mov,01:00:36:23,01:00:39:05,2.25,2:06,2026-05-22,Chat GPT; Krea,,
CTD_101_PL_20260724,101,CTD_AI_TXC_HatchExplode_20260522_1a.mov,01:00:39:05,01:00:41:02,1.88,1:21,2026-05-22,Chat GPT; Krea,,
CTD_101_PL_20260724,101,CTD_AI_TXC_BlowPortWindows_20260522_1a.mov,01:00:41:02,01:00:42:02,1,1:00,2026-05-22,Chat GPT; Krea,,
CTD_101_PL_20260724,101,CTD_AI_TXC_NEWBoatExplosion_20260522_1a.mov,01:00:42:02,01:00:43:01,0.96,0:23,2026-05-22,Chat GPT; Krea,,
CTD_101_PL_20260724,101,CTD_AI_FDN_GeneratorFlood_20260417_2a.mov,01:00:49:00,01:00:50:11,1.46,1:11,2026-04-17,Chat GPT; Krea,,
CTD_101_PL_20260724,101,CTD_AI_FDN_FireTrucks_20260505_5b.mov,01:00:50:11,01:00:51:20,1.38,1:09,2026-05-05,Chat GPT; Krea,,
CTD_101_PL_20260724,101,CTD_AI_FDN_WideSuitUpZipUp_20260617_1a.mov,01:00:51:20,01:00:52:14,0.75,0:18,2026-06-17,Chat GPT; Krea,,
CTD_101_PL_20260724,101,CTD_AI_FDN_WideSuitUp_20260615_3b.mov,01:00:52:14,01:00:53:10,0.83,0:20,2026-06-16,Chat GPT; Krea,,
CTD_101_PL_20260724,101,CTD_AI_FDN_MaskUp_20260615_1b.mov,01:00:53:10,01:00:54:11,1.04,1:01,2026-06-16,Chat GPT; Krea,,
CTD_101_PL_20260724,101,CTD_AI_FDN_Reactor_20260625_1e.mov,01:00:55:13,01:00:56:19,1.25,1:06,2026-06-25,Chat GPT; Krea,,
CTD_101_PL_20260724,101,CTD_AI_FDN_Reactorexplosion_20260521_30a.mov,01:00:57:11,01:00:58:02,0.63,0:15,2026-05-21,Chat GPT; Krea,,
CTD_101_PL_20260724,101,CTD_AI_FDN_Reactorexplosion_20260521_31a.mov,01:00:58:02,01:01:00:13,2.46,2:11,2026-05-21,Chat GPT; Krea,,
CTD_101_PL_20260724,101,CTD_AI_FDN_SparksWire_20260522_1b.mov,01:01:00:13,01:01:01:11,0.92,0:22,2026-05-22,Chat GPT; Krea,,
CTD_101_PL_20260724,101,CTD_AI_CHF_Dike_20260526_2e.mov,01:01:01:11,01:01:02:07,0.83,0:20,2026-05-26,Chat GPT; Krea,,
CTD_101_PL_20260724,101,CTD_AI_447_HailCloud_20260623_1a.mov,01:01:02:07,01:01:03:06,0.96,0:23,2026-06-23,Chat GPT; Krea,,
CTD_101_PL_20260724,101,CTD_AI_FDN_BigPipe_20260522_1b.mov,01:01:03:06,01:01:04:03,0.88,0:21,2026-05-22,Chat GPT; Krea,,
CTD_101_PL_20260724,101,CTD_AI_FDN_TsunamiMisc_20260416_1a.mov,01:01:04:03,01:01:05:01,0.92,0:22,2026-04-16,Chat GPT; Krea,,
CTD_101_PL_20260724,101,CTD_AI_CHF_CycloneVillage_20260701_2a.mov,01:01:05:01,01:01:06:05,1.17,1:04,2026-07-02,Chat GPT; Krea,,
CTD_101_PL_20260724,101,CTD_AI_CHF_FloodedWuhan_20260526_10e.mov,01:01:06:05,01:01:07:22,1.71,1:17,2026-05-26,Chat GPT; Krea,,
CTD_101_PL_20260724,101,CTD_AI_447_Planecrash_20260703_1e.mov,01:01:07:22,01:01:09:15,1.71,1:17,2026-07-03,Chat GPT; Krea,,
CTD_101_PL_20260724,101,CTD_AI_447_PlaneCrashWing_20260623_1c.mov,01:01:09:15,01:01:10:22,1.29,1:07,2026-06-23,Chat GPT; Krea,,
CTD_101_PL_20260724,101,CTD_AI_MSH_LowCracks_20260413_1b.mov,01:02:29:07,01:02:30:20,1.54,1:13,2026-04-13,Chat GPT; Krea,,
CTD_101_PL_20260724,101,CTD_AI_MSH_LowCracks_20260413_1a.mov,01:02:30:20,01:02:32:06,1.42,1:10,2026-04-13,Chat GPT; Krea,,
CTD_101_PL_20260724,101,CTD_AI_MSH_LargeCracks_20260413_1a.mov,01:02:32:06,01:02:34:05,1.96,1:23,2026-04-13,Chat GPT; Krea,,
CTD_101_PL_20260724,101,CTD_AI_MSH_InitialSmoke_20260624_4c.mov,01:02:38:04,01:02:48:14,10.42,10:10,2026-06-24,Chat GPT; Krea,,
CTD_101_PL_20260724,101,CTD_AI_MSH_OrangeGlow_20260617_1a.mov,01:08:02:04,01:08:06:11,4.29,4:07,2026-06-17,Chat GPT; Krea,,
CTD_101_PL_20260724,101,CTD_AI_MSH_SurfaceCracking_20260617_1a.mov,01:08:06:11,01:08:13:17,7.25,7:06,2026-06-17,Chat GPT; Krea,,
CTD_101_PL_20260724,101,CTD_AI_MSH_CloseLandslide_20260624_1e.mov,01:08:13:17,01:08:18:02,4.38,4:09,2026-06-24,Chat GPT; Krea,,
CTD_101_PL_20260724,101,CTD_AI_MSH_UndergroundLava_20260617_1e.mov,01:08:25:14,01:08:28:02,2.5,2:12,2026-06-17,Chat GPT; Krea,,
CTD_101_PL_20260724,101,CTD_AI_MSH_CrackForming_20260427_1a.mov,01:08:28:02,01:08:31:16,3.58,3:14,2026-04-27,Chat GPT; Krea,,
CTD_101_PL_20260724,101,CTD_AI_MSH_CrackForming_20260427_3a.mov,01:08:35:05,01:08:40:21,5.67,5:16,2026-04-27,Chat GPT; Krea,,
CTD_101_PL_20260724,101,CTD_AI_MSH_BulgeCrack_20260617_1a.mov,01:08:40:21,01:08:45:09,4.5,4:12,2026-06-17,Chat GPT; Krea,,
CTD_101_PL_20260724,101,CTD_AI_MSH_PyroclasticFlow_20260501_1a.mov,01:09:18:07,01:09:24:08,6.04,6:01,2026-05-01,Chat GPT; Krea,,
CTD_101_PL_20260724,101,CTD_AI_MSH_Pyroclasticflowwide_20260427_1b.mov,01:09:31:00,01:09:35:05,4.21,4:05,2026-04-27,Chat GPT; Krea,,
CTD_101_PL_20260724,101,CTD_AI_MSH_DJovertheshoulder_20260501_2c.mov,01:09:43:09,01:09:45:22,2.54,2:13,2026-05-01,Chat GPT; Krea,,
CTD_101_PL_20260724,101,CTD_AI_MSH_PickingUpRadio_20260408_1c.mov,01:09:50:17,01:09:51:10,0.71,0:17,2026-04-08,Chat GPT; Krea,,
CTD_101_PL_20260724,101,CTD_AI_MSH_DJovertheshoulder_20260617_2c.mov,01:09:51:10,01:09:54:00,2.58,2:14,2026-06-17,Chat GPT; Krea,,
CTD_101_PL_20260724,101,CTD_AI_MSH_DJovertheshoulder_20260617_2e.mov,01:09:54:00,01:09:56:23,2.96,2:23,2026-06-17,Chat GPT; Krea,,
CTD_101_PL_20260724,101,CTD_AI_MSH_PyroclasticFlow_20260408_9a.mov,01:10:04:09,01:10:09:13,5.17,5:04,2026-04-08,Chat GPT; Krea,,
CTD_101_PL_20260724,101,CTD_AI_MSH_MonitoringDevice_20260505_1a.mov,01:10:09:13,01:10:12:11,2.92,2:22,2026-05-05,Chat GPT; Krea,,
CTD_101_PL_20260724,101,CTD_AI_MSH_PyroclasticFlow_20260501_3e.mov,01:10:12:11,01:10:16:13,4.08,4:02,2026-05-01,Chat GPT; Krea,,
CTD_101_PL_20260724,101,CTD_AI_MSH_PyroclasticFlow_20260408_2a.mov,01:10:16:13,01:10:25:11,8.92,8:22,2026-04-08,Chat GPT; Krea,,
CTD_101_PL_20260724,101,CTD_AI_MSH_PyroclasticFlow_20260501_3d.mov,01:10:29:14,01:10:31:12,1.92,1:22,2026-05-01,Chat GPT; Krea,,
CTD_101_PL_20260724,101,CTD_AI_MSH_LodgeCorner_20260626_1a.mov,01:10:31:12,01:10:34:20,3.33,3:08,2026-06-26,Chat GPT; Krea,,
CTD_101_PL_20260724,101,CTD_AI_MSH_LodgeRoof_20260626_1c.mov,01:10:34:20,01:10:37:22,3.08,3:02,2026-06-26,Chat GPT; Krea,,
CTD_101_PL_20260724,101,CTD_AI_MSH_LodgeRoof_20260626_1a.mov,01:10:37:22,01:10:40:00,2.08,2:02,2026-06-26,Chat GPT; Krea,,
CTD_101_PL_20260724,101,CTD_AI_FDN_EarthquakeControlRoomDesk_20260617_4a.mov,01:14:42:15,01:14:43:05,0.58,0:24,2026-06-17,Chat GPT; Krea,,
CTD_101_PL_20260724,101,CTD_AI_FDN_EarthquakeControlRoomGrip_20260617_1a.mov,01:14:43:05,01:14:44:00,0.79,0:19,2026-06-17,Chat GPT; Krea,,
CTD_101_PL_20260724,101,CTD_AI_FDN_EarthquakeControlRoomDesk_20260617_1a.mov,01:14:44:00,01:14:44:14,0.58,0:24,2026-06-17,Chat GPT; Krea,,
CTD_101_PL_20260724,101,CTD_AI_FDN_EarthquakeControlRoom_20260617_2a.mov,01:14:44:14,01:14:45:08,0.75,0:18,2026-06-17,Chat GPT; Krea,,
CTD_101_PL_20260724,101,CTD_AI_FDN_EarthquakeControlRoomConsole_20260617_1b.mov,01:14:45:08,01:14:46:17,1.38,1:09,2026-06-17,Chat GPT; Krea,,
CTD_101_PL_20260724,101,CTD_AI_FDN_EarthquakeControlRoomBlinking_20260617_2a.mov,01:14:46:17,01:14:48:07,1.58,1:14,2026-06-17,Chat GPT; Krea,,
CTD_101_PL_20260724,101,CTD_AI_FDN_Coffee&Alarm_20260416_1b.mov,01:14:48:07,01:14:49:05,0.92,0:22,2026-04-16,Chat GPT; Krea,,
CTD_101_PL_20260724,101,CTD_AI_FDN_EarthquakeControlRoom_20260615_6b.mov,01:14:49:05,01:14:50:06,1.04,1:01,2026-06-16,Chat GPT; Krea,,
CTD_101_PL_20260724,101,CTD_AI_FDN_EarthquakeControlRoomLights_20260617_1b.mov,01:14:50:06,01:14:50:18,0.5,0:12,2026-06-17,Chat GPT; Krea,,
CTD_101_PL_20260724,101,CTD_AI_FDN_EarthquakeControlRoomBlinking_20260617_1b.mov,01:14:50:18,01:14:52:07,1.54,1:13,2026-06-17,Chat GPT; Krea,,
CTD_101_PL_20260724,101,CTD_AI_FDN_EarthquakeControlRoom_20260617_3a.mov,01:14:52:07,01:14:52:18,0.46,0:11,2026-06-17,Chat GPT; Krea,,
CTD_101_PL_20260724,101,CTD_AI_FDN_EarthquakeControlRoom_20260615_8a.mov,01:14:52:18,01:14:53:20,1.08,1:02,2026-06-16,Chat GPT; Krea,,
CTD_101_PL_20260724,101,CTD_AI_FDN_EarthquakeControlRoom_20260416_3a.mov,01:14:53:20,01:14:54:22,1.08,1:02,2026-04-16,Chat GPT; Krea,,
CTD_101_PL_20260724,101,CTD_AI_FDN_ControlRoomPower_20260505_1a.mov,01:14:54:22,01:14:57:08,2.42,2:10,2026-05-05,Chat GPT; Krea,,
CTD_101_PL_20260724,101,CTD_AI_FDN_Reactor_20260625_1b.mov,01:15:03:13,01:15:05:16,2.13,2:03,2026-06-25,Chat GPT; Krea,,
CTD_101_PL_20260724,101,CTD_AI_FDN_Reactor_20260703_2e.mov,01:15:05:16,01:15:08:14,2.92,2:22,2026-07-03,Chat GPT; Krea,,
CTD_101_PL_20260724,101,CTD_AI_FDN_GeneratorFlood_20260703_1a.mov,01:15:11:14,01:15:15:06,3.67,3:16,2026-07-03,Chat GPT; Krea,,
CTD_101_PL_20260724,101,CTD_AI_FDN_Radiator_20260429_1c.mov,01:15:15:06,01:15:17:21,2.63,2:15,2026-04-29,Chat GPT; Krea,,
CTD_101_PL_20260724,101,CTD_AI_FDN_PowerOn_20260506_1c.mov,01:15:17:21,01:15:19:10,1.54,1:13,2026-05-06,Chat GPT; Krea,,
CTD_101_PL_20260724,101,CTD_AI_FDN_VoltageLevel_20260506_1b.mov,01:15:19:10,01:15:20:04,0.75,0:18,2026-05-06,Chat GPT; Krea,,
CTD_101_PL_20260724,101,CTD_AI_FDN_VoltageLevel_20260506_1b.mov,01:15:20:04,01:15:21:09,1.21,1:05,2026-05-06,Chat GPT; Krea,,
CTD_101_PL_20260724,101,CTD_AI_FDN_ControlRoomPower_20260505_1a.mov,01:15:21:09,01:15:25:03,3.75,3:18,2026-05-05,Chat GPT; Krea,,
CTD_101_PL_20260724,101,CTD_AI_FDN_LowAngleTsunami_20260501_1a.mov,01:15:40:07,01:15:42:03,1.83,1:20,2026-05-01,Chat GPT; Krea,,
CTD_101_PL_20260724,101,CTD_AI_FDN_TsunamiMisc_20260416_1a.mov,01:15:42:03,01:15:43:02,0.96,0:23,2026-04-16,Chat GPT; Krea,,
CTD_101_PL_20260724,101,CTD_AI_FDN_TsunamiMisc_20260421_12a.mov,01:15:43:02,01:15:45:05,2.13,2:03,2026-04-21,Chat GPT; Krea,,
CTD_101_PL_20260724,101,CTD_AI_FDN_TsunamiMisc_20260421_11c.mov,01:15:45:05,01:15:45:21,0.67,0:16,2026-04-21,Chat GPT; Krea,,
CTD_101_PL_20260724,101,CTD_AI_FDN_Tsunami_20260416_1b.mov,01:15:45:21,01:15:46:16,0.79,0:19,2026-04-16,Chat GPT; Krea,,
CTD_101_PL_20260724,101,CTD_AI_FDN_TsunamiMisc_20260421_14a.mov,01:15:46:16,01:15:47:15,0.96,0:23,2026-04-21,Chat GPT; Krea,,
CTD_101_PL_20260724,101,CTD_AI_FDN_TsunamiMisc_20260421_7a.mov,01:15:47:15,01:15:49:02,1.46,1:11,2026-04-21,Chat GPT; Krea,,
CTD_101_PL_20260724,101,CTD_AI_FDN_GeneratorFlood_20260417_2a.mov,01:15:49:02,01:15:50:21,1.79,1:19,2026-04-17,Chat GPT; Krea,,
CTD_101_PL_20260724,101,CTD_AI_FDN_GeneratorFlood_20260417_3b.mov,01:15:50:21,01:15:52:23,2.08,2:02,2026-04-17,Chat GPT; Krea,,
CTD_101_PL_20260724,101,CTD_AI_FDN_GeneratorPanel_20260501_1a.mov,01:15:55:16,01:15:57:17,2.04,2:01,2026-05-01,Chat GPT; Krea,,
CTD_101_PL_20260724,101,CTD_AI_FDN_EarthQuakeControlRoomLightsOut_20260702_1b.mov,01:15:57:17,01:15:58:18,1.04,1:01,2026-07-02,Chat GPT; Krea,,
CTD_101_PL_20260724,101,CTD_AI_FDN_EarthQuakeControlRoomMonitors_20260702_1a.mov,01:15:58:18,01:16:00:09,1.63,1:15,2026-07-02,Chat GPT; Krea,,
CTD_101_PL_20260724,101,CTD_AI_FDN_ControlRoomFlash_20260505_1a.mov,01:16:04:15,01:16:06:19,2.17,2:04,2026-05-05,Chat GPT; Krea,,
CTD_101_PL_20260724,101,CTD_AI_FDN_ControlRoomButton_20260505_2a.mov,01:16:06:19,01:16:09:08,2.54,2:13,2026-05-05,Chat GPT; Krea,,
CTD_101_PL_20260724,101,CTD_AI_FDN_FireTrucks_20260505_5b.mov,01:16:56:17,01:16:58:04,1.46,1:11,2026-05-05,Chat GPT; Krea,,
CTD_101_PL_20260724,101,CTD_AI_FDN_FiremanHose_20260702_3c.mov,01:16:58:04,01:16:59:03,0.96,0:23,2026-07-02,Chat GPT; Krea,,
CTD_101_PL_20260724,101,CTD_AI_FDN_FiremanHose_20260702_2b.mov,01:16:59:03,01:17:00:17,1.58,1:14,2026-07-02,Chat GPT; Krea,,
CTD_101_PL_20260724,101,CTD_AI_FDN_Temperature5000_20260505_1a.mov,01:17:04:11,01:17:07:09,2.92,2:22,2026-05-05,Chat GPT; Krea,,
CTD_101_PL_20260724,101,CTD_AI_FDN_BigPipe_20260602_2a.mov,01:17:11:03,01:17:13:11,2.33,2:08,2026-06-02,Chat GPT; Krea,,
CTD_101_PL_20260724,101,CTD_AI_FDN_BigPipe_20260522_1d.mov,01:17:13:11,01:17:15:05,1.75,1:18,2026-05-22,Chat GPT; Krea,,
CTD_101_PL_20260724,101,CTD_AI_FDN_BigPipe_20260602_1a.mov,01:17:15:05,01:17:19:07,4.08,4:02,2026-06-02,Chat GPT; Krea,,
CTD_101_PL_20260724,101,CTD_AI_FDN_BigPipe_20260522_2a.mov,01:17:20:21,01:17:24:08,3.46,3:11,2026-05-22,Chat GPT; Krea,,
CTD_101_PL_20260724,101,CTD_AI_FDN_WideSuitUpZipUp_20260617_1a.mov,01:17:26:09,01:17:27:11,1.08,1:02,2026-06-17,Chat GPT; Krea,,
CTD_101_PL_20260724,101,CTD_AI_FDN_WideSuitUp_20260615_4a.mov,01:17:27:11,01:17:28:02,0.63,0:15,2026-06-16,Chat GPT; Krea,,
CTD_101_PL_20260724,101,CTD_AI_FDN_WideSuitUp_20260615_5a.mov,01:17:28:02,01:17:28:20,0.75,0:18,2026-06-16,Chat GPT; Krea,,
CTD_101_PL_20260724,101,CTD_AI_FDN_WideSuitUpGloves_20260617_1a.mov,01:17:28:20,01:17:29:17,0.88,0:21,2026-06-17,Chat GPT; Krea,,
CTD_101_PL_20260724,101,CTD_AI_FDN_WideSuitUp_20260615_3b.mov,01:17:29:17,01:17:30:21,1.17,1:04,2026-06-16,Chat GPT; Krea,,
CTD_101_PL_20260724,101,CTD_AI_FDN_CloseSuitUpZipUp_20260618_1a.mov,01:17:32:00,01:17:32:14,0.58,0:24,2026-06-18,Chat GPT; Krea,,
CTD_101_PL_20260724,101,CTD_AI_FDN_CloseSuitUpHelmet_20260618_2a.mov,01:17:32:14,01:17:33:09,0.79,0:19,2026-06-18,Chat GPT; Krea,,
CTD_101_PL_20260724,101,CTD_AI_FDN_WideSuitUpFaceInHands_20260617_1b.mov,01:17:33:09,01:17:34:14,1.21,1:05,2026-06-17,Chat GPT; Krea,,
CTD_101_PL_20260724,101,CTD_AI_FDN_MaskUp_20260615_1b.mov,01:17:34:14,01:17:36:06,1.67,1:16,2026-06-16,Chat GPT; Krea,,
CTD_101_PL_20260724,101,CTD_AI_FDN_WideSuitUpPhoto_20260617_1b.mov,01:17:36:06,01:17:37:07,1.04,1:01,2026-06-17,Chat GPT; Krea,,
CTD_101_PL_20260724,101,CTD_AI_FDN_TurningBigWheelWater_20260618_1a.mov,01:17:40:10,01:17:41:16,1.25,1:06,2026-06-18,Chat GPT; Krea,,
CTD_101_PL_20260724,101,CTD_AI_FDN_BootsWadingSearching_20260617_3a.mov,01:17:41:16,01:17:42:15,0.96,0:23,2026-06-17,Chat GPT; Krea,,
CTD_101_PL_20260724,101,CTD_AI_FDN_TurningBigWheelLooking_20260618_3a.mov,01:17:42:15,01:17:43:06,0.63,0:15,2026-06-18,Chat GPT; Krea,,
CTD_101_PL_20260724,101,CTD_AI_FDN_BootsWadingSearching_20260617_2a.mov,01:17:43:06,01:17:44:11,1.21,1:05,2026-06-17,Chat GPT; Krea,,
CTD_101_PL_20260724,101,CTD_AI_FDN_TurningBigWheelWalking_20260618_1a.mov,01:17:44:11,01:17:45:07,0.83,0:20,2026-06-18,Chat GPT; Krea,,
CTD_101_PL_20260724,101,CTD_AI_FDN_BootsWading_20260615_1c.mov,01:17:45:07,01:17:46:12,1.21,1:05,2026-06-16,Chat GPT; Krea,,
CTD_101_PL_20260724,101,CTD_AI_FDN_TurningBigWheel_20260522_5a.mov,01:17:46:12,01:17:47:17,1.21,1:05,2026-05-22,Chat GPT; Krea,,
CTD_101_PL_20260724,101,CTD_AI_FDN_TurningBigWheel_20260522_3a.mov,01:17:47:17,01:17:49:05,1.5,1:12,2026-05-22,Chat GPT; Krea,,
CTD_101_PL_20260724,101,CTD_AI_FDN_TurningBigWheel_20260522_1a.mov,01:17:51:19,01:17:55:19,4,4:00,2026-05-22,Chat GPT; Krea,,
CTD_101_PL_20260724,101,CTD_AI_FDN_TurningBigWheel_20260601_2a.mov,01:18:00:10,01:18:03:21,3.46,3:11,2026-06-01,Chat GPT; Krea,,
CTD_101_PL_20260724,101,CTD_AI_FDN_TurningBigWheel_20260601_3b.mov,01:18:03:21,01:18:06:22,3.04,3:01,2026-06-01,Chat GPT; Krea,,
CTD_101_PL_20260724,101,CTD_AI_FDN_TurningBigWheel_20260522_2c.mov,01:18:06:22,01:18:10:03,3.21,3:05,2026-05-22,Chat GPT; Krea,,
CTD_101_PL_20260724,101,CTD_AI_FDN_Reactor_20260625_1e.mov,01:18:19:17,01:18:24:07,4.58,4:14,2026-06-25,Chat GPT; Krea,,
CTD_101_PL_20260724,101,CTD_AI_FDN_Reactor_20260703_2a.mov,01:18:27:13,01:18:31:03,3.58,3:14,2026-07-03,Chat GPT; Krea,,
CTD_101_PL_20260724,101,CTD_AI_FDN_SparksWire_20260522_1b.mov,01:18:32:17,01:18:37:11,4.75,4:18,2026-05-22,Chat GPT; Krea,,
CTD_101_PL_20260724,101,CTD_AI_FDN_Reatorexplosion_20260707_1a.mov,01:18:37:11,01:18:39:19,2.33,2:08,2026-07-07,Chat GPT; Krea,,
CTD_101_PL_20260724,101,CTD_AI_FDN_Reactorexplosion_20260521_24a.mov,01:18:39:19,01:18:41:10,1.63,1:15,2026-05-21,Chat GPT; Krea,,
CTD_101_PL_20260724,101,CTD_AI_FDN_Reactorexplosion_20260521_28a.mov,01:18:41:10,01:18:43:04,1.75,1:18,2026-05-21,Chat GPT; Krea,,
CTD_101_PL_20260724,101,CTD_AI_FDN_ReactorExplodes_20260520_1b.MOV,01:18:43:04,01:18:47:08,4.17,4:04,2026-05-20,Chat GPT; Krea,,
CTD_101_PL_20260724,101,CTD_AI_FDN_Reactorexplosion_20260703_7a.mov,01:18:47:08,01:18:48:13,1.21,1:05,2026-07-03,Chat GPT; Krea,,
CTD_101_PL_20260724,101,CTD_AI_FDN_Reactorexplosion_20260703_30c.mov,01:18:48:13,01:18:49:11,0.92,0:22,2026-07-03,Chat GPT; Krea,,
CTD_101_PL_20260724,101,CTD_AI_FDN_Reactorexplosion_20260521_18a.mov,01:18:49:11,01:18:51:12,2.04,2:01,2026-05-21,Chat GPT; Krea,,
CTD_101_PL_20260724,101,CTD_AI_FDN_Reatorexplosion_20260707_1p.mov,01:18:51:12,01:18:53:17,2.21,2:05,2026-07-07,Chat GPT; Krea,,
CTD_101_PL_20260724,101,CTD_AI_FDN_Reatorexplosion_20260707_1r.mov,01:18:53:17,01:18:55:10,1.71,1:17,2026-07-07,Chat GPT; Krea,,
CTD_101_PL_20260724,101,CTD_AI_FDN_Reatorexplosion_20260707_1l.mov,01:18:55:10,01:18:57:05,1.79,1:19,2026-07-07,Chat GPT; Krea,,
CTD_101_PL_20260724,101,CTD_AI_FDN_Reactorexplosion_20260521_34a.mov,01:19:16:19,01:19:18:15,1.83,1:20,2026-05-21,Chat GPT; Krea,,
CTD_101_PL_20260724,101,CTD_AI_FDN_GroupMeeting_20260505_1a.mov,01:19:18:15,01:19:22:13,3.92,3:22,2026-05-05,Chat GPT; Krea,,
CTD_101_PL_20260724,101,CTD_AI_FDN_Reactorexplosion_20260521_19a.mov,01:19:27:19,01:19:32:22,5.13,5:03,2026-05-21,Chat GPT; Krea,,
CTD_101_PL_20260724,101,CTD_AI_FDN_Reactorexplosion_20260703_6a.mov,01:19:32:22,01:19:37:17,4.79,4:19,2026-07-03,Chat GPT; Krea,,
CTD_101_PL_20260724,101,CTD_AI_FDN_ReactorExplodes_20260520_2a.MOV,01:19:37:17,01:19:39:04,1.46,1:11,2026-05-20,Chat GPT; Krea,,
CTD_101_PL_20260724,101,CTD_AI_FDN_Reactorexplosion_20260521_24a.mov,01:19:39:04,01:19:40:16,1.5,1:12,2026-05-21,Chat GPT; Krea,,
CTD_101_PL_20260724,101,CTD_AI_FDN_Reactorexplosion_20260521_34a.mov,01:19:40:16,01:19:42:15,1.96,1:23,2026-05-21,Chat GPT; Krea,,
CTD_101_PL_20260724,101,CTD_AI_FDN_ReactorExplosion_20260511_5e.mov,01:19:48:23,01:19:51:18,2.79,2:19,2026-05-11,Chat GPT; Krea,,
CTD_101_PL_20260724,101,CTD_AI_FDN_Reactorexplosion_20260521_21a.mov,01:19:51:18,01:19:53:03,1.38,1:09,2026-05-21,Chat GPT; Krea,,
CTD_101_PL_20260724,101,CTD_AI_FDN_Reactorexplosion_20260703_30d.mov,01:19:53:03,01:19:55:16,2.54,2:13,2026-07-03,Chat GPT; Krea,,
CTD_101_PL_20260724,101,CTD_AI_FDN_Reactorexplosion_20260703_30e.mov,01:19:55:16,01:19:58:16,3,3:00,2026-07-03,Chat GPT; Krea,,
CTD_101_PL_20260724,101,CTD_AI_FDN_Reactorexplosion_20260521_32a.mov,01:19:58:16,01:20:02:07,3.63,3:15,2026-05-21,Chat GPT; Krea,,
CTD_101_PL_20260724,101,CTD_AI_FDN_Reactorexplosion_20260702_7g.mov,01:20:02:07,01:20:06:07,4,4:00,2026-07-02,Chat GPT; Krea,,
CTD_101_PL_20260724,101,CTD_AI_FDN_GroupMeeting_20260505_1a.mov,01:20:23:08,01:20:29:15,6.29,6:07,2026-05-05,Chat GPT; Krea,,
CTD_101_PL_20260724,101,CTD_AI_TXC_WorkerBags_20260625_1b.mov,01:22:39:00,01:22:40:12,1.5,1:12,2026-06-25,Chat GPT; Krea,,
CTD_101_PL_20260724,101,CTD_AI_TXC_WorkerBags_20260625_1d.mov,01:22:40:12,01:22:41:17,1.21,1:05,2026-06-25,Chat GPT; Krea,,
CTD_101_PL_20260724,101,CTD_AI_TXC_POVFindingBurningBag_20260625_1a.mov,01:22:41:17,01:22:42:15,0.92,0:22,2026-06-25,Chat GPT; Krea,,
CTD_101_PL_20260724,101,CTD_AI_TXC_BagExplosion_20260625_1d.mov,01:22:46:22,01:22:50:23,4.04,4:01,2026-06-25,Chat GPT; Krea,,
CTD_101_PL_20260724,101,CTD_AI_TXC_MovingBags_20260626_1b.mov,01:22:52:07,01:22:54:23,2.67,2:16,2026-06-26,Chat GPT; Krea,,
CTD_101_PL_20260724,101,CTD_AI_TXC_MovingBags_20260626_2a.mov,01:22:54:23,01:22:56:07,1.33,1:08,2026-06-26,Chat GPT; Krea,,
CTD_101_PL_20260724,101,CTD_AI_TXC_BagExplosion_20260625_1e.mov,01:23:03:03,01:23:06:05,3.08,3:02,2026-06-25,Chat GPT; Krea,,
CTD_101_PL_20260724,101,CTD_AI_TXC_WaterBucket_20260525_1b.mov,01:23:08:11,01:23:10:15,2.17,2:04,2026-05-26,Chat GPT; Krea,,
CTD_101_PL_20260724,101,CTD_AI_TXC_HatchFireHose_20260706_2a.mov,01:23:11:16,01:23:12:21,1.21,1:05,2026-07-06,Chat GPT; Krea,,
CTD_101_PL_20260724,101,CTD_AI_TXC_HatchFireHose_20260706_3a.mov,01:23:12:21,01:23:15:21,3,3:00,2026-07-06,Chat GPT; Krea,,
CTD_101_PL_20260724,101,CTD_AI_TXC_FightingFire03_20260522_1a.mov,01:23:21:10,01:23:23:19,2.38,2:09,2026-05-22,Chat GPT; Krea,,
CTD_101_PL_20260724,101,CTD_AI_TXC_MTarpHatch_20260515_1a.mov,01:23:37:22,01:23:39:18,1.83,1:20,2026-05-15,Chat GPT; Krea,,
CTD_101_PL_20260724,101,CTD_AI_TXC_CUTarpHatch_20260515_1a.mov,01:23:39:18,01:23:41:10,1.67,1:16,2026-05-15,Chat GPT; Krea,,
CTD_101_PL_20260724,101,CTD_AI_TXC_TarpHatch_20260515_1a.mov,01:23:41:10,01:23:45:01,3.63,3:15,2026-05-15,Chat GPT; Krea,,
CTD_101_PL_20260724,101,CTD_AI_TXC_BagExplosion_20260525_1b.mov,01:23:54:16,01:24:00:07,5.63,5:15,2026-05-26,Chat GPT; Krea,,
CTD_101_PL_20260724,101,CTD_AI_TXC_BagExplosion_20260515_1c.mov,01:24:00:07,01:24:01:00,0.71,0:17,2026-05-15,Chat GPT; Krea,,
CTD_101_PL_20260724,101,CTD_AI_TXC_BlowPortWindows_20260625_1a.mov,01:24:01:00,01:24:03:09,2.38,2:09,2026-06-25,Chat GPT; Krea,,
CTD_101_PL_20260724,101,CTD_AI_TXC_BlowPortWindows_20260625_1d.mov,01:24:04:21,01:24:07:12,2.63,2:15,2026-06-25,Chat GPT; Krea,,
CTD_101_PL_20260724,101,CTD_AI_TXC_BlowPortWindows_20260625_1d.mov,01:24:22:21,01:24:25:14,2.71,2:17,2026-06-25,Chat GPT; Krea,,
CTD_101_PL_20260724,101,CTD_AI_TXC_NEWBoatExplosion_20260625_1b.mov,01:24:25:14,01:24:30:09,4.79,4:19,2026-06-25,Chat GPT; Krea,,
CTD_101_PL_20260724,101,CTD_AI_TXC_BoatExplode_20260526_1a.mov,01:24:30:09,01:24:34:21,4.5,4:12,2026-05-26,Chat GPT; Krea,,
CTD_101_PL_20260724,101,CTD_AI_TXC_Baseball_20260625_1a.mov,01:24:51:01,01:24:55:12,4.46,4:11,2026-06-25,Chat GPT; Krea,,
CTD_101_PL_20260724,101,CTD_AI_TXC_Baseball_20260625_1b.mov,01:25:00:09,01:25:02:15,2.25,2:06,2026-06-25,Chat GPT; Krea,,
CTD_101_PL_20260724,101,CTD_AI_TXC_WaveImpact_20260526_2a.mov,01:25:23:11,01:25:26:05,2.75,2:18,2026-05-26,Chat GPT; Krea,,
CTD_101_PL_20260724,101,CTD_AI_TXC_WaveImpact_20260702_2a.mov,01:25:26:05,01:25:30:06,4.04,4:01,2026-07-02,Chat GPT; Krea,,
CTD_101_PL_20260724,101,CTD_AI_CHF_WinterVillage_20260701_1a.mov,01:26:11:14,01:26:12:23,1.38,1:09,2026-07-02,Chat GPT; Krea,,
CTD_101_PL_20260724,101,CTD_AI_CHF_WinterVillage_20260701_5a.mov,01:26:12:23,01:26:14:09,1.42,1:10,2026-07-02,Chat GPT; Krea,,
CTD_101_PL_20260724,101,CTD_AI_CHF_WinterTown_20260623_2c.mov,01:26:14:09,01:26:15:20,1.46,1:11,2026-06-23,Chat GPT; Krea,,
CTD_101_PL_20260724,101,CTD_AI_CHF_WinterVillage_20260701_4a.mov,01:26:15:20,01:26:17:19,1.96,1:23,2026-07-02,Chat GPT; Krea,,
CTD_101_PL_20260724,101,CTD_AI_CHF_FloodedVillage_20260623_2f.mov,01:26:17:19,01:26:19:11,1.67,1:16,2026-06-23,Chat GPT; Krea,,
CTD_101_PL_20260724,101,CTD_AI_CHF_StormHits_FloodPeople_20260701_2a.mov,01:26:19:11,01:26:21:03,1.67,1:16,2026-07-02,Chat GPT; Krea,,
CTD_101_PL_20260724,101,CTD_AI_CHF_DikeBreaking_20260701_7a.mov,01:26:21:03,01:26:22:12,1.38,1:09,2026-07-02,Chat GPT; Krea,,
CTD_101_PL_20260724,101,CTD_AI_CHF_Dike_20260526_5f.mov,01:26:22:12,01:26:24:10,1.92,1:22,2026-05-26,Chat GPT; Krea,,
CTD_101_PL_20260724,101,CTD_AI_CHF_WinterVillage_20260701_3a.mov,01:26:25:10,01:26:29:17,4.29,4:07,2026-07-02,Chat GPT; Krea,,
CTD_101_PL_20260724,101,CTD_AI_CHF_WinterVillage_20260701_4a.mov,01:26:29:17,01:26:32:23,3.25,3:06,2026-07-02,Chat GPT; Krea,,
CTD_101_PL_20260724,101,CTD_AI_CHF_WinterVillage_20260701_2b.mov,01:26:32:23,01:26:34:23,2,2:00,2026-07-02,,,
CTD_101_PL_20260724,101,CTD_AI_CHF_WinterVillage_20260701_5b.mov,01:26:34:23,01:26:36:11,1.5,1:12,2026-07-02,Chat GPT; Krea,,
CTD_101_PL_20260724,101,CTD_AI_CHF_WinterVillage_20260701_5a.mov,01:26:36:11,01:26:40:12,4.04,4:01,2026-07-02,Chat GPT; Krea,,
CTD_101_PL_20260724,101,CTD_AI_CHF_MeltingRiver_20260520_4a.MOV,01:27:00:15,01:27:07:21,7.25,7:06,2026-05-20,Chat GPT; Krea,,
CTD_101_PL_20260724,101,CTD_AI_CHF_River_20260511_1d.mov,01:27:15:19,01:27:18:17,2.92,2:22,2026-05-11,Chat GPT; Krea,,
CTD_101_PL_20260724,101,CTD_AI_CHF_FloodedVillage_20260623_1b.mov,01:27:18:17,01:27:20:07,1.58,1:14,2026-06-23,Chat GPT; Krea,,
CTD_101_PL_20260724,101,CTD_AI_CHF_FloodedVillage_20260623_1e.mov,01:27:20:07,01:27:23:21,3.58,3:14,2026-06-23,,,
CTD_101_PL_20260724,101,CTD_AI_CHF_TownFlood_20260511_2a.mov,01:27:27:10,01:27:29:15,2.21,2:05,2026-05-11,Chat GPT; Krea,,
CTD_101_PL_20260724,101,CTD_AI_CHF_TownFlood_20260511_4a.mov,01:27:29:15,01:27:33:11,3.83,3:20,2026-05-11,Chat GPT; Krea,,
CTD_101_PL_20260724,101,CTD_AI_CHF_CycloneVillage_20260701_2a.mov,01:27:36:03,01:27:39:19,3.67,3:16,2026-07-02,Chat GPT; Krea,,
CTD_101_PL_20260724,101,CTD_AI_CHF_Storm_20260528_1f.mov,01:27:39:19,01:27:40:23,1.17,1:04,2026-05-28,Chat GPT; Krea,,
CTD_101_PL_20260724,101,CTD_AI_CHF_Storm_20260528_6c.mov,01:27:40:23,01:27:44:22,3.96,3:23,2026-05-28,Chat GPT; Krea,,
CTD_101_PL_20260724,101,CTD_AI_CHF_FloodedVillage_20260623_2f.mov,01:27:53:22,01:27:55:04,1.25,1:06,2026-06-23,Chat GPT; Krea,,
CTD_101_PL_20260724,101,CTD_AI_CHF_FloodedVillage_20260623_2d.mov,01:27:55:04,01:27:56:16,1.5,1:12,2026-06-23,Chat GPT; Krea,,
CTD_101_PL_20260724,101,CTD_AI_CHF_FarmlandFloods_20260701_1a.mov,01:27:56:16,01:27:58:02,1.42,1:10,2026-07-02,Chat GPT; Krea,,
CTD_101_PL_20260724,101,CTD_AI_CHF_StormHits_FloodPeople_20260701_3b.mov,01:27:59:14,01:28:01:01,1.46,1:11,2026-07-02,Chat GPT; Krea,,
CTD_101_PL_20260724,101,CTD_AI_CHF_StormHits_FloodPeople_20260701_2a.mov,01:28:01:01,01:28:02:13,1.5,1:12,2026-07-02,Chat GPT; Krea,,
CTD_101_PL_20260724,101,CTD_AI_CHF_DIKE_20260623_1c.mov,01:28:38:00,01:28:41:11,3.46,3:11,2026-06-23,Chat GPT; Krea,,
CTD_101_PL_20260724,101,CTD_AI_CHF_Dike_20260526_2e.mov,01:28:41:11,01:28:44:09,2.92,2:22,2026-05-26,Chat GPT; Krea,,
CTD_101_PL_20260724,101,CTD_AI_CHF_DikeBreaking_2026023_1a.mov,01:28:44:09,01:28:48:10,4.04,4:01,2026-07-23,Chat GPT; Krea,,
CTD_101_PL_20260724,101,CTD_AI_CHF_DikeBreaking_2026023_5b.mov,01:28:48:10,01:28:51:22,3.5,3:12,2026-07-23,Chat GPT; Krea,,
CTD_101_PL_20260724,101,CTD_AI_CHF_DIKE_20260623_2e.mov,01:28:51:22,01:28:55:04,3.25,3:06,2026-06-23,Chat GPT; Krea,,
CTD_101_PL_20260724,101,CTD_AI_CHF_DikeBreaking_20260701_6b.mov,01:28:55:04,01:28:56:04,1,1:00,2026-07-02,Chat GPT; Krea,,
CTD_101_PL_20260724,101,CTD_AI_CHF_DikeBreaking_20260701_6a.mov,01:28:56:04,01:28:58:05,2.04,2:01,2026-07-02,Chat GPT; Krea,,
CTD_101_PL_20260724,101,CTD_AI_CHF_DikeBreaking_20260701_7a.mov,01:28:58:05,01:28:59:23,1.75,1:18,2026-07-02,Chat GPT; Krea,,
CTD_101_PL_20260724,101,CTD_AI_CHF_DikeBreaking_20260701_9aa.mov,01:28:59:23,01:29:03:04,3.21,3:05,2026-07-02,Chat GPT; Krea,,
CTD_101_PL_20260724,101,CTD_AI_CHF_WuhanFlood_20260623_3e.mov,01:29:06:10,01:29:09:08,2.92,2:22,2026-06-23,Chat GPT; Krea,,
CTD_101_PL_20260724,101,CTD_AI_CHF_WuhanFlood_20260623_3c.mov,01:29:09:08,01:29:11:08,2,2:00,2026-06-23,Chat GPT; Krea,,
CTD_101_PL_20260724,101,CTD_AI_CHF_WuhanFlood_20260623_3a.mov,01:29:11:08,01:29:13:16,2.33,2:08,2026-06-23,Chat GPT; Krea,,
CTD_101_PL_20260724,101,CTD_AI_CHF_WuhanFlood_20260623_3.mov,01:29:16:03,01:29:21:07,5.17,5:04,2026-06-23,Chat GPT; Krea,,
CTD_101_PL_20260724,101,CTD_AI_CHF_WuhanFlood_20260623_3b.mov,01:29:28:23,01:29:33:02,4.13,4:03,2026-06-23,Chat GPT; Krea,,
CTD_101_PL_20260724,101,CTD_AI_CHF_WallOfWater_20260701_4a.mov,01:29:37:04,01:29:39:12,2.33,2:08,2026-07-02,Chat GPT; Krea,,
CTD_101_PL_20260724,101,CTD_AI_CHF_WallOfWater_20260701_5a.mov,01:29:39:12,01:29:41:09,1.88,1:21,2026-07-02,Chat GPT; Krea,,
CTD_101_PL_20260724,101,CTD_AI_CHF_WuhanFlood_20260623_4a.mov,01:29:41:09,01:29:45:21,4.5,4:12,2026-06-23,Chat GPT; Krea,,
CTD_101_PL_20260724,101,CTD_AI_447_Stage02_20260709_12a.mov,01:30:34:07,01:30:36:13,2.25,2:06,2026-07-06,Chat GPT; Krea,,
CTD_101_PL_20260724,101,CTD_AI_447_StormyWindow_20260703_1b.mov,01:30:36:13,01:30:38:07,1.75,1:18,2026-07-03,Chat GPT; Krea,,
CTD_101_PL_20260724,101,CTD_AI_447_Planemisc_20260507_1g.mov,01:30:38:07,01:30:40:05,1.92,1:22,2026-05-07,Chat GPT; Krea,,
CTD_101_PL_20260724,101,CTD_AI_447_Galley_20260619_1b.mov,01:30:40:05,01:30:41:14,1.38,1:09,2026-06-19,Chat GPT; Krea,,
CTD_101_PL_20260724,101,CTD_AI_447_PlaneCrashBrace_20260623_2a.mov,01:30:41:14,01:30:42:10,0.83,0:20,2026-06-23,Chat GPT; Krea,,
CTD_101_PL_20260724,101,CTD_AI_447_PlaneCrashHold_20260702_1a.mov,01:30:42:10,01:30:43:23,1.54,1:13,2026-07-02,Chat GPT; Krea,,
CTD_101_PL_20260724,101,CTD_AI_447_HandOnLeg_20260619_1a.mov,01:30:47:23,01:30:48:15,0.67,0:16,2026-06-19,Chat GPT; Krea,,
CTD_101_PL_20260724,101,CTD_AI_447_Planecrash_20260703_1d.mov,01:30:48:15,01:30:52:05,3.58,3:14,2026-07-03,Chat GPT; Krea,,
CTD_101_PL_20260724,101,CTD_AI_447_CalmCabin_20260514_1c.mov,01:31:16:04,01:31:20:07,4.13,4:03,2026-05-14,Chat GPT; Krea,,
CTD_101_PL_20260724,101,CTD_AI_447_Stage01_20260709_4a.mov,01:31:33:03,01:31:35:07,2.17,2:04,2026-07-06,Chat GPT; Krea,,
CTD_101_PL_20260724,101,CTD_AI_447_CalmFlight_20260520_2a.mov,01:31:35:07,01:31:37:10,2.13,2:03,2026-05-20,Chat GPT; Krea,,
CTD_101_PL_20260724,101,CTD_AI_447_Stage01_20260709_1b.mov,01:31:42:02,01:31:46:16,4.58,4:14,2026-07-06,Chat GPT; Krea,,
CTD_101_PL_20260724,101,CTD_AI_447_WideCockpit_20260703_2d.mov,01:31:46:16,01:31:48:12,1.83,1:20,2026-07-03,Chat GPT; Krea,,
CTD_101_PL_20260724,101,CTD_AI_447_CaptainLeaves_20260511_2a.mov,01:31:48:12,01:31:53:21,5.38,5:09,2026-05-11,Chat GPT; Krea,,
CTD_101_PL_20260724,101,CTD_AI_447_Stage02_20260709_1a.mov,01:32:02:04,01:32:06:06,4.08,4:02,2026-07-06,Chat GPT; Krea,,
CTD_101_PL_20260724,101,CTD_AI_447_Stage02_20260709_2c.mov,01:32:06:06,01:32:09:16,3.42,3:10,2026-07-06,Chat GPT; Krea,,
CTD_101_PL_20260724,101,CTD_AI_447_Planemisc_20260507_1g.mov,01:32:09:16,01:32:11:13,1.88,1:21,2026-05-07,Chat GPT; Krea,,
CTD_101_PL_20260724,101,CTD_AI_447_HailWindow_20260619_1b.mov,01:32:20:14,01:32:23:18,3.17,3:04,2026-06-19,Chat GPT; Krea,,
CTD_101_PL_20260724,101,CTD_AI_447_WideCockpit_20260703_2d.mov,01:32:27:13,01:32:29:02,1.54,1:13,2026-07-03,Chat GPT; Krea,,
CTD_101_PL_20260724,101,CTD_AI_447_WideCockpit_20260703_2b.mov,01:32:29:02,01:32:30:09,1.29,1:07,2026-07-03,Chat GPT; Krea,,
CTD_101_PL_20260724,101,CTD_AI_447_Stage02_20260709_12a.mov,01:32:30:09,01:32:33:15,3.25,3:06,2026-07-06,Chat GPT; Krea,,
CTD_101_PL_20260724,101,CTD_AI_447_CUPitotTube_20260706_1b.mov,01:32:39:17,01:32:43:17,4,4:00,2026-07-06,Chat GPT; Krea,,
CTD_101_PL_20260724,101,CTD_AI_447_HailCloud_20260703_1b.mov,01:32:44:20,01:32:46:08,1.5,1:12,2026-07-03,Chat GPT; Krea,,
CTD_101_PL_20260724,101,CTD_AI_447_HailCloud_20260703_1a.mov,01:32:46:08,01:32:47:20,1.5,1:12,2026-07-03,Chat GPT; Krea,,
CTD_101_PL_20260724,101,CTD_AI_447_CUAutoPilotOff_20260423_1b.mov,01:32:54:07,01:32:56:10,2.13,2:03,2026-04-23,Chat GPT; Krea,,
CTD_101_PL_20260724,101,CTD_AI_447_WideCockpit_20260423_2a.mov,01:32:56:10,01:32:59:06,2.83,2:20,2026-04-23,Chat GPT; Krea,,
CTD_101_PL_20260724,101,CTD_AI_447_Stage02_20260709_9a.mov,01:33:01:18,01:33:03:02,1.33,1:08,2026-07-06,Chat GPT; Krea,,
CTD_101_PL_20260724,101,CTD_AI_447_Stage03_20260709_3a.mov,01:33:03:02,01:33:06:02,3,3:00,2026-07-06,Chat GPT; Krea,,
CTD_101_PL_20260724,101,CTD_AI_447_Stage02_20260709_9b.mov,01:33:06:02,01:33:07:07,1.21,1:05,2026-07-06,Chat GPT; Krea,,
CTD_101_PL_20260724,101,CTD_AI_447_CUFlightControls_20260512_1b.mov,01:33:21:04,01:33:22:13,1.38,1:09,2026-05-12,Chat GPT; Krea,,
CTD_101_PL_20260724,101,CTD_AI_447_CloudPLANE_20260708_1c.mov,01:33:22:13,01:33:25:21,3.33,3:08,2026-07-08,Chat GPT; Krea,,
CTD_101_PL_20260724,101,CTD_AI_447_IsleWaterBottle_20260515_2a.mov,01:33:25:21,01:33:27:16,1.79,1:19,2026-05-15,Chat GPT; Krea,,
CTD_101_PL_20260724,101,CTD_AI_447_Stage04_20260709_1a.mov,01:33:37:01,01:33:38:23,1.92,1:22,2026-07-06,Chat GPT; Krea,,
CTD_101_PL_20260724,101,CTD_AI_447_Stage02_20260709_15a.mov,01:33:38:23,01:33:42:00,3.04,3:01,2026-07-06,Chat GPT; Krea,,
CTD_101_PL_20260724,101,CTD_AI_447_Warning_20260507_1a.mov,01:33:42:00,01:33:43:02,1.08,1:02,2026-05-07,Chat GPT; Krea,,
CTD_101_PL_20260724,101,CTD_AI_447_HailCloud_20260703_1f.mov,01:33:45:10,01:33:46:06,0.83,0:20,2026-07-03,Chat GPT; Krea,,
CTD_101_PL_20260724,101,CTD_AI_447_SweatWipe_20260514_1a.mov,01:33:46:06,01:33:47:14,1.33,1:08,2026-05-14,Chat GPT; Krea,,
CTD_101_PL_20260724,101,CTD_AI_447_SweatTie_20260619_1b.mov,01:33:47:14,01:33:49:14,2,2:00,2026-06-19,Chat GPT; Krea,,
CTD_101_PL_20260724,101,CTD_AI_447_Stage04_20260709_3a.mov,01:33:49:14,01:33:51:12,1.92,1:22,2026-07-06,Chat GPT; Krea,,
CTD_101_PL_20260724,101,CTD_AI_447_FlightControls_20260703_1d.mov,01:33:53:10,01:33:55:09,1.96,1:23,2026-07-03,Chat GPT; Krea,,
CTD_101_PL_20260724,101,CTD_AI_447_LeftStickClose_20260507_1a.mov,01:33:55:09,01:33:57:13,2.17,2:04,2026-05-07,Chat GPT; Krea,,
CTD_101_PL_20260724,101,CTD_AI_447_StormyWindow_20260703_1b.mov,01:33:57:13,01:33:59:01,1.5,1:12,2026-07-03,Chat GPT; Krea,,
CTD_101_PL_20260724,101,CTD_AI_447_CUCallButton_20260423_1c.mov,01:33:59:01,01:34:00:14,1.54,1:13,2026-04-23,Chat GPT; Krea,,
CTD_101_PL_20260724,101,CTD_AI_447_CUCallButton_20260423_1c.mov,01:34:00:14,01:34:01:20,1.25,1:06,2026-04-23,Chat GPT; Krea,,
CTD_101_PL_20260724,101,CTD_AI_447_NoseUpCloseUp_20260619_1a.mov,01:34:01:20,01:34:07:14,5.75,5:18,2026-06-19,Chat GPT; Krea,,
CTD_101_PL_20260724,101,CTD_AI_447_AircraftCrashes01_20260708_1i.mov,01:34:14:04,01:34:15:12,1.33,1:08,2026-07-08,Chat GPT; Krea,,
CTD_101_PL_20260724,101,CTD_AI_447_AircraftCrashes01_20260723_1g.mov,01:34:15:12,01:34:17:06,1.75,1:18,2026-07-23,Chat GPT; Krea,,
CTD_101_PL_20260724,101,CTD_AI_447_Stage02_20260709_11a.mov,01:34:31:08,01:34:35:21,4.54,4:13,2026-07-06,Chat GPT; Krea,,
CTD_101_PL_20260724,101,CTD_AI_447_HailCloud_20260703_1c.mov,01:34:39:22,01:34:40:19,0.88,0:21,2026-07-03,Chat GPT; Krea,,
CTD_101_PL_20260724,101,CTD_AI_447_HailCloud_20260703_1b.mov,01:34:40:19,01:34:41:10,0.63,0:15,2026-07-03,Chat GPT; Krea,,
CTD_101_PL_20260724,101,CTD_AI_447_HailCloud_20260703_1a.mov,01:34:41:10,01:34:42:21,1.46,1:11,2026-07-03,Chat GPT; Krea,,
CTD_101_PL_20260724,101,CTD_AI_447_Stage02_20260709_13a.mov,01:34:45:17,01:34:51:00,5.29,5:07,2026-07-06,Chat GPT; Krea,,
CTD_101_PL_20260724,101,CTD_AI_447_Stage05_20260709_1a.mov,01:34:51:00,01:34:52:05,1.21,1:05,2026-07-06,Chat GPT; Krea,,
CTD_101_PL_20260724,101,CTD_AI_447_Stage05_20260709_4a.mov,01:34:52:05,01:34:53:05,1,1:00,2026-07-06,Chat GPT; Krea,,
CTD_101_PL_20260724,101,CTD_AI_447_Stage05_20260709_2a.mov,01:34:53:05,01:34:54:12,1.29,1:07,2026-07-06,Chat GPT; Krea,,
CTD_101_PL_20260724,101,CTD_AI_447_PlaneCrashBrace_20260623_2a.mov,01:34:56:15,01:34:58:02,1.46,1:11,2026-06-23,Chat GPT; Krea,,
CTD_101_PL_20260724,101,CTD_AI_447_Galley_20260619_1b.mov,01:34:58:02,01:34:58:23,0.88,0:21,2026-06-19,Chat GPT; Krea,,
CTD_101_PL_20260724,101,CTD_AI_447_PlaneCrashLuggage_20260702_1a.mov,01:34:58:23,01:34:59:11,0.5,0:12,2026-07-02,Chat GPT; Krea,,
CTD_101_PL_20260724,101,CTD_AI_447_PlaneCrashBrace_20260623_1a.mov,01:34:59:11,01:35:00:08,0.88,0:21,2026-06-23,Chat GPT; Krea,,
CTD_101_PL_20260724,101,CTD_AI_447_HailCloud_20260623_1a.mov,01:35:02:07,01:35:04:19,2.5,2:12,2026-06-23,Chat GPT; Krea,,
CTD_101_PL_20260724,101,CTD_AI_447_HailCloud_20260703_1c.mov,01:35:04:19,01:35:06:16,1.88,1:21,2026-07-03,Chat GPT; Krea,,
CTD_101_PL_20260724,101,CTD_AI_447_FlightControls_20260703_1e.mov,01:35:10:23,01:35:15:08,4.38,4:09,2026-07-03,Chat GPT; Krea,,
CTD_101_PL_20260724,101,CTD_AI_447_AircraftCrashes01_20260708_1f.mov,01:35:25:18,01:35:26:16,0.92,0:22,2026-07-08,Chat GPT; Krea,,
CTD_101_PL_20260724,101,CTD_AI_447_AircraftCrashes01_20260708_1j.mov,01:35:26:16,01:35:27:23,1.29,1:07,2026-07-08,Chat GPT; Krea,,
CTD_101_PL_20260724,101,CTD_AI_447_PlaneCrashBrace_20260623_3a.mov,01:35:27:23,01:35:30:14,2.63,2:15,2026-06-23,Chat GPT; Krea,,
CTD_101_PL_20260724,101,CTD_AI_447_Stage05_20260709_4a.mov,01:35:35:09,01:35:36:07,0.92,0:22,2026-07-06,Chat GPT; Krea,,
CTD_101_PL_20260724,101,CTD_AI_447_Stage05_20260709_2a.mov,01:35:36:07,01:35:37:15,1.33,1:08,2026-07-06,Chat GPT; Krea,,
CTD_101_PL_20260724,101,CTD_AI_447_Stage05_20260709_1a.mov,01:35:37:15,01:35:39:08,1.71,1:17,2026-07-06,Chat GPT; Krea,,
CTD_101_PL_20260724,101,CTD_AI_447_Trolley_20260619_1c.mov,01:35:39:08,01:35:41:02,1.75,1:18,2026-06-19,Chat GPT; Krea,,
CTD_101_PL_20260724,101,CTD_AI_447_AircraftCrashes01_20260708_1a.mov,01:35:41:02,01:35:42:16,1.58,1:14,2026-07-08,Chat GPT; Krea,,
CTD_101_PL_20260724,101,CTD_AI_447_AircraftCrashes01_20260723_1a.mov,01:35:42:16,01:35:43:22,1.25,1:06,2026-07-23,Chat GPT; Krea,,
CTD_101_PL_20260724,101,CTD_AI_447_FeetApproach_20260624_1a.mov,01:35:43:22,01:35:45:04,1.25,1:06,2026-06-24,Chat GPT; Krea,,
CTD_101_PL_20260724,101,CTD_AI_447_FeetApproachHand_20260624_1b.mov,01:35:45:04,01:35:47:15,2.46,2:11,2026-06-24,Chat GPT; Krea,,
CTD_101_PL_20260724,101,CTD_AI_447_FlightControls_20260703_1e.mov,01:36:00:20,01:36:02:16,1.83,1:20,2026-07-03,Chat GPT; Krea,,
CTD_101_PL_20260724,101,CTD_AI_447_HailCloud_20260703_1h.mov,01:36:02:16,01:36:04:07,1.63,1:15,2026-07-03,Chat GPT; Krea,,
CTD_101_PL_20260724,101,CTD_AI_447_WindshieldCloud01_20260708_1c.mov,01:36:04:07,01:36:05:20,1.54,1:13,2026-07-08,Chat GPT; Krea,,
CTD_101_PL_20260724,101,CTD_AI_447_PlaneCrashHold_20260702_1a.mov,01:36:11:13,01:36:12:18,1.21,1:05,2026-07-02,Chat GPT; Krea,,
CTD_101_PL_20260724,101,CTD_AI_447_Stage05_20260709_3a.mov,01:36:12:18,01:36:14:22,2.17,2:04,2026-07-06,Chat GPT; Krea,,
CTD_101_PL_20260724,101,CTD_AI_447_WindshieldCloud01_20260708_1h.mov,01:36:14:22,01:36:16:05,1.29,1:07,2026-07-08,Chat GPT; Krea,,
CTD_101_PL_20260724,101,CTD_AI_447_HailCloud_20260623_1b.mov,01:36:16:05,01:36:18:07,2.08,2:02,2026-06-23,Chat GPT; Krea,,
CTD_101_PL_20260724,101,CTD_AI_447_Stage05_20260709_5b.mov,01:36:23:08,01:36:24:12,1.17,1:04,2026-07-06,Chat GPT; Krea,,
CTD_101_PL_20260724,101,CTD_AI_447_Planecrash_20260703_1e.mov,01:36:24:12,01:36:27:03,2.63,2:15,2026-07-03,Chat GPT; Krea,,
CTD_101_PL_20260724,101,CTD_AI_447_Stage06_20260708_1d.mov,01:36:27:03,01:36:29:00,1.88,1:21,2026-07-08,Chat GPT; Krea,,
CTD_101_PL_20260724,101,CTD_AI_447_Planecrash_20260703_1e.mov,01:36:29:00,01:36:31:09,2.38,2:09,2026-07-03,Chat GPT; Krea,,
CTD_101_PL_20260724,101,CTD_AI_447_Stage06_20260708_1b.mov,01:36:31:09,01:36:33:19,2.42,2:10,2026-07-08,Chat GPT; Krea,,
CTD_101_PL_20260724,101,CTD_AI_447_PlaneCrashTail_20260623_1b.mov,01:36:33:19,01:36:36:09,2.58,2:14,2026-06-23,Chat GPT; Krea,,
CTD_101_PL_20260724,101,CTD_AI_447_Debris_20260520_2a.mov,01:36:36:09,01:36:39:12,3.13,3:03,2026-05-20,Chat GPT; Krea,,
CTD_101_PL_20260724,101,CTD_AI_447_Debris_20260706_1a.mov,01:36:39:12,01:36:42:17,3.21,3:05,2026-07-06,Chat GPT; Krea,,
CTD_101_PL_20260724,101,CTD_AI_447_Debris_20260706_2a.mov,01:37:09:14,01:37:13:09,3.79,3:19,2026-07-06,Chat GPT; Krea,,
CTD_101_PL_20260724,101,CTD_AI_HIN_CaptainPOV_20260709_1n.mov,01:37:21:18,01:37:25:18,4,4:00,2026-07-09,,,
CTD_101_PL_20260724,101,CTD_AI_HIN_HinConstruction_20260512_2b.mov,01:37:46:14,01:37:48:11,1.88,1:21,2026-05-12,Chat GPT; Krea,,
CTD_101_PL_20260724,101,CTD_AI_HIN_HinConstruction_20260709_2a.mov,01:37:48:11,01:37:50:15,2.17,2:04,2026-07-09,,,
CTD_101_PL_20260724,101,CTD_AI_HIN_HinConstruction_20260709_1b.mov,01:37:54:04,01:37:58:05,4.04,4:01,2026-07-09,,,
CTD_101_PL_20260724,101,CTD_AI_HIN_GassingUp_20260629_2a.mov,01:38:40:04,01:38:41:16,1.5,1:12,2026-06-29,Chat GPT; Krea,,
CTD_101_PL_20260724,101,CTD_AI_HIN_GassingUp_20260723_1a.mov,01:38:41:16,01:38:43:05,1.54,1:13,2026-07-23,Chat GPT; Krea,,
CTD_101_PL_20260724,101,CTD_AI_HIN_GassingUp_20260723_1c.mov,01:38:43:05,01:38:47:13,4.33,4:08,2026-07-23,Chat GPT; Krea,,
CTD_101_PL_20260724,101,CTD_AI_HIN_ApproachingNYC_20260527_1b.mov,01:39:04:19,01:39:07:22,3.13,3:03,2026-05-27,Chat GPT; Krea,,
CTD_101_PL_20260724,101,CTD_AI_HIN_FlyingOcean_20260527_2a.mov,01:39:07:22,01:39:09:18,1.83,1:20,2026-05-27,Chat GPT; Krea,,
CTD_101_PL_20260724,101,CTD_AI_HIN_ApproachingNJ_20260527_1a.mov,01:39:09:18,01:39:11:19,2.04,2:01,2026-05-27,Chat GPT; Krea,,
CTD_101_PL_20260724,101,CTD_AI_HIN_StormClouds_20260709_3c.mov,01:40:09:04,01:40:14:11,5.29,5:07,2026-07-09,,,
CTD_101_PL_20260724,101,CTD_AI_HIN_StormClouds_20260709_1a.mov,01:40:22:19,01:40:28:08,5.54,5:13,2026-07-09,,,
CTD_101_PL_20260724,101,CTD_AI_HIN_MooringTower_20260709_1a.mov,01:40:42:07,01:40:45:12,3.21,3:05,2026-07-09,,,
CTD_101_PL_20260724,101,CTD_AI_HIN_CaptainPOV_20260804_3a.mov,01:41:14:19,01:41:20:07,5.5,5:12,2026-08-04,,,
CTD_101_PL_20260724,101,CTD_AI_HIN_CaptainPOV_20260709_1n.mov,01:41:19:21,01:41:28:04,8.29,8:24,2026-07-09,,,
CTD_101_PL_20260724,101,CTD_AI_MSH_PyroclasticFlow_20260408_1a.mov,01:42:45:19,01:42:47:09,1.58,1:14,2026-04-08,Chat GPT; Krea,,
CTD_101_PL_20260724,101,CTD_AI_MSH_PyroclasticFlow_20260408_2a.mov,01:42:47:09,01:42:48:07,0.92,0:22,2026-04-08,Chat GPT; Krea,,
CTD_101_PL_20260724,101,CTD_AI_FDN_LowAngleTsunami_20260501_1a.mov,01:42:48:07,01:42:49:01,0.75,0:18,2026-05-01,Chat GPT; Krea,,
CTD_101_PL_20260724,101,CTD_AI_FDN_GeneratorFlood_20260417_2a.mov,01:42:49:01,01:42:49:19,0.75,0:18,2026-04-17,Chat GPT; Krea,,
CTD_101_PL_20260724,101,CTD_AI_HIN_FlyingOcean_20260527_2a.mov,01:42:49:19,01:42:50:16,0.88,0:21,2026-05-27,Chat GPT; Krea,,
CTD_101_PL_20260724,101,CTD_AI_HIN_CaptainPOV_20260709_1n.mov,01:42:50:16,01:42:53:22,3.25,3:06,2026-07-09,,,
CTD_101_PL_20260724,101,CTD_AI_CHF_DikeBreaking_20260701_5a.mov,01:42:53:22,01:42:54:19,0.88,0:21,2026-07-02,Chat GPT; Krea,,
CTD_101_PL_20260724,101,CTD_AI_TXC_BagExplosion_20260625_1e.mov,01:42:54:19,01:42:55:17,0.92,0:22,2026-06-25,Chat GPT; Krea,,
CTD_101_PL_20260724,101,CTD_AI_CHF_DIKE_20260623_2e.mov,01:42:55:17,01:42:56:17,1,1:00,2026-06-23,Chat GPT; Krea,,
CTD_101_PL_20260724,101,CTD_AI_447_FlightControls_20260703_1e.mov,01:42:56:17,01:42:58:06,1.54,1:13,2026-07-03,Chat GPT; Krea,,
CTD_101_PL_20260724,101,CTD_AI_CHF_WuhanFlood_20260623_3.mov,01:42:58:06,01:42:58:17,0.46,0:11,2026-06-23,Chat GPT; Krea,,
CTD_101_PL_20260724,101,CTD_AI_FDN_Reactorexplosion_20260703_30e.mov,01:42:58:17,01:42:59:02,0.38,0:09,2026-07-03,Chat GPT; Krea,,
CTD_101_PL_20260724,101,CTD_AI_TXC_NEWBoatExplosion_20260625_1b.mov,01:42:59:02,01:42:59:12,0.42,0:10,2026-06-25,Chat GPT; Krea,,
CTD_101_PL_20260724,101,CTD_AI_447_Stage06_20260708_1d.mov,01:42:59:12,01:43:02:10,2.92,2:22,2026-07-08,Chat GPT; Krea,,
CTD_101_RC1_20260602,101,CTD_AI_MSH_OrangeGlow_20260429_1c.mov,01:00:10:01,01:00:12:19,2.75,2:18,2026-04-29,Chat GPT; Krea,Y,
CTD_101_RC1_20260602,101,CTD_AI_MSH_SurfaceCracking_20260427_1a.mov,01:00:12:19,01:00:14:21,2.08,2:02,2026-04-27,Chat GPT; Krea,Y,Y
CTD_101_RC1_20260602,101,CTD_AI_HIN_GassingUp_20260512_1a.mov,01:00:14:21,01:00:16:04,1.29,1:07,2026-05-12,Chat GPT; Krea,Y,Y
CTD_101_RC1_20260602,101,CTD_AI_HIN_FlyingOcean_20260527_2b.mov,01:00:16:04,01:00:18:09,2.21,2:05,2026-05-27,Chat GPT; Krea,Y,
CTD_101_RC1_20260602,101,CTD_AI_HIN_CaptainPOV_20260527_1a.mov,01:00:18:09,01:00:19:20,1.46,1:11,2026-05-27,Chat GPT; Krea,Y,Y
CTD_101_RC1_20260602,101,CTD_AI_MSH_PyroclasticFlow_20260501_3e.mov,01:00:22:08,01:00:23:09,1.04,1:01,2026-05-01,Chat GPT; Krea,Y,Y
CTD_101_RC1_20260602,101,CTD_AI_MSH_DJwipeout_20260505_1h.mov,01:00:23:09,01:00:25:03,1.75,1:18,2026-05-05,Chat GPT; Krea,Y,
CTD_101_RC1_20260602,101,CTD_AI_MSH_DJovertheshoulder_20260501_2c.mov,01:00:25:03,01:00:27:06,2.13,2:03,2026-05-01,Chat GPT; Krea,Y,Y
CTD_101_RC1_20260602,101,CTD_AI_MSH_LodgeWipeOut_20260505_1f.mov,01:00:27:06,01:00:29:00,1.75,1:18,2026-05-05,Chat GPT; Krea,Y,
CTD_101_RC1_20260602,101,CTD_AI_MSH_BulgeCrack_20260428_1a.mov,01:00:33:19,01:00:34:12,0.71,0:17,2026-04-28,Chat GPT; Krea,Y,
CTD_101_RC1_20260602,101,CTD_AI_TXC_NEWBagExplosion_20260522_3b.mov,01:00:40:22,01:00:42:18,1.83,1:20,2026-05-22,Chat GPT; Krea,Y,
CTD_101_RC1_20260602,101,CTD_AI_TXC_BagExplosion_20260515_1c.mov,01:00:44:04,01:00:44:23,0.79,0:19,2026-05-15,Chat GPT; Krea,Y,
CTD_101_RC1_20260602,101,CTD_AI_TXC_BlowPortWindows_20260522_1a.mov,01:00:44:23,01:00:46:03,1.17,1:04,2026-05-22,Chat GPT; Krea,Y,
CTD_101_RC1_20260602,101,CTD_AI_TXC_NEWBoatExplosion_20260522_1a.mov,01:00:46:17,01:00:47:16,0.96,0:23,2026-05-22,Chat GPT; Krea,Y,
CTD_101_RC1_20260602,101,CTD_AI_FDN_GeneratorFlood_20260417_2a.mov,01:00:52:19,01:00:54:11,1.67,1:16,2026-04-17,Chat GPT; Krea,Y,
CTD_101_RC1_20260602,101,CTD_AI_FDN_FireTrucks_20260505_5b.mov,01:00:54:11,01:00:56:01,1.58,1:14,2026-05-05,Chat GPT; Krea,Y,
CTD_101_RC1_20260602,101,CTD_AI_FDN_WideSuitUp_20260501_4c.mov,01:00:57:13,01:00:58:09,0.83,0:20,2026-05-01,Chat GPT; Krea,Y,
CTD_101_RC1_20260602,101,CTD_AI_FDN_BootsWading_20260429_1a.mov,01:00:58:09,01:00:59:03,0.75,0:18,2026-04-29,Chat GPT; Krea,Y,Y
CTD_101_RC1_20260602,101,CTD_AI_FDN_BootsWading_20260501_1a.mov,01:01:00:03,01:01:00:23,0.83,0:20,2026-05-01,Chat GPT; Krea,Y,
CTD_101_RC1_20260602,101,CTD_AI_FDN_Reactorexplosion_20260521_30a.mov,01:01:00:23,01:01:01:14,0.63,0:15,2026-05-21,Chat GPT; Krea,Y,
CTD_101_RC1_20260602,101,CTD_AI_FDN_Reactorexplosion_20260521_31a.mov,01:01:01:14,01:01:03:05,1.63,1:15,2026-05-21,Chat GPT; Krea,Y,
CTD_101_RC1_20260602,101,CTD_AI_FDN_SparksWire_20260522_1b.mov,01:01:03:05,01:01:04:03,0.92,0:22,2026-05-22,Chat GPT; Krea,Y,
CTD_101_RC1_20260602,101,CTD_AI_CHF_Dike_20260526_1a.mov,01:01:04:03,01:01:04:23,0.83,0:20,2026-05-26,Chat GPT; Krea,Y,
CTD_101_RC1_20260602,101,CTD_AI_447_Sweat_20260514_4a.mov,01:01:04:23,01:01:05:14,0.63,0:15,2026-05-14,Chat GPT; Krea,Y,
CTD_101_RC1_20260602,101,CTD_AI_447_FranticControl_20260511_1b.mov,01:01:05:14,01:01:06:05,0.63,0:15,2026-05-11,Chat GPT; Krea,Y,Y
CTD_101_RC1_20260602,101,CTD_AI_FDN_BigPipe_20260522_1b.mov,01:01:06:05,01:01:07:02,0.88,0:21,2026-05-22,Chat GPT; Krea,Y,
CTD_101_RC1_20260602,101,CTD_AI_TXC_WaveImpact_20260515_1a.mov,01:01:07:02,01:01:08:00,0.92,0:22,2026-05-15,Chat GPT; Krea,Y,
CTD_101_RC1_20260602,101,CTD_AI_CHF_Storm_20260528_1f.mov,01:01:08:00,01:01:08:21,0.88,0:21,2026-05-28,Chat GPT; Krea,Y,
CTD_101_RC1_20260602,101,CTD_AI_447_FeetApproach_20260511_1a.mov,01:01:08:21,01:01:09:18,0.88,0:21,2026-05-11,Chat GPT; Krea,Y,
CTD_101_RC1_20260602,101,CTD_AI_CHF_FloodedWuhan_20260526_10e.mov,01:01:09:18,01:01:10:14,0.83,0:20,2026-05-26,Chat GPT; Krea,Y,
CTD_101_RC1_20260602,101,CTD_AI_447_Planecrash_20260520_2a.mov,01:01:10:14,01:01:13:04,2.58,2:14,2026-05-20,Chat GPT; Krea,Y,Y
CTD_101_RC1_20260602,101,CTD_AI_MSH_CrackForming_20260427_1b.mov,01:01:34:21,01:01:36:22,2.04,2:01,2026-04-27,Chat GPT; Krea,Y,Y
CTD_101_RC1_20260602,101,CTD_AI_MSH_PyroclasticFlow_20260408_9a.mov,01:01:36:22,01:01:41:09,4.46,4:11,2026-04-08,Chat GPT; Krea,Y,
CTD_101_RC1_20260602,101,CTD_AI_MSH_IntialSmoke_20260601_2.mov,01:02:50:10,01:02:55:08,4.92,4:22,2026-06-01,Chat GPT; Krea,Y,
CTD_101_RC1_20260602,101,CTD_AI_MSH_IntialSmoke_20260601_4.mov,01:03:29:14,01:03:39:01,9.46,9:00,2026-06-01,Chat GPT; Krea,Y,
CTD_101_RC1_20260602,101,CTD_AI_MSH_BulgeForming_20260602_1c.mov,01:07:09:05,01:07:13:21,4.67,4:16,2026-06-02,Chat GPT; Krea,Y,
CTD_101_RC1_20260602,101,CTD_AI_MSH_OrangeGlow_20260429_1c.mov,01:08:39:05,01:08:41:23,2.75,2:18,2026-04-29,Chat GPT; Krea,Y,Y
CTD_101_RC1_20260602,101,CTD_AI_MSH_SurfaceCracking_20260427_1a.mov,01:08:41:23,01:08:47:23,6,6:00,2026-04-27,Chat GPT; Krea,Y,
CTD_101_RC1_20260602,101,CTD_AI_MSH_BulgeCrack_20260428_1b.mov,01:08:47:23,01:08:51:06,3.29,3:07,2026-04-28,Chat GPT; Krea,Y,
CTD_101_RC1_20260602,101,CTD_AI_MSH_OrangeGlow_20260429_1a.mov,01:08:57:08,01:09:00:04,2.83,2:20,2026-04-29,Chat GPT; Krea,Y,
CTD_101_RC1_20260602,101,CTD_AI_MSH_OrangeGlow_20260429_2c.mov,01:09:00:04,01:09:04:02,3.92,3:22,2026-04-29,Chat GPT; Krea,Y,
CTD_101_RC1_20260602,101,CTD_AI_MSH_CloseLandslide_20260427_1c.mov,01:09:08:12,01:09:10:12,2,2:00,2026-04-27,Chat GPT; Krea,Y,
CTD_101_RC1_20260602,101,CTD_AI_MSH_CrackForming_20260427_1b.mov,01:09:10:12,01:09:14:12,4,4:00,2026-04-27,Chat GPT; Krea,Y,
CTD_101_RC1_20260602,101,CTD_AI_MSH_BulgeCrack_20260428_1a.mov,01:09:14:12,01:09:17:13,3.04,3:01,2026-04-28,Chat GPT; Krea,Y,Y
CTD_101_RC1_20260602,101,CTD_AI_MSH_PyroclasticFlow_20260408_1a.mov,01:09:52:10,01:10:01:05,8.79,8:24,2026-04-08,Chat GPT; Krea,Y,Y
CTD_101_RC1_20260602,101,CTD_AI_MSH_Pyroclasticflowwide_20260427_1b.mov,01:10:07:11,01:10:11:16,4.21,4:05,2026-04-27,Chat GPT; Krea,Y,
CTD_101_RC1_20260602,101,CTD_AI_MSH_DJovertheshoulder_20260501_2c.mov,01:10:20:05,01:10:25:16,5.46,5:11,2026-05-01,Chat GPT; Krea,Y,
CTD_101_RC1_20260602,101,CTD_AI_MSH_DJovertheshoulder_20260501_2d.mov,01:10:28:11,01:10:32:17,4.25,4:06,2026-05-01,Chat GPT; Krea,Y,
CTD_101_RC1_20260602,101,CTD_AI_MSH_PyroclasticFlow_20260408_9a.mov,01:10:41:13,01:10:46:17,5.17,5:04,2026-04-08,Chat GPT; Krea,Y,Y
CTD_101_RC1_20260602,101,CTD_AI_MSH_MonitoringDevice_20260505_1a.mov,01:10:46:17,01:10:49:15,2.92,2:22,2026-05-05,Chat GPT; Krea,Y,
CTD_101_RC1_20260602,101,CTD_AI_MSH_PyroclasticFlow_20260501_3e.mov,01:10:49:15,01:10:53:17,4.08,4:02,2026-05-01,Chat GPT; Krea,Y,
CTD_101_RC1_20260602,101,CTD_AI_MSH_PyroclasticFlow_20260408_2a.mov,01:10:53:17,01:11:02:15,8.92,8:22,2026-04-08,Chat GPT; Krea,Y,Y
CTD_101_RC1_20260602,101,CTD_AI_MSH_PyroclasticFlow_20260501_1a.mov,01:11:06:00,01:11:08:05,2.21,2:05,2026-05-01,Chat GPT; Krea,Y,
CTD_101_RC1_20260602,101,CTD_AI_MSH_OldMan_20260501_1c.mov,01:11:08:05,01:11:10:17,2.5,2:12,2026-05-01,Chat GPT; Krea,Y,
CTD_101_RC1_20260602,101,CTD_AI_MSH_LodgeWipedOut_20260408_2a.mov,01:11:10:17,01:11:15:14,4.88,4:21,2026-04-08,Chat GPT; Krea,Y,
CTD_101_RC1_20260602,101,CTD_AI_FDN_Coffee&Alarm_20260416_1b.mov,01:13:45:02,01:13:47:16,2.58,2:14,2026-04-16,Chat GPT; Krea,Y,Y
CTD_101_RC1_20260602,101,CTD_AI_FDN_BigPipe_20260522_1b.mov,01:13:47:16,01:13:50:19,3.13,3:03,2026-05-22,Chat GPT; Krea,Y,Y
CTD_101_RC1_20260602,101,CTD_AI_FDN_FiremenHose_20260505_3c.mov,01:13:50:19,01:13:53:09,2.58,2:14,2026-05-05,Chat GPT; Krea,Y,
CTD_101_RC1_20260602,101,CTD_AI_FDN_EarthquakeControlRoom_20260416_6a.mov,01:16:12:06,01:16:14:07,2.04,2:01,2026-04-16,Chat GPT; Krea,Y,
CTD_101_RC1_20260602,101,CTD_AI_FDN_Coffee&Alarm_20260416_1b.mov,01:16:14:07,01:16:16:04,1.88,1:21,2026-04-16,Chat GPT; Krea,Y,
CTD_101_RC1_20260602,101,CTD_AI_FDN_EarthquakeControlRoom_20260416_1a.mov,01:16:16:04,01:16:18:02,1.92,1:22,2026-04-16,Chat GPT; Krea,Y,
CTD_101_RC1_20260602,101,CTD_AI_FDN_AlarmCU_20260506_1a.mov,01:16:18:02,01:16:20:11,2.38,2:09,2026-05-06,Chat GPT; Krea,Y,
CTD_101_RC1_20260602,101,CTD_AI_FDN_EarthquakeControlRoom_20260416_2a.mov,01:16:20:11,01:16:21:18,1.29,1:07,2026-04-16,Chat GPT; Krea,Y,
CTD_101_RC1_20260602,101,CTD_AI_FDN_EarthquakeControlRoom_20260416_3a.mov,01:16:21:18,01:16:22:20,1.08,1:02,2026-04-16,Chat GPT; Krea,Y,
CTD_101_RC1_20260602,101,CTD_AI_FDN_EarthquakeControlRoom_20260416_5a.mov,01:16:22:20,01:16:25:06,2.42,2:10,2026-04-16,Chat GPT; Krea,Y,
CTD_101_RC1_20260602,101,CTD_AI_FDN_ControlRoomPower_20260505_1a.mov,01:16:25:06,01:16:27:03,1.88,1:21,2026-05-05,Chat GPT; Krea,Y,
CTD_101_RC1_20260602,101,CTD_AI_FDN_Temperature642_20260522_1b.mov,01:16:30:20,01:16:36:15,5.79,5:19,2026-05-22,Chat GPT; Krea,Y,
CTD_101_RC1_20260602,101,CTD_AI_FDN_ControlRoomButton_20260505_2a.mov,01:16:41:02,01:16:44:16,3.58,3:14,2026-05-05,Chat GPT; Krea,Y,
CTD_101_RC1_20260602,101,CTD_AI_FDN_PowerOn_20260506_1c.mov,01:16:45:16,01:16:49:15,3.96,3:23,2026-05-06,Chat GPT; Krea,Y,
CTD_101_RC1_20260602,101,CTD_AI_FDN_VoltageLevel_20260506_1b.mov,01:16:49:15,01:16:50:09,0.75,0:18,2026-05-06,Chat GPT; Krea,Y,Y
CTD_101_RC1_20260602,101,CTD_AI_FDN_VoltageLevel_20260506_1b.mov,01:16:50:09,01:16:51:14,1.21,1:05,2026-05-06,Chat GPT; Krea,Y,
CTD_101_RC1_20260602,101,CTD_AI_FDN_ControlRoomPower_20260505_1a.mov,01:16:51:14,01:16:55:08,3.75,3:18,2026-05-05,Chat GPT; Krea,Y,Y
CTD_101_RC1_20260602,101,CTD_AI_FDN_LowAngleTsunami_20260501_1a.mov,01:17:11:22,01:17:13:18,1.83,1:20,2026-05-01,Chat GPT; Krea,Y,
CTD_101_RC1_20260602,101,CTD_AI_FDN_TsunamiMisc_20260421_12a.mov,01:17:13:18,01:17:15:21,2.13,2:03,2026-04-21,Chat GPT; Krea,Y,
CTD_101_RC1_20260602,101,CTD_AI_FDN_TsunamiMisc_20260416_1a.mov,01:17:15:21,01:17:17:12,1.63,1:15,2026-04-16,Chat GPT; Krea,Y,
CTD_101_RC1_20260602,101,CTD_AI_FDN_TsunamiMisc_20260421_11c.mov,01:17:17:12,01:17:19:04,1.67,1:16,2026-04-21,Chat GPT; Krea,Y,
CTD_101_RC1_20260602,101,CTD_AI_FDN_TsunamiTopDown_20260416_1b.mov,01:17:19:04,01:17:20:17,1.54,1:13,2026-04-16,Chat GPT; Krea,Y,
CTD_101_RC1_20260602,101,CTD_AI_FDN_GeneratorFlood_20260417_2a.mov,01:17:20:17,01:17:23:17,3,3:00,2026-04-17,Chat GPT; Krea,Y,Y
CTD_101_RC1_20260602,101,CTD_AI_FDN_GeneratorFlood_20260417_3b.mov,01:17:23:17,01:17:24:13,0.83,0:20,2026-04-17,Chat GPT; Krea,Y,
CTD_101_RC1_20260602,101,CTD_AI_FDN_EarthquakeControlRoom_20260501_3a.mov,01:17:26:19,01:17:27:19,1,1:00,2026-05-01,Chat GPT; Krea,Y,
CTD_101_RC1_20260602,101,CTD_AI_FDN_GeneratorPanel_20260501_1a.mov,01:17:27:19,01:17:30:02,2.29,2:07,2026-05-01,Chat GPT; Krea,Y,
CTD_101_RC1_20260602,101,CTD_AI_FDN_EarthquakeControlRoom_20260501_1b.mov,01:17:30:02,01:17:31:12,1.42,1:10,2026-05-01,Chat GPT; Krea,Y,
CTD_101_RC1_20260602,101,CTD_AI_FDN_ControlRoomFlash_20260505_1a.mov,01:17:35:18,01:17:38:04,2.42,2:10,2026-05-05,Chat GPT; Krea,Y,
CTD_101_RC1_20260602,101,CTD_AI_FDN_FireTrucks_20260505_5b.mov,01:18:22:16,01:18:24:20,2.17,2:04,2026-05-05,Chat GPT; Krea,Y,Y
CTD_101_RC1_20260602,101,CTD_AI_FDN_FiremenHose_20260505_3c.mov,01:18:24:20,01:18:26:12,1.67,1:16,2026-05-05,Chat GPT; Krea,Y,Y
CTD_101_RC1_20260602,101,CTD_AI_FDN_FiremenHose_20260505_2a.mov,01:18:27:18,01:18:30:13,2.79,2:19,2026-05-05,Chat GPT; Krea,Y,
CTD_101_RC1_20260602,101,CTD_AI_FDN_Temperature5000_20260505_1b.mov,01:18:33:16,01:18:36:14,2.92,2:22,2026-05-05,Chat GPT; Krea,Y,
CTD_101_RC1_20260602,101,CTD_AI_FDN_BigPipe_20260602_1a.mov,01:18:40:09,01:18:43:22,3.54,3:13,2026-06-02,Chat GPT; Krea,Y,
CTD_101_RC1_20260602,101,CTD_AI_FDN_GeigerCounter_20260501_1a.mov,01:18:45:14,01:18:47:09,1.79,1:19,2026-05-01,Chat GPT; Krea,Y,
CTD_101_RC1_20260602,101,CTD_AI_FDN_FeetRunning_20260522_1b.mov,01:18:52:02,01:18:54:09,2.29,2:07,2026-05-22,Chat GPT; Krea,Y,
CTD_101_RC1_20260602,101,CTD_AI_FDN_WideSuitUp_20260501_3a.mov,01:18:54:09,01:18:56:00,1.63,1:15,2026-05-01,Chat GPT; Krea,Y,
CTD_101_RC1_20260602,101,CTD_AI_FDN_CloseSuitUp_20260506_1b.mov,01:18:57:03,01:18:58:00,0.88,0:21,2026-05-06,Chat GPT; Krea,Y,
CTD_101_RC1_20260602,101,CTD_AI_FDN_MaskUp_20260501_1a.mov,01:18:58:00,01:18:58:23,0.96,0:23,2026-05-01,Chat GPT; Krea,Y,
CTD_101_RC1_20260602,101,CTD_AI_FDN_WideSuitUp_20260501_4c.mov,01:18:58:23,01:19:01:17,2.75,2:18,2026-05-01,Chat GPT; Krea,Y,
CTD_101_RC1_20260602,101,CTD_AI_FDN_TurningBigWheel_20260522_5a.mov,01:19:10:00,01:19:12:10,2.42,2:10,2026-05-22,Chat GPT; Krea,Y,
CTD_101_RC1_20260602,101,CTD_AI_FDN_BootsWading_20260429_1a.mov,01:19:12:10,01:19:14:18,2.33,2:08,2026-04-29,Chat GPT; Krea,Y,
CTD_101_RC1_20260602,101,CTD_AI_FDN_TurningBigWheel_20260522_1b.mov,01:19:14:18,01:19:15:22,1.17,1:04,2026-05-22,Chat GPT; Krea,Y,
CTD_101_RC1_20260602,101,CTD_AI_FDN_TurningBigWheel_20260522_1a.mov,01:19:18:20,01:19:22:04,3.33,3:08,2026-05-22,Chat GPT; Krea,Y,
CTD_101_RC1_20260602,101,CTD_AI_FDN_TurningBigWheel_20260601_3b.mov,01:19:23:17,01:19:28:03,4.42,4:10,2026-06-01,Chat GPT; Krea,Y,
CTD_101_RC1_20260602,101,CTD_AI_FDN_TurningBigWheel_20260522_2c.mov,01:19:30:01,01:19:36:20,6.79,6:19,2026-05-22,Chat GPT; Krea,Y,
CTD_101_RC1_20260602,101,CTD_AI_FDN_BigPipe_20260522_1b.mov,01:19:42:17,01:19:49:13,6.83,6:20,2026-05-22,Chat GPT; Krea,Y,
CTD_101_RC1_20260602,101,CTD_AI_FDN_BigPipe_20260522_2a.mov,01:19:53:08,01:19:56:20,3.5,3:12,2026-05-22,Chat GPT; Krea,Y,
CTD_101_RC1_20260602,101,CTD_AI_FDN_SparksWire_20260522_1b.mov,01:19:58:12,01:20:00:16,2.17,2:04,2026-05-22,Chat GPT; Krea,Y,
CTD_101_RC1_20260602,101,CTD_AI_FDN_Reactorexplosion_20260521_6a.mov,01:20:00:15,01:20:02:01,1.42,1:10,2026-05-21,Chat GPT; Krea,Y,
CTD_101_RC1_20260602,101,CTD_AI_FDN_Reactorexplosion_20260521_9a.mov,01:20:02:01,01:20:03:05,1.17,1:04,2026-05-21,Chat GPT; Krea,Y,
CTD_101_RC1_20260602,101,CTD_AI_FDN_Reactorexplosion_20260521_24a.mov,01:20:03:05,01:20:04:15,1.42,1:10,2026-05-21,Chat GPT; Krea,Y,
CTD_101_RC1_20260602,101,CTD_AI_FDN_Reactorexplosion_20260521_28a.mov,01:20:04:15,01:20:06:09,1.75,1:18,2026-05-21,Chat GPT; Krea,Y,
CTD_101_RC1_20260602,101,CTD_AI_FDN_ReactorExplodes_20260520_1b.MOV,01:20:06:09,01:20:10:13,4.17,4:04,2026-05-20,Chat GPT; Krea,Y,
CTD_101_RC1_20260602,101,CTD_AI_FDN_Reactorexplosion_20260521_18a.mov,01:20:10:13,01:20:13:18,3.21,3:05,2026-05-21,Chat GPT; Krea,Y,
CTD_101_RC1_20260602,101,CTD_AI_FDN_ReactorExplodes_20260520_2a.MOV,01:20:22:05,01:20:26:19,4.58,4:14,2026-05-20,Chat GPT; Krea,Y,
CTD_101_RC1_20260602,101,CTD_AI_FDN_Reactorexplosion_20260521_34a.mov,01:20:26:19,01:20:28:12,1.71,1:17,2026-05-21,Chat GPT; Krea,Y,
CTD_101_RC1_20260602,101,CTD_AI_FDN_GroupMeeting_20260505_1a.mov,01:20:28:12,01:20:33:02,4.58,4:14,2026-05-05,Chat GPT; Krea,Y,
CTD_101_RC1_20260602,101,CTD_AI_FDN_Reactorexplosion_20260521_19a.mov,01:20:44:03,01:20:51:16,7.54,7:13,2026-05-21,Chat GPT; Krea,Y,
CTD_101_RC1_20260602,101,CTD_AI_FDN_Reactorexplosion_20260521_34a.mov,01:20:51:16,01:20:56:04,4.5,4:12,2026-05-21,Chat GPT; Krea,Y,Y
CTD_101_RC1_20260602,101,CTD_AI_FDN_Reactorexplosion_20260521_7a.mov,01:20:56:04,01:21:00:01,3.88,3:21,2026-05-21,Chat GPT; Krea,Y,
CTD_101_RC1_20260602,101,CTD_AI_FDN_Reactorexplosion_20260521_21a.mov,01:21:05:06,01:21:07:14,2.33,2:08,2026-05-21,Chat GPT; Krea,Y,
CTD_101_RC1_20260602,101,CTD_AI_FDN_ReactorExplosion_20260511_5e.mov,01:21:07:14,01:21:10:03,2.54,2:13,2026-05-11,Chat GPT; Krea,Y,
CTD_101_RC1_20260602,101,CTD_AI_FDN_Reactorexplosion_20260521_30a.mov,01:21:10:03,01:21:11:13,1.42,1:10,2026-05-21,Chat GPT; Krea,Y,Y
CTD_101_RC1_20260602,101,CTD_AI_FDN_Reactorexplosion_20260521_31a.mov,01:21:11:13,01:21:13:14,2.04,2:01,2026-05-21,Chat GPT; Krea,Y,Y
CTD_101_RC1_20260602,101,CTD_AI_FDN_Reactorexplosion_20260521_32a.mov,01:21:13:14,01:21:18:07,4.71,4:17,2026-05-21,Chat GPT; Krea,Y,
CTD_101_RC1_20260602,101,CTD_AI_FDN_GroupMeeting_20260505_1a.mov,01:21:39:06,01:21:46:12,7.25,7:06,2026-05-05,Chat GPT; Krea,Y,Y
CTD_101_RC1_20260602,101,CTD_AI_TXC_WorkerBags_20260515_1b.mov,01:24:23:03,01:24:24:10,1.29,1:07,2026-05-15,Chat GPT; Krea,Y,
CTD_101_RC1_20260602,101,CTD_AI_TXC_POVFindingBurningBag_20260525_1d.mov,01:24:24:10,01:24:26:18,2.33,2:08,2026-05-26,Chat GPT; Krea,Y,
CTD_101_RC1_20260602,101,CTD_AI_TXC_BurningBag_20260525_1a.mov,01:24:31:01,01:24:34:01,3,3:00,2026-05-26,Chat GPT; Krea,Y,
CTD_101_RC1_20260602,101,CTD_AI_TXC_BurningBag_20260526_1b.mov,01:24:36:10,01:24:38:07,1.88,1:21,2026-05-26,Chat GPT; Krea,Y,
CTD_101_RC1_20260602,101,CTD_AI_TXC_MovingBags_20260511_1a.mov,01:24:38:07,01:24:39:18,1.46,1:11,2026-05-11,Chat GPT; Krea,Y,
CTD_101_RC1_20260602,101,CTD_AI_TXC_BagExplosion_20260515_1c.mov,01:24:47:06,01:24:50:17,3.46,3:11,2026-05-15,Chat GPT; Krea,Y,Y
CTD_101_RC1_20260602,101,CTD_AI_TXC_WaterBucket_20260525_1b.mov,01:24:52:14,01:24:54:18,2.17,2:04,2026-05-26,Chat GPT; Krea,Y,
CTD_101_RC1_20260602,101,CTD_AI_TXC_DraggingFireHose_20260522_1b.mov,01:24:54:18,01:24:56:07,1.54,1:13,2026-05-22,Chat GPT; Krea,Y,
CTD_101_RC1_20260602,101,CTD_AI_TXC_DraggingFireHose_20260522_2a.mov,01:24:56:07,01:24:57:18,1.46,1:11,2026-05-22,Chat GPT; Krea,Y,
CTD_101_RC1_20260602,101,CTD_AI_TXC_HatchFireHose_20260515_1a.mov,01:24:57:18,01:25:00:00,2.25,2:06,2026-05-15,Chat GPT; Krea,Y,
CTD_101_RC1_20260602,101,CTD_AI_TXC_FightingFire03_20260522_1a.mov,01:25:05:13,01:25:07:22,2.38,2:09,2026-05-22,Chat GPT; Krea,Y,
CTD_101_RC1_20260602,101,CTD_AI_TXC_MTarpHatch_20260515_1a.mov,01:25:22:01,01:25:23:21,1.83,1:20,2026-05-15,Chat GPT; Krea,Y,
CTD_101_RC1_20260602,101,CTD_AI_TXC_CUTarpHatch_20260515_1a.mov,01:25:23:21,01:25:25:13,1.67,1:16,2026-05-15,Chat GPT; Krea,Y,
CTD_101_RC1_20260602,101,CTD_AI_TXC_TarpHatch_20260515_1a.mov,01:25:25:13,01:25:29:04,3.63,3:15,2026-05-15,Chat GPT; Krea,Y,
CTD_101_RC1_20260602,101,CTD_AI_TXC_BagExplosion_20260525_1b.mov,01:25:37:13,01:25:43:04,5.63,5:15,2026-05-26,Chat GPT; Krea,Y,
CTD_101_RC1_20260602,101,CTD_AI_TXC_BagExplosion_20260515_1c.mov,01:25:43:04,01:25:43:21,0.71,0:17,2026-05-15,Chat GPT; Krea,Y,Y
CTD_101_RC1_20260602,101,CTD_AI_TXC_BlowPortWindows_20260522_1a.mov,01:25:43:21,01:25:45:13,1.67,1:16,2026-05-22,Chat GPT; Krea,Y,Y
CTD_101_RC1_20260602,101,CTD_AI_TXC_BlowPortWindows_20260522_1a.mov,01:25:47:18,01:25:50:12,2.75,2:18,2026-05-22,Chat GPT; Krea,Y,Y
CTD_101_RC1_20260602,101,CTD_AI_TXC_BoatExplode_20260526_1a.mov,01:26:05:18,01:26:13:11,7.71,7:17,2026-05-26,Chat GPT; Krea,Y,
CTD_101_RC1_20260602,101,CTD_AI_TXC_NEWBoatExplosion_20260522_1a.mov,01:26:13:11,01:26:17:07,3.83,3:20,2026-05-22,Chat GPT; Krea,Y,Y
CTD_101_RC1_20260602,101,CTD_AI_TXC_NEWBaseball02_20260522_1a.mov,01:26:28:20,01:26:35:05,6.38,6:09,2026-05-22,Chat GPT; Krea,Y,
CTD_101_RC1_20260602,101,CTD_AI_TXC_Baseball_20260522_1c.mov,01:26:38:23,01:26:44:04,5.21,5:05,2026-05-22,Chat GPT; Krea,Y,
CTD_101_RC1_20260602,101,CTD_AI_TXC_WaveImpact_20260526_2a.mov,01:27:01:13,01:27:04:07,2.75,2:18,2026-05-26,Chat GPT; Krea,Y,
CTD_101_RC1_20260602,101,CTD_AI_TXC_WaveImpact_20260526_1a.mov,01:27:04:07,01:27:08:14,4.29,4:07,2026-05-26,Chat GPT; Krea,Y,
CTD_101_RC1_20260602,101,CTD_AI_CHF_WinterTown_20260520_1a.MOV,01:27:51:15,01:27:53:09,1.75,1:18,2026-05-20,Chat GPT; Krea,Y,
CTD_101_RC1_20260602,101,CTD_AI_CHF_WinterTown_20260520_2a.MOV,01:27:53:09,01:27:55:03,1.75,1:18,2026-05-20,Chat GPT; Krea,Y,
CTD_101_RC1_20260602,101,CTD_AI_CHF_WinterTown_20260520_3e.MOV,01:27:55:03,01:27:56:06,1.13,1:24,2026-05-20,Chat GPT; Krea,Y,
CTD_101_RC1_20260602,101,CTD_AI_CHF_MeltingRiver_20260520_4a.MOV,01:27:56:06,01:27:57:07,1.04,1:01,2026-05-20,Chat GPT; Krea,Y,Y
CTD_101_RC1_20260602,101,CTD_AI_CHF_TownFlood_20260511_3a.mov,01:27:57:07,01:27:58:05,0.92,0:22,2026-05-11,Chat GPT; Krea,Y,
CTD_101_RC1_20260602,101,CTD_AI_CHF_WuhanFloodPOV_20260520_1a.MOV,01:27:58:05,01:27:59:21,1.67,1:16,2026-05-20,Chat GPT; Krea,Y,
CTD_101_RC1_20260602,101,CTD_AI_CHF_TownFlood_20260511_6a.mov,01:27:59:21,01:28:00:18,0.88,0:21,2026-05-11,Chat GPT; Krea,Y,Y
CTD_101_RC1_20260602,101,CTD_AI_CHF_TownFlood_20260511_6a.mov,01:28:00:18,01:28:01:12,0.75,0:18,2026-05-11,Chat GPT; Krea,Y,
CTD_101_RC1_20260602,101,CTD_AI_CHF_Dike_20260526_5f.mov,01:28:01:12,01:28:05:02,3.58,3:14,2026-05-26,Chat GPT; Krea,Y,
CTD_101_RC1_20260602,101,CTD_AI_CHF_WinterTown_20260520_3d.MOV,01:28:13:12,01:28:17:05,3.71,3:17,2026-05-20,Chat GPT; Krea,Y,
CTD_101_RC1_20260602,101,CTD_AI_CHF_WinterTown_20260520_2b.MOV,01:28:17:05,01:28:21:23,4.75,4:18,2026-05-20,Chat GPT; Krea,Y,
CTD_101_RC1_20260602,101,CTD_AI_CHF_MeltingRiver_20260520_4a.MOV,01:28:45:17,01:28:48:19,3.08,3:02,2026-05-20,Chat GPT; Krea,Y,
CTD_101_RC1_20260602,101,CTD_AI_CHF_MeltingRiver_20260520_2a.MOV,01:28:57:01,01:28:59:11,2.42,2:10,2026-05-20,Chat GPT; Krea,Y,
CTD_101_RC1_20260602,101,CTD_AI_CHF_River_20260511_1d.mov,01:28:59:11,01:29:01:15,2.17,2:04,2026-05-11,Chat GPT; Krea,Y,
CTD_101_RC1_20260602,101,CTD_AI_CHF_CUMiscRain_20260511_1e.mov,01:29:04:08,01:29:08:07,3.96,3:23,2026-05-11,Chat GPT; Krea,Y,
CTD_101_RC1_20260602,101,CTD_AI_CHF_FloodedHut_20260511_5a.mov,01:29:08:07,01:29:11:22,3.63,3:15,2026-05-11,Chat GPT; Krea,Y,
CTD_101_RC1_20260602,101,CTD_AI_CHF_TownWide_20260511_1a.mov,01:29:15:11,01:29:17:16,2.21,2:05,2026-05-11,Chat GPT; Krea,Y,
CTD_101_RC1_20260602,101,CTD_AI_CHF_TownFlood_20260511_4a.mov,01:29:17:16,01:29:21:12,3.83,3:20,2026-05-11,Chat GPT; Krea,Y,
CTD_101_RC1_20260602,101,CTD_AI_CHF_Storm_20260528_1f.mov,01:29:21:12,01:29:22:17,1.21,1:05,2026-05-28,Chat GPT; Krea,Y,Y
CTD_101_RC1_20260602,101,CTD_AI_CHF_Storm_20260528_1f.mov,01:29:22:17,01:29:24:09,1.67,1:16,2026-05-28,Chat GPT; Krea,Y,Y
CTD_101_RC1_20260602,101,CTD_AI_CHF_Storm_20260528_6c.mov,01:29:24:09,01:29:27:12,3.13,3:03,2026-05-28,Chat GPT; Krea,Y,
CTD_101_RC1_20260602,101,CTD_AI_CHF_FloodedVillage_20260526_5b.mov,01:29:36:12,01:29:40:16,4.17,4:04,2026-05-26,Chat GPT; Krea,Y,
CTD_101_RC1_20260602,101,CTD_AI_CHF_TownFlood_20260511_6a.mov,01:29:42:04,01:29:43:04,1,1:00,2026-05-11,Chat GPT; Krea,Y,Y
CTD_101_RC1_20260602,101,CTD_AI_CHF_TownFlood_20260511_6a.mov,01:29:43:04,01:29:44:18,1.58,1:14,2026-05-11,Chat GPT; Krea,Y,Y
CTD_101_RC1_20260602,101,CTD_AI_CHF_FloodedWuhan_20260526_9a.mov,01:30:21:13,01:30:28:14,7.04,7:01,2026-05-26,Chat GPT; Krea,Y,
CTD_101_RC1_20260602,101,CTD_AI_CHF_Dike_20260526_1a.mov,01:30:28:14,01:30:35:20,7.25,7:06,2026-05-26,Chat GPT; Krea,Y,Y
CTD_101_RC1_20260602,101,CTD_AI_CHF_FloodedWuhan_20260526_10e.mov,01:30:40:06,01:30:45:17,5.46,5:11,2026-05-26,Chat GPT; Krea,Y,Y
CTD_101_RC1_20260602,101,CTD_AI_CHF_FloodedWuhan_20260526_1b.mov,01:30:45:17,01:30:49:09,3.67,3:16,2026-05-26,Chat GPT; Krea,Y,
CTD_101_RC1_20260602,101,CTD_AI_CHF_FloodedWuhan_20260526_7a.mov,01:30:51:20,01:30:54:09,2.54,2:13,2026-05-26,Chat GPT; Krea,Y,
CTD_101_RC1_20260602,101,CTD_AI_CHF_FloodedWuhan_20260526_5c.mov,01:30:54:09,01:30:57:00,2.63,2:15,2026-05-26,Chat GPT; Krea,Y,
CTD_101_RC1_20260602,101,CTD_AI_CHF_FloodedWuhan_20260526_6b.mov,01:31:04:16,01:31:08:19,4.13,4:03,2026-05-26,Chat GPT; Krea,Y,Y
CTD_101_RC1_20260602,101,CTD_AI_CHF_WuhanFloodPOV_20260520_1a.MOV,01:31:17:02,01:31:21:14,4.5,4:12,2026-05-20,Chat GPT; Krea,Y,Y
CTD_101_RC1_20260602,101,CTD_AI_447_Planemisc_20260507_1e.mov,01:32:19:00,01:32:20:17,1.71,1:17,2026-05-07,Chat GPT; Krea,Y,Y
CTD_101_RC1_20260602,101,CTD_AI_447_FranticControl_20260511_1b.mov,01:32:20:17,01:32:23:07,2.58,2:14,2026-05-11,Chat GPT; Krea,Y,
CTD_101_RC1_20260602,101,CTD_AI_447_Planemisc_20260507_1g.mov,01:32:23:07,01:32:25:05,1.92,1:22,2026-05-07,Chat GPT; Krea,Y,Y
CTD_101_RC1_20260602,101,CTD_AI_447_Warning_20260507_1a.mov,01:32:25:05,01:32:26:10,1.21,1:05,2026-05-07,Chat GPT; Krea,Y,Y
CTD_101_RC1_20260602,101,CTD_AI_447_Planemisc_20260507_1i.mov,01:32:26:10,01:32:28:01,1.63,1:15,2026-05-07,Chat GPT; Krea,Y,Y
CTD_101_RC1_20260602,101,CTD_AI_447_FeetApproach_20260511_1a.mov,01:32:32:08,01:32:33:12,1.17,1:04,2026-05-11,Chat GPT; Krea,Y,Y
CTD_101_RC1_20260602,101,CTD_AI_447_Taildown_20260511_1b.mov,01:32:33:12,01:32:36:16,3.17,3:04,2026-05-11,Chat GPT; Krea,Y,
CTD_101_RC1_20260602,101,CTD_AI_447_CalmCabin_20260514_1c.mov,01:33:02:13,01:33:06:16,4.13,4:03,2026-05-14,Chat GPT; Krea,Y,
CTD_101_RC1_20260602,101,CTD_AI_447_WideCockpit_20260423_1a.mov,01:33:21:02,01:33:23:07,2.21,2:05,2026-04-23,Chat GPT; Krea,Y,
CTD_101_RC1_20260602,101,CTD_AI_447_CalmFlight_20260520_2a.mov,01:33:28:11,01:33:32:13,4.08,4:02,2026-05-20,Chat GPT; Krea,Y,
CTD_101_RC1_20260602,101,CTD_AI_447_DuboisLeaving_20260507_3a.mov,01:33:32:13,01:33:34:17,2.17,2:04,2026-05-07,Chat GPT; Krea,Y,
CTD_101_RC1_20260602,101,CTD_AI_447_CaptainLeaves_20260511_2a.mov,01:33:34:17,01:33:39:14,4.88,4:21,2026-05-11,Chat GPT; Krea,Y,
CTD_101_RC1_20260602,101,CTD_AI_447_Planemisc_20260507_1e.mov,01:33:50:22,01:33:54:03,3.21,3:05,2026-05-07,Chat GPT; Krea,Y,
CTD_101_RC1_20260602,101,CTD_AI_447_Planemisc_20260507_1g.mov,01:33:54:03,01:33:56:01,1.92,1:22,2026-05-07,Chat GPT; Krea,Y,
CTD_101_RC1_20260602,101,CTD_AI_447_Planemisc_20260507_1h.mov,01:34:05:02,01:34:05:21,0.79,0:19,2026-05-07,Chat GPT; Krea,Y,
CTD_101_RC1_20260602,101,CTD_AI_447_HailWindow_20260512_1b.mov,01:34:05:21,01:34:07:23,2.08,2:02,2026-05-12,Chat GPT; Krea,Y,
CTD_101_RC1_20260602,101,CTD_AI_447_Planemisc_20260507_1e.mov,01:34:07:23,01:34:09:16,1.71,1:17,2026-05-07,Chat GPT; Krea,Y,Y
CTD_101_RC1_20260602,101,CTD_AI_447_RightStick_20260507_1d.mov,01:34:12:21,01:34:15:00,2.13,2:03,2026-05-07,Chat GPT; Krea,Y,Y
CTD_101_RC1_20260602,101,CTD_AI_447_StormyWindow_20260507_1a.mov,01:34:16:13,01:34:20:07,3.75,3:18,2026-05-07,Chat GPT; Krea,Y,
CTD_101_RC1_20260602,101,CTD_AI_447_CUPitotTube_20260423_1a.mov,01:34:25:10,01:34:27:13,2.13,2:03,2026-04-23,Chat GPT; Krea,Y,
CTD_101_RC1_20260602,101,CTD_AI_447_CUPitotTube_20260423_2b.mov,01:34:30:16,01:34:32:20,2.17,2:04,2026-04-23,Chat GPT; Krea,Y,
CTD_101_RC1_20260602,101,CTD_AI_447_Planemisc_20260507_1h.mov,01:34:32:20,01:34:35:18,2.92,2:22,2026-05-07,Chat GPT; Krea,Y,Y
CTD_101_RC1_20260602,101,CTD_AI_447_CUAutoPilotOff_20260423_1b.mov,01:34:38:18,01:34:40:21,2.13,2:03,2026-04-23,Chat GPT; Krea,Y,
CTD_101_RC1_20260602,101,CTD_AI_447_WideCockpit_20260423_2a.mov,01:34:43:03,01:34:45:23,2.83,2:20,2026-04-23,Chat GPT; Krea,Y,
CTD_101_RC1_20260602,101,CTD_AI_447_Planemisc_20260507_1c.mov,01:34:48:09,01:34:51:18,3.38,3:09,2026-05-07,Chat GPT; Krea,Y,
CTD_101_RC1_20260602,101,CTD_AI_447_CUFlightControls_20260512_1b.mov,01:35:02:10,01:35:04:16,2.25,2:06,2026-05-12,Chat GPT; Krea,Y,
CTD_101_RC1_20260602,101,CTD_AI_447_PlaneFalling_20260520_2a.mov,01:35:07:16,01:35:11:04,3.5,3:12,2026-05-20,Chat GPT; Krea,Y,
CTD_101_RC1_20260602,101,CTD_AI_447_FlightControls_20260512_1f.mov,01:35:16:16,01:35:22:13,5.88,5:21,2026-05-12,Chat GPT; Krea,Y,
CTD_101_RC1_20260602,101,CTD_AI_447_NoseUp_20260520_2b.mov,01:35:34:08,01:35:38:20,4.5,4:12,2026-05-20,Chat GPT; Krea,Y,
CTD_101_RC1_20260602,101,CTD_AI_447_NoseUp_20260520_3a.mov,01:35:42:23,01:35:45:05,2.25,2:06,2026-05-20,Chat GPT; Krea,Y,
CTD_101_RC1_20260602,101,CTD_AI_447_Warning_20260507_1a.mov,01:35:45:05,01:35:46:22,1.71,1:17,2026-05-07,Chat GPT; Krea,Y,Y
CTD_101_RC1_20260602,101,CTD_AI_447_Sweat_20260514_1b.mov,01:35:48:19,01:35:49:13,0.75,0:18,2026-05-14,Chat GPT; Krea,Y,
CTD_101_RC1_20260602,101,CTD_AI_447_HandOnLeg_20260514_2a.mov,01:35:49:13,01:35:51:04,1.63,1:15,2026-05-14,Chat GPT; Krea,Y,
CTD_101_RC1_20260602,101,CTD_AI_447_FranticControl_20260511_1b.mov,01:35:52:06,01:35:54:09,2.13,2:03,2026-05-11,Chat GPT; Krea,Y,Y
CTD_101_RC1_20260602,101,CTD_AI_447_RightStick_20260507_1d.mov,01:35:59:10,01:36:01:09,1.96,1:23,2026-05-07,Chat GPT; Krea,Y,
CTD_101_RC1_20260602,101,CTD_AI_447_NoseUp_20260520_1b.mov,01:36:02:13,01:36:04:22,2.38,2:09,2026-05-20,Chat GPT; Krea,Y,
CTD_101_RC1_20260602,101,CTD_AI_447_RightStick_20260507_1b.mov,01:36:07:17,01:36:09:16,1.96,1:23,2026-05-07,Chat GPT; Krea,Y,
CTD_101_RC1_20260602,101,CTD_AI_447_LeftStickClose_20260507_1a.mov,01:36:10:23,01:36:13:03,2.17,2:04,2026-05-07,Chat GPT; Krea,Y,
CTD_101_RC1_20260602,101,CTD_AI_447_StormyWindow_20260507_1a.mov,01:36:13:03,01:36:14:15,1.5,1:12,2026-05-07,Chat GPT; Krea,Y,Y
CTD_101_RC1_20260602,101,CTD_AI_447_CUCallButton_20260423_1c.mov,01:36:14:15,01:36:17:11,2.83,2:20,2026-04-23,Chat GPT; Krea,Y,
CTD_101_RC1_20260602,101,CTD_AI_447_Sweat_20260514_1c.mov,01:36:17:11,01:36:19:14,2.13,2:03,2026-05-14,Chat GPT; Krea,Y,
CTD_101_RC1_20260602,101,CTD_AI_447_NoseUp_20260520_1a.mov,01:36:19:14,01:36:23:01,3.46,3:11,2026-05-20,Chat GPT; Krea,Y,Y
CTD_101_RC1_20260602,101,CTD_AI_447_NoseUp_20260520_1a.mov,01:36:31:06,01:36:35:15,4.38,4:09,2026-05-20,Chat GPT; Krea,Y,
CTD_101_RC1_20260602,101,CTD_AI_447_CabinArmrest_20260514_1a.mov,01:36:37:13,01:36:40:20,3.29,3:07,2026-05-14,Chat GPT; Krea,Y,
CTD_101_RC1_20260602,101,CTD_AI_447_Warning_20260507_1a.mov,01:36:43:11,01:36:46:03,2.67,2:16,2026-05-07,Chat GPT; Krea,Y,
CTD_101_RC1_20260602,101,CTD_AI_447_Taildown_20260511_1e.mov,01:36:52:16,01:36:56:11,3.79,3:19,2026-05-11,Chat GPT; Krea,Y,
CTD_101_RC1_20260602,101,CTD_AI_447_FranticControl_20260511_1c.mov,01:36:56:11,01:36:57:22,1.46,1:11,2026-05-11,Chat GPT; Krea,Y,
CTD_101_RC1_20260602,101,CTD_AI_447_Sweat_20260514_3e.mov,01:36:57:22,01:36:59:21,1.96,1:23,2026-05-14,Chat GPT; Krea,Y,
CTD_101_RC1_20260602,101,CTD_AI_447_RightStick_20260507_2a.mov,01:37:03:08,01:37:06:05,2.88,2:21,2026-05-07,Chat GPT; Krea,Y,
CTD_101_RC1_20260602,101,CTD_AI_447_CabinHeadrest_20260514_1b.mov,01:37:15:13,01:37:18:04,2.63,2:15,2026-05-14,Chat GPT; Krea,Y,
CTD_101_RC1_20260602,101,CTD_AI_447_IsleWaterBottle_20260515_2a.mov,01:37:18:04,01:37:20:08,2.17,2:04,2026-05-15,Chat GPT; Krea,Y,
CTD_101_RC1_20260602,101,CTD_AI_447_Taildown_20260511_1e.mov,01:37:24:10,01:37:27:12,3.08,3:02,2026-05-11,Chat GPT; Krea,Y,Y
CTD_101_RC1_20260602,101,CTD_AI_447_FeetApproach_20260511_1a.mov,01:37:32:22,01:37:37:14,4.67,4:16,2026-05-11,Chat GPT; Krea,Y,Y
CTD_101_RC1_20260602,101,CTD_AI_447_HailCloud_20260511_1a.mov,01:37:37:14,01:37:39:15,2.04,2:01,2026-05-11,Chat GPT; Krea,Y,
CTD_101_RC1_20260602,101,CTD_AI_447_RightStickPull_20260520_2a.mov,01:37:55:03,01:37:59:08,4.21,4:05,2026-05-20,Chat GPT; Krea,Y,
CTD_101_RC1_20260602,101,CTD_AI_447_Planecrash_20260601_2a.mov,01:38:06:20,01:38:13:14,6.75,6:18,2026-06-01,Chat GPT; Krea,Y,Y
CTD_101_RC1_20260602,101,CTD_AI_447_Planecrash_20260602_1d.mov,01:38:18:15,01:38:22:13,3.92,3:22,2026-06-02,Chat GPT; Krea,Y,
CTD_101_RC1_20260602,101,CTD_AI_447_Planecrash_20260520_2a.mov,01:38:22:13,01:38:27:13,5,5:00,2026-05-20,Chat GPT; Krea,Y,
CTD_101_RC1_20260602,101,CTD_AI_447_Debris_20260520_2a.mov,01:38:27:13,01:38:35:03,7.58,7:14,2026-05-20,Chat GPT; Krea,Y,
CTD_101_RC1_20260602,101,CTD_AI_447_Debris_20260520_1a.mov,01:39:03:20,01:39:06:13,2.71,2:17,2026-05-20,Chat GPT; Krea,Y,
CTD_101_RC1_20260602,101,CTD_AI_HIN_FlyingOcean_20260527_2b.mov,01:39:06:13,01:39:09:11,2.92,2:22,2026-05-27,Chat GPT; Krea,Y,Y
CTD_101_RC1_20260602,101,CTD_AI_HIN_CaptainPOV_20260527_1a.mov,01:39:09:11,01:39:10:22,1.46,1:11,2026-05-27,Chat GPT; Krea,Y,Y
CTD_101_RC1_20260602,101,CTD_AI_HIN_HinConstruction_20260512_2b.mov,01:39:37:16,01:39:41:09,3.71,3:17,2026-05-12,Chat GPT; Krea,Y,
CTD_101_RC1_20260602,101,CTD_AI_HIN_HinConstruction_20260512_2a.mov,01:39:45:06,01:39:49:02,3.83,3:20,2026-05-12,Chat GPT; Krea,Y,
CTD_101_RC1_20260602,101,CTD_AI_HIN_GassingUp_20260512_1a.mov,01:40:31:06,01:40:35:12,4.25,4:06,2026-05-12,Chat GPT; Krea,Y,
CTD_101_RC1_20260602,101,CTD_AI_HIN_GassingUp_20260512_1b.mov,01:40:35:12,01:40:40:17,5.21,5:05,2026-05-12,Chat GPT; Krea,Y,
CTD_101_RC1_20260602,101,CTD_AI_HIN_ApproachingNYC_20260527_1b.mov,01:40:57:00,01:41:00:03,3.13,3:03,2026-05-27,Chat GPT; Krea,Y,
CTD_101_RC1_20260602,101,CTD_AI_HIN_ApproachingNJ_20260527_1a.mov,01:41:01:23,01:41:04:00,2.04,2:01,2026-05-27,Chat GPT; Krea,Y,
CTD_101_RC1_20260602,101,CTD_AI_HIN_StormClouds_20260526_2a.mov,01:41:56:10,01:42:02:14,6.17,6:04,2026-05-26,Chat GPT; Krea,Y,
CTD_101_RC1_20260602,101,CTD_AI_HIN_MooringTower_20260512.mov,01:42:22:23,01:42:28:01,5.08,5:02,2026-05-12,Chat GPT; Krea,Y,
CTD_101_RC1_20260602,101,CTD_AI_HIN_ThrowingRopes_20260513_1a.mov,01:42:55:05,01:42:58:19,3.58,3:14,2026-05-12,Chat GPT; Krea,Y,
CTD_101_RC1_20260602,101,CTD_AI_HIN_CaptainPOV_20260527_1a.mov,01:42:58:19,01:43:03:22,5.13,5:03,2026-05-27,Chat GPT; Krea,Y,Y
CTD_101_RC1_20260602,101,CTD_AI_MSH_PyroclasticFlow_20260408_1a.mov,01:44:30:17,01:44:32:07,1.58,1:14,2026-04-08,Chat GPT; Krea,Y,
CTD_101_RC1_20260602,101,CTD_AI_MSH_PyroclasticFlow_20260408_2a.mov,01:44:32:07,01:44:33:05,0.92,0:22,2026-04-08,Chat GPT; Krea,Y,
CTD_101_RC1_20260602,101,CTD_AI_FDN_LowAngleTsunami_20260501_1a.mov,01:44:33:05,01:44:34:06,1.04,1:01,2026-05-01,Chat GPT; Krea,Y,Y
CTD_101_RC1_20260602,101,CTD_AI_FDN_ReactorExplodes_20260520_1b.MOV,01:44:34:06,01:44:35:14,1.33,1:08,2026-05-20,Chat GPT; Krea,Y,Y
CTD_101_RC1_20260602,101,CTD_AI_HIN_CaptainPOV_20260527_1a.mov,01:44:35:14,01:44:38:00,2.42,2:10,2026-05-27,Chat GPT; Krea,Y,
CTD_101_RC1_20260602,101,CTD_AI_447_NoseUp_20260520_3a.mov,01:44:38:00,01:44:39:01,1.04,1:01,2026-05-20,Chat GPT; Krea,Y,Y
CTD_101_RC1_20260602,101,CTD_AI_TXC_BagExplosion_20260515_1c.mov,01:44:39:01,01:44:39:19,0.75,0:18,2026-05-15,Chat GPT; Krea,Y,Y
CTD_101_RC1_20260602,101,CTD_AI_CHF_Dike_20260526_1a.mov,01:44:39:19,01:44:40:19,1,1:00,2026-05-26,Chat GPT; Krea,Y,Y
CTD_101_RC1_20260602,101,CTD_AI_447_FlightControls_20260512_1f.mov,01:44:40:19,01:44:42:08,1.54,1:13,2026-05-12,Chat GPT; Krea,Y,
CTD_101_RC1_20260602,101,CTD_AI_CHF_FloodedWuhan_20260526_6b.mov,01:44:42:08,01:44:42:19,0.46,0:11,2026-05-26,Chat GPT; Krea,Y,
CTD_101_RC1_20260602,101,CTD_AI_TXC_BagExplosion_20260515_1c.mov,01:44:42:19,01:44:43:04,0.38,0:09,2026-05-15,Chat GPT; Krea,Y,
CTD_101_RC1_20260602,101,CTD_AI_TXC_BlowPortWindows_20260522_1a.mov,01:44:43:04,01:44:43:14,0.42,0:10,2026-05-22,Chat GPT; Krea,Y,Y
CTD_101_RC1_20260602,101,CTD_AI_447_Planecrash_20260507_1b.mov,01:44:43:14,01:44:46:13,2.96,2:23,2026-05-07,Chat GPT; Krea,Y,
CTD_101_RC2_20260626,101,CTD_AI_MSH_OrangeGlow_20260617_1a.mov,01:00:10:01,01:00:11:06,1.21,1:05,2026-06-17,Chat GPT; Krea,,
CTD_101_RC2_20260626,101,CTD_AI_MSH_UndergroundLava_20260617_1e.mov,01:00:11:06,01:00:12:18,1.5,1:12,2026-06-17,Chat GPT; Krea,,
CTD_101_RC2_20260626,101,CTD_AI_MSH_SurfaceCracking_20260617_1a.mov,01:00:12:18,01:00:14:20,2.08,2:02,2026-06-17,Chat GPT; Krea,,
CTD_101_RC2_20260626,101,CTD_AI_HIN_HinConstruction_20260512_2b.mov,01:00:14:20,01:00:16:03,1.29,1:07,2026-05-12,Chat GPT; Krea,,
CTD_101_RC2_20260626,101,CTD_AI_HIN_FlyingOcean_20260527_2b.mov,01:00:16:03,01:00:18:08,2.21,2:05,2026-05-27,Chat GPT; Krea,,
CTD_101_RC2_20260626,101,CTD_AI_HIN_CaptainPOV_20260527_1a.mov,01:00:18:08,01:00:19:19,1.46,1:11,2026-05-27,Chat GPT; Krea,,
CTD_101_RC2_20260626,101,CTD_AI_MSH_PyroclasticFlow_20260501_3e.mov,01:00:22:07,01:00:23:08,1.04,1:01,2026-05-01,Chat GPT; Krea,,
CTD_101_RC2_20260626,101,CTD_AI_MSH_DJwipeout_20260505_1h.mov,01:00:23:08,01:00:25:02,1.75,1:18,2026-05-05,Chat GPT; Krea,,
CTD_101_RC2_20260626,101,CTD_AI_MSH_DJovertheshoulder_20260501_2c.mov,01:00:25:02,01:00:27:05,2.13,2:03,2026-05-01,Chat GPT; Krea,,
CTD_101_RC2_20260626,101,CTD_AI_MSH_LodgeWipeOut_20260505_1f.mov,01:00:27:05,01:00:30:04,2.96,2:23,2026-05-05,Chat GPT; Krea,,
CTD_101_RC2_20260626,101,CTD_AI_TXC_NEWBagExplosion_20260522_3b.mov,01:00:42:07,01:00:44:01,1.75,1:18,2026-05-22,Chat GPT; Krea,,
CTD_101_RC2_20260626,101,CTD_AI_TXC_HatchExplode_20260522_1a.mov,01:00:44:01,01:00:45:22,1.88,1:21,2026-05-22,Chat GPT; Krea,,
CTD_101_RC2_20260626,101,CTD_AI_TXC_BlowPortWindows_20260522_1a.mov,01:00:45:22,01:00:46:22,1,1:00,2026-05-22,Chat GPT; Krea,,
CTD_101_RC2_20260626,101,CTD_AI_TXC_NEWBoatExplosion_20260522_1a.mov,01:00:46:22,01:00:47:21,0.96,0:23,2026-05-22,Chat GPT; Krea,,
CTD_101_RC2_20260626,101,CTD_AI_FDN_GeneratorFlood_20260417_2a.mov,01:00:53:20,01:00:55:07,1.46,1:11,2026-04-17,Chat GPT; Krea,,
CTD_101_RC2_20260626,101,CTD_AI_FDN_FireTrucks_20260505_5b.mov,01:00:55:07,01:00:56:16,1.38,1:09,2026-05-05,Chat GPT; Krea,,
CTD_101_RC2_20260626,101,CTD_AI_FDN_WideSuitUpZipUp_20260617_1a.mov,01:00:56:16,01:00:57:10,0.75,0:18,2026-06-17,Chat GPT; Krea,,
CTD_101_RC2_20260626,101,CTD_AI_FDN_WideSuitUp_20260615_3b.mov,01:00:57:10,01:00:58:06,0.83,0:20,2026-06-16,Chat GPT; Krea,,
CTD_101_RC2_20260626,101,CTD_AI_FDN_MaskUp_20260615_1b.mov,01:00:58:06,01:00:59:07,1.04,1:01,2026-06-16,Chat GPT; Krea,,
CTD_101_RC2_20260626,101,CTD_AI_FDN_Reactorexplosion_20260521_30a.mov,01:01:02:01,01:01:02:16,0.63,0:15,2026-05-21,Chat GPT; Krea,,
CTD_101_RC2_20260626,101,CTD_AI_FDN_Reactorexplosion_20260521_31a.mov,01:01:02:16,01:01:05:03,2.46,2:11,2026-05-21,Chat GPT; Krea,,
CTD_101_RC2_20260626,101,CTD_AI_FDN_SparksWire_20260522_1b.mov,01:01:05:03,01:01:06:01,0.92,0:22,2026-05-22,Chat GPT; Krea,,
CTD_101_RC2_20260626,101,CTD_AI_CHF_Dike_20260526_2e.mov,01:01:06:01,01:01:06:21,0.83,0:20,2026-05-26,Chat GPT; Krea,,
CTD_101_RC2_20260626,101,CTD_AI_447_HailCloud_20260623_1a.mov,01:01:06:21,01:01:07:20,0.96,0:23,2026-06-23,Chat GPT; Krea,,
CTD_101_RC2_20260626,101,CTD_AI_FDN_BigPipe_20260522_1b.mov,01:01:07:20,01:01:08:17,0.88,0:21,2026-05-22,Chat GPT; Krea,,
CTD_101_RC2_20260626,101,CTD_AI_FDN_TsunamiMisc_20260416_1a.mov,01:01:08:17,01:01:09:15,0.92,0:22,2026-04-16,Chat GPT; Krea,,
CTD_101_RC2_20260626,101,CTD_AI_CHF_Storm_20260528_1f.mov,01:01:09:15,01:01:10:19,1.17,1:04,2026-05-28,Chat GPT; Krea,,
CTD_101_RC2_20260626,101,CTD_AI_CHF_FloodedWuhan_20260526_10e.mov,01:01:10:19,01:01:12:12,1.71,1:17,2026-05-26,Chat GPT; Krea,,
CTD_101_RC2_20260626,101,CTD_AI_447_Planecrash_20260602_1d.mov,01:01:12:12,01:01:14:05,1.71,1:17,2026-06-02,Chat GPT; Krea,,
CTD_101_RC2_20260626,101,CTD_AI_447_PlaneCrashWing_20260623_1c.mov,01:01:14:05,01:01:15:19,1.58,1:14,2026-06-23,Chat GPT; Krea,,
CTD_101_RC2_20260626,101,CTD_AI_MSH_LowCracks_20260413_1b.mov,01:02:39:14,01:02:41:03,1.54,1:13,2026-04-13,Chat GPT; Krea,,
CTD_101_RC2_20260626,101,CTD_AI_MSH_LowCracks_20260413_1a.mov,01:02:41:03,01:02:42:13,1.42,1:10,2026-04-13,Chat GPT; Krea,,
CTD_101_RC2_20260626,101,CTD_AI_MSH_LargeCracks_20260413_1a.mov,01:02:42:13,01:02:44:12,1.96,1:23,2026-04-13,Chat GPT; Krea,,
CTD_101_RC2_20260626,101,CTD_AI_MSH_InitialSmoke_20260624_4c.mov,01:02:48:11,01:02:58:08,9.88,9:00,2026-06-24,Chat GPT; Krea,,
CTD_101_RC2_20260626,101,CTD_AI_MSH_OrangeGlow_20260617_1a.mov,01:08:32:01,01:08:36:08,4.29,4:07,2026-06-17,Chat GPT; Krea,,
CTD_101_RC2_20260626,101,CTD_AI_MSH_SurfaceCracking_20260617_1a.mov,01:08:36:08,01:08:42:07,5.96,5:23,2026-06-17,Chat GPT; Krea,,
CTD_101_RC2_20260626,101,CTD_AI_MSH_CloseLandslide_20260624_1e.mov,01:08:42:07,01:08:46:16,4.38,4:09,2026-06-24,Chat GPT; Krea,,
CTD_101_RC2_20260626,101,CTD_AI_MSH_UndergroundLava_20260617_1e.mov,01:08:52:16,01:08:55:12,2.83,2:20,2026-06-17,Chat GPT; Krea,,
CTD_101_RC2_20260626,101,CTD_AI_MSH_CrackForming_20260427_1a.mov,01:08:55:12,01:08:58:17,3.21,3:05,2026-04-27,Chat GPT; Krea,,
CTD_101_RC2_20260626,101,CTD_AI_MSH_CrackForming_20260427_3a.mov,01:09:03:20,01:09:09:12,5.67,5:16,2026-04-27,Chat GPT; Krea,,
CTD_101_RC2_20260626,101,CTD_AI_MSH_BulgeCrack_20260617_1a.mov,01:09:09:12,01:09:14:00,4.5,4:12,2026-06-17,Chat GPT; Krea,,
CTD_101_RC2_20260626,101,CTD_AI_MSH_PyroclasticFlow_20260408_1a.mov,01:09:47:23,01:09:54:03,6.17,6:04,2026-04-08,Chat GPT; Krea,,
CTD_101_RC2_20260626,101,CTD_AI_MSH_Pyroclasticflowwide_20260427_1b.mov,01:10:00:16,01:10:04:21,4.21,4:05,2026-04-27,Chat GPT; Krea,,
CTD_101_RC2_20260626,101,CTD_AI_MSH_DJovertheshoulder_20260501_2c.mov,01:10:13:01,01:10:17:09,4.33,4:08,2026-05-01,Chat GPT; Krea,,
CTD_101_RC2_20260626,101,CTD_AI_MSH_PickingUpRadio_20260408_1c.mov,01:10:20:09,01:10:21:02,0.71,0:17,2026-04-08,Chat GPT; Krea,,
CTD_101_RC2_20260626,101,CTD_AI_MSH_DJovertheshoulder_20260501_2b.mov,01:10:21:02,01:10:26:13,5.46,5:11,2026-05-01,Chat GPT; Krea,,
CTD_101_RC2_20260626,101,CTD_AI_MSH_PyroclasticFlow_20260408_9a.mov,01:10:34:01,01:10:39:05,5.17,5:04,2026-04-08,Chat GPT; Krea,,
CTD_101_RC2_20260626,101,CTD_AI_MSH_MonitoringDevice_20260505_1a.mov,01:10:39:05,01:10:42:03,2.92,2:22,2026-05-05,Chat GPT; Krea,,
CTD_101_RC2_20260626,101,CTD_AI_MSH_PyroclasticFlow_20260501_3e.mov,01:10:42:03,01:10:46:05,4.08,4:02,2026-05-01,Chat GPT; Krea,,
CTD_101_RC2_20260626,101,CTD_AI_MSH_PyroclasticFlow_20260408_2a.mov,01:10:46:05,01:10:55:03,8.92,8:22,2026-04-08,Chat GPT; Krea,,
CTD_101_RC2_20260626,101,CTD_AI_MSH_PyroclasticFlow_20260501_3d.mov,01:10:59:06,01:11:03:15,4.38,4:09,2026-05-01,Chat GPT; Krea,,
CTD_101_RC2_20260626,101,CTD_AI_MSH_LodgeWipeOut_20260505_1f.mov,01:11:03:15,01:11:08:01,4.42,4:10,2026-05-05,Chat GPT; Krea,,
CTD_101_RC2_20260626,101,CTD_AI_FDN_EarthquakeControlRoomDesk_20260617_3a.mov,01:16:02:03,01:16:04:20,2.71,2:17,2026-06-17,Chat GPT; Krea,,
CTD_101_RC2_20260626,101,CTD_AI_FDN_EarthquakeControlRoomConsole_20260617_1b.mov,01:16:04:20,01:16:06:20,2,2:00,2026-06-17,Chat GPT; Krea,,
CTD_101_RC2_20260626,101,CTD_AI_FDN_Coffee&Alarm_20260416_1b.mov,01:16:06:20,01:16:08:17,1.88,1:21,2026-04-16,Chat GPT; Krea,,
CTD_101_RC2_20260626,101,CTD_AI_FDN_EarthquakeControlRoomLights_20260617_1b.mov,01:16:08:17,01:16:10:06,1.54,1:13,2026-06-17,Chat GPT; Krea,,
CTD_101_RC2_20260626,101,CTD_AI_FDN_EarthquakeControlRoomBlinking_20260617_1b.mov,01:16:10:06,01:16:12:06,2,2:00,2026-06-17,Chat GPT; Krea,,
CTD_101_RC2_20260626,101,CTD_AI_FDN_EarthquakeControlRoom_20260615_8a.mov,01:16:12:06,01:16:13:08,1.08,1:02,2026-06-16,Chat GPT; Krea,,
CTD_101_RC2_20260626,101,CTD_AI_FDN_EarthquakeControlRoom_20260416_3a.mov,01:16:13:08,01:16:14:10,1.08,1:02,2026-04-16,Chat GPT; Krea,,
CTD_101_RC2_20260626,101,CTD_AI_FDN_ControlRoomPower_20260505_1a.mov,01:16:14:10,01:16:16:07,1.88,1:21,2026-05-05,Chat GPT; Krea,,
CTD_101_RC2_20260626,101,CTD_AI_FDN_Reactor_20260625_1b.mov,01:16:23:01,01:16:27:03,4.08,4:02,2026-06-25,Chat GPT; Krea,,
CTD_101_RC2_20260626,101,CTD_AI_FDN_BootsWading_20260501_2c.mov,01:16:31:02,01:16:34:06,3.17,3:04,2026-05-01,Chat GPT; Krea,,
CTD_101_RC2_20260626,101,CTD_AI_FDN_BootsWading_20260501_2b.mov,01:16:34:06,01:16:36:02,1.83,1:20,2026-05-01,Chat GPT; Krea,,
CTD_101_RC2_20260626,101,CTD_AI_FDN_PowerOn_20260506_1c.mov,01:16:36:02,01:16:39:15,3.54,3:13,2026-05-06,Chat GPT; Krea,,
CTD_101_RC2_20260626,101,CTD_AI_FDN_VoltageLevel_20260506_1b.mov,01:16:39:15,01:16:40:09,0.75,0:18,2026-05-06,Chat GPT; Krea,,
CTD_101_RC2_20260626,101,CTD_AI_FDN_VoltageLevel_20260506_1b.mov,01:16:40:09,01:16:41:14,1.21,1:05,2026-05-06,Chat GPT; Krea,,
CTD_101_RC2_20260626,101,CTD_AI_FDN_ControlRoomPower_20260505_1a.mov,01:16:41:14,01:16:45:08,3.75,3:18,2026-05-05,Chat GPT; Krea,,
CTD_101_RC2_20260626,101,CTD_AI_FDN_LowAngleTsunami_20260501_1a.mov,01:17:00:12,01:17:02:08,1.83,1:20,2026-05-01,Chat GPT; Krea,,
CTD_101_RC2_20260626,101,CTD_AI_FDN_TsunamiMisc_20260416_1a.mov,01:17:02:08,01:17:03:07,0.96,0:23,2026-04-16,Chat GPT; Krea,,
CTD_101_RC2_20260626,101,CTD_AI_FDN_TsunamiMisc_20260421_12a.mov,01:17:03:07,01:17:05:10,2.13,2:03,2026-04-21,Chat GPT; Krea,,
CTD_101_RC2_20260626,101,CTD_AI_FDN_TsunamiMisc_20260421_11c.mov,01:17:05:10,01:17:06:02,0.67,0:16,2026-04-21,Chat GPT; Krea,,
CTD_101_RC2_20260626,101,CTD_AI_FDN_Tsunami_20260416_1b.mov,01:17:06:02,01:17:06:21,0.79,0:19,2026-04-16,Chat GPT; Krea,,
CTD_101_RC2_20260626,101,CTD_AI_FDN_TsunamiMisc_20260421_14a.mov,01:17:06:21,01:17:07:20,0.96,0:23,2026-04-21,Chat GPT; Krea,,
CTD_101_RC2_20260626,101,CTD_AI_FDN_TsunamiMisc_20260421_2b.mov,01:17:07:20,01:17:08:10,0.58,0:24,2026-04-21,Chat GPT; Krea,,
CTD_101_RC2_20260626,101,CTD_AI_FDN_TsunamiMisc_20260421_15c.mov,01:17:08:10,01:17:09:07,0.88,0:21,2026-04-21,Chat GPT; Krea,,
CTD_101_RC2_20260626,101,CTD_AI_FDN_GeneratorFlood_20260417_2a.mov,01:17:09:07,01:17:11:02,1.79,1:19,2026-04-17,Chat GPT; Krea,,
CTD_101_RC2_20260626,101,CTD_AI_FDN_GeneratorFlood_20260417_3b.mov,01:17:11:02,01:17:13:04,2.08,2:02,2026-04-17,Chat GPT; Krea,,
CTD_101_RC2_20260626,101,CTD_AI_FDN_EarthquakeControlRoom_20260501_3a.mov,01:17:15:21,01:17:16:21,1,1:00,2026-05-01,Chat GPT; Krea,,
CTD_101_RC2_20260626,101,CTD_AI_FDN_GeneratorPanel_20260501_1a.mov,01:17:16:21,01:17:19:04,2.29,2:07,2026-05-01,Chat GPT; Krea,,
CTD_101_RC2_20260626,101,CTD_AI_FDN_EarthquakeControlRoom_20260501_1b.mov,01:17:19:04,01:17:20:14,1.42,1:10,2026-05-01,Chat GPT; Krea,,
CTD_101_RC2_20260626,101,CTD_AI_FDN_ControlRoomFlash_20260505_1a.mov,01:17:24:20,01:17:29:01,4.21,4:05,2026-05-05,Chat GPT; Krea,,
CTD_101_RC2_20260626,101,CTD_AI_FDN_FireTrucks_20260505_5b.mov,01:18:16:03,01:18:17:10,1.29,1:07,2026-05-05,Chat GPT; Krea,,
CTD_101_RC2_20260626,101,CTD_AI_FDN_FiremenHose_20260505_3c.mov,01:18:17:10,01:18:18:09,0.96,0:23,2026-05-05,Chat GPT; Krea,,
CTD_101_RC2_20260626,101,CTD_AI_FDN_FiremanHose_20260617_2a.mov,01:18:18:09,01:18:19:23,1.58,1:14,2026-06-17,Chat GPT; Krea,,
CTD_101_RC2_20260626,101,CTD_AI_FDN_Temperature5000_20260505_1b.mov,01:18:22:18,01:18:25:16,2.92,2:22,2026-05-05,Chat GPT; Krea,,
CTD_101_RC2_20260626,101,CTD_AI_FDN_BigPipe_20260602_2a.mov,01:18:30:09,01:18:32:17,2.33,2:08,2026-06-02,Chat GPT; Krea,,
CTD_101_RC2_20260626,101,CTD_AI_FDN_BigPipe_20260522_1d.mov,01:18:32:17,01:18:34:11,1.75,1:18,2026-05-22,Chat GPT; Krea,,
CTD_101_RC2_20260626,101,CTD_AI_FDN_BigPipe_20260602_1a.mov,01:18:34:11,01:18:38:13,4.08,4:02,2026-06-02,Chat GPT; Krea,,
CTD_101_RC2_20260626,101,CTD_AI_FDN_BigPipe_20260522_2a.mov,01:18:40:03,01:18:43:14,3.46,3:11,2026-05-22,Chat GPT; Krea,,
CTD_101_RC2_20260626,101,CTD_AI_FDN_WideSuitUpZipUp_20260617_1a.mov,01:18:45:15,01:18:46:17,1.08,1:02,2026-06-17,Chat GPT; Krea,,
CTD_101_RC2_20260626,101,CTD_AI_FDN_WideSuitUp_20260615_4a.mov,01:18:46:17,01:18:47:08,0.63,0:15,2026-06-16,Chat GPT; Krea,,
CTD_101_RC2_20260626,101,CTD_AI_FDN_WideSuitUp_20260615_5a.mov,01:18:47:08,01:18:48:02,0.75,0:18,2026-06-16,Chat GPT; Krea,,
CTD_101_RC2_20260626,101,CTD_AI_FDN_WideSuitUpGloves_20260617_1a.mov,01:18:48:02,01:18:48:23,0.88,0:21,2026-06-17,Chat GPT; Krea,,
CTD_101_RC2_20260626,101,CTD_AI_FDN_WideSuitUp_20260615_3b.mov,01:18:48:23,01:18:49:17,0.75,0:18,2026-06-16,Chat GPT; Krea,,
CTD_101_RC2_20260626,101,CTD_AI_FDN_CloseSuitUpZipUp_20260618_1a.mov,01:18:50:16,01:18:51:06,0.58,0:24,2026-06-18,Chat GPT; Krea,,
CTD_101_RC2_20260626,101,CTD_AI_FDN_CloseSuitUpHelmet_20260618_2a.mov,01:18:51:06,01:18:52:01,0.79,0:19,2026-06-18,Chat GPT; Krea,,
CTD_101_RC2_20260626,101,CTD_AI_FDN_MaskUp_20260615_1b.mov,01:18:52:01,01:18:53:17,1.67,1:16,2026-06-16,Chat GPT; Krea,,
CTD_101_RC2_20260626,101,CTD_AI_FDN_WideSuitUpPhoto_20260617_1b.mov,01:18:53:17,01:18:54:18,1.04,1:01,2026-06-17,Chat GPT; Krea,,
CTD_101_RC2_20260626,101,CTD_AI_FDN_BootsWadingSearching_20260617_3a.mov,01:19:00:07,01:19:01:07,1,1:00,2026-06-17,Chat GPT; Krea,,
CTD_101_RC2_20260626,101,CTD_AI_FDN_TurningBigWheelLooking_20260618_3a.mov,01:19:01:07,01:19:01:22,0.63,0:15,2026-06-18,Chat GPT; Krea,,
CTD_101_RC2_20260626,101,CTD_AI_FDN_BootsWadingSearching_20260617_2a.mov,01:19:01:22,01:19:03:03,1.21,1:05,2026-06-17,Chat GPT; Krea,,
CTD_101_RC2_20260626,101,CTD_AI_FDN_TurningBigWheelWalking_20260618_1a.mov,01:19:03:03,01:19:03:23,0.83,0:20,2026-06-18,Chat GPT; Krea,,
CTD_101_RC2_20260626,101,CTD_AI_FDN_BootsWading_20260615_1c.mov,01:19:03:23,01:19:05:04,1.21,1:05,2026-06-16,Chat GPT; Krea,,
CTD_101_RC2_20260626,101,CTD_AI_FDN_TurningBigWheel_20260522_5a.mov,01:19:05:04,01:19:06:09,1.21,1:05,2026-05-22,Chat GPT; Krea,,
CTD_101_RC2_20260626,101,CTD_AI_FDN_TurningBigWheel_20260522_3a.mov,01:19:06:09,01:19:07:21,1.5,1:12,2026-05-22,Chat GPT; Krea,,
CTD_101_RC2_20260626,101,CTD_AI_FDN_TurningBigWheel_20260522_1a.mov,01:19:10:11,01:19:14:11,4,4:00,2026-05-22,Chat GPT; Krea,,
CTD_101_RC2_20260626,101,CTD_AI_FDN_TurningBigWheel_20260601_3b.mov,01:19:21:22,01:19:25:14,3.67,3:16,2026-06-01,Chat GPT; Krea,,
CTD_101_RC2_20260626,101,CTD_AI_FDN_TurningBigWheel_20260522_2c.mov,01:19:25:14,01:19:28:18,3.17,3:04,2026-05-22,Chat GPT; Krea,,
CTD_101_RC2_20260626,101,CTD_AI_FDN_Reactor_20260625_1e.mov,01:19:36:22,01:19:41:12,4.58,4:14,2026-06-25,Chat GPT; Krea,,
CTD_101_RC2_20260626,101,CTD_AI_FDN_SparksWire_20260522_1b.mov,01:19:50:09,01:19:55:03,4.75,4:18,2026-05-22,Chat GPT; Krea,,
CTD_101_RC2_20260626,101,CTD_AI_FDN_Reactorexplosion_20260521_6a.mov,01:19:55:03,01:19:56:12,1.38,1:09,2026-05-21,Chat GPT; Krea,,
CTD_101_RC2_20260626,101,CTD_AI_FDN_Reactorexplosion_20260521_9a.mov,01:19:56:12,01:19:57:16,1.17,1:04,2026-05-21,Chat GPT; Krea,,
CTD_101_RC2_20260626,101,CTD_AI_FDN_Reactorexplosion_20260521_24a.mov,01:19:57:16,01:19:59:02,1.42,1:10,2026-05-21,Chat GPT; Krea,,
CTD_101_RC2_20260626,101,CTD_AI_FDN_Reactorexplosion_20260521_28a.mov,01:19:59:02,01:20:00:20,1.75,1:18,2026-05-21,Chat GPT; Krea,,
CTD_101_RC2_20260626,101,CTD_AI_FDN_ReactorExplodes_20260520_1b.MOV,01:20:00:20,01:20:05:00,4.17,4:04,2026-05-20,Chat GPT; Krea,,
CTD_101_RC2_20260626,101,CTD_AI_FDN_Reactorexplosion_20260521_18a.mov,01:20:05:00,01:20:08:05,3.21,3:05,2026-05-21,Chat GPT; Krea,,
CTD_101_RC2_20260626,101,CTD_AI_FDN_ReactorExplodes_20260520_2a.MOV,01:20:17:19,01:20:22:09,4.58,4:14,2026-05-20,Chat GPT; Krea,,
CTD_101_RC2_20260626,101,CTD_AI_FDN_Reactorexplosion_20260521_34a.mov,01:20:22:09,01:20:24:02,1.71,1:17,2026-05-21,Chat GPT; Krea,,
CTD_101_RC2_20260626,101,CTD_AI_FDN_GroupMeeting_20260505_1a.mov,01:20:24:02,01:20:28:16,4.58,4:14,2026-05-05,Chat GPT; Krea,,
CTD_101_RC2_20260626,101,CTD_AI_FDN_Reactorexplosion_20260521_19a.mov,01:20:39:17,01:20:46:12,6.79,6:19,2026-05-21,Chat GPT; Krea,,
CTD_101_RC2_20260626,101,CTD_AI_FDN_Reactorexplosion_20260521_6a.mov,01:20:46:12,01:20:48:03,1.63,1:15,2026-05-21,Chat GPT; Krea,,
CTD_101_RC2_20260626,101,CTD_AI_FDN_Reactorexplosion_20260521_9a.mov,01:20:48:03,01:20:49:07,1.17,1:04,2026-05-21,Chat GPT; Krea,,
CTD_101_RC2_20260626,101,CTD_AI_FDN_Reactorexplosion_20260521_24a.mov,01:20:49:07,01:20:51:03,1.83,1:20,2026-05-21,Chat GPT; Krea,,
CTD_101_RC2_20260626,101,CTD_AI_FDN_Reactorexplosion_20260521_34a.mov,01:20:51:03,01:20:53:02,1.96,1:23,2026-05-21,Chat GPT; Krea,,
CTD_101_RC2_20260626,101,CTD_AI_FDN_ReactorExplosion_20260511_5e.mov,01:20:59:10,01:21:02:05,2.79,2:19,2026-05-11,Chat GPT; Krea,,
CTD_101_RC2_20260626,101,CTD_AI_FDN_Reactorexplosion_20260521_21a.mov,01:21:02:05,01:21:04:16,2.46,2:11,2026-05-21,Chat GPT; Krea,,
CTD_101_RC2_20260626,101,CTD_AI_FDN_Reactorexplosion_20260521_30a.mov,01:21:04:16,01:21:06:02,1.42,1:10,2026-05-21,Chat GPT; Krea,,
CTD_101_RC2_20260626,101,CTD_AI_FDN_Reactorexplosion_20260521_31a.mov,01:21:06:02,01:21:08:03,2.04,2:01,2026-05-21,Chat GPT; Krea,,
CTD_101_RC2_20260626,101,CTD_AI_FDN_Reactorexplosion_20260521_32a.mov,01:21:08:03,01:21:12:01,3.92,3:22,2026-05-21,Chat GPT; Krea,,
CTD_101_RC2_20260626,101,CTD_AI_FDN_Reactorexplosion_20260615_7c.mov,01:21:12:01,01:21:14:19,2.75,2:18,2026-06-16,Chat GPT; Krea,,
CTD_101_RC2_20260626,101,CTD_AI_FDN_GroupMeeting_20260505_1a.mov,01:21:33:19,01:21:41:01,7.25,7:06,2026-05-05,Chat GPT; Krea,,
CTD_101_RC2_20260626,101,CTD_AI_TXC_WorkerBags_20260625_1b.mov,01:24:18:13,01:24:20:01,1.5,1:12,2026-06-25,Chat GPT; Krea,,
CTD_101_RC2_20260626,101,CTD_AI_TXC_WorkerBags_20260625_1d.mov,01:24:20:01,01:24:21:06,1.21,1:05,2026-06-25,Chat GPT; Krea,,
CTD_101_RC2_20260626,101,CTD_AI_TXC_POVFindingBurningBag_20260625_1a.mov,01:24:21:06,01:24:22:04,0.92,0:22,2026-06-25,Chat GPT; Krea,,
CTD_101_RC2_20260626,101,CTD_AI_TXC_BagExplosion_20260625_1d.mov,01:24:26:11,01:24:30:12,4.04,4:01,2026-06-25,Chat GPT; Krea,,
CTD_101_RC2_20260626,101,CTD_AI_TXC_BagExplosion_20260625_1e.mov,01:24:31:20,01:24:33:17,1.88,1:21,2026-06-25,Chat GPT; Krea,,
CTD_101_RC2_20260626,101,CTD_AI_TXC_MovingBags_20260625_1a.mov,01:24:33:17,01:24:35:22,2.21,2:05,2026-06-25,Chat GPT; Krea,,
CTD_101_RC2_20260626,101,CTD_AI_TXC_BagExplosion_20260625_1e.mov,01:24:42:16,01:24:45:07,2.63,2:15,2026-06-25,Chat GPT; Krea,,
CTD_101_RC2_20260626,101,CTD_AI_TXC_BagExplosion_20260515_1c.mov,01:24:45:07,01:24:46:17,1.42,1:10,2026-05-15,Chat GPT; Krea,,
CTD_101_RC2_20260626,101,CTD_AI_TXC_WaterBucket_20260525_1b.mov,01:24:48:00,01:24:50:04,2.17,2:04,2026-05-26,Chat GPT; Krea,,
CTD_101_RC2_20260626,101,CTD_AI_TXC_DraggingFireHose_20260625_1b.mov,01:24:50:04,01:24:52:08,2.17,2:04,2026-06-25,Chat GPT; Krea,,
CTD_101_RC2_20260626,101,CTD_AI_TXC_HatchFireHose_20260625_1a.mov,01:24:52:08,01:24:53:16,1.33,1:08,2026-06-25,Chat GPT; Krea,,
CTD_101_RC2_20260626,101,CTD_AI_TXC_HatchFireHose_20260625_2a.mov,01:24:53:16,01:24:55:10,1.75,1:18,2026-06-25,Chat GPT; Krea,,
CTD_101_RC2_20260626,101,CTD_AI_TXC_FightingFire03_20260522_1a.mov,01:25:00:23,01:25:03:08,2.38,2:09,2026-05-22,Chat GPT; Krea,,
CTD_101_RC2_20260626,101,CTD_AI_TXC_MTarpHatch_20260515_1a.mov,01:25:17:11,01:25:19:07,1.83,1:20,2026-05-15,Chat GPT; Krea,,
CTD_101_RC2_20260626,101,CTD_AI_TXC_CUTarpHatch_20260515_1a.mov,01:25:19:07,01:25:20:23,1.67,1:16,2026-05-15,Chat GPT; Krea,,
CTD_101_RC2_20260626,101,CTD_AI_TXC_TarpHatch_20260515_1a.mov,01:25:20:23,01:25:24:14,3.63,3:15,2026-05-15,Chat GPT; Krea,,
CTD_101_RC2_20260626,101,CTD_AI_TXC_BagExplosion_20260525_1b.mov,01:25:32:23,01:25:38:14,5.63,5:15,2026-05-26,Chat GPT; Krea,,
CTD_101_RC2_20260626,101,CTD_AI_TXC_BagExplosion_20260515_1c.mov,01:25:38:14,01:25:39:07,0.71,0:17,2026-05-15,Chat GPT; Krea,,
CTD_101_RC2_20260626,101,CTD_AI_TXC_BlowPortWindows_20260625_1a.mov,01:25:39:07,01:25:41:16,2.38,2:09,2026-06-25,Chat GPT; Krea,,
CTD_101_RC2_20260626,101,CTD_AI_TXC_BlowPortWindows_20260522_1a.mov,01:25:43:04,01:25:45:22,2.75,2:18,2026-05-22,Chat GPT; Krea,,
CTD_101_RC2_20260626,101,CTD_AI_TXC_NEWBoatExplosion_20260625_1b.mov,01:25:59:18,01:26:04:09,4.63,4:15,2026-06-25,Chat GPT; Krea,,
CTD_101_RC2_20260626,101,CTD_AI_TXC_Explosion01_20260522_1a.mov,01:26:04:09,01:26:05:16,1.29,1:07,2026-05-22,Chat GPT; Krea,,
CTD_101_RC2_20260626,101,CTD_AI_TXC_BoatExplode_20260526_1a.mov,01:26:05:16,01:26:08:21,3.21,3:05,2026-05-26,Chat GPT; Krea,,
CTD_101_RC2_20260626,101,CTD_AI_TXC_NEWBoatExplosion_20260522_1a.mov,01:26:08:21,01:26:12:17,3.83,3:20,2026-05-22,Chat GPT; Krea,,
CTD_101_RC2_20260626,101,CTD_AI_TXC_Baseball_20260625_1a.mov,01:26:25:01,01:26:29:12,4.46,4:11,2026-06-25,Chat GPT; Krea,,
CTD_101_RC2_20260626,101,CTD_AI_TXC_Baseball_20260625_1b.mov,01:26:34:09,01:26:37:10,3.04,3:01,2026-06-25,Chat GPT; Krea,,
CTD_101_RC2_20260626,101,CTD_AI_TXC_WaveImpact_20260526_2a.mov,01:26:55:20,01:26:58:14,2.75,2:18,2026-05-26,Chat GPT; Krea,,
CTD_101_RC2_20260626,101,CTD_AI_TXC_WaveImpact_20260526_1a.mov,01:26:58:14,01:27:02:21,4.29,4:07,2026-05-26,Chat GPT; Krea,,
CTD_101_RC2_20260626,101,CTD_AI_CHF_WinterTown_20260623_1d.mov,01:27:45:22,01:27:47:16,1.75,1:18,2026-06-23,,,
CTD_101_RC2_20260626,101,CTD_AI_CHF_WinterTown_20260623_2a.mov,01:27:47:16,01:27:49:02,1.42,1:10,2026-06-23,,,
CTD_101_RC2_20260626,101,CTD_AI_CHF_WinterTown_20260623_2c.mov,01:27:49:02,01:27:50:13,1.46,1:11,2026-06-23,Chat GPT; Krea,,
CTD_101_RC2_20260626,101,CTD_AI_CHF_WinterTown_20260623_1c.mov,01:27:50:13,01:27:51:14,1.04,1:01,2026-06-23,,,
CTD_101_RC2_20260626,101,CTD_AI_CHF_FloodedVillage_20260623_1d.mov,01:27:51:14,01:27:52:12,0.92,0:22,2026-06-23,,,
CTD_101_RC2_20260626,101,CTD_AI_CHF_FloodedVillage_20260623_2f.mov,01:27:52:12,01:27:54:04,1.67,1:16,2026-06-23,Chat GPT; Krea,,
CTD_101_RC2_20260626,101,CTD_AI_CHF_TownFlood_20260511_6a.mov,01:27:54:04,01:27:55:01,0.88,0:21,2026-05-11,Chat GPT; Krea,,
CTD_101_RC2_20260626,101,CTD_AI_CHF_FloodedVillage_20260623_4a.mov,01:27:55:01,01:27:55:19,0.75,0:18,2026-06-23,,,
CTD_101_RC2_20260626,101,CTD_AI_CHF_Dike_20260526_5f.mov,01:27:55:19,01:27:59:09,3.58,3:14,2026-05-26,Chat GPT; Krea,,
CTD_101_RC2_20260626,101,CTD_AI_CHF_WinterTown_20260623_1d.mov,01:28:07:05,01:28:09:20,2.63,2:15,2026-06-23,,,
CTD_101_RC2_20260626,101,CTD_AI_CHF_WinterTown_20260623_1c.mov,01:28:09:20,01:28:11:15,1.79,1:19,2026-06-23,,,
CTD_101_RC2_20260626,101,CTD_AI_CHF_WinterTown_20260623_2a.mov,01:28:11:15,01:28:15:16,4.04,4:01,2026-06-23,,,
CTD_101_RC2_20260626,101,CTD_AI_CHF_MeltingRiver_20260520_4a.MOV,01:28:35:14,01:28:39:01,3.46,3:11,2026-05-20,Chat GPT; Krea,,
CTD_101_RC2_20260626,101,CTD_AI_CHF_MeltingRiver_20260520_2a.MOV,01:28:48:01,01:28:50:11,2.42,2:10,2026-05-20,Chat GPT; Krea,,
CTD_101_RC2_20260626,101,CTD_AI_CHF_River_20260511_1d.mov,01:28:50:11,01:28:52:15,2.17,2:04,2026-05-11,Chat GPT; Krea,,
CTD_101_RC2_20260626,101,CTD_AI_CHF_CUMiscRain_20260511_1e.mov,01:28:52:15,01:28:54:16,2.04,2:01,2026-05-11,Chat GPT; Krea,,
CTD_101_RC2_20260626,101,CTD_AI_CHF_FloodedHut_20260511_5a.mov,01:28:54:16,01:28:58:07,3.63,3:15,2026-05-11,Chat GPT; Krea,,
CTD_101_RC2_20260626,101,CTD_AI_CHF_TownWide_20260511_1a.mov,01:29:01:20,01:29:04:01,2.21,2:05,2026-05-11,Chat GPT; Krea,,
CTD_101_RC2_20260626,101,CTD_AI_CHF_TownFlood_20260511_4a.mov,01:29:04:01,01:29:07:21,3.83,3:20,2026-05-11,Chat GPT; Krea,,
CTD_101_RC2_20260626,101,CTD_AI_CHF_Storm_20260528_1f.mov,01:29:07:21,01:29:09:02,1.21,1:05,2026-05-28,Chat GPT; Krea,,
CTD_101_RC2_20260626,101,CTD_AI_CHF_Storm_20260528_1f.mov,01:29:09:02,01:29:10:18,1.67,1:16,2026-05-28,Chat GPT; Krea,,
CTD_101_RC2_20260626,101,CTD_AI_CHF_Storm_20260528_6c.mov,01:29:10:18,01:29:13:21,3.13,3:03,2026-05-28,Chat GPT; Krea,,
CTD_101_RC2_20260626,101,CTD_AI_CHF_FloodedVillage_20260623_2f.mov,01:29:22:21,01:29:24:03,1.25,1:06,2026-06-23,Chat GPT; Krea,,
CTD_101_RC2_20260626,101,CTD_AI_CHF_FloodedVillage_20260623_2d.mov,01:29:24:03,01:29:25:15,1.5,1:12,2026-06-23,Chat GPT; Krea,,
CTD_101_RC2_20260626,101,CTD_AI_CHF_FloodedVillage_20260623_3a.mov,01:29:25:15,01:29:27:01,1.42,1:10,2026-06-23,,,
CTD_101_RC2_20260626,101,CTD_AI_CHF_TownFlood_20260511_6a.mov,01:29:28:13,01:29:29:13,1,1:00,2026-05-11,Chat GPT; Krea,,
CTD_101_RC2_20260626,101,CTD_AI_CHF_FloodedVillage_20260623_4a.mov,01:29:29:13,01:29:31:03,1.58,1:14,2026-06-23,,,
CTD_101_RC2_20260626,101,CTD_AI_CHF_FloodedWuhan_20260526_9a.mov,01:30:07:22,01:30:14:23,7.04,7:01,2026-05-26,Chat GPT; Krea,,
CTD_101_RC2_20260626,101,CTD_AI_CHF_Dike_20260526_2e.mov,01:30:14:23,01:30:17:13,2.58,2:14,2026-05-26,Chat GPT; Krea,,
CTD_101_RC2_20260626,101,CTD_AI_CHF_DIKE_20260623_2e.mov,01:30:17:13,01:30:21:06,3.71,3:17,2026-06-23,Chat GPT; Krea,,
CTD_101_RC2_20260626,101,CTD_AI_CHF_Dike_20260526_5f.mov,01:30:21:06,01:30:23:19,2.54,2:13,2026-05-26,Chat GPT; Krea,,
CTD_101_RC2_20260626,101,CTD_AI_CHF_WuhanFlood_20260623_3e.mov,01:30:26:15,01:30:29:12,2.88,2:21,2026-06-23,Chat GPT; Krea,,
CTD_101_RC2_20260626,101,CTD_AI_CHF_WuhanFlood_20260623_3c.mov,01:30:29:12,01:30:33:10,3.92,3:22,2026-06-23,Chat GPT; Krea,,
CTD_101_RC2_20260626,101,CTD_AI_CHF_WuhanFlood_20260623_3a.mov,01:30:33:10,01:30:35:18,2.33,2:08,2026-06-23,Chat GPT; Krea,,
CTD_101_RC2_20260626,101,CTD_AI_CHF_WuhanFlood_20260623_3.mov,01:30:38:05,01:30:43:09,5.17,5:04,2026-06-23,Chat GPT; Krea,,
CTD_101_RC2_20260626,101,CTD_AI_CHF_WuhanFlood_20260623_3b.mov,01:30:51:01,01:30:55:04,4.13,4:03,2026-06-23,Chat GPT; Krea,,
CTD_101_RC2_20260626,101,CTD_AI_CHF_WuhanFlood_20260623_4a.mov,01:31:03:11,01:31:07:23,4.5,4:12,2026-06-23,Chat GPT; Krea,,
CTD_101_RC2_20260626,101,CTD_AI_447_Planemisc_20260622_1e.mov,01:32:03:00,01:32:04:17,1.71,1:17,2026-06-22,Chat GPT; Krea,,
CTD_101_RC2_20260626,101,CTD_AI_447_HailCloud_20260623_1a.mov,01:32:04:17,01:32:07:00,2.29,2:07,2026-06-23,Chat GPT; Krea,,
CTD_101_RC2_20260626,101,CTD_AI_447_Planemisc_20260507_1g.mov,01:32:07:00,01:32:08:22,1.92,1:22,2026-05-07,Chat GPT; Krea,,
CTD_101_RC2_20260626,101,CTD_AI_447_Galley_20260619_1b.mov,01:32:08:22,01:32:10:07,1.38,1:09,2026-06-19,Chat GPT; Krea,,
CTD_101_RC2_20260626,101,CTD_AI_447_Bear_20260619_1a.mov,01:32:10:07,01:32:12:01,1.75,1:18,2026-06-19,Chat GPT; Krea,,
CTD_101_RC2_20260626,101,,01:32:16:02,01:32:17:10,1.33,1:08,,,,
CTD_101_RC2_20260626,101,CTD_AI_447_Planecrash_20260602_1d.mov,01:32:17:10,01:32:20:02,2.67,2:16,2026-06-02,Chat GPT; Krea,,
CTD_101_RC2_20260626,101,CTD_AI_447_CalmCabin_20260514_1c.mov,01:32:46:00,01:32:50:03,4.13,4:03,2026-05-14,Chat GPT; Krea,,
CTD_101_RC2_20260626,101,CTD_AI_447_CalmFlight_20260520_2a.mov,01:33:02:23,01:33:05:02,2.13,2:03,2026-05-20,Chat GPT; Krea,,
CTD_101_RC2_20260626,101,CTD_AI_447_WideCockpit_20260623_1c.mov,01:33:05:02,01:33:07:06,2.17,2:04,2026-06-23,Chat GPT; Krea,,
CTD_101_RC2_20260626,101,CTD_AI_447_Planemisc_20260622_1h.mov,01:33:11:22,01:33:14:00,2.08,2:02,2026-06-22,Chat GPT; Krea,,
CTD_101_RC2_20260626,101,CTD_AI_447_Planemisc_20260622_1j.mov,01:33:14:00,01:33:16:01,2.04,2:01,2026-06-22,Chat GPT; Krea,,
CTD_101_RC2_20260626,101,CTD_AI_447_DuboisLeaving_20260507_3a.mov,01:33:16:01,01:33:18:04,2.13,2:03,2026-05-07,Chat GPT; Krea,,
CTD_101_RC2_20260626,101,CTD_AI_447_CaptainLeaves_20260511_2a.mov,01:33:18:04,01:33:23:01,4.88,4:21,2026-05-11,Chat GPT; Krea,,
CTD_101_RC2_20260626,101,CTD_AI_447_Planemisc_20260622_1k.mov,01:33:29:04,01:33:32:10,3.25,3:06,2026-06-22,Chat GPT; Krea,,
CTD_101_RC2_20260626,101,CTD_AI_447_Planemisc_20260507_1g.mov,01:33:32:10,01:33:34:07,1.88,1:21,2026-05-07,Chat GPT; Krea,,
CTD_101_RC2_20260626,101,CTD_AI_447_HailWindow_20260619_1b.mov,01:33:43:08,01:33:45:10,2.08,2:02,2026-06-19,Chat GPT; Krea,,
CTD_101_RC2_20260626,101,CTD_AI_447_NoseUpCloseUp_20260619_1b.mov,01:33:45:10,01:33:47:22,2.5,2:12,2026-06-19,Chat GPT; Krea,,
CTD_101_RC2_20260626,101,CTD_AI_447_RightStick_20260507_1d.mov,01:33:51:12,01:33:53:20,2.33,2:08,2026-05-07,Chat GPT; Krea,,
CTD_101_RC2_20260626,101,CTD_AI_447_StormyWindow_20260507_1a.mov,01:33:53:20,01:33:57:14,3.75,3:18,2026-05-07,Chat GPT; Krea,,
CTD_101_RC2_20260626,101,CTD_AI_447_CUPitotTube_20260622_1a.mov,01:34:03:16,01:34:07:16,4,4:00,2026-06-22,Chat GPT; Krea,,
CTD_101_RC2_20260626,101,CTD_AI_447_NoseUpFront_20260619_1a.mov,01:34:08:19,01:34:12:17,3.92,3:22,2026-06-19,Chat GPT; Krea,,
CTD_101_RC2_20260626,101,CTD_AI_447_CUAutoPilotOff_20260423_1b.mov,01:34:19:04,01:34:21:07,2.13,2:03,2026-04-23,Chat GPT; Krea,,
CTD_101_RC2_20260626,101,CTD_AI_447_WideCockpit_20260423_2a.mov,01:34:21:07,01:34:24:03,2.83,2:20,2026-04-23,Chat GPT; Krea,,
CTD_101_RC2_20260626,101,CTD_AI_447_NoseUpCloseUp_20260619_1a.mov,01:34:26:15,01:34:30:17,4.08,4:02,2026-06-19,Chat GPT; Krea,,
CTD_101_RC2_20260626,101,CTD_AI_447_CUFlightControls_20260512_1b.mov,01:34:43:14,01:34:44:23,1.38,1:09,2026-05-12,Chat GPT; Krea,,
CTD_101_RC2_20260626,101,CTD_AI_447_NoseUp_20260619_2d.mov,01:34:44:23,01:34:48:07,3.33,3:08,2026-06-19,Chat GPT; Krea,,
CTD_101_RC2_20260626,101,CTD_AI_447_IsleWaterBottle_20260515_2a.mov,01:34:48:07,01:34:50:02,1.79,1:19,2026-05-15,Chat GPT; Krea,,
CTD_101_RC2_20260626,101,CTD_AI_447_NoseUp_20260619_2c.mov,01:35:11:07,01:35:15:20,4.54,4:13,2026-06-19,Chat GPT; Krea,,
CTD_101_RC2_20260626,101,CTD_AI_447_NoseUpFront_20260619_1b.mov,01:35:19:22,01:35:22:11,2.54,2:13,2026-06-19,Chat GPT; Krea,,
CTD_101_RC2_20260626,101,CTD_AI_447_Warning_20260507_1a.mov,01:35:22:11,01:35:23:22,1.46,1:11,2026-05-07,Chat GPT; Krea,,
CTD_101_RC2_20260626,101,CTD_AI_447_SweatWipe_20260514_1a.mov,01:35:25:18,01:35:27:02,1.33,1:08,2026-05-14,Chat GPT; Krea,,
CTD_101_RC2_20260626,101,CTD_AI_447_SweatTie_20260619_1b.mov,01:35:27:02,01:35:29:02,2,2:00,2026-06-19,Chat GPT; Krea,,
CTD_101_RC2_20260626,101,CTD_AI_447_RightStick_20260622_1c.mov,01:35:35:00,01:35:37:13,2.54,2:13,2026-06-22,Chat GPT; Krea,,
CTD_101_RC2_20260626,101,CTD_AI_447_Planemisc_20260622_1b.mov,01:35:37:13,01:35:39:16,2.13,2:03,2026-06-22,Chat GPT; Krea,,
CTD_101_RC2_20260626,101,CTD_AI_447_FlightControls_20260623_1d.mov,01:35:43:10,01:35:45:09,1.96,1:23,2026-06-23,Chat GPT; Krea,,
CTD_101_RC2_20260626,101,CTD_AI_447_LeftStickClose_20260507_1a.mov,01:35:45:09,01:35:47:13,2.17,2:04,2026-05-07,Chat GPT; Krea,,
CTD_101_RC2_20260626,101,CTD_AI_447_HailWindow_20260619_1b.mov,01:35:47:13,01:35:49:01,1.5,1:12,2026-06-19,Chat GPT; Krea,,
CTD_101_RC2_20260626,101,CTD_AI_447_CUCallButton_20260423_1c.mov,01:35:49:01,01:35:50:14,1.54,1:13,2026-04-23,Chat GPT; Krea,,
CTD_101_RC2_20260626,101,CTD_AI_447_CUCallButton_20260423_1c.mov,01:35:50:14,01:35:51:20,1.25,1:06,2026-04-23,Chat GPT; Krea,,
CTD_101_RC2_20260626,101,CTD_AI_447_NoseUpCloseUp_20260619_1a.mov,01:35:51:20,01:35:57:14,5.75,5:18,2026-06-19,Chat GPT; Krea,,
CTD_101_RC2_20260626,101,CTD_AI_447_PlaneFalling_20260623_2a.mov,01:36:05:16,01:36:13:01,7.38,7:09,2026-06-24,Chat GPT; Krea,,
CTD_101_RC2_20260626,101,CTD_AI_447_Galley_20260619_1b.mov,01:36:13:01,01:36:13:22,0.88,0:21,2026-06-19,Chat GPT; Krea,,
CTD_101_RC2_20260626,101,CTD_AI_447_PlaneCrashBrace_20260623_2a.mov,01:36:13:22,01:36:14:18,0.83,0:20,2026-06-23,Chat GPT; Krea,,
CTD_101_RC2_20260626,101,CTD_AI_447_PlaneCrashBrace_20260623_1a.mov,01:36:14:18,01:36:15:18,1,1:00,2026-06-23,Chat GPT; Krea,,
CTD_101_RC2_20260626,101,CTD_AI_447_HailCloud_20260623_1a.mov,01:36:17:21,01:36:21:21,4,4:00,2026-06-23,Chat GPT; Krea,,
CTD_101_RC2_20260626,101,CTD_AI_447_FlightControls_20260623_1d.mov,01:36:35:17,01:36:39:17,4,4:00,2026-06-23,Chat GPT; Krea,,
CTD_101_RC2_20260626,101,CTD_AI_447_PlaneCrashBrace_20260623_3a.mov,01:36:47:22,01:36:50:22,3,3:00,2026-06-23,Chat GPT; Krea,,
CTD_101_RC2_20260626,101,CTD_AI_447_Bear_20260619_1a.mov,01:36:50:22,01:36:53:05,2.29,2:07,2026-06-19,Chat GPT; Krea,,
CTD_101_RC2_20260626,101,CTD_AI_447_FeetApproach_20260624_1a.mov,01:36:57:10,01:36:58:17,1.29,1:07,2026-06-24,Chat GPT; Krea,,
CTD_101_RC2_20260626,101,CTD_AI_447_FeetApproachHand_20260624_1b.mov,01:36:58:17,01:37:00:19,2.08,2:02,2026-06-24,Chat GPT; Krea,,
CTD_101_RC2_20260626,101,CTD_AI_447_RightStickPull_20260520_2a.mov,01:37:21:23,01:37:26:04,4.21,4:05,2026-05-20,Chat GPT; Krea,,
CTD_101_RC2_20260626,101,CTD_AI_447_Planecrash_20260602_1d.mov,01:37:45:11,01:37:50:10,4.96,4:23,2026-06-02,Chat GPT; Krea,,
CTD_101_RC2_20260626,101,CTD_AI_447_PlaneCrashFront_20260623_1c.mov,01:37:50:10,01:37:51:17,1.29,1:07,2026-06-23,Chat GPT; Krea,,
CTD_101_RC2_20260626,101,CTD_AI_447_PlaneCrashWing_20260623_1b.mov,01:37:51:17,01:37:53:03,1.42,1:10,2026-06-23,Chat GPT; Krea,,
CTD_101_RC2_20260626,101,CTD_AI_447_PlaneCrashWing_20260623_1c.mov,01:37:53:03,01:37:56:00,2.88,2:21,2026-06-23,Chat GPT; Krea,,
CTD_101_RC2_20260626,101,CTD_AI_447_PlaneCrashTail_20260623_1b.mov,01:37:56:00,01:37:59:21,3.88,3:21,2026-06-23,Chat GPT; Krea,,
CTD_101_RC2_20260626,101,CTD_AI_447_Debris_20260520_2a.mov,01:37:59:21,01:38:03:00,3.13,3:03,2026-05-20,Chat GPT; Krea,,
CTD_101_RC2_20260626,101,CTD_AI_447_Debris_20260520_1a.mov,01:38:31:17,01:38:34:10,2.71,2:17,2026-05-20,Chat GPT; Krea,,
CTD_101_RC2_20260626,101,CTD_AI_HIN_FlyingOcean_20260527_2b.mov,01:38:34:10,01:38:37:08,2.92,2:22,2026-05-27,Chat GPT; Krea,,
CTD_101_RC2_20260626,101,CTD_AI_HIN_CaptainPOV_20260527_1a.mov,01:38:37:08,01:38:38:19,1.46,1:11,2026-05-27,Chat GPT; Krea,,
CTD_101_RC2_20260626,101,CTD_AI_HIN_HinConstruction_20260512_2b.mov,01:39:05:13,01:39:09:06,3.71,3:17,2026-05-12,Chat GPT; Krea,,
CTD_101_RC2_20260626,101,CTD_AI_HIN_HinConstruction_20260512_2a.mov,01:39:13:03,01:39:16:23,3.83,3:20,2026-05-12,Chat GPT; Krea,,
CTD_101_RC2_20260626,101,CTD_AI_HIN_GassingUp_20260512_1a.mov,01:39:59:03,01:40:03:09,4.25,4:06,2026-05-12,Chat GPT; Krea,,
CTD_101_RC2_20260626,101,CTD_AI_HIN_GassingUp_20260512_1b.mov,01:40:03:09,01:40:08:14,5.21,5:05,2026-05-12,Chat GPT; Krea,,
CTD_101_RC2_20260626,101,CTD_AI_HIN_ApproachingNYC_20260527_1b.mov,01:40:24:21,01:40:28:00,3.13,3:03,2026-05-27,Chat GPT; Krea,,
CTD_101_RC2_20260626,101,CTD_AI_HIN_ApproachingNJ_20260527_1a.mov,01:40:29:20,01:40:31:21,2.04,2:01,2026-05-27,Chat GPT; Krea,,
CTD_101_RC2_20260626,101,CTD_AI_HIN_StormClouds_20260526_2a.mov,01:41:24:07,01:41:30:11,6.17,6:04,2026-05-26,Chat GPT; Krea,,
CTD_101_RC2_20260626,101,CTD_AI_HIN_MooringTower_20260512.mov,01:41:50:20,01:41:55:22,5.08,5:02,2026-05-12,Chat GPT; Krea,,
CTD_101_RC2_20260626,101,CTD_AI_HIN_ThrowingRopes_20260513_1a.mov,01:42:23:02,01:42:26:16,3.58,3:14,2026-05-12,Chat GPT; Krea,,
CTD_101_RC2_20260626,101,CTD_AI_HIN_CaptainPOV_20260527_1a.mov,01:42:26:16,01:42:31:19,5.13,5:03,2026-05-27,Chat GPT; Krea,,
CTD_101_RC2_20260626,101,CTD_AI_MSH_PyroclasticFlow_20260408_1a.mov,01:43:58:14,01:44:00:04,1.58,1:14,2026-04-08,Chat GPT; Krea,,
CTD_101_RC2_20260626,101,CTD_AI_MSH_PyroclasticFlow_20260408_2a.mov,01:44:00:04,01:44:01:02,0.92,0:22,2026-04-08,Chat GPT; Krea,,
CTD_101_RC2_20260626,101,CTD_AI_FDN_LowAngleTsunami_20260501_1a.mov,01:44:01:02,01:44:02:03,1.04,1:01,2026-05-01,Chat GPT; Krea,,
CTD_101_RC2_20260626,101,CTD_AI_FDN_ReactorExplodes_20260520_1b.MOV,01:44:02:03,01:44:03:11,1.33,1:08,2026-05-20,Chat GPT; Krea,,
CTD_101_RC2_20260626,101,CTD_AI_HIN_CaptainPOV_20260527_1a.mov,01:44:03:11,01:44:05:21,2.42,2:10,2026-05-27,Chat GPT; Krea,,
CTD_101_RC2_20260626,101,CTD_AI_447_Window_20260622_1c.mov,01:44:05:21,01:44:06:22,1.04,1:01,2026-06-22,Chat GPT; Krea,,
CTD_101_RC2_20260626,101,CTD_AI_TXC_BagExplosion_20260625_1e.mov,01:44:06:22,01:44:07:16,0.75,0:18,2026-06-25,Chat GPT; Krea,,
CTD_101_RC2_20260626,101,CTD_AI_CHF_DIKE_20260623_2e.mov,01:44:07:16,01:44:08:16,1,1:00,2026-06-23,Chat GPT; Krea,,
CTD_101_RC2_20260626,101,CTD_AI_447_FlightControls_20260512_1f.mov,01:44:08:16,01:44:10:05,1.54,1:13,2026-05-12,Chat GPT; Krea,,
CTD_101_RC2_20260626,101,CTD_AI_CHF_WuhanFlood_20260623_3.mov,01:44:10:05,01:44:10:16,0.46,0:11,2026-06-23,Chat GPT; Krea,,
CTD_101_RC2_20260626,101,CTD_AI_FDN_Reactorexplosion_20260521_30a.mov,01:44:10:16,01:44:11:01,0.38,0:09,2026-05-21,Chat GPT; Krea,,
CTD_101_RC2_20260626,101,CTD_AI_TXC_NEWBoatExplosion_20260625_1b.mov,01:44:11:01,01:44:11:11,0.42,0:10,2026-06-25,Chat GPT; Krea,,
CTD_101_RC2_20260626,101,CTD_AI_447_PlaneCrashWing_20260623_1b.mov,01:44:11:11,01:44:14:10,2.96,2:23,2026-06-23,Chat GPT; Krea,,
CTD_101_SNAPINS_20260714,101,CTD_AI_MSH_PyroclasticFlow_20260408_1a.mov,01:00:03:00,01:00:08:02,5.08,5:02,2026-04-08,Chat GPT; Krea,,
CTD_101_SNAPINS_20260714,101,CTD_AI_MSH_PyroclasticFlow_20260408_5a.mov,01:00:18:23,01:00:26:13,7.58,7:14,2026-04-08,Chat GPT; Krea,,
CTD_101_SNAPINS_20260714,101,CTD_AI_MSH_PyroclasticFlow_20260501_3e.mov,01:01:01:00,01:01:04:00,3,3:00,2026-05-01,Chat GPT; Krea,,
CTD_101_SNAPINS_20260714,101,CTD_AI_MSH_Pyroclasticflowwide_20260427_1b.mov,01:01:27:14,01:01:31:18,4.17,4:04,2026-04-27,Chat GPT; Krea,,
CTD_101_SNAPINS_20260714,101,CTD_AI_MSH_PyroclasticFlow_20260408_9a.mov,01:01:59:15,01:02:04:07,4.67,4:16,2026-04-08,Chat GPT; Krea,,
CTD_101_SNAPINS_20260714,101,CTD_AI_FDN_TsunamiMisc_20260421_13c.mov,01:02:07:07,01:02:10:18,3.46,3:11,2026-04-21,Chat GPT; Krea,,
CTD_101_SNAPINS_20260714,101,CTD_AI_FDN_TsunamiMisc_20260421_7a.mov,01:02:10:18,01:02:16:01,5.29,5:07,2026-04-21,Chat GPT; Krea,,
CTD_101_SNAPINS_20260714,101,CTD_AI_FDN_GeneratorFlood_20260703_1a.mov,01:02:18:07,01:02:22:22,4.63,4:15,2026-07-03,Chat GPT; Krea,,
CTD_101_SNAPINS_20260714,101,CTD_AI_FDN_TsunamiTopDown_20260416_1a.mov,01:02:31:08,01:02:34:00,2.67,2:16,2026-04-16,Chat GPT; Krea,,
CTD_101_SNAPINS_20260714,101,CTD_AI_FDN_TsunamiMisc_20260421_11a.mov,01:02:34:00,01:02:37:16,3.67,3:16,2026-04-21,Chat GPT; Krea,,
CTD_101_SNAPINS_20260714,101,CTD_AI_FDN_TsunamiMisc_20260421_15b.mov,01:02:37:16,01:02:41:17,4.04,4:01,2026-04-21,Chat GPT; Krea,,
CTD_101_SNAPINS_20260714,101,CTD_AI_FDN_ControlRoomFlashPress_20260702_2a.mov,01:02:50:09,01:02:51:00,0.63,0:15,2026-07-02,Chat GPT; Krea,,
CTD_101_SNAPINS_20260714,101,CTD_AI_FDN_EarthQuakeControlRoomMonitors_20260702_1a.mov,01:02:51:00,01:02:55:04,4.17,4:04,2026-07-02,Chat GPT; Krea,,
CTD_101_SNAPINS_20260714,101,CTD_AI_FDN_Reactor_20260625_1d.mov,01:03:01:08,01:03:04:03,2.79,2:19,2026-06-25,Chat GPT; Krea,,
CTD_101_SNAPINS_20260714,101,CTD_AI_447_LeftStickClose_20260507_1a.mov,01:03:09:05,01:03:10:03,0.92,0:22,2026-05-07,Chat GPT; Krea,,
CTD_101_SNAPINS_20260714,101,CTD_AI_447_LeftStickPush_20260520_2a.mov,01:03:15:01,01:03:18:07,3.25,3:06,2026-05-20,Chat GPT; Krea,,
CTD_101_SNAPINS_20260714,101,CTD_AI_447_HailCloud_20260703_1a.mov,01:03:18:07,01:03:19:05,0.92,0:22,2026-07-03,Chat GPT; Krea,,
CTD_101_SNAPINS_20260714,101,CTD_AI_447_FlightControls_20260624_1b.mov,01:03:28:02,01:03:31:00,2.92,2:22,2026-06-24,Chat GPT; Krea,,
CTD_101_SNAPINS_20260714,101,CTD_AI_447_NoseUpCloseUp_20260619_1a.mov,01:03:32:05,01:03:37:07,5.08,5:02,2026-06-19,Chat GPT; Krea,,
CTD_101_SNAPINS_20260714,101,CTD_AI_447_CUFlightControls_20260512_1c.mov,01:03:41:02,01:03:44:10,3.33,3:08,2026-05-12,Chat GPT; Krea,,
CTD_101_SNAPINS_20260714,101,CTD_AI_447_Warning_20260507_1a.mov,01:03:47:23,01:03:51:12,3.54,3:13,2026-05-07,Chat GPT; Krea,,
CTD_101_SNAPINS_20260714,101,CTD_AI_HIN_MooringLines_20260710_1b.mov,01:03:59:08,01:04:01:12,2.17,2:04,2026-07-10,,,
CTD_101_SNAPINS_20260714,101,CTD_AI_HIN_StaticElectricity02_20260513_2b.mov,01:04:01:12,01:04:03:08,1.83,1:20,2026-05-12,Chat GPT; Krea,,
CTD_101_SNAPINS_20260714,101,CTD_AI_HIN_StaticElectricity01_20260512_01a.mov,01:04:03:08,01:04:05:23,2.63,2:15,2026-05-12,Chat GPT; Krea,,
CTD_101_SNAPINS_20260714,101,CTD_AI_HIN_CottonSkin_20260512.mov,01:04:07:16,01:04:11:19,4.13,4:03,2026-05-12,Chat GPT; Krea,,
CTD_101_SNAPINS_20260714,101,CTD_AI_HIN_MooringTower_20260709_1a.mov,01:04:14:09,01:04:17:20,3.46,3:11,2026-07-09,,,
CTD_101_SNAPINS_20260714,101,CTD_AI_HIN_BracingWire02_20260513_2b.mov,01:04:20:09,01:04:22:13,2.17,2:04,2026-05-12,Chat GPT; Krea,,
CTD_102_FC_20260729,102,CTD_AI_PAO_PiperAlpha_20260527.mov,01:00:10:00,01:00:11:04,1.17,1:04,2026-05-27,Chat GPT; Krea,,
CTD_102_FC_20260729,102,CTD_AI_PAO_BoltingBlindFlange2c_20260720_RESPIN.mov,01:00:11:04,01:00:12:14,1.42,1:10,2026-07-20,Chat GPT; Krea,,
CTD_102_FC_20260729,102,CTD_AI_BMF_MolassesPipe01_20260619_1a.mov,01:00:12:14,01:00:13:20,1.25,1:06,2026-06-19,Chat GPT; Krea,,
CTD_102_FC_20260729,102,CTD_AI_BMF_MolassesPipe02_20260619_1a.mov,01:00:13:20,01:00:14:20,1,1:00,2026-06-19,Chat GPT; Krea,,
CTD_102_FC_20260729,102,CTD_AI_BMF_MolassesPipe02_20260619_1a.mov,01:00:14:20,01:00:15:22,1.08,1:02,2026-06-19,Chat GPT; Krea,,
CTD_102_FC_20260729,102,CTD_AI_BMF_TankRuptures_20260715_1c.mov,01:00:15:22,01:00:17:04,1.25,1:06,2026-07-15,Chat GPT; Krea,,
CTD_102_FC_20260729,102,CTD_AI_BMF_TankRuptures_20260621_4b.mov,01:00:17:04,01:00:18:05,1.04,1:01,2026-06-21,Chat GPT; Krea,,
CTD_102_FC_20260729,102,CTD_AI_PAO_PipesBurst_20260527.mov,01:00:18:05,01:00:19:04,0.96,0:23,2026-05-27,Chat GPT; Krea,,
CTD_102_FC_20260729,102,CTD_AI_HKA_LeveeBreaks_20260622_2A.mov,01:00:19:04,01:00:20:12,1.33,1:08,2026-06-22,Chat GPT; Krea,,
CTD_102_FC_20260729,102,CTD_AI_OTI_TitanToursTitanic3_20260615_2b.mov,01:00:20:11,01:00:20:12,0.04,0:00,2026-06-15,Chat GPT; Krea,,
CTD_102_FC_20260729,102,CTD_AI_OTI_TitanToursTitanic3_20260615_2b.mov,01:00:20:12,01:00:22:15,2.13,2:03,2026-06-15,Chat GPT; Krea,,
CTD_102_FC_20260729,102,CTD_AI_OTI_InsideTitan_20260616_1b.mov,01:00:22:15,01:00:23:11,0.83,0:20,2026-06-16,Chat GPT; Krea,,
CTD_102_FC_20260729,102,CTD_AI_OTI_ImplosionRealTime_20260626_2c.mov,01:00:23:11,01:00:23:18,0.29,0:23,2026-06-26,Chat GPT; Krea,,
CTD_102_FC_20260729,102,CTD_AI_OTI_ImplosionClose_20260626_1a.mov,01:00:23:18,01:00:24:09,0.63,0:15,2026-06-20,Chat GPT; Krea,,
CTD_102_FC_20260729,102,CTD_AI_OTI_ImplosionRealTime_20260626_1a.mov,01:00:24:09,01:00:24:19,0.42,0:10,2026-06-26,Chat GPT; Krea,,
CTD_102_FC_20260729,102,CTD_AI_OTI_ImplosionClose_20260626_1a.mov,01:00:24:19,01:00:25:06,0.46,0:11,2026-06-20,Chat GPT; Krea,,
CTD_102_FC_20260729,102,CTD_AI_OTI_ImplosionRealTime_20260525_1b.mov,01:00:25:06,01:00:25:14,0.33,0:08,2026-05-25,Chat GPT; Krea,,
CTD_102_FC_20260729,102,CTD_AI_OTI_ImplosionRealTime_20260525_1a.mov,01:00:25:14,01:00:26:02,0.5,0:12,2026-05-25,Chat GPT; Krea,,
CTD_102_FC_20260729,102,CTD_AI_OTI_ImplosionRealTime_20260626_3a.mov,01:00:26:02,01:00:26:15,0.54,0:13,2026-06-26,Chat GPT; Krea,,
CTD_102_FC_20260729,102,CTD_AI_OTI_TitanDebris1_20260717_1b.mov,01:00:27:09,01:00:28:16,1.29,1:07,2026-07-17,Chat GPT; Krea,,
CTD_102_FC_20260729,102,CTD_AI_LPE_SanFranciscoStreetBuckles_20260624_1a.mov,01:00:32:17,01:00:32:18,0.04,0:00,2026-06-24,Chat GPT; Krea,,
CTD_102_FC_20260729,102,CTD_AI_LPE_SanFranciscoStreetBuckles_20260624_1a.mov,01:00:32:18,01:00:33:12,0.75,0:18,2026-06-24,Chat GPT; Krea,,
CTD_102_FC_20260729,102,CTD_AI_LPE_SanFranciscoHouseFallsOnCar_20260624_2a.mov,01:00:33:12,01:00:35:05,1.71,1:17,2026-06-24,Chat GPT; Krea,,
CTD_102_FC_20260729,102,CTD_AI_LPE_ViaductCollapses_20260526_1B.mov,01:00:35:05,01:00:36:04,0.96,0:23,2026-05-26,Chat GPT; Krea,,
CTD_102_FC_20260729,102,CTD_AI_LPE_DriverPovCypressViaduct_20260624_2a.mov,01:00:36:04,01:00:38:00,1.83,1:20,2026-06-24,Chat GPT; Krea,,
CTD_102_FC_20260729,102,CTD_AI_HKA_IndustrialCanalRisingWaters_20260724_2a.mov,01:00:41:09,01:00:41:10,0.04,0:00,2026-07-24,Chat GPT; Krea,,
CTD_102_FC_20260729,102,CTD_AI_HKA_IndustrialCanalRisingWaters_20260724_2a.mov,01:00:41:10,01:00:43:13,2.13,2:03,2026-07-24,Chat GPT; Krea,,
CTD_102_FC_20260729,102,CTD_AI_HKA_IndustrialCanalRisingWaters_20260724_1a.mov,01:00:43:13,01:00:44:16,1.13,1:24,2026-07-24,Chat GPT; Krea,,
CTD_102_FC_20260729,102,CTD_AI_HKA_IndustrialCanalRisingWaters_20260724_1b.mov,01:00:44:16,01:00:45:14,0.92,0:22,2026-07-24,Chat GPT; Krea,,
CTD_102_FC_20260729,102,CTD_AI_HKA_IndustrialCanalFlyover_20260723_1b.mov,01:00:45:14,01:00:47:00,1.42,1:10,2026-07-23,Chat GPT; Krea,,
CTD_102_FC_20260729,102,CTD_AI_HKA_WaterErodingLevee_20260724_2b.mov,01:00:49:15,01:00:50:12,0.88,0:21,2026-07-24,Chat GPT; Krea,,
CTD_102_FC_20260729,102,CTD_AI_HKA_LeveeBreaks_20260723_1a.mov,01:00:50:12,01:00:52:00,1.5,1:12,2026-07-23,Chat GPT; Krea,,
CTD_102_FC_20260729,102,CTD_AI_HKA_FloodDestroysHouses_20260723_2a.mov,01:00:53:10,01:00:54:05,0.79,0:19,2026-07-23,Chat GPT; Krea,,
CTD_102_FC_20260729,102,CTD_AI_HKA_FloodDestroysHouses_20260723_1a.mov,01:00:54:05,01:00:54:19,0.58,0:24,2026-07-23,Chat GPT; Krea,,
CTD_102_FC_20260729,102,CTD_AI_HKA_FloodComesThroughWindow_20260630_3a.mov,01:00:54:19,01:00:55:19,1,1:00,2026-06-30,Chat GPT; Krea,,
CTD_102_FC_20260729,102,CTD_AI_HKA_FloodComesThroughWindow_20260630_2b.mov,01:00:55:19,01:00:56:18,0.96,0:23,2026-06-30,Chat GPT; Krea,,
CTD_102_FC_20260729,102,CTD_AI_HKA_FloodDestroysHouses_20260723_3a.mov,01:00:57:13,01:00:58:20,1.29,1:07,2026-07-23,Chat GPT; Krea,,
CTD_102_FC_20260729,102,CTD_AI_LPE_CypressViaductCollapse02_20260630_2a.mov,01:00:58:20,01:01:00:00,1.17,1:04,2026-06-30,Chat GPT; Krea,,
CTD_102_FC_20260729,102,CTD_AI_OTI_TITAN_HULL2_20260717_1b.mov,01:01:00:00,01:01:01:02,1.08,1:02,2026-07-17,Chat GPT; Krea,,
CTD_102_FC_20260729,102,CTD_AI_PAO_BoltingBlindFlange2d_20260720_RESPIN.mov,01:01:01:02,01:01:02:00,0.92,0:22,2026-07-20,Chat GPT; Krea,,
CTD_102_FC_20260729,102,CTD_AI_LPE_DriverPovCypressViaduct_20260624_2a.mov,01:01:02:00,01:01:03:04,1.17,1:04,2026-06-24,Chat GPT; Krea,,
CTD_102_FC_20260729,102,CTD_AI_PAO_PumpAOnButton_20260723_A.mov,01:01:03:04,01:01:04:06,1.08,1:02,2026-07-23,,,
CTD_102_FC_20260729,102,CTD_AI_TAD_FlowerShopExplosion_20260722_7a.mov,01:01:04:06,01:01:04:17,0.46,0:11,2026-07-22,,,
CTD_102_FC_20260729,102,CTD_AI_TAD_FlowerShopExplosion_20260722_5a.mov,01:01:04:17,01:01:05:05,0.5,0:12,2026-07-22,,,
CTD_102_FC_20260729,102,CTD_AI_TAD_FlowerShopExplosion_20260722_5c.mov,01:01:05:05,01:01:05:19,0.58,0:24,2026-07-22,,,
CTD_102_FC_20260729,102,CTD_AI_TAD_FlowerShopExplosion_20260722_5c.mov,01:01:05:19,01:01:06:18,0.96,0:23,2026-07-22,,,
CTD_102_FC_20260729,102,CTD_AI_BMF_TankRuptures_20260715_1c.mov,01:01:06:18,01:01:07:23,1.21,1:05,2026-07-15,Chat GPT; Krea,,
CTD_102_FC_20260729,102,CTD_AI_BMF_TankRuptures_20260714_1a.mov,01:01:07:23,01:01:09:05,1.25,1:06,2026-07-14,,,
CTD_102_FC_20260729,102,CTD_AI_PAO_PiperAlphaExplodes_20260720_RESPIN_A.mov,01:01:09:05,01:01:09:21,0.67,0:16,2026-07-20,Chat GPT; Krea,,
CTD_102_FC_20260729,102,CTD_AI_PAO_PiperAlphaExplodes_20260720_RESPIN_A.mov,01:01:09:21,01:01:10:14,0.71,0:17,2026-07-20,Chat GPT; Krea,,
CTD_102_FC_20260729,102,CTD_AI_PAO_BollandsBlast_20260720_RESPIN.mov,01:01:10:14,01:01:11:19,1.21,1:05,2026-07-20,Chat GPT; Krea,,
CTD_102_FC_20260729,102,CTD_AI_OTI_TITAN_INTRO1_20260716_1a.mov,01:02:40:21,01:02:48:11,7.58,7:14,2026-07-16,,,
CTD_102_FC_20260729,102,CTD_AI_OTI_TITAN_INTRO1_20260716_2a.mov,01:02:48:11,01:02:57:22,9.46,9:00,2026-07-16,,,
CTD_102_FC_20260729,102,CTD_AI_OTI_TitanUnderwater2_20260717_1b.mov,01:02:57:22,01:03:01:13,3.63,3:15,2026-07-17,Chat GPT; Krea,,
CTD_102_FC_20260729,102,CTD_AI_OTI_InsideTitan_20260616_1b.mov,01:03:05:19,01:03:09:13,3.75,3:18,2026-06-16,Chat GPT; Krea,,
CTD_102_FC_20260729,102,CTD_AI_OTI_TitanUnderwater2_20260717_1b.mov,01:03:11:02,01:03:17:03,6.04,6:01,2026-07-17,Chat GPT; Krea,,
CTD_102_FC_20260729,102,CTD_AI_OTI_TitanUnderwater2_20260717_2a.mov,01:03:20:21,01:03:24:21,4,4:00,2026-07-17,Chat GPT; Krea,,
CTD_102_FC_20260729,102,CTD_AI_OTI_TitanToursTitanic3_20260615_1a.mov,01:03:31:05,01:03:38:00,6.79,6:19,2026-06-15,Chat GPT; Krea,,
CTD_102_FC_20260729,102,CTD_AI_OTI_TITAN_TOURS_TITANIC2_20260630_1b.mov,01:03:38:00,01:03:42:10,4.42,4:10,2026-06-30,Chat GPT; Krea,,
CTD_102_FC_20260729,102,CTD_AI_OTI_TitanToursTitanic3_20260615_2b.mov,01:03:42:10,01:03:49:16,7.25,7:06,2026-06-15,Chat GPT; Krea,,
CTD_102_FC_20260729,102,CTD_AI_OTI_TitanToursTitanic3_20260615_2a.mov,01:03:55:07,01:03:58:14,3.29,3:07,2026-06-15,Chat GPT; Krea,,
CTD_102_FC_20260729,102,CTD_AI_OTI_TitanOnboard_20260615_1b.mov,01:03:58:14,01:04:02:00,3.42,3:10,2026-06-15,Chat GPT; Krea,,
CTD_102_FC_20260729,102,CTD_AI_OTI_Titanondeck_20260717_1b.mov,01:04:08:22,01:04:14:14,5.67,5:16,2026-07-17,Chat GPT; Krea,,
CTD_102_FC_20260729,102,CTD_AI_OTI_Titanondeck_20260717_1a.mov,01:04:14:14,01:04:18:22,4.33,4:08,2026-07-17,Chat GPT; Krea,,
CTD_102_FC_20260729,102,CTD_AI_OTI_TITAN_TOURS_TITANIC1_20260617_1a.mov,01:04:18:22,01:04:23:09,4.46,4:11,2026-06-17,,,
CTD_102_FC_20260729,102,CTD_AI_OTI_TitanSnaggedInWreck_20260617_1c.mov,01:04:23:09,01:04:29:02,5.71,5:17,2026-06-17,,,
CTD_102_FC_20260729,102,CTD_AI_OTI_TitanSnaggedInWreck_20260617_1d.mov,01:04:32:18,01:04:34:07,1.54,1:13,2026-06-17,,,
CTD_102_FC_20260729,102,CTD_AI_OTI_HandBracing_20260721_1b.mov,01:04:34:07,01:04:36:07,2,2:00,2026-07-21,Chat GPT; Krea,,
CTD_102_FC_20260729,102,CTD_AI_OTI_TitanSnaggedInWreck_20260617_1d.mov,01:04:36:07,01:04:38:12,2.21,2:05,2026-06-17,,,
CTD_102_FC_20260729,102,CTD_AI_OTI_HandBracing_20260717_1c.mov,01:04:38:12,01:04:40:04,1.67,1:16,2026-07-17,Chat GPT; Krea,,
CTD_102_FC_20260729,102,CTD_AI_OTI_TitanSnaggedInWreck_20260617_1a.mov,01:04:42:12,01:04:48:08,5.83,5:20,2026-06-17,,,
CTD_102_FC_20260729,102,CTD_AI_OTI_TitanDescends_20260717_2b.mov,01:04:48:08,01:04:51:15,3.29,3:07,2026-07-17,Chat GPT; Krea,,
CTD_102_FC_20260729,102,CTD_AI_OTI_HandGrabbingHandle_20260616_1b.mov,01:04:52:16,01:04:56:02,3.42,3:10,2026-06-16,Chat GPT; Krea,,
CTD_102_FC_20260729,102,CTD_AI_OTI_HandGrabbingHandle_20260616_1a.mov,01:05:02:12,01:05:05:13,3.04,3:01,2026-06-16,Chat GPT; Krea,,
CTD_102_FC_20260729,102,CTD_AI_OTI_TitanDescends_20260717_2a.mov,01:05:05:13,01:05:07:05,1.67,1:16,2026-07-17,Chat GPT; Krea,,
CTD_102_FC_20260729,102,CTD_AI_OTI_TitanDescends_20260717_2a.mov,01:05:11:02,01:05:14:02,3,3:00,2026-07-17,Chat GPT; Krea,,
CTD_102_FC_20260729,102,CTD_AI_OTI_TitanDragged_20260727_1a.mov,01:05:14:02,01:05:25:03,11.04,11:01,2026-07-27,Kling; Krea; Nano Banana,,
CTD_102_FC_20260729,102,CTD_AI_OTI_PolarPrinceSearch_20260728_6a.mov,01:05:25:03,01:05:30:02,4.96,4:23,2026-07-28,Kling; Nano Banana,,
CTD_102_FC_20260729,102,CTD_AI_OTI_TitanDragged_20260727_2a.mov,01:05:30:02,01:05:40:03,10.04,10:24,2026-07-27,Kling; Krea; Nano Banana,,
CTD_102_FC_20260729,102,CTD_AI_OTI_TITAN_LAUNCH1_20260717_1b.mov,01:05:49:22,01:05:54:05,4.29,4:07,2026-07-17,Chat GPT; Krea,,
CTD_102_FC_20260729,102,CTD_AI_OTI_TITAN_INTRO2_20260717_1c.mov,01:05:54:05,01:05:56:09,2.17,2:04,2026-07-17,Chat GPT; Krea,,
CTD_102_FC_20260729,102,CTD_AI_OTI_DescentIntoDarkness_20260620_1c.mov,01:05:56:09,01:06:02:00,5.63,5:15,2026-06-20,Chat GPT; Krea,,
CTD_102_FC_20260729,102,CTD_AI_OTI_TitanDescends_20260716_1a.mov,01:06:14:00,01:06:18:19,4.79,4:19,2026-07-16,,,
CTD_102_FC_20260729,102,CTD_AI_OTI_PolarPrinceSearch_20260728_3a.mov,01:06:21:14,01:06:25:14,4,4:00,2026-07-28,Kling; Nano Banana,,
CTD_102_FC_20260729,102,CTD_AI_OTI_TITAN_INTRO1_20260716_1a.mov,01:06:31:16,01:06:36:09,4.71,4:17,2026-07-16,,,
CTD_102_FC_20260729,102,CTD_AI_OTI_PolarPrinceSearch_20260728_1a.mov,01:06:40:13,01:06:45:11,4.92,4:22,2026-07-28,Kling; Nano Banana,,
CTD_102_FC_20260729,102,CTD_AI_OTI_PolarPrinceSearch_20260728_4a.mov,01:06:45:11,01:06:52:02,6.63,6:15,2026-07-28,Kling; Nano Banana,,
CTD_102_FC_20260729,102,CTD_AI_OTI_PolarPrinceSearch_20260728_8a.mov,01:06:53:05,01:06:59:06,6.04,6:01,2026-07-28,Kling; Nano Banana,,
CTD_102_FC_20260729,102,CTD_AI_OTI_TITAN_INTRO1_20260716_2a.mov,01:07:04:20,01:07:14:00,9.17,9:04,2026-07-16,,,
CTD_102_FC_20260729,102,CTD_AI_OTI_TitanUnderwater2_20260717_1a.mov,01:07:17:00,01:07:20:22,3.92,3:22,2026-07-17,Chat GPT; Krea,,
CTD_102_FC_20260729,102,CTD_AI_OTI_DescentIntoDarkness_20260620_1a.mov,01:07:20:22,01:07:27:03,6.21,6:05,2026-06-20,Chat GPT; Krea,,
CTD_102_FC_20260729,102,CTD_AI_OTI_TITAN_INTRO1_20260716_1a.mov,01:07:31:08,01:07:36:01,4.71,4:17,2026-07-16,,,
CTD_102_FC_20260729,102,CTD_AI_OTI_TITAN_HULL2_20260717_1b.mov,01:07:37:21,01:07:43:18,5.88,5:21,2026-07-17,Chat GPT; Krea,,
CTD_102_FC_20260729,102,CTD_AI_OTI_ImplosionRealTime_20260626_2c.mov,01:07:43:18,01:07:44:01,0.29,0:23,2026-06-26,Chat GPT; Krea,,
CTD_102_FC_20260729,102,CTD_AI_OTI_ImplosionClose_20260626_1a.mov,01:07:44:01,01:07:44:16,0.63,0:15,2026-06-20,Chat GPT; Krea,,
CTD_102_FC_20260729,102,CTD_AI_OTI_ImplosionRealTime_20260626_1a.mov,01:07:44:16,01:07:45:02,0.42,0:10,2026-06-26,Chat GPT; Krea,,
CTD_102_FC_20260729,102,CTD_AI_OTI_ImplosionClose_20260626_1a.mov,01:07:45:02,01:07:45:13,0.46,0:11,2026-06-20,Chat GPT; Krea,,
CTD_102_FC_20260729,102,CTD_AI_OTI_ImplosionRealTime_20260525_1b.mov,01:07:45:13,01:07:45:21,0.33,0:08,2026-05-25,Chat GPT; Krea,,
CTD_102_FC_20260729,102,CTD_AI_OTI_ImplosionRealTime_20260525_1a.mov,01:07:45:21,01:07:46:09,0.5,0:12,2026-05-25,Chat GPT; Krea,,
CTD_102_FC_20260729,102,CTD_AI_OTI_ImplosionRealTime_20260626_3a.mov,01:07:46:09,01:07:46:22,0.54,0:13,2026-06-26,Chat GPT; Krea,,
CTD_102_FC_20260729,102,CTD_AI_OTI_ImplosionRealTime_20260626_2a.mov,01:07:46:22,01:07:47:14,0.67,0:16,2026-06-26,Chat GPT; Krea,,
CTD_102_FC_20260729,102,CTD_AI_OTI_PolarPrinceSearch_20260728_4c.mov,01:07:47:14,01:07:52:01,4.46,4:11,2026-07-28,Kling; Nano Banana,,
CTD_102_FC_20260729,102,CTD_AI_OTI_TitanDebris1_20260717_3b.mov,01:08:04:00,01:08:05:06,1.25,1:06,2026-07-17,Chat GPT; Krea,,
CTD_102_FC_20260729,102,CTD_AI_OTI_TitanDebris1_20260717_1b.mov,01:08:05:06,01:08:06:13,1.29,1:07,2026-07-17,Chat GPT; Krea,,
CTD_102_FC_20260729,102,CTD_AI_OTI_TitanDebris2_20260630_2b.mov,01:08:06:13,01:08:09:17,3.17,3:04,2026-06-30,Chat GPT; Krea,,
CTD_102_FC_20260729,102,CTD_AI_OTI_PolarPrinceSearch_20260716_2a.mov,01:08:14:00,01:08:18:11,4.46,4:11,2026-07-16,,,
CTD_102_FC_20260729,102,CTD_AI_OTI_ImplosionRealTime_20260626_2c.mov,01:09:07:22,01:09:08:05,0.29,0:23,2026-06-26,Chat GPT; Krea,,
CTD_102_FC_20260729,102,CTD_AI_OTI_ImplosionClose_20260626_1a.mov,01:09:08:05,01:09:08:20,0.63,0:15,2026-06-20,Chat GPT; Krea,,
CTD_102_FC_20260729,102,CTD_AI_OTI_ImplosionRealTime_20260626_1a.mov,01:09:08:20,01:09:09:06,0.42,0:10,2026-06-26,Chat GPT; Krea,,
CTD_102_FC_20260729,102,CTD_AI_OTI_ImplosionClose_20260626_1a.mov,01:09:09:06,01:09:09:17,0.46,0:11,2026-06-20,Chat GPT; Krea,,
CTD_102_FC_20260729,102,CTD_AI_OTI_ImplosionRealTime_20260525_1b.mov,01:09:09:17,01:09:10:01,0.33,0:08,2026-05-25,Chat GPT; Krea,,
CTD_102_FC_20260729,102,CTD_AI_OTI_ImplosionRealTime_20260525_1a.mov,01:09:10:01,01:09:10:13,0.5,0:12,2026-05-25,Chat GPT; Krea,,
CTD_102_FC_20260729,102,CTD_AI_OTI_ImplosionRealTime_20260626_3a.mov,01:09:10:13,01:09:11:02,0.54,0:13,2026-06-26,Chat GPT; Krea,,
CTD_102_FC_20260729,102,CTD_AI_OTI_ImplosionRealTime_20260626_2a.mov,01:09:11:02,01:09:11:18,0.67,0:16,2026-06-26,Chat GPT; Krea,,
CTD_102_FC_20260729,102,CTD_AI_HKA_FloodwallsInstalled_20260525_1B.mov,01:10:48:07,01:10:51:19,3.5,3:12,2026-05-26,Chat GPT; Krea,,
CTD_102_FC_20260729,102,CTD_AI_HKA_FloodwallsInstalled_20260525_1D.mov,01:10:51:19,01:10:55:07,3.5,3:12,2026-05-26,Chat GPT; Krea,,
CTD_102_FC_20260729,102,CTD_AI_HKA_FloodwallsInstalled_20260525_1A.mov,01:11:09:16,01:11:13:06,3.58,3:14,2026-05-26,Chat GPT; Krea,,
CTD_102_FC_20260729,102,CTD_AI_HKA_FloodwallsInstalled_20260525_1C.mov,01:11:13:06,01:11:17:07,4.04,4:01,2026-05-26,Chat GPT; Krea,,
CTD_102_FC_20260729,102,CTD_AI_HKA_IndustrialCanalRisingWaters_20260724_1a.mov,01:12:46:23,01:12:47:21,0.92,0:22,2026-07-24,Chat GPT; Krea,,
CTD_102_FC_20260729,102,CTD_AI_HKA_IndustrialCanalRisingWaters_20260724_1b.mov,01:12:47:21,01:12:48:16,0.79,0:19,2026-07-24,Chat GPT; Krea,,
CTD_102_FC_20260729,102,CTD_AI_HKA_IndustrialCanalFlyover_20260723_1b.mov,01:12:50:17,01:12:52:09,1.67,1:16,2026-07-23,Chat GPT; Krea,,
CTD_102_FC_20260729,102,CTD_AI_HKA_FloodDestroysHouses_20260723_2a.mov,01:12:52:09,01:12:53:09,1,1:00,2026-07-23,Chat GPT; Krea,,
CTD_102_FC_20260729,102,CTD_AI_HKA_FloodDestroysHouses_20260723_1a.mov,01:12:53:09,01:12:53:23,0.58,0:24,2026-07-23,Chat GPT; Krea,,
CTD_102_FC_20260729,102,CTD_AI_HKA_FloodComesThroughWindow_20260630_3a.mov,01:12:53:23,01:12:54:23,1,1:00,2026-06-30,Chat GPT; Krea,,
CTD_102_FC_20260729,102,CTD_AI_HKA_FloodComesThroughWindow_20260630_2b.mov,01:12:54:23,01:12:56:18,1.79,1:19,2026-06-30,Chat GPT; Krea,,
CTD_102_FC_20260729,102,CTD_AI_HKA_IndustrialCanalFlyover_20260723_1b.mov,01:14:30:13,01:14:38:01,7.5,7:12,2026-07-23,Chat GPT; Krea,,
CTD_102_FC_20260729,102,CTD_AI_HKA_IndustrialCanalFlyover__20260723_1a.mov,01:14:42:20,01:14:45:13,2.71,2:17,2026-07-23,Chat GPT; Krea,,
CTD_102_FC_20260729,102,CTD_AI_HKA_IndustrialCanalRisingWaters_20260724_1b.mov,01:14:45:13,01:14:48:12,2.96,2:23,2026-07-24,Chat GPT; Krea,,
CTD_102_FC_20260729,102,CTD_AI_HKA_IndustrialCanalRisingWaters_20260724_1a.mov,01:14:51:15,01:14:53:16,2.04,2:01,2026-07-24,Chat GPT; Krea,,
CTD_102_FC_20260729,102,CTD_AI_HKA_IndustrialCanalRisingWaters_20260724_1b.mov,01:14:53:16,01:14:55:19,2.13,2:03,2026-07-24,Chat GPT; Krea,,
CTD_102_FC_20260729,102,CTD_AI_HKA_IndustrialCanalRisingWaters_20260724_2a.mov,01:14:55:19,01:14:59:15,3.83,3:20,2026-07-24,Chat GPT; Krea,,
CTD_102_FC_20260729,102,CTD_AI_HKA_IndustrialCanalRisingWaters_20260724_2b.mov,01:15:05:12,01:15:11:23,6.46,6:11,2026-07-24,Chat GPT; Krea,,
CTD_102_FC_20260729,102,CTD_AI_HKA_IndustrialCanalTopped_20260724_1a.mov,01:15:11:23,01:15:13:04,1.21,1:05,2026-07-24,Chat GPT; Krea,,
CTD_102_FC_20260729,102,CTD_AI_HKA_IndustrialCanalTopped_20260724_1b.mov,01:15:13:04,01:15:15:15,2.46,2:11,2026-07-24,Chat GPT; Krea,,
CTD_102_FC_20260729,102,CTD_AI_HKA_WaterErodingLevee_20260724_1b.mov,01:15:15:15,01:15:18:04,2.54,2:13,2026-07-24,Chat GPT; Krea,,
CTD_102_FC_20260729,102,CTD_AI_HKA_WaterErodingLevee_20260724_2b.mov,01:15:21:08,01:15:26:08,5,5:00,2026-07-24,Chat GPT; Krea,,
CTD_102_FC_20260729,102,CTD_AI_HKA_WaterErodingLevee_20260724_2c.mov,01:15:29:04,01:15:34:04,5,5:00,2026-07-24,Chat GPT; Krea,,
CTD_102_FC_20260729,102,CTD_AI_HKA_LeveeBreaks_20260723_1a.mov,01:15:37:09,01:15:42:17,5.33,5:08,2026-07-23,Chat GPT; Krea,,
CTD_102_FC_20260729,102,CTD_AI_HKA_FloodDestroysHouses_20260723_2a.mov,01:15:42:17,01:15:46:11,3.75,3:18,2026-07-23,Chat GPT; Krea,,
CTD_102_FC_20260729,102,CTD_AI_HKA_LeveeBreaks_20260622_2A.mov,01:15:46:11,01:15:49:05,2.75,2:18,2026-06-22,Chat GPT; Krea,,
CTD_102_FC_20260729,102,CTD_AI_HKA_LeveeBreaks_20260622_1a.mov,01:15:49:05,01:15:51:13,2.33,2:08,2026-06-22,Chat GPT; Krea,,
CTD_102_FC_20260729,102,CTD_AI_HKA_FloodDestroysHouses_20260723_2a.mov,01:15:51:13,01:15:53:10,1.88,1:21,2026-07-23,Chat GPT; Krea,,
CTD_102_FC_20260729,102,CTD_AI_HKA_LeveeBreaks_20260622_1a.mov,01:15:53:10,01:15:56:16,3.25,3:06,2026-06-22,Chat GPT; Krea,,
CTD_102_FC_20260729,102,CTD_AI_HKA_FloodDestroysHouses_20260723_1a.mov,01:16:02:03,01:16:05:02,2.96,2:23,2026-07-23,Chat GPT; Krea,,
CTD_102_FC_20260729,102,CTD_AI_HKA_WaterDemolishHouse_20260727_1i.mov,01:16:05:02,01:16:09:00,3.92,3:22,2026-07-27,Krea; Nano Banana,,
CTD_102_FC_20260729,102,CTD_AI_HKA_CarThroughHouse_20260727_1f.mov,01:16:09:00,01:16:12:07,3.29,3:07,2026-07-27,Krea; Nano Banana,,
CTD_102_FC_20260729,102,CTD_AI_HKA_FloodDestroysHouses_20260723_3a.mov,01:16:14:14,01:16:16:20,2.25,2:06,2026-07-23,Chat GPT; Krea,,
CTD_102_FC_20260729,102,CTD_AI_HKA_FloodWatersRising_20260727_1b.mov,01:16:16:20,01:16:20:22,4.08,4:02,2026-07-27,Krea; Nano Banana,,
CTD_102_FC_20260729,102,CTD_AI_HKA_FloodDestroysHouses_20260723_1c.mov,01:16:20:22,01:16:23:20,2.92,2:22,2026-07-23,Chat GPT; Krea,,
CTD_102_FC_20260729,102,CTD_AI_HKA_FloodComesThroughWindow_20260630_2b.mov,01:16:23:20,01:16:25:21,2.04,2:01,2026-06-30,Chat GPT; Krea,,
CTD_102_FC_20260729,102,CTD_AI_HKA_FloodComesThroughWindow_20260630_3a.mov,01:16:25:21,01:16:27:16,1.79,1:19,2026-06-30,Chat GPT; Krea,,
CTD_102_FC_20260729,102,CTD_AI_HKA_FloodComesThroughWindow_20260723_1a.mov,01:16:27:16,01:16:28:16,1,1:00,2026-07-23,Chat GPT; Krea,,
CTD_102_FC_20260729,102,CTD_AI_HKA_FloodWatersRising_20260727_1c.mov,01:16:28:16,01:16:31:09,2.71,2:17,2026-07-27,Krea; Nano Banana,,
CTD_102_FC_20260729,102,CTD_AI_HKA_CarThroughHouse_20260727_1b.mov,01:16:31:09,01:16:33:00,1.63,1:15,2026-07-27,Krea; Nano Banana,,
CTD_102_FC_20260729,102,CTD_AI_HKA_CarThroughHouse_20260727_1b.mov,01:16:33:00,01:16:34:00,1,1:00,2026-07-27,Krea; Nano Banana,,
CTD_102_FC_20260729,102,CTD_AI_HKA_CarThroughHouse_20260727_1b.mov,01:16:34:00,01:16:35:17,1.71,1:17,2026-07-27,Krea; Nano Banana,,
CTD_102_FC_20260729,102,CTD_AI_HKA_WaterDemolishHouse_20260727_1e.mov,01:16:38:23,01:16:40:15,1.67,1:16,2026-07-27,Krea; Nano Banana,,
CTD_102_FC_20260729,102,CTD_AI_HKA_FloodDestroysHouses_20260723_3a.mov,01:16:40:15,01:16:43:18,3.13,3:03,2026-07-23,Chat GPT; Krea,,
CTD_102_FC_20260729,102,CTD_AI_HKA_9thWardFlood_20260727_1b.mov,01:16:43:18,01:16:46:08,2.58,2:14,2026-07-27,Krea; Nano Banana,,
CTD_102_FC_20260729,102,CTD_AI_TAD_HandOnThrottle_20260721_1a.mov,01:17:43:17,01:17:44:20,1.13,1:24,2026-07-21,Chat GPT; Krea,,
CTD_102_FC_20260729,102,CTD_AI_TAD_PanAmCockpit_20260723_2a.mov,01:17:44:20,01:17:46:02,1.25,1:06,2026-07-23,,,
CTD_102_FC_20260729,102,CTD_AI_TAD_PanAmBehindKLM_20260721_2d.mov,01:17:46:02,01:17:47:02,1,1:00,2026-07-21,Chat GPT; Krea,,
CTD_102_FC_20260729,102,CTD_AI_TAD_PanAmBehindKLM_20260721_1a.mov,01:17:47:02,01:17:48:07,1.21,1:05,2026-07-21,Chat GPT; Krea,,
CTD_102_FC_20260729,102,CTD_AI_TAD_KLMCockpit_20260723_2a.mov,01:17:48:07,01:17:49:17,1.42,1:10,2026-07-23,,,
CTD_102_FC_20260729,102,CTD_AI_TAD_KLMTakeoffPosition_20260722_3a.mov,01:17:49:17,01:17:51:01,1.33,1:08,2026-07-22,,,
CTD_102_FC_20260729,102,CTD_AI_TAD_KLMCockpit_20260623_3b.mov,01:17:51:01,01:17:51:23,0.92,0:22,2026-06-23,,,
CTD_102_FC_20260729,102,CTD_AI_TAD_KLMTakeoffPosition_20260722_1b.mov,01:17:51:23,01:17:53:01,1.08,1:02,2026-07-22,,,
CTD_102_FC_20260729,102,CTD_AI_TAD_PanAmCockpit_20260723_1b.mov,01:17:53:01,01:17:54:08,1.29,1:07,2026-07-23,,,
CTD_102_FC_20260729,102,CTD_AI_TAD_JustBeforeImpact01_20260623_5c.mov,01:17:56:19,01:17:58:02,1.29,1:07,2026-06-23,,,
CTD_102_FC_20260729,102,CTD_AI_TAD_JustBeforeImpact02_20260623_1b.mov,01:17:58:02,01:17:59:02,1,1:00,2026-06-23,,,
CTD_102_FC_20260729,102,CTD_AI_TAD_FlowerShopExplosion_20260525_1C.mov,01:18:04:20,01:18:08:14,3.75,3:18,2026-05-26,Chat GPT; Krea,,
CTD_102_FC_20260729,102,CTD_AI_TAD_FlowerShopExplosion_20260722_3c.mov,01:18:08:14,01:18:11:15,3.04,3:01,2026-07-22,,,
CTD_102_FC_20260729,102,CTD_AI_TAD_FlowerShopExplosion_20260525_1A.mov,01:18:11:15,01:18:13:21,2.25,2:06,2026-05-26,Chat GPT; Krea,,
CTD_102_FC_20260729,102,CTD_AI_TAD_FlowerShopExplosion_20260722_7a.mov,01:18:13:21,01:18:15:09,1.5,1:12,2026-07-22,,,
CTD_102_FC_20260729,102,CTD_AI_TAD_FlowerShopExplosion_20260722_5a.mov,01:18:15:09,01:18:15:21,0.5,0:12,2026-07-22,,,
CTD_102_FC_20260729,102,CTD_AI_TAD_FlowerShopExplosion_20260722_5c.mov,01:18:15:21,01:18:16:11,0.58,0:24,2026-07-22,,,
CTD_102_FC_20260729,102,CTD_AI_TAD_FlowerShopExplosion_20260722_5c.mov,01:18:16:11,01:18:18:12,2.04,2:01,2026-07-22,,,
CTD_102_FC_20260729,102,CTD_AI_TAD_LosRodeosEstablisher_20260723_1b.mov,01:18:29:04,01:18:34:10,5.25,5:06,2026-07-23,,,
CTD_102_FC_20260729,102,CTD_AI_TAD_LosRodeosEstablisher_20260629_1a.mov,01:18:37:06,01:18:39:20,2.58,2:14,2026-06-29,Chat GPT; Krea,,
CTD_102_FC_20260729,102,CTD_AI_TAD_LosRodeosEstablisher_20260723_2b.mov,01:18:39:20,01:18:45:15,5.79,5:19,2026-07-23,,,
CTD_102_FC_20260729,102,CTD_AI_TAD_TowerCoveredInFog_20260722_2a.mov,01:18:50:11,01:18:53:02,2.63,2:15,2026-07-22,,,
CTD_102_FC_20260729,102,CTD_AI_TAD_TowerBeforeTakeOff01_20260629_1c.mov,01:18:53:02,01:18:55:00,1.92,1:22,2026-06-29,Chat GPT; Krea,,
CTD_102_FC_20260729,102,CTD_AI_TAD_TowerBeforeTakeOff01_20260629_1b.mov,01:18:57:19,01:18:59:01,1.25,1:06,2026-06-29,Chat GPT; Krea,,
CTD_102_FC_20260729,102,CTD_AI_TAD_TowerBeforeTakeOff01_20260629_1a.mov,01:19:00:05,01:19:01:17,1.5,1:12,2026-06-29,Chat GPT; Krea,,
CTD_102_FC_20260729,102,CTD_AI_TAD_TowerCoveredInFog_20260722_1b.mov,01:19:22:11,01:19:26:04,3.71,3:17,2026-07-22,,,
CTD_102_FC_20260729,102,CTD_AI_TAD_TarmacInFog_20260723_1a.mov,01:19:26:04,01:19:29:05,3.04,3:01,2026-07-23,,,
CTD_102_FC_20260729,102,CTD_AI_TAD_KLMPANAMJETSPARKED_20260525.mov,01:19:36:11,01:19:41:23,5.5,5:12,2026-05-26,Chat GPT; Krea,,
CTD_102_FC_20260729,102,CTD_AI_TAD_KLMPANAMJETSPARKED_20260723_1b.mov,01:19:48:02,01:19:52:03,4.04,4:01,2026-07-23,,,
CTD_102_FC_20260729,102,CTD_AI_TAD_TowerCoveredInFog_20260723_1a.mov,01:20:02:01,01:20:07:09,5.33,5:08,2026-07-23,,,
CTD_102_FC_20260729,102,CTD_AI_TAD_KLMPANAMJETSPARKED_20260723_2a.mov,01:20:11:06,01:20:17:17,6.46,6:11,2026-07-23,,,
CTD_102_FC_20260729,102,CTD_AI_TAD_KLMCockpit_20260723_1b.mov,01:20:17:17,01:20:20:07,2.58,2:14,2026-07-23,,,
CTD_102_FC_20260729,102,CTD_AI_TAD_KLMFlightTaxis_20260721_3a.mov,01:20:20:07,01:20:25:10,5.13,5:03,2026-07-21,Chat GPT; Krea,,
CTD_102_FC_20260729,102,CTD_AI_TAD_PanAmBehindKLM_20260721_2d.mov,01:20:25:10,01:20:30:01,4.63,4:15,2026-07-21,Chat GPT; Krea,,
CTD_102_FC_20260729,102,CTD_AI_TAD_TowerCoveredInFog_20260722_1c.mov,01:20:30:01,01:20:33:09,3.33,3:08,2026-07-22,,,
CTD_102_FC_20260729,102,CTD_AI_TAD_PanAmBehindKLM_20260721_2d.mov,01:20:36:11,01:20:39:09,2.92,2:22,2026-07-21,Chat GPT; Krea,,
CTD_102_FC_20260729,102,CTD_AI_TAD_HandOnThrottle_20260721_1a.mov,01:20:39:09,01:20:40:13,1.17,1:04,2026-07-21,Chat GPT; Krea,,
CTD_102_FC_20260729,102,CTD_AI_TAD_PanAmCockpit_20260723_2a.mov,01:20:40:13,01:20:42:10,1.88,1:21,2026-07-23,,,
CTD_102_FC_20260729,102,CTD_AI_TAD_TarmacInFog_20260723_1c.mov,01:20:52:13,01:20:55:03,2.58,2:14,2026-07-23,,,
CTD_102_FC_20260729,102,CTD_AI_TAD_HandOnThrottle_20260721_1a.mov,01:20:55:03,01:20:56:11,1.33,1:08,2026-07-21,Chat GPT; Krea,,
CTD_102_FC_20260729,102,CTD_AI_TAD_PanAmCockpit_20260723_2a.mov,01:20:56:11,01:20:58:22,2.46,2:11,2026-07-23,,,
CTD_102_FC_20260729,102,CTD_AI_TAD_TowerCoveredInFog_20260722_1c.mov,01:21:02:19,01:21:05:03,2.33,2:08,2026-07-22,,,
CTD_102_FC_20260729,102,CTD_AI_TAD_TowerBeforeTakeOff01_20260722_1b.mov,01:21:05:03,01:21:07:00,1.88,1:21,2026-07-22,,,
CTD_102_FC_20260729,102,CTD_AI_TAD_PanAmBehindKLM_20260721_2a.mov,01:21:07:00,01:21:11:21,4.88,4:21,2026-07-21,Chat GPT; Krea,,
CTD_102_FC_20260729,102,CTD_AI_TAD_PanAmBehindKLM_20260721_4b.mov,01:21:11:21,01:21:13:14,1.71,1:17,2026-07-21,Chat GPT; Krea,,
CTD_102_FC_20260729,102,CTD_AI_TAD_PanAmMissingExit02_20260629_1b.mov,01:21:16:20,01:21:20:00,3.17,3:04,2026-06-29,Chat GPT; Krea,,
CTD_102_FC_20260729,102,CTD_AI_TAD_PanAmMissingExit01_20260629_2a.mov,01:21:20:00,01:21:22:00,2,2:00,2026-06-29,Chat GPT; Krea,,
CTD_102_FC_20260729,102,CTD_AI_TAD_PanAmBehindKLM_20260721_3a.mov,01:21:22:00,01:21:28:08,6.33,6:08,2026-07-21,Chat GPT; Krea,,
CTD_102_FC_20260729,102,CTD_AI_TAD_KLMCockpit_20260723_1c.mov,01:21:35:10,01:21:36:23,1.54,1:13,2026-07-23,,,
CTD_102_FC_20260729,102,CTD_AI_TAD_PanAmInFog_20260727_2a.mov,01:22:01:18,01:22:06:14,4.83,4:20,2026-07-27,Kling; Krea,,
CTD_102_FC_20260729,102,CTD_AI_TAD_KLMCockpit_20260623_3c.mov,01:22:18:02,01:22:19:21,1.79,1:19,2026-06-23,,,
CTD_102_FC_20260729,102,CTD_AI_TAD_KLMTakeoffPosition_20260525.mov,01:22:19:21,01:22:22:15,2.75,2:18,2026-05-26,Chat GPT; Krea,,
CTD_102_FC_20260729,102,CTD_AI_TAD_KLMCockpit_20260723_2a.mov,01:22:22:15,01:22:23:21,1.25,1:06,2026-07-23,,,
CTD_102_FC_20260729,102,CTD_AI_TAD_KLMTakeoffPosition_20260722_3d.mov,01:22:26:07,01:22:27:23,1.67,1:16,2026-07-22,,,
CTD_102_FC_20260729,102,CTD_AI_TAD_KLMCockpit_20260723_2d.mov,01:22:27:23,01:22:29:07,1.33,1:08,2026-07-23,,,
CTD_102_FC_20260729,102,CTD_AI_TAD_KLMTakeoffPosition_20260722_3a.mov,01:22:29:07,01:22:30:18,1.46,1:11,2026-07-22,,,
CTD_102_FC_20260729,102,CTD_AI_TAD_KLMCockpit_20260623_3c.mov,01:22:30:18,01:22:32:08,1.58,1:14,2026-06-23,,,
CTD_102_FC_20260729,102,CTD_AI_TAD_JustBeforeImpact01_20260623_2b.mov,01:22:32:08,01:22:35:13,3.21,3:05,2026-06-23,,,
CTD_102_FC_20260729,102,CTD_AI_TAD_KLMInFog_20260728_1a.mov,01:22:35:13,01:22:38:17,3.17,3:04,2026-07-28,Kling; Nano Banana,,
CTD_102_FC_20260729,102,CTD_AI_TAD_KLMInFog_20260728_1d.mov,01:22:43:09,01:22:46:07,2.92,2:22,2026-07-28,Kling; Nano Banana,,
CTD_102_FC_20260729,102,CTD_AI_TAD_KLMTakeoffPosition_20260722_1a.mov,01:22:48:15,01:22:50:20,2.21,2:05,2026-07-22,,,
CTD_102_FC_20260729,102,CTD_AI_TAD_PanAmInFog_20260727_1a.mov,01:22:50:20,01:22:52:19,1.96,1:23,2026-07-27,Kling; Krea,,
CTD_102_FC_20260729,102,CTD_AI_TAD_KLMTakeoffPosition_20260722_3c.mov,01:22:54:15,01:22:57:16,3.04,3:01,2026-07-22,,,
CTD_102_FC_20260729,102,CTD_AI_TAD_KLMCockpit_20260623_3b.mov,01:22:57:16,01:22:59:09,1.71,1:17,2026-06-23,,,
CTD_102_FC_20260729,102,CTD_AI_TAD_JustBeforeImpact01_20260623_5c.mov,01:22:59:09,01:23:01:17,2.33,2:08,2026-06-23,,,
CTD_102_FC_20260729,102,CTD_AI_TAD_PanAmInFog_20260727_1c.mov,01:23:01:17,01:23:05:04,3.46,3:11,2026-07-27,Kling; Krea,,
CTD_102_FC_20260729,102,CTD_AI_TAD_HandOnThrottle_20260721_1a.mov,01:23:05:04,01:23:07:09,2.21,2:05,2026-07-21,Chat GPT; Krea,,
CTD_102_FC_20260729,102,CTD_AI_TAD_PanAmCockpit_20260723_1b.mov,01:23:07:09,01:23:11:04,3.79,3:19,2026-07-23,,,
CTD_102_FC_20260729,102,CTD_AI_TAD_JustBeforeImpact01_20260623_5c.mov,01:23:12:22,01:23:16:07,3.38,3:09,2026-06-23,,,
CTD_102_FC_20260729,102,CTD_AI_TAD_JustBeforeImpact02_20260623_1b.mov,01:23:16:07,01:23:17:17,1.42,1:10,2026-06-23,,,
CTD_102_FC_20260729,102,CTD_AI_TAD_JustBeforeImpact03_20260629_1d.mov,01:23:17:17,01:23:18:23,1.25,1:06,2026-06-29,Chat GPT; Krea,,
CTD_102_FC_20260729,102,CTD_AI_TAD_KLMCrash_20260623_3a.mov,01:23:18:23,01:23:19:17,0.75,0:18,2026-06-23,,,
CTD_102_FC_20260729,102,CTD_AI_TAD_KLMCrash_20260623_5c.mov,01:23:19:17,01:23:20:14,0.88,0:21,2026-06-23,,,
CTD_102_FC_20260729,102,CTD_AI_TAD_JustBeforeImpact03_20260629_1d.mov,01:23:20:14,01:23:21:21,1.29,1:07,2026-06-29,Chat GPT; Krea,,
CTD_102_FC_20260729,102,CTD_AI_TAD_KLMCatchesPanAm_20260727_1a.mov,01:23:21:21,01:23:23:03,1.25,1:06,2026-07-27,Kling; Krea,,
CTD_102_FC_20260729,102,CTD_AI_TAD_KLMCatchesPanAm_20260727_3a.mov,01:23:23:03,01:23:23:20,0.71,0:17,2026-07-27,Kling; Krea,,
CTD_102_FC_20260729,102,CTD_AI_TAD_KLMCatchesPanAm_20260727_1b.mov,01:23:23:20,01:23:24:16,0.83,0:20,2026-07-27,Kling; Krea,,
CTD_102_FC_20260729,102,CTD_AI_TAD_JustBeforeImpact03_20260629_1d.mov,01:23:27:01,01:23:28:13,1.5,1:12,2026-06-29,Chat GPT; Krea,,
CTD_102_FC_20260729,102,CTD_AI_TAD_KLMCrash_20260623_3a.mov,01:23:28:13,01:23:31:02,2.54,2:13,2026-06-23,,,
CTD_102_FC_20260729,102,CTD_AI_TAD_KLMCrash_20260623_2b.mov,01:23:31:02,01:23:36:13,5.46,5:11,2026-06-23,,,
CTD_102_FC_20260729,102,CTD_AI_TAD_PamAmFlames_20260629_3a.mov,01:23:36:13,01:23:38:08,1.79,1:19,2026-06-29,Chat GPT; Krea,,
CTD_102_FC_20260729,102,CTD_AI_TAD_KLMCrash_20260623_4a.mov,01:23:38:08,01:23:39:14,1.25,1:06,2026-06-23,,,
CTD_102_FC_20260729,102,CTD_AI_TAD_PamAmFlames_20260629_1a.mov,01:23:39:14,01:23:41:09,1.79,1:19,2026-06-29,Chat GPT; Krea,,
CTD_102_FC_20260729,102,CTD_AI_TAD_PamAmFlames_20260629_3b.mov,01:23:41:09,01:23:42:18,1.38,1:09,2026-06-29,Chat GPT; Krea,,
CTD_102_FC_20260729,102,CTD_AI_TAD_PamAmFlames_20260629_2a.mov,01:23:42:18,01:23:44:07,1.54,1:13,2026-06-29,Chat GPT; Krea,,
CTD_102_FC_20260729,102,CTD_AI_TAD_PlanesBurning_20260723_1b.mov,01:23:44:07,01:23:48:07,4,4:00,2026-07-23,,,
CTD_102_FC_20260729,102,CTD_AI_LPE_SanFranciscoHousingRowCollapses_2026-624_2d.mov,01:24:10:09,01:24:11:12,1.13,1:24,2026-06-24,Chat GPT; Krea,,
CTD_102_FC_20260729,102,CTD_AI_LPE_SanFranciscoHousingRowCollapses_2026-624_1e.mov,01:24:11:12,01:24:13:01,1.54,1:13,2026-06-24,Chat GPT; Krea,,
CTD_102_FC_20260729,102,CTD_AI_LPE_SanFranciscoHouseFallsOnCar_20260624_3b.mov,01:24:13:01,01:24:14:05,1.17,1:04,2026-06-24,Chat GPT; Krea,,
CTD_102_FC_20260729,102,CTD_AI_LPE_SanFranciscoHouseFallsOnCar_20260624_3g.mov,01:24:14:05,01:24:16:12,2.29,2:07,2026-06-24,Chat GPT; Krea,,
CTD_102_FC_20260729,102,CTD_AI_LPE_SanFranciscoHouseFallsOnCar_20260624_2a.mov,01:24:16:12,01:24:19:04,2.67,2:16,2026-06-24,Chat GPT; Krea,,
CTD_102_FC_20260729,102,CTD_AI_LPE_SanFranciscoStreetlightSways_20260727_1a.mov,01:27:26:15,01:27:27:16,1.04,1:01,2026-07-27,Kling; Krea,,
CTD_102_FC_20260729,102,CTD_AI_LPE_SanFranciscoHousingRowCollapses_2026-624_1e.mov,01:27:27:16,01:27:29:00,1.33,1:08,2026-06-24,Chat GPT; Krea,,
CTD_102_FC_20260729,102,CTD_AI_LPE_SanFranciscoChandelier_20260624_1a.mov,01:27:29:00,01:27:29:21,0.88,0:21,2026-06-24,Chat GPT; Krea,,
CTD_102_FC_20260729,102,CTD_AI_LPE_SanFranciscoHousingRowCollapses_2026-624_1e.mov,01:27:29:21,01:27:30:13,0.67,0:16,2026-06-24,Chat GPT; Krea,,
CTD_102_FC_20260729,102,CTD_AI_LPE_SanFranciscoHousingRowCollapses_2026-624_1e.mov,01:27:30:13,01:27:31:10,0.88,0:21,2026-06-24,Chat GPT; Krea,,
CTD_102_FC_20260729,102,CTD_AI_LPE_SanFranciscoHouseFallsOnCar_20260624_3i.mov,01:27:38:13,01:27:39:22,1.38,1:09,2026-06-24,Chat GPT; Krea,,
CTD_102_FC_20260729,102,CTD_AI_LPE_SanFranciscoStreetBuckles_20260624_1a.mov,01:27:39:22,01:27:41:02,1.17,1:04,2026-06-24,Chat GPT; Krea,,
CTD_102_FC_20260729,102,CTD_AI_LPE_SanFranciscoHouseFallsOnCar_20260624_3i.mov,01:27:41:02,01:27:41:16,0.58,0:24,2026-06-24,Chat GPT; Krea,,
CTD_102_FC_20260729,102,CTD_AI_LPE_SanFranciscoHouseFallsOnCar_20260624_3i.mov,01:27:41:16,01:27:42:06,0.58,0:24,2026-06-24,Chat GPT; Krea,,
CTD_102_FC_20260729,102,CTD_AI_LPE_SanFranciscoHouseFallsOnCar_20260624_3i.mov,01:27:42:06,01:27:42:20,0.58,0:24,2026-06-24,Chat GPT; Krea,,
CTD_102_FC_20260729,102,CTD_AI_LPE_LibraryShelvesCollapse_20260624_2b.mov,01:27:42:20,01:27:44:20,2,2:00,2026-06-24,Chat GPT; Krea,,
CTD_102_FC_20260729,102,CTD_AI_LPE_OfficeCeilingCollapse_20260626_3a.mov,01:27:44:20,01:27:46:15,1.79,1:19,2026-06-26,Chat GPT; Krea,,
CTD_102_FC_20260729,102,CTD_AI_LPE_LibraryShelvesCollapse_20260624_2b.mov,01:27:46:15,01:27:47:22,1.29,1:07,2026-06-24,Chat GPT; Krea,,
CTD_102_FC_20260729,102,CTD_AI_LPE_LibraryShelvesCollapse_20260624_2b.mov,01:27:47:22,01:27:49:07,1.38,1:09,2026-06-24,Chat GPT; Krea,,
CTD_102_FC_20260729,102,CTD_AI_LPE_SanFranciscoHousingRowCollapses_20260624_1b.mov,01:27:49:07,01:27:51:13,2.25,2:06,2026-06-24,Chat GPT; Krea,,
CTD_102_FC_20260729,102,CTD_AI_LPE_SanFranciscoHousingRowCollapses_2026-624_1a.mov,01:27:51:13,01:27:54:03,2.58,2:14,2026-06-24,Chat GPT; Krea,,
CTD_102_FC_20260729,102,CTD_AI_LPE_SanFranciscoHouseFallsOnCar_20260624_3b.mov,01:27:54:03,01:27:55:10,1.29,1:07,2026-06-24,Chat GPT; Krea,,
CTD_102_FC_20260729,102,CTD_AI_LPE_SanFranciscoHouseFallsOnCar_20260624_3g.mov,01:27:55:10,01:27:58:16,3.25,3:06,2026-06-24,Chat GPT; Krea,,
CTD_102_FC_20260729,102,CTD_AI_LPE_OfficeCeilingCollapse_20260626_3a.mov,01:28:01:22,01:28:02:21,0.96,0:23,2026-06-26,Chat GPT; Krea,,
CTD_102_FC_20260729,102,CTD_AI_LPE_LibraryShelvesCollapse_20260624_1c.mov,01:28:02:21,01:28:03:21,1,1:00,2026-06-24,Chat GPT; Krea,,
CTD_102_FC_20260729,102,CTD_AI_LPE_SanFranciscoHouseFallsOnCar_20260624_2a.mov,01:28:03:21,01:28:07:05,3.33,3:08,2026-06-24,Chat GPT; Krea,,
CTD_102_FC_20260729,102,CTD_AI_LPE_OfficeCeilingCollapse_20260727_1b.mov,01:28:09:02,01:28:10:03,1.04,1:01,2026-07-27,Kling; Krea; Nano Banana,,
CTD_102_FC_20260729,102,CTD_AI_LPE_OfficeCeilingCollapse_20260727_1c.mov,01:28:10:03,01:28:11:02,0.96,0:23,2026-07-27,Kling; Krea; Nano Banana,,
CTD_102_FC_20260729,102,CTD_AI_LPE_RowHouseWindowPOV_20260729.mov,01:28:11:02,01:28:12:10,1.33,1:08,2026-07-29,Chat GPT; Krea,,
CTD_102_FC_20260729,102,CTD_AI_LPE_SanFranciscoHouseFallsOnCar_20260625_5c.mov,01:28:12:10,01:28:13:07,0.88,0:21,2026-06-24,Chat GPT; Krea,,
CTD_102_FC_20260729,102,CTD_AI_LPE_SanFranciscoHouseFallsOnCar_20260624_5a.mov,01:28:13:07,01:28:15:01,1.75,1:18,2026-06-24,Chat GPT; Krea,,
CTD_102_FC_20260729,102,CTD_AI_LPE_SanFranciscoStreetlightSways_20260727_1a.mov,01:28:15:01,01:28:16:13,1.5,1:12,2026-07-27,Kling; Krea,,
CTD_102_FC_20260729,102,CTD_AI_LPE_SanFranciscoHouseFallsOnCar_20260624_5a.mov,01:28:16:13,01:28:17:17,1.17,1:04,2026-06-24,Chat GPT; Krea,,
CTD_102_FC_20260729,102,CTD_AI_LPE_SanFranciscoHouseFallsOnCar_20260624_5a.mov,01:28:17:17,01:28:20:01,2.33,2:08,2026-06-24,Chat GPT; Krea,,
CTD_102_FC_20260729,102,CTD_AI_LPE_CypressViaductCollapse02_20260630_2a.mov,01:28:26:07,01:28:29:18,3.46,3:11,2026-06-30,Chat GPT; Krea,,
CTD_102_FC_20260729,102,CTD_AI_LPE_CypressViaductCollapse01_20260630_1a.mov,01:28:29:18,01:28:33:09,3.63,3:15,2026-06-30,Chat GPT; Krea,,
CTD_102_FC_20260729,102,CTD_AI_LPE_CypressViaductCollapse02_20260630_2a.mov,01:28:33:09,01:28:36:08,2.96,2:23,2026-06-30,Chat GPT; Krea,,
CTD_102_FC_20260729,102,CTD_AI_LPE_CypressViaductCollapse01_20260630_1a.mov,01:28:36:08,01:28:38:11,2.13,2:03,2026-06-30,Chat GPT; Krea,,
CTD_102_FC_20260729,102,CTD_AI_LPE_DriverPovCypressViaduct_20260624_2a.mov,01:28:38:11,01:28:41:15,3.17,3:04,2026-06-24,Chat GPT; Krea,,
CTD_102_FC_20260729,102,CTD_AI_LPE_ViaductCollapses_20260727_3c.mov,01:28:41:15,01:28:44:02,2.46,2:11,2026-07-27,Krea; Nano Banana,,
CTD_102_FC_20260729,102,CTD_AI_LPE_ViaductCollapses_20260727_1a.mov,01:28:44:02,01:28:45:18,1.67,1:16,2026-07-27,Krea; Nano Banana,,
CTD_102_FC_20260729,102,CTD_AI_LPE_ViaductCollapses_20260727_3a.mov,01:28:45:18,01:28:48:09,2.63,2:15,2026-07-27,Krea; Nano Banana,,
CTD_102_FC_20260729,102,CTD_AI_LPE_ViaductCollapses_20260727_3c.mov,01:28:48:09,01:28:50:01,1.67,1:16,2026-07-27,Krea; Nano Banana,,
CTD_102_FC_20260729,102,CTD_AI_LPE_ViaductCollapses_20260727_3a.mov,01:28:50:01,01:28:51:00,0.96,0:23,2026-07-27,Krea; Nano Banana,,
CTD_102_FC_20260729,102,CTD_AI_LPE_DriverPovCypressViaduct_20260624_1a.mov,01:28:51:00,01:28:53:20,2.83,2:20,2026-06-24,Chat GPT; Krea,,
CTD_102_FC_20260729,102,CTD_AI_LPE_KeysInIgnition01_20260624_1a.mov,01:29:45:00,01:29:49:02,4.08,4:02,2026-06-24,Chat GPT; Krea,,
CTD_102_FC_20260729,102,CTD_AI_LPE_GloveCompartment_20260729_A1.mov,01:30:00:01,01:30:03:13,3.5,3:12,2026-07-29,Chat GPT; Krea,,
CTD_102_FC_20260729,102,CTD_AI_LPE_RearViewMirror_20260729_02A.mov,01:30:03:13,01:30:07:19,4.25,4:06,2026-07-29,Chat GPT; Krea,,
CTD_102_FC_20260729,102,CTD_AI_LPE_TimTrapped_20260729.mov,01:30:11:06,01:30:13:20,2.58,2:14,2026-07-29,Chat GPT; Krea,,
CTD_102_FC_20260729,102,CTD_AI_LPE_JawsOfLife_20260624_1c.mov,01:30:15:15,01:30:17:02,1.46,1:11,2026-06-24,Chat GPT; Krea,,
CTD_102_FC_20260729,102,CTD_AI_LPE_JawsOfLife_20260624_1b.mov,01:30:17:02,01:30:18:22,1.83,1:20,2026-06-24,Chat GPT; Krea,,
CTD_102_FC_20260729,102,CTD_AI_LPE_TimReached_20260626_1b.mov,01:30:18:22,01:30:21:03,2.21,2:05,2026-06-26,Chat GPT; Krea,,
CTD_102_FC_20260729,102,CTD_AI_PAO_PumpAOnButton_20260723_A.mov,01:30:52:02,01:30:53:18,1.67,1:16,2026-07-23,,,
CTD_102_FC_20260729,102,CTD_AI_PAO_BoltingBlindFlange2d_20260720_RESPIN.mov,01:30:53:18,01:30:54:15,0.88,0:21,2026-07-20,Chat GPT; Krea,,
CTD_102_FC_20260729,102,CTD_AI_PAO_BollandsBlast_20260720_RESPIN.mov,01:30:54:15,01:30:55:08,0.71,0:17,2026-07-20,Chat GPT; Krea,,
CTD_102_FC_20260729,102,CTD_AI_PAO_FirstExplosion_20260723_02.mov,01:30:55:08,01:30:57:14,2.25,2:06,2026-07-23,,,
CTD_102_FC_20260729,102,CTD_AI_PAO_PiperAlphaExplodes_20260720_RESPIN_A.mov,01:30:59:09,01:31:00:05,0.83,0:20,2026-07-20,Chat GPT; Krea,,
CTD_102_FC_20260729,102,CTD_AI_PAO_PiperAlphaExplodes_20260720_RESPIN_A.mov,01:31:00:05,01:31:01:21,1.67,1:16,2026-07-20,Chat GPT; Krea,,
CTD_102_FC_20260729,102,CTD_AI_PAO_PiperAlphaExplodes_20260720_RESPIN_B.mov,01:31:01:21,01:31:03:15,1.75,1:18,2026-07-20,Chat GPT; Krea,,
CTD_102_FC_20260729,102,CTD_AI_PAO_DavidJumps_20260527.mov,01:31:03:15,01:31:06:12,2.88,2:21,2026-05-27,Chat GPT; Krea,,
CTD_102_FC_20260729,102,CTD_AI_PAO_PiperAlpha_20260527.mov,01:31:14:12,01:31:17:06,2.75,2:18,2026-05-27,Chat GPT; Krea,,
CTD_102_FC_20260729,102,CTD_AI_PAO_ToolboxDrop_20260616_2a.mov,01:31:59:11,01:32:05:19,6.33,6:08,2026-06-16,Chat GPT; Krea,,
CTD_102_FC_20260729,102,CTD_AI_PAO_Maintenance2_20260616_1a.mov,01:32:18:10,01:32:27:18,9.33,9:08,2026-06-16,Chat GPT; Krea,,
CTD_102_FC_20260729,102,CTD_AI_PAO_Maintenance1_20260615.mov,01:32:27:18,01:32:32:00,4.25,4:06,2026-06-15,Chat GPT; Krea,,
CTD_102_FC_20260729,102,CTD_AI_PAO_BoltingBlindFlange_20260720_RESPIN.mov,01:32:36:04,01:32:38:02,1.92,1:22,2026-07-20,Chat GPT; Krea,,
CTD_102_FC_20260729,102,CTD_AI_PAO_BoltingBlindFlange2b_20260720_RESPIN.mov,01:32:38:02,01:32:40:12,2.42,2:10,2026-07-20,Chat GPT; Krea,,
CTD_102_FC_20260729,102,CTD_AI_PAO_BoltingBlindFlange2a_20260720_RESPIN.mov,01:32:44:13,01:32:48:13,4,4:00,2026-07-20,Chat GPT; Krea,,
CTD_102_FC_20260729,102,CTD_AI_PAO_BoltingBlindFlange2_20260615.mov,01:32:50:07,01:32:54:07,4,4:00,2026-06-15,Chat GPT; Krea,,
CTD_102_FC_20260729,102,CTD_AI_PAO_OfficeChair_20260723_B.mov,01:32:54:07,01:32:56:23,2.67,2:16,2026-07-23,,,
CTD_102_FC_20260729,102,CTD_AI_PAO_ClipboardWithPen_20260527.mov,01:32:56:23,01:32:58:16,1.71,1:17,2026-05-27,Chat GPT; Krea,,
CTD_102_FC_20260729,102,CTD_AI_PAO_Alarm01_20260722.mov,01:33:09:18,01:33:14:18,5,5:00,2026-07-22,Chat GPT; Krea,,
CTD_102_FC_20260729,102,CTD_AI_PAO_PiperAlphaExplodes_20260720_RESPIN_A.mov,01:33:24:04,01:33:30:06,6.08,6:02,2026-07-20,Chat GPT; Krea,,
CTD_102_FC_20260729,102,CTD_AI_PAO_CoffeeCup_20260722.mov,01:33:30:06,01:33:32:07,2.04,2:01,2026-07-22,Chat GPT; Krea,,
CTD_102_FC_20260729,102,CTD_AI_PAO_PumpAOnButton_20260723_A.mov,01:33:32:07,01:33:35:21,3.58,3:14,2026-07-23,,,
CTD_102_FC_20260729,102,CTD_AI_PAO_BoltingBlindFlange2c_20260720_RESPIN.mov,01:33:35:21,01:33:42:09,6.5,6:12,2026-07-20,Chat GPT; Krea,,
CTD_102_FC_20260729,102,CTD_AI_PAO_FlangeFlyingOffRedux_20260615.mov,01:33:45:20,01:33:47:17,1.88,1:21,2026-06-15,Chat GPT; Krea,,
CTD_102_FC_20260729,102,CTD_AI_PAO_Alarm02_20260722.mov,01:33:47:17,01:33:51:05,3.5,3:12,2026-07-22,Chat GPT; Krea,,
CTD_102_FC_20260729,102,CTD_AI_PAO_BoltingBlindFlange2d_20260720_RESPIN.mov,01:33:55:01,01:33:59:05,4.17,4:04,2026-07-20,Chat GPT; Krea,,
CTD_102_FC_20260729,102,CTD_AI_PAO_BoltingBlindFlange2d_20260720_RESPIN.mov,01:34:00:11,01:34:02:08,1.88,1:21,2026-07-20,Chat GPT; Krea,,
CTD_102_FC_20260729,102,CTD_AI_PAO_BollandsBlast_20260720_RESPIN.mov,01:34:02:08,01:34:03:16,1.33,1:08,2026-07-20,Chat GPT; Krea,,
CTD_102_FC_20260729,102,CTD_AI_PAO_Sprinkler_20260723_C.mov,01:34:03:16,01:34:05:19,2.13,2:03,2026-07-23,,,
CTD_102_FC_20260729,102,CTD_AI_PAO_Sprinkler_20260723_B.mov,01:34:05:19,01:34:07:07,1.5,1:12,2026-07-23,,,
CTD_102_FC_20260729,102,CTD_AI_PAO_FireEntersRadioRoom_20260722_01B.mov,01:34:07:07,01:34:09:07,2,2:00,2026-07-22,Chat GPT; Krea,,
CTD_102_FC_20260729,102,CTD_AI_PAO_FireEntersRadioRoom_20260722_01C.mov,01:34:09:07,01:34:10:21,1.58,1:14,2026-07-22,Chat GPT; Krea,,
CTD_102_FC_20260729,102,CTD_AI_PAO_FireEntersRadioRoom_20260722_01A.mov,01:34:10:21,01:34:12:10,1.54,1:13,2026-07-22,Chat GPT; Krea,,
CTD_102_FC_20260729,102,CTD_AI_PAO_PiperAlphaExplodes_20260720_RESPIN_E.mov,01:34:12:10,01:34:14:04,1.75,1:18,2026-07-20,Chat GPT; Krea,,
CTD_102_FC_20260729,102,CTD_AI_PAO_RadioRoomFire_20260529_2a.mov,01:34:14:04,01:34:15:23,1.79,1:19,2026-05-29,Chat GPT; Krea,,
CTD_102_FC_20260729,102,CTD_AI_PAO_RadioRoomPhone2_20260616_2a.mov,01:34:15:23,01:34:16:23,1,1:00,2026-06-16,Chat GPT; Krea,,
CTD_102_FC_20260729,102,CTD_AI_PAO_FireEntersRadioRoom_20260722_02B.mov,01:34:16:23,01:34:17:18,0.79,0:19,2026-07-22,Chat GPT; Krea,,
CTD_102_FC_20260729,102,CTD_AI_PAO_FireConsumesRadio_2_20260721_RESPIN.mov,01:34:17:18,01:34:18:16,0.92,0:22,2026-07-21,Chat GPT; Krea,,
CTD_102_FC_20260729,102,CTD_AI_PAO_FireEntersRadioRoom_20260722_02A.mov,01:34:18:16,01:34:19:16,1,1:00,2026-07-22,Chat GPT; Krea,,
CTD_102_FC_20260729,102,CTD_AI_PAO_FirstExplosion_20260723_02.mov,01:34:20:19,01:34:23:18,2.96,2:23,2026-07-23,,,
CTD_102_FC_20260729,102,CTD_AI_PAO_KinradeToHelipad_20260721_RESPIN.mov,01:34:23:18,01:34:28:19,5.04,5:01,2026-07-21,Chat GPT; Krea,,
CTD_102_FC_20260729,102,CTD_AI_PAO_RunToCafeteria_20260727_1b.mov,01:34:28:19,01:34:30:14,1.79,1:19,2026-07-27,Chat GPT; Krea,,
CTD_102_FC_20260729,102,CTD_AI_PAO_FeetRunningToCafeteria_20260722_2.mov,01:34:30:14,01:34:32:13,1.96,1:23,2026-07-22,Chat GPT; Krea,,
CTD_102_FC_20260729,102,CTD_AI_PAO_RunToCafeteria_20260727_1c.mov,01:34:32:13,01:34:34:18,2.21,2:05,2026-07-27,Chat GPT; Krea,,
CTD_102_FC_20260729,102,CTD_AI_PAO_CafeteriaBurns2_20260615_RESPIN.mov,01:34:39:14,01:34:41:20,2.25,2:06,2026-07-20,Chat GPT; Krea,,
CTD_102_FC_20260729,102,CTD_AI_PAO_FirstExplosion_20260722_01.mov,01:34:41:20,01:34:45:10,3.58,3:14,2026-07-22,Chat GPT; Krea,,
CTD_102_FC_20260729,102,CTD_AI_PAO_PipesBurst_20260527.mov,01:34:45:10,01:34:53:08,7.92,7:22,2026-05-27,Chat GPT; Krea,,
CTD_102_FC_20260729,102,CTD_AI_PAO_FirstExplosion_20260722_01.mov,01:34:53:08,01:34:55:19,2.46,2:11,2026-07-22,Chat GPT; Krea,,
CTD_102_FC_20260729,102,CTD_AI_PAO_FirstExplosion_20260723_02.mov,01:34:55:19,01:34:58:15,2.83,2:20,2026-07-23,,,
CTD_102_FC_20260729,102,CTD_AI_PAO_PiperAlphaExplodes_20260720_RESPIN_A.mov,01:35:00:12,01:35:01:08,0.83,0:20,2026-07-20,Chat GPT; Krea,,
CTD_102_FC_20260729,102,CTD_AI_PAO_PiperAlphaExplodes_20260720_RESPIN_A.mov,01:35:01:08,01:35:03:00,1.67,1:16,2026-07-20,Chat GPT; Krea,,
CTD_102_FC_20260729,102,CTD_AI_PAO_PiperAlphaExplodes_20260720_RESPIN_B.mov,01:35:03:00,01:35:08:15,5.63,5:15,2026-07-20,Chat GPT; Krea,,
CTD_102_FC_20260729,102,CTD_AI_PAO_PiperAlphaExplodes_20260720_RESPIN_D.mov,01:35:11:15,01:35:17:12,5.88,5:21,2026-07-20,Chat GPT; Krea,,
CTD_102_FC_20260729,102,CTD_AI_PAO_PiperAlphaExplodes_20260720_RESPIN_B.mov,01:35:17:12,01:35:23:00,5.5,5:12,2026-07-20,Chat GPT; Krea,,
CTD_102_FC_20260729,102,CTD_AI_PAO_FirstExplosion_20260722_01.mov,01:35:23:00,01:35:25:11,2.46,2:11,2026-07-22,Chat GPT; Krea,,
CTD_102_FC_20260729,102,CTD_AI_PAO_FirstExplosion_20260723_02.mov,01:35:25:11,01:35:28:11,3,3:00,2026-07-23,,,
CTD_102_FC_20260729,102,CTD_AI_PAO_DavidLooksAtWater_20260721_RESPIN.mov,01:35:28:11,01:35:31:16,3.21,3:05,2026-07-21,Chat GPT; Krea,,
CTD_102_FC_20260729,102,CTD_AI_PAO_PiperAlphaExplodes_20260720_RESPIN_C.mov,01:35:38:12,01:35:41:20,3.33,3:08,2026-07-20,Chat GPT; Krea,,
CTD_102_FC_20260729,102,CTD_AI_PAO_DavidLooksAtWater_20260721_RESPIN.mov,01:35:41:20,01:35:44:13,2.71,2:17,2026-07-21,Chat GPT; Krea,,
CTD_102_FC_20260729,102,CTD_AI_PAO_DavidLooksAtWater_20260527.mov,01:35:52:07,01:35:57:13,5.25,5:06,2026-05-27,Chat GPT; Krea,,
CTD_102_FC_20260729,102,CTD_AI_PAO_DavidLooksAtRig_20260721_RESPIN.mov,01:35:58:21,01:36:03:19,4.92,4:22,2026-07-21,Chat GPT; Krea,,
CTD_102_FC_20260729,102,CTD_AI_PAO_DavidJumps_20260527.mov,01:36:05:07,01:36:09:10,4.13,4:03,2026-05-27,Chat GPT; Krea,,
CTD_102_FC_20260729,102,CTD_AI_PAO_PiperAlphaExplodes_20260720_RESPIN_C.mov,01:36:09:10,01:36:13:01,3.63,3:15,2026-07-20,Chat GPT; Krea,,
CTD_102_FC_20260729,102,CTD_AI_PAO_FirstExplosion_20260723_02.mov,01:36:16:18,01:36:19:17,2.96,2:23,2026-07-23,,,
CTD_102_FC_20260729,102,CTD_AI_PAO_PiperAlphaExplodes_20260720_RESPIN_B.mov,01:36:19:17,01:36:24:14,4.88,4:21,2026-07-20,Chat GPT; Krea,,
CTD_102_FC_20260729,102,CTD_AI_PAO_FinalCollapse_20260721_1A_RESPIN.mov,01:36:24:14,01:36:29:20,5.25,5:06,2026-07-21,Chat GPT; Krea,,
CTD_102_FC_20260729,102,CTD_AI_BMF_MolassesPipe02_20260619_1a.mov,01:36:46:21,01:36:48:08,1.46,1:11,2026-06-19,Chat GPT; Krea,,
CTD_102_FC_20260729,102,CTD_AI_BMF_ImposingTank02_20260619_1b.mov,01:36:48:08,01:36:49:20,1.5,1:12,2026-06-19,Chat GPT; Krea,,
CTD_102_FC_20260729,102,CTD_AI_BMF_InsideTankFilled_20260619_1c.mov,01:36:49:20,01:36:51:20,2,2:00,2026-06-19,Chat GPT; Krea,,
CTD_102_FC_20260729,102,CTD_AI_BMF_TankRuptures_20260621_4b.mov,01:36:51:20,01:36:53:00,1.17,1:04,2026-06-21,Chat GPT; Krea,,
CTD_102_FC_20260729,102,CTD_AI_BMF_TankRuptures_20260715_1c.mov,01:36:53:00,01:36:54:15,1.63,1:15,2026-07-15,Chat GPT; Krea,,
CTD_102_FC_20260729,102,CTD_AI_BMF_TankRuptures_20260715_1c.mov,01:36:57:02,01:36:58:11,1.38,1:09,2026-07-15,Chat GPT; Krea,,
CTD_102_FC_20260729,102,CTD_AI_BMF_TankRuptures_20260714_1b.mov,01:36:58:11,01:37:00:06,1.79,1:19,2026-07-14,,,
CTD_102_FC_20260729,102,CTD_AI_BMF_TankRuptures_20260621_2e.mov,01:37:00:06,01:37:02:11,2.21,2:05,2026-06-21,Chat GPT; Krea,,
CTD_102_FC_20260729,102,CTD_AI_BMF_TankHarbour02_20260619_1a.mov,01:37:03:11,01:37:11:12,8.04,8:24,2026-06-19,Chat GPT; Krea,,
CTD_102_FC_20260729,102,CTD_AI_BMF_TankNeighbourhood03_20260721_1a.mov,01:37:11:12,01:37:15:05,3.71,3:17,2026-07-21,Chat GPT; Krea,,
CTD_102_FC_20260729,102,CTD_AI_BMF_TankHarbour02_20260619_2a.mov,01:37:15:05,01:37:18:18,3.54,3:13,2026-06-19,Chat GPT; Krea,,
CTD_102_FC_20260729,102,CTD_AI_BMF_ImposingTank02_20260619_1b.mov,01:37:18:18,01:37:23:15,4.88,4:21,2026-06-19,Chat GPT; Krea,,
CTD_102_FC_20260729,102,CTD_AI_BMF_InsideTankFilled_20260721_1c.mov,01:37:23:15,01:37:26:21,3.25,3:06,2026-07-21,Chat GPT; Krea,,
CTD_102_FC_20260729,102,CTD_AI_BMF_TankNeighbourhood01_20260619_1c.mov,01:37:42:09,01:37:46:10,4.04,4:01,2026-06-19,Chat GPT; Krea,,
CTD_102_FC_20260729,102,CTD_AI_BMF_TankNeighbourhood02_20260721_1c.mov,01:37:50:07,01:37:53:19,3.5,3:12,2026-07-21,Chat GPT; Krea,,
CTD_102_FC_20260729,102,CTD_AI_BMF_ImposingTank01_20260619_1d.mov,01:37:53:19,01:37:57:07,3.5,3:12,2026-06-19,Chat GPT; Krea,,
CTD_102_FC_20260729,102,CTD_AI_BMF_BostonWarming02_202607021_1b.mov,01:37:57:07,01:38:02:08,5.04,5:01,2026-07-21,Chat GPT; Krea,,
CTD_102_FC_20260729,102,CTD_AI_BMF_InsideTankFilled_20260721_1a.mov,01:38:02:08,01:38:05:18,3.42,3:10,2026-07-21,Chat GPT; Krea,,
CTD_102_FC_20260729,102,CTD_AI_BMF_ImposingTank01_20260715_1a.mov,01:38:05:18,01:38:09:19,4.04,4:01,2026-07-15,Chat GPT; Krea,,
CTD_102_FC_20260729,102,CTD_AI_BMF_BadRivets_20260619_1d.mov,01:38:15:21,01:38:17:13,1.67,1:16,2026-06-19,Chat GPT; Krea,,
CTD_102_FC_20260729,102,CTD_AI_BMF_BadRivets_20260619_1e.mov,01:38:17:13,01:38:19:11,1.92,1:22,2026-06-19,Chat GPT; Krea,,
CTD_102_FC_20260729,102,CTD_AI_BMF_BadRivets_20260619_1c.mov,01:38:19:11,01:38:21:15,2.17,2:04,2026-06-19,Chat GPT; Krea,,
CTD_102_FC_20260729,102,CTD_AI_BMF_MolassesTankLeaks_20260621_3a.mov,01:38:36:19,01:38:39:22,3.13,3:03,2026-06-21,Chat GPT; Krea,,
CTD_102_FC_20260729,102,CTD_AI_BMF_MolassesTankLeaks_20260621_3b.mov,01:38:39:22,01:38:44:06,4.33,4:08,2026-06-21,Chat GPT; Krea,,
CTD_102_FC_20260729,102,CTD_AI_BMF_MolassesTankLeaks_20260621_1c.mov,01:38:49:14,01:38:51:11,1.88,1:21,2026-06-21,Chat GPT; Krea,,
CTD_102_FC_20260729,102,CTD_AI_BMF_MolassesTankLeaks_20260621_1a.mov,01:38:51:11,01:38:54:22,3.46,3:11,2026-06-21,Chat GPT; Krea,,
CTD_102_FC_20260729,102,CTD_AI_BMF_ImposingTank01_20260619_1c.mov,01:39:19:13,01:39:22:21,3.33,3:08,2026-06-19,Chat GPT; Krea,,
CTD_102_FC_20260729,102,CTD_AI_BMF_BostonWarming02_202607021_1c.mov,01:39:22:21,01:39:26:14,3.71,3:17,2026-07-21,Chat GPT; Krea,,
CTD_102_FC_20260729,102,CTD_AI_BMF_MolassesPumpedIn_20260715_1a.mov,01:39:29:15,01:39:31:12,1.88,1:21,2026-07-15,Chat GPT; Krea,,
CTD_102_FC_20260729,102,CTD_AI_BMF_MolassesPumpedIn_20260621_2b.mov,01:39:31:12,01:39:33:22,2.42,2:10,2026-06-21,Chat GPT; Krea,,
CTD_102_FC_20260729,102,CTD_AI_BMF_ImposingTank01_20260619_1c.mov,01:39:37:18,01:39:40:06,2.5,2:12,2026-06-19,Chat GPT; Krea,,
CTD_102_FC_20260729,102,CTD_AI_BMF_MolassesPipe01_20260619_1a.mov,01:39:40:06,01:39:41:23,1.71,1:17,2026-06-19,Chat GPT; Krea,,
CTD_102_FC_20260729,102,CTD_AI_BMF_MolassesPipe02_20260619_1a.mov,01:39:41:23,01:39:44:17,2.75,2:18,2026-06-19,Chat GPT; Krea,,
CTD_102_FC_20260729,102,CTD_AI_BMF_MolassesPipe02_20260619_1a.mov,01:39:44:17,01:39:47:15,2.92,2:22,2026-06-19,Chat GPT; Krea,,
CTD_102_FC_20260729,102,CTD_AI_BMF_InsideTankFilled_20260619_2b.mov,01:39:47:15,01:39:50:23,3.33,3:08,2026-06-19,Chat GPT; Krea,,
CTD_102_FC_20260729,102,CTD_AI_BMF_InsideTankFilled_20260619_1c.mov,01:39:53:01,01:39:55:18,2.71,2:17,2026-06-19,Chat GPT; Krea,,
CTD_102_FC_20260729,102,CTD_AI_BMF_InsideTankFilled_20260619_2b.mov,01:39:55:18,01:39:58:00,2.25,2:06,2026-06-19,Chat GPT; Krea,,
CTD_102_FC_20260729,102,CTD_AI_BMF_InsideTankFilled_20260619_1c.mov,01:40:00:00,01:40:02:23,2.96,2:23,2026-06-19,Chat GPT; Krea,,
CTD_102_FC_20260729,102,CTD_AI_BMF_MolassesTankLeaks_20260621_2a.mov,01:40:02:23,01:40:05:14,2.63,2:15,2026-06-21,Chat GPT; Krea,,
CTD_102_FC_20260729,102,CTD_AI_BMF_BostonWarming02_202607021_1a.mov,01:40:07:07,01:40:10:21,3.58,3:14,2026-07-21,Chat GPT; Krea,,
CTD_102_FC_20260729,102,CTD_AI_BMF_BostonWarming01_202607021_1b_CU.mov,01:40:10:21,01:40:16:19,5.92,5:22,2026-07-21,Chat GPT; Krea,,
CTD_102_FC_20260729,102,CTD_AI_BMF_BostonWarming02_20260619_1b.mov,01:40:16:19,01:40:23:19,7,7:00,2026-06-19,Chat GPT; Krea,,
CTD_102_FC_20260729,102,CTD_AI_BMF_BostonWarming02_20260619_1b.mov,01:40:29:04,01:40:31:19,2.63,2:15,2026-06-19,Chat GPT; Krea,,
CTD_102_FC_20260729,102,CTD_AI_BMF_RivetsRumble_20260619_1b.mov,01:40:31:19,01:40:34:05,2.42,2:10,2026-06-19,Chat GPT; Krea,,
CTD_102_FC_20260729,102,CTD_AI_BMF_MolassesBubbles_20260619_1c.mov,01:40:34:05,01:40:37:17,3.5,3:12,2026-06-19,Chat GPT; Krea,,
CTD_102_FC_20260729,102,CTD_AI_BMF_MolassesBubbles_20260619_1b.mov,01:40:42:06,01:40:44:08,2.08,2:02,2026-06-19,Chat GPT; Krea,,
CTD_102_FC_20260729,102,CTD_AI_BMF_MolassesBubbles_20260619_1a.mov,01:40:44:08,01:40:47:07,2.96,2:23,2026-06-19,Chat GPT; Krea,,
CTD_102_FC_20260729,102,CTD_AI_BMF_MolassesBubbles_20260619_1b.mov,01:40:47:07,01:40:51:17,4.42,4:10,2026-06-19,Chat GPT; Krea,,
CTD_102_FC_20260729,102,CTD_AI_BMF_MolassesBubbles_20260619_1a.mov,01:40:51:17,01:40:53:19,2.08,2:02,2026-06-19,Chat GPT; Krea,,
CTD_102_FC_20260729,102,CTD_AI_BMF_MolassesBubblesBig_202607021_1a.mov,01:41:00:20,01:41:02:20,2,2:00,2026-07-21,Chat GPT; Krea,,
CTD_102_FC_20260729,102,CTD_AI_BMF_MolassesBubblesBig_202607021_1b.mov,01:41:02:20,01:41:04:12,1.67,1:16,2026-07-21,Chat GPT; Krea,,
CTD_102_FC_20260729,102,CTD_AI_BMF_RivetsLoosen_20260715_1c.mov,01:41:04:12,01:41:09:03,4.63,4:15,2026-07-15,Chat GPT; Krea,,
CTD_102_FC_20260729,102,CTD_AI_BMF_TankRuptures_20260621_4b.mov,01:41:09:03,01:41:10:07,1.17,1:04,2026-06-21,Chat GPT; Krea,,
CTD_102_FC_20260729,102,CTD_AI_BMF_TankRuptures_20260715_1c.mov,01:41:10:07,01:41:12:00,1.71,1:17,2026-07-15,Chat GPT; Krea,,
CTD_102_FC_20260729,102,CTD_AI_BMF_TankRuptures_20260715_1c.mov,01:41:12:00,01:41:16:23,4.96,4:23,2026-07-15,Chat GPT; Krea,,
CTD_102_FC_20260729,102,CTD_AI_BMF_TankRuptures_20260714_1b.mov,01:41:16:23,01:41:18:18,1.79,1:19,2026-07-14,,,
CTD_102_FC_20260729,102,CTD_AI_BMF_TankRupturesPOV_20260715_1g.mov,01:41:18:18,01:41:22:02,3.33,3:08,2026-07-15,Chat GPT; Krea,,
CTD_102_FC_20260729,102,CTD_AI_BMF_TankRuptures_20260621_2e.mov,01:41:25:23,01:41:30:01,4.08,4:02,2026-06-21,Chat GPT; Krea,,
CTD_102_FC_20260729,102,CTD_AI_BMF_TankRuptures_20260714_1b.mov,01:41:31:19,01:41:33:18,1.96,1:23,2026-07-14,,,
CTD_102_FC_20260729,102,CTD_AI_BMF_TankRuptures_20260714_1a.mov,01:41:33:18,01:41:37:20,4.08,4:02,2026-07-14,,,
CTD_102_FC_20260729,102,CTD_AI_BMF_TankRupturesPOV_20260715_1c.mov,01:41:37:20,01:41:42:04,4.33,4:08,2026-07-15,Chat GPT; Krea,,
CTD_102_FC_20260729,102,CTD_AI_BMF_MolassesHitsStreet_20260526_2b.mov,01:41:42:04,01:41:45:09,3.21,3:05,2026-05-26,Chat GPT; Krea,,
CTD_102_FC_20260729,102,CTD_AI_BMF_TorrentOfMolasses_20260621_3a.mov,01:41:49:01,01:41:50:18,1.71,1:17,2026-06-21,Chat GPT; Krea,,
CTD_102_FC_20260729,102,CTD_AI_BMF_TorrentOfMolasses_20260621_1b.mov,01:41:50:18,01:41:52:21,2.13,2:03,2026-06-21,Chat GPT; Krea,,
CTD_102_FC_20260729,102,CTD_AI_BMF_TrolleyComingAtIsaac_202607021_1c.mov,01:41:54:09,01:41:56:04,1.79,1:19,2026-07-21,Chat GPT; Krea,,
CTD_102_FC_20260729,102,CTD_AI_BMF_TrolleyComingAtIsaac_202607021_1d.mov,01:41:56:04,01:41:58:02,1.92,1:22,2026-07-21,Chat GPT; Krea,,
CTD_102_FC_20260729,102,CTD_AI_BMF_TrolleyComingAtIsaac_202607021_1a.mov,01:41:58:02,01:42:00:22,2.83,2:20,2026-07-21,Chat GPT; Krea,,
CTD_102_FC_20260729,102,CTD_AI_BMF_TrolleyComingAtIsaac_20260621_1b.mov,01:42:02:14,01:42:04:17,2.13,2:03,2026-06-21,Chat GPT; Krea,,
CTD_102_FC_20260729,102,CTD_AI_BMF_TankRupturesPOV_20260715_1c.mov,01:42:08:05,01:42:09:22,1.71,1:17,2026-07-15,Chat GPT; Krea,,
CTD_102_FC_20260729,102,CTD_AI_BMF_TrolleyComingAtIsaac_20260621_1b.mov,01:42:09:22,01:42:12:17,2.79,2:19,2026-06-21,Chat GPT; Krea,,
CTD_102_FC_20260729,102,CTD_AI_BMF_MolassesHitsStreet_20260526_1b.mov,01:42:15:12,01:42:16:22,1.42,1:10,2026-05-26,Chat GPT; Krea,,
CTD_102_FC_20260729,102,CTD_AI_BMF_IsaacGrabsLadder_20260615_1d.mov,01:42:16:22,01:42:19:11,2.54,2:13,2026-06-15,Chat GPT; Krea,,
CTD_102_FC_20260729,102,CTD_AI_BMF_TorrentOfMolasses_20260714_2a.mov,01:42:19:11,01:42:20:23,1.5,1:12,2026-07-14,,,
CTD_102_FC_20260729,102,CTD_AI_BMF_TorrentOfMolasses_20260714_3c.mov,01:42:20:23,01:42:24:01,3.08,3:02,2026-07-14,,,
CTD_102_FC_20260729,102,CTD_AI_BMF_TorrentOfMolasses_20260714_6c.mov,01:42:24:01,01:42:26:06,2.21,2:05,2026-07-14,,,
CTD_102_FC_20260729,102,CTD_AI_BMF_TorrentOfMolasses_20260714_4a.mov,01:42:26:06,01:42:28:14,2.33,2:08,2026-07-14,,,
CTD_102_FC_20260729,102,CTD_AI_OTI_ImplosionClose_20260620_1c.mov,01:43:01:23,01:43:02:22,0.96,0:23,2026-06-20,Chat GPT; Krea,,
CTD_102_FC_20260729,102,CTD_AI_OTI_ImplosionClose_20260626_1a.mov,01:43:02:22,01:43:03:18,0.83,0:20,2026-06-20,Chat GPT; Krea,,
CTD_102_FC_20260729,102,CTD_AI_OTI_ImplosionRealTime_20260626_1a.mov,01:43:03:18,01:43:04:16,0.92,0:22,2026-06-26,Chat GPT; Krea,,
CTD_102_FC_20260729,102,CTD_AI_LPE_SanFranciscoHouseFallsOnCar_20260624_3b.mov,01:43:04:16,01:43:04:22,0.25,0:06,2026-06-24,Chat GPT; Krea,,
CTD_102_FC_20260729,102,CTD_AI_LPE_SanFranciscoHouseFallsOnCar_20260624_3g.mov,01:43:04:22,01:43:07:00,2.08,2:02,2026-06-24,Chat GPT; Krea,,
CTD_102_FC_20260729,102,CTD_AI_HKA_LeveeBreaks_20260723_1a.mov,01:43:07:00,01:43:09:02,2.08,2:02,2026-07-23,Chat GPT; Krea,,
CTD_102_FC_20260729,102,CTD_AI_HKA_FloodDestroysHouses_20260723_1a.mov,01:43:09:02,01:43:10:16,1.58,1:14,2026-07-23,Chat GPT; Krea,,
CTD_102_FC_20260729,102,CTD_AI_BMF_TankRuptures_20260715_1c.mov,01:43:10:16,01:43:12:14,1.92,1:22,2026-07-15,Chat GPT; Krea,,
CTD_102_FC_20260729,102,CTD_AI_BMF_TankRuptures_20260714_1a.mov,01:43:12:14,01:43:14:10,1.83,1:20,2026-07-14,,,
CTD_102_FC_20260729,102,CTD_AI_PAO_PiperAlphaExplodes_20260720_RESPIN_A.mov,01:43:14:10,01:43:16:02,1.67,1:16,2026-07-20,Chat GPT; Krea,,
CTD_102_FC_20260729,102,CTD_AI_PAO_PiperAlphaExplodes_20260720_RESPIN_B.mov,01:43:16:02,01:43:19:06,3.17,3:04,2026-07-20,Chat GPT; Krea,,
CTD_102_PL_20260812,102,CTD_AI_PAO_PiperAlpha_20260527.mov,01:00:10:00,01:00:11:04,1.17,1:04,2026-05-27,Chat GPT; Krea,,
CTD_102_PL_20260812,102,CTD_AI_PAO_BoltingBlindFlange2c_20260720_RESPIN.mov,01:00:11:04,01:00:12:05,1.04,1:01,2026-07-20,Chat GPT; Krea,,
CTD_102_PL_20260812,102,CTD_AI_HKA_IndustrialCanalFlyover_20260723_1b.mov,01:00:12:05,01:00:13:23,1.75,1:18,2026-07-23,Chat GPT; Krea,,
CTD_102_PL_20260812,102,CTD_AI_BMF_MolassesPipe02_20260619_1a.mov,01:00:13:23,01:00:15:05,1.25,1:06,2026-06-19,Chat GPT; Krea,,
CTD_102_PL_20260812,102,CTD_AI_BMF_MolassesPipe02_20260619_1a.mov,01:00:15:05,01:00:17:04,1.96,1:23,2026-06-19,Chat GPT; Krea,,
CTD_102_PL_20260812,102,CTD_AI_BMF_TankRuptures_20260621_4b.mov,01:00:17:04,01:00:18:05,1.04,1:01,2026-06-21,Chat GPT; Krea,,
CTD_102_PL_20260812,102,CTD_AI_PAO_PipesBurst_20260812_1.mov,01:00:18:05,01:00:19:04,0.96,0:23,2026-08-12,,,
CTD_102_PL_20260812,102,CTD_AI_HKA_LeveeBreaks_20260622_2A.mov,01:00:19:04,01:00:20:11,1.29,1:07,2026-06-22,Chat GPT; Krea,,
CTD_102_PL_20260812,102,CTD_AI_OTI_TitanToursTitanic3_20260615_2b.mov,01:00:20:11,01:00:21:15,1.17,1:04,2026-06-15,Chat GPT; Krea,,
CTD_102_PL_20260812,102,CTD_AI_OTI_TitanToursTitanic3_20260812_4a.mov,01:00:21:15,01:00:22:19,1.17,1:04,2026-08-12,,,
CTD_102_PL_20260812,102,CTD_AI_OTI_InsideTitan_20260616_1b.mov,01:00:22:19,01:00:23:11,0.67,0:16,2026-06-16,Chat GPT; Krea,,
CTD_102_PL_20260812,102,CTD_AI_OTI_ImplosionRealTime_20260626_2c.mov,01:00:23:11,01:00:23:18,0.29,0:23,2026-06-26,Chat GPT; Krea,,
CTD_102_PL_20260812,102,CTD_AI_OTI_ImplosionClose_20260626_1a.mov,01:00:23:18,01:00:24:09,0.63,0:15,2026-06-20,Chat GPT; Krea,,
CTD_102_PL_20260812,102,CTD_AI_OTI_ImplosionRealTime_20260626_1a.mov,01:00:24:09,01:00:24:19,0.42,0:10,2026-06-26,Chat GPT; Krea,,
CTD_102_PL_20260812,102,CTD_AI_OTI_ImplosionClose_20260626_1a.mov,01:00:24:19,01:00:25:06,0.46,0:11,2026-06-20,Chat GPT; Krea,,
CTD_102_PL_20260812,102,CTD_AI_OTI_ImplosionRealTime_20260525_1b.mov,01:00:25:06,01:00:25:14,0.33,0:08,2026-05-25,Chat GPT; Krea,,
CTD_102_PL_20260812,102,CTD_AI_OTI_ImplosionRealTime_20260525_1a.mov,01:00:25:14,01:00:26:02,0.5,0:12,2026-05-25,Chat GPT; Krea,,
CTD_102_PL_20260812,102,CTD_AI_OTI_ImplosionRealTime_20260626_3a.mov,01:00:26:02,01:00:26:17,0.63,0:15,2026-06-26,Chat GPT; Krea,,
CTD_102_PL_20260812,102,CTD_AI_LPE_SanFranciscoStreetBuckles_20260624_1a.mov,01:00:30:18,01:00:31:13,0.79,0:19,2026-06-24,Chat GPT; Krea,,
CTD_102_PL_20260812,102,CTD_AI_LPE_SanFranciscoHouseFallsOnCar_20260624_2a.mov,01:00:31:13,01:00:33:06,1.71,1:17,2026-06-24,Chat GPT; Krea,,
CTD_102_PL_20260812,102,CTD_AI_LPE_DriverPovCypressViaduct_20260624_2a.mov,01:00:33:06,01:00:35:02,1.83,1:20,2026-06-24,Chat GPT; Krea,,
CTD_102_PL_20260812,102,CTD_AI_HKA_IndustrialCanalRisingWaters_20260724_2a.mov,01:00:39:10,01:00:41:14,2.17,2:04,2026-07-24,Chat GPT; Krea,,
CTD_102_PL_20260812,102,CTD_AI_HKA_IndustrialCanalRisingWaters_20260724_1a.mov,01:00:41:14,01:00:42:17,1.13,1:24,2026-07-24,Chat GPT; Krea,,
CTD_102_PL_20260812,102,CTD_AI_HKA_IndustrialCanalRisingWaters_20260724_1b.mov,01:00:42:17,01:00:43:15,0.92,0:22,2026-07-24,Chat GPT; Krea,,
CTD_102_PL_20260812,102,CTD_AI_HKA_IndustrialCanalTopped_20260724_1b.mov,01:00:43:15,01:00:45:01,1.42,1:10,2026-07-24,Chat GPT; Krea,,
CTD_102_PL_20260812,102,CTD_AI_HKA_LeveeBreaks_20260723_1a.mov,01:00:51:09,01:00:52:10,1.04,1:01,2026-07-23,Chat GPT; Krea,,
CTD_102_PL_20260812,102,CTD_AI_HKA_FloodDestroysHouses_20260723_2a.mov,01:00:52:10,01:00:53:05,0.79,0:19,2026-07-23,Chat GPT; Krea,,
CTD_102_PL_20260812,102,CTD_AI_HKA_FloodDestroysHouses_20260723_1a.mov,01:00:53:05,01:00:53:19,0.58,0:24,2026-07-23,Chat GPT; Krea,,
CTD_102_PL_20260812,102,CTD_AI_HKA_FloodComesThroughWindow_20260630_3a.mov,01:00:53:19,01:00:54:19,1,1:00,2026-06-30,Chat GPT; Krea,,
CTD_102_PL_20260812,102,CTD_AI_BMF_RivetsLoosen_20260715_1c.mov,01:00:56:15,01:00:58:01,1.42,1:10,2026-07-15,Chat GPT; Krea,,
CTD_102_PL_20260812,102,CTD_AI_OTI_TITAN_HULL2_20260717_1b.mov,01:00:58:01,01:00:59:03,1.08,1:02,2026-07-17,Chat GPT; Krea,,
CTD_102_PL_20260812,102,CTD_AI_PAO_BoltingBlindFlange2d_20260720_RESPIN.mov,01:00:59:03,01:01:00:01,0.92,0:22,2026-07-20,Chat GPT; Krea,,
CTD_102_PL_20260812,102,CTD_AI_LPE_CypressViaductCollapse02_20260812_5a.mov,01:01:00:01,01:01:00:13,0.5,0:12,2026-08-12,,,
CTD_102_PL_20260812,102,CTD_AI_LPE_ViaductCollapses_20260812_2a.mov,01:01:00:13,01:01:01:05,0.67,0:16,2026-08-12,,,
CTD_102_PL_20260812,102,CTD_AI_PAO_PumpAOnButton_20260812_A1.mov,01:01:01:05,01:01:02:07,1.08,1:02,2026-08-12,,,
CTD_102_PL_20260812,102,CTD_AI_TAD_FlowerShopExplosion_20260722_7a.mov,01:01:02:07,01:01:02:18,0.46,0:11,2026-07-22,,,
CTD_102_PL_20260812,102,CTD_AI_TAD_FlowerShopExplosion_20260722_5a.mov,01:01:02:18,01:01:03:06,0.5,0:12,2026-07-22,,,
CTD_102_PL_20260812,102,CTD_AI_TAD_FlowerShopExplosion_20260722_5c.mov,01:01:03:06,01:01:03:20,0.58,0:24,2026-07-22,,,
CTD_102_PL_20260812,102,CTD_AI_TAD_FlowerShopExplosion_20260722_5c.mov,01:01:03:20,01:01:04:19,0.96,0:23,2026-07-22,,,
CTD_102_PL_20260812,102,CTD_AI_BMF_TankRuptures_20260715_1c.mov,01:01:04:19,01:01:06:00,1.21,1:05,2026-07-15,Chat GPT; Krea,,
CTD_102_PL_20260812,102,CTD_AI_BMF_TankRuptures_20260714_1a.mov,01:01:06:00,01:01:07:00,1,1:00,2026-07-14,,,
CTD_102_PL_20260812,102,CTD_AI_BMF_TankRupturesPOV_20260715_1g.mov,01:01:07:00,01:01:07:22,0.92,0:22,2026-07-15,Chat GPT; Krea,,
CTD_102_PL_20260812,102,CTD_AI_PAO_PiperAlphaExplodes_20260720_RESPIN_A.mov,01:01:07:22,01:01:08:18,0.83,0:20,2026-07-20,Chat GPT; Krea,,
CTD_102_PL_20260812,102,CTD_AI_PAO_PiperAlphaExplodes_20260720_RESPIN_A.mov,01:01:08:18,01:01:09:11,0.71,0:17,2026-07-20,Chat GPT; Krea,,
CTD_102_PL_20260812,102,CTD_AI_OTI_DescentIntoDarkness_20260811_1c.mov,01:02:38:07,01:02:45:06,6.96,6:23,2026-08-11,,,
CTD_102_PL_20260812,102,CTD_AI_OTI_TITAN_INTRO1_20260716_1a.mov,01:02:45:06,01:02:53:10,8.17,8:04,2026-07-16,,,
CTD_102_PL_20260812,102,CTD_AI_OTI_TitanToursTitanic3_20260812_4a.mov,01:02:53:10,01:02:58:23,5.54,5:13,2026-08-12,,,
CTD_102_PL_20260812,102,CTD_AI_OTI_InsideTitan_20260616_1b.mov,01:03:03:05,01:03:06:23,3.75,3:18,2026-06-16,Chat GPT; Krea,,
CTD_102_PL_20260812,102,CTD_AI_OTI_DescentIntoDarkness_20260811_3b.mov,01:03:08:12,01:03:14:13,6.04,6:01,2026-08-11,,,
CTD_102_PL_20260812,102,CTD_AI_OTI_TitanUnderwater2_20260717_1b.mov,01:03:18:07,01:03:20:11,2.17,2:04,2026-07-17,Chat GPT; Krea,,
CTD_102_PL_20260812,102,CTD_AI_OTI_TitanUnderwater2_20260717_2a.mov,01:03:20:11,01:03:22:07,1.83,1:20,2026-07-17,Chat GPT; Krea,,
CTD_102_PL_20260812,102,CTD_AI_OTI_TitanToursTitanic3_20260812_3b.mov,01:03:28:15,01:03:34:07,5.67,5:16,2026-08-12,,,
CTD_102_PL_20260812,102,CTD_AI_OTI_TitanToursTitanic3_20260812_1a.mov,01:03:34:07,01:03:36:19,2.5,2:12,2026-08-12,,,
CTD_102_PL_20260812,102,CTD_AI_OTI_TitanToursTitanic3_20260812_2a.mov,01:03:36:19,01:03:39:07,2.5,2:12,2026-08-12,,,
CTD_102_PL_20260812,102,CTD_AI_OTI_TitanToursTitanic3_20260615_2b.mov,01:03:39:07,01:03:41:20,2.54,2:13,2026-06-15,Chat GPT; Krea,,
CTD_102_PL_20260812,102,CTD_AI_OTI_TITAN_TOURS_TITANIC2_20260630_1b.mov,01:03:41:20,01:03:44:10,2.58,2:14,2026-06-30,Chat GPT; Krea,,
CTD_102_PL_20260812,102,CTD_AI_OTI_TitanToursTitanic3_20260615_1a.mov,01:03:44:10,01:03:47:02,2.67,2:16,2026-06-15,Chat GPT; Krea,,
CTD_102_PL_20260812,102,CTD_AI_OTI_TitanToursTitanic3_20260615_2a.mov,01:03:52:17,01:03:56:00,3.29,3:07,2026-06-15,Chat GPT; Krea,,
CTD_102_PL_20260812,102,CTD_AI_OTI_TitanOnboard_20260615_1b.mov,01:03:56:00,01:03:59:10,3.42,3:10,2026-06-15,Chat GPT; Krea,,
CTD_102_PL_20260812,102,CTD_AI_OTI_Titanondeck_20260717_1b.mov,01:04:06:08,01:04:12:00,5.67,5:16,2026-07-17,Chat GPT; Krea,,
CTD_102_PL_20260812,102,CTD_AI_OTI_Titanondeck_20260717_1a.mov,01:04:12:00,01:04:16:08,4.33,4:08,2026-07-17,Chat GPT; Krea,,
CTD_102_PL_20260812,102,CTD_AI_OTI_TITAN_TOURS_TITANIC1_20260617_1a.mov,01:04:16:08,01:04:21:07,4.96,4:23,2026-06-17,,,
CTD_102_PL_20260812,102,CTD_AI_OTI_TitanSnaggedInWreck_20260812_4a.mov,01:04:21:07,01:04:24:19,3.5,3:12,2026-08-12,,,
CTD_102_PL_20260812,102,CTD_AI_OTI_TitanShudders_20260811_1c.mov,01:04:24:19,01:04:26:12,1.71,1:17,2026-08-11,,,
CTD_102_PL_20260812,102,CTD_AI_OTI_TitanShudders_20260811_5a.mov,01:04:30:04,01:04:32:12,2.33,2:08,2026-08-11,,,
CTD_102_PL_20260812,102,CTD_AI_OTI_TitanSnaggedInWreck_20260812_3a.mov,01:04:32:12,01:04:37:13,5.04,5:01,2026-08-12,,,
CTD_102_PL_20260812,102,CTD_AI_OTI_TitanShudders_20260811_5b.mov,01:04:39:22,01:04:41:12,1.58,1:14,2026-08-11,,,
CTD_102_PL_20260812,102,CTD_AI_OTI_TitanSnaggedInWreck_20260812_4a.mov,01:04:41:12,01:04:43:16,2.17,2:04,2026-08-12,,,
CTD_102_PL_20260812,102,CTD_AI_OTI_TitanSnaggedInWreck_20260812_3b.mov,01:04:43:16,01:04:46:03,2.46,2:11,2026-08-12,,,
CTD_102_PL_20260812,102,CTD_AI_OTI_TitanShudders_20260811_1f.mov,01:04:50:02,01:04:51:06,1.17,1:04,2026-08-11,,,
CTD_102_PL_20260812,102,CTD_AI_OTI_TitanShudders_20260811_2a.mov,01:04:51:06,01:04:52:06,1,1:00,2026-08-11,,,
CTD_102_PL_20260812,102,CTD_AI_OTI_TitanShudders_20260811_6a.mov,01:04:52:06,01:04:53:12,1.25,1:06,2026-08-11,,,
CTD_102_PL_20260812,102,CTD_AI_OTI_DescentIntoDarkness_20260811_1d.mov,01:04:59:22,01:05:01:23,2.04,2:01,2026-08-11,,,
CTD_102_PL_20260812,102,CTD_AI_OTI_DescentIntoDarkness_20260811_3a.mov,01:05:01:23,01:05:05:08,3.38,3:09,2026-08-11,,,
CTD_102_PL_20260812,102,CTD_AI_OTI_DescentIntoDarkness_20260811_3a.mov,01:05:08:12,01:05:11:12,3,3:00,2026-08-11,,,
CTD_102_PL_20260812,102,CTD_AI_OTI_TitanDragged_20260727_1a.mov,01:05:11:12,01:05:22:13,11.04,11:01,2026-07-27,Kling; Krea; Nano Banana,,
CTD_102_PL_20260812,102,CTD_AI_OTI_TitanDragged_20260727_2a.mov,01:05:22:13,01:05:32:14,10.04,10:24,2026-07-27,Kling; Krea; Nano Banana,,
CTD_102_PL_20260812,102,CTD_AI_OTI_PolarPrinceSearch_20260728_2b.mov,01:05:32:14,01:05:36:16,4.08,4:02,2026-07-28,Kling; Nano Banana,,
CTD_102_PL_20260812,102,CTD_AI_OTI_TITAN_LAUNCH1_20260717_1b.mov,01:05:48:06,01:05:49:17,1.46,1:11,2026-07-17,Chat GPT; Krea,,
CTD_102_PL_20260812,102,CTD_AI_OTI_TITAN_LAUNCH1_20260717_1b.mov,01:05:49:17,01:05:52:13,2.83,2:20,2026-07-17,Chat GPT; Krea,,
CTD_102_PL_20260812,102,CTD_AI_OTI_TITAN_INTRO2_20260717_1c.mov,01:05:52:13,01:05:54:17,2.17,2:04,2026-07-17,Chat GPT; Krea,,
CTD_102_PL_20260812,102,CTD_AI_OTI_DescentIntoDarkness_20260620_1c.mov,01:05:54:17,01:06:00:08,5.63,5:15,2026-06-20,Chat GPT; Krea,,
CTD_102_PL_20260812,102,CTD_AI_OTI_DescentIntoDarkness_20260811_2c.mov,01:06:12:08,01:06:17:03,4.79,4:19,2026-08-11,,,
CTD_102_PL_20260812,102,CTD_AI_OTI_PolarPrinceSearch_20260728_3a.mov,01:06:19:22,01:06:23:22,4,4:00,2026-07-28,Kling; Nano Banana,,
CTD_102_PL_20260812,102,CTD_AI_OTI_DescentIntoDarkness_20260811_1d.mov,01:06:30:00,01:06:34:15,4.63,4:15,2026-08-11,,,
CTD_102_PL_20260812,102,CTD_AI_OTI_PolarPrinceSearch_20260728_4a.mov,01:06:38:21,01:06:45:07,6.42,6:10,2026-07-28,Kling; Nano Banana,,
CTD_102_PL_20260812,102,CTD_AI_OTI_PolarPrinceSearch_20260728_8a.mov,01:06:51:13,01:06:57:14,6.04,6:01,2026-07-28,Kling; Nano Banana,,
CTD_102_PL_20260812,102,CTD_AI_OTI_DescentIntoDarkness_20260811_2a.mov,01:07:03:04,01:07:07:08,4.17,4:04,2026-08-11,,,
CTD_102_PL_20260812,102,CTD_AI_OTI_DescentIntoDarkness_20260811_2c.mov,01:07:07:08,01:07:12:08,5,5:00,2026-08-11,,,
CTD_102_PL_20260812,102,CTD_AI_OTI_TitanUnderwater2_20260717_1a.mov,01:07:17:00,01:07:18:21,1.88,1:21,2026-07-17,Chat GPT; Krea,,
CTD_102_PL_20260812,102,CTD_AI_OTI_DescentIntoDarkness_20260620_1a.mov,01:07:18:21,01:07:25:11,6.58,6:14,2026-06-20,Chat GPT; Krea,,
CTD_102_PL_20260812,102,CTD_AI_OTI_DescentIntoDarkness_20260811_5b.mov,01:07:29:16,01:07:34:09,4.71,4:17,2026-08-11,,,
CTD_102_PL_20260812,102,CTD_AI_OTI_TITAN_HULL2_20260717_1b.mov,01:07:36:05,01:07:42:02,5.88,5:21,2026-07-17,Chat GPT; Krea,,
CTD_102_PL_20260812,102,CTD_AI_OTI_ImplosionRealTime_20260626_2c.mov,01:07:42:02,01:07:42:09,0.29,0:23,2026-06-26,Chat GPT; Krea,,
CTD_102_PL_20260812,102,CTD_AI_OTI_ImplosionClose_20260626_1a.mov,01:07:42:09,01:07:43:00,0.63,0:15,2026-06-20,Chat GPT; Krea,,
CTD_102_PL_20260812,102,CTD_AI_OTI_ImplosionRealTime_20260626_1a.mov,01:07:43:00,01:07:43:10,0.42,0:10,2026-06-26,Chat GPT; Krea,,
CTD_102_PL_20260812,102,CTD_AI_OTI_ImplosionClose_20260626_1a.mov,01:07:43:10,01:07:43:21,0.46,0:11,2026-06-20,Chat GPT; Krea,,
CTD_102_PL_20260812,102,CTD_AI_OTI_ImplosionRealTime_20260525_1b.mov,01:07:43:21,01:07:44:05,0.33,0:08,2026-05-25,Chat GPT; Krea,,
CTD_102_PL_20260812,102,CTD_AI_OTI_ImplosionRealTime_20260525_1a.mov,01:07:44:05,01:07:44:17,0.5,0:12,2026-05-25,Chat GPT; Krea,,
CTD_102_PL_20260812,102,CTD_AI_OTI_ImplosionRealTime_20260626_3a.mov,01:07:44:17,01:07:45:06,0.54,0:13,2026-06-26,Chat GPT; Krea,,
CTD_102_PL_20260812,102,CTD_AI_OTI_ImplosionRealTime_20260626_2a.mov,01:07:45:06,01:07:45:22,0.67,0:16,2026-06-26,Chat GPT; Krea,,
CTD_102_PL_20260812,102,CTD_AI_OTI_PolarPrinceSearch_20260728_4c.mov,01:07:45:22,01:07:50:09,4.46,4:11,2026-07-28,Kling; Nano Banana,,
CTD_102_PL_20260812,102,CTD_AI_OTI_TitanDebris1_20260717_3b.mov,01:08:02:08,01:08:03:14,1.25,1:06,2026-07-17,Chat GPT; Krea,,
CTD_102_PL_20260812,102,CTD_AI_OTI_TitanDebris1_20260717_1b.mov,01:08:03:14,01:08:04:21,1.29,1:07,2026-07-17,Chat GPT; Krea,,
CTD_102_PL_20260812,102,CTD_AI_OTI_TitanDebris2_20260630_2b.mov,01:08:04:21,01:08:08:01,3.17,3:04,2026-06-30,Chat GPT; Krea,,
CTD_102_PL_20260812,102,CTD_AI_OTI_PolarPrinceSearch_20260716_2a.mov,01:08:12:08,01:08:16:19,4.46,4:11,2026-07-16,,,
CTD_102_PL_20260812,102,CTD_AI_OTI_PolarPrinceSearch_20260728_1b.mov,01:08:30:23,01:08:34:03,3.17,3:04,2026-07-28,Kling; Nano Banana,,
CTD_102_PL_20260812,102,CTD_AI_OTI_TitanDebris1_20260717_3a.mov,01:08:35:09,01:08:38:18,3.38,3:09,2026-07-17,Chat GPT; Krea,,
CTD_102_PL_20260812,102,CTD_AI_OTI_ImplosionRealTime_20260626_2c.mov,01:09:08:22,01:09:09:05,0.29,0:23,2026-06-26,Chat GPT; Krea,,
CTD_102_PL_20260812,102,CTD_AI_OTI_ImplosionClose_20260626_1a.mov,01:09:09:05,01:09:09:20,0.63,0:15,2026-06-20,Chat GPT; Krea,,
CTD_102_PL_20260812,102,CTD_AI_OTI_ImplosionRealTime_20260626_1a.mov,01:09:09:20,01:09:10:06,0.42,0:10,2026-06-26,Chat GPT; Krea,,
CTD_102_PL_20260812,102,CTD_AI_OTI_ImplosionClose_20260626_1a.mov,01:09:10:06,01:09:10:17,0.46,0:11,2026-06-20,Chat GPT; Krea,,
CTD_102_PL_20260812,102,CTD_AI_OTI_ImplosionRealTime_20260525_1b.mov,01:09:10:17,01:09:11:01,0.33,0:08,2026-05-25,Chat GPT; Krea,,
CTD_102_PL_20260812,102,CTD_AI_OTI_ImplosionRealTime_20260525_1a.mov,01:09:11:01,01:09:11:13,0.5,0:12,2026-05-25,Chat GPT; Krea,,
CTD_102_PL_20260812,102,CTD_AI_OTI_ImplosionRealTime_20260626_3a.mov,01:09:11:13,01:09:12:02,0.54,0:13,2026-06-26,Chat GPT; Krea,,
CTD_102_PL_20260812,102,CTD_AI_OTI_ImplosionRealTime_20260626_2a.mov,01:09:12:02,01:09:13:18,1.67,1:16,2026-06-26,Chat GPT; Krea,,
CTD_102_PL_20260812,102,CTD_AI_HKA_FloodwallsInstalled_20260525_1B.mov,01:10:48:08,01:10:51:20,3.5,3:12,2026-05-26,Chat GPT; Krea,,
CTD_102_PL_20260812,102,CTD_AI_HKA_FloodwallsInstalled_20260525_1D.mov,01:10:51:20,01:10:55:08,3.5,3:12,2026-05-26,Chat GPT; Krea,,
CTD_102_PL_20260812,102,CTD_AI_HKA_FloodwallsInstalled_20260525_1A.mov,01:11:09:17,01:11:13:07,3.58,3:14,2026-05-26,Chat GPT; Krea,,
CTD_102_PL_20260812,102,CTD_AI_HKA_FloodwallsInstalled_20260525_1C.mov,01:11:13:07,01:11:17:08,4.04,4:01,2026-05-26,Chat GPT; Krea,,
CTD_102_PL_20260812,102,CTD_AI_HKA_IndustrialCanalRisingWaters_20260724_1a.mov,01:12:44:21,01:12:45:19,0.92,0:22,2026-07-24,Chat GPT; Krea,,
CTD_102_PL_20260812,102,CTD_AI_HKA_IndustrialCanalRisingWaters_20260724_1b.mov,01:12:45:19,01:12:46:14,0.79,0:19,2026-07-24,Chat GPT; Krea,,
CTD_102_PL_20260812,102,CTD_AI_HKA_IndustrialCanalFlyover_20260723_1b.mov,01:12:48:15,01:12:50:07,1.67,1:16,2026-07-23,Chat GPT; Krea,,
CTD_102_PL_20260812,102,CTD_AI_HKA_FloodDestroysHouses_20260723_2a.mov,01:12:50:07,01:12:51:07,1,1:00,2026-07-23,Chat GPT; Krea,,
CTD_102_PL_20260812,102,CTD_AI_HKA_FloodDestroysHouses_20260723_1a.mov,01:12:51:07,01:12:51:21,0.58,0:24,2026-07-23,Chat GPT; Krea,,
CTD_102_PL_20260812,102,CTD_AI_HKA_FloodComesThroughWindow_20260630_3a.mov,01:12:51:21,01:12:52:21,1,1:00,2026-06-30,Chat GPT; Krea,,
CTD_102_PL_20260812,102,CTD_AI_HKA_FloodComesThroughWindow_20260630_2b.mov,01:12:52:21,01:12:55:06,2.38,2:09,2026-06-30,Chat GPT; Krea,,
CTD_102_PL_20260812,102,CTD_AI_HKA_IndustrialCanalFlyover_20260723_1b.mov,01:14:56:20,01:15:04:08,7.5,7:12,2026-07-23,Chat GPT; Krea,,
CTD_102_PL_20260812,102,CTD_AI_HKA_IndustrialCanalFlyover__20260723_1a.mov,01:15:09:03,01:15:11:20,2.71,2:17,2026-07-23,Chat GPT; Krea,,
CTD_102_PL_20260812,102,CTD_AI_HKA_IndustrialCanalRisingWaters_20260724_1b.mov,01:15:11:20,01:15:14:19,2.96,2:23,2026-07-24,Chat GPT; Krea,,
CTD_102_PL_20260812,102,CTD_AI_HKA_IndustrialCanalRisingWaters_20260724_1a.mov,01:15:17:22,01:15:19:23,2.04,2:01,2026-07-24,Chat GPT; Krea,,
CTD_102_PL_20260812,102,CTD_AI_HKA_IndustrialCanalRisingWaters_20260724_1b.mov,01:15:19:23,01:15:22:02,2.13,2:03,2026-07-24,Chat GPT; Krea,,
CTD_102_PL_20260812,102,CTD_AI_HKA_IndustrialCanalRisingWaters_20260724_2a.mov,01:15:22:02,01:15:25:22,3.83,3:20,2026-07-24,Chat GPT; Krea,,
CTD_102_PL_20260812,102,CTD_AI_HKA_IndustrialCanalRisingWaters_20260724_2b.mov,01:15:31:19,01:15:38:06,6.46,6:11,2026-07-24,Chat GPT; Krea,,
CTD_102_PL_20260812,102,CTD_AI_HKA_IndustrialCanalTopped_20260724_1a.mov,01:15:38:06,01:15:40:23,2.71,2:17,2026-07-24,Chat GPT; Krea,,
CTD_102_PL_20260812,102,CTD_AI_HKA_IndustrialCanalTopped_20260724_1b.mov,01:15:40:23,01:15:43:10,2.46,2:11,2026-07-24,Chat GPT; Krea,,
CTD_102_PL_20260812,102,CTD_AI_HKA_WaterErodingLevee_20260724_1b.mov,01:15:43:10,01:15:45:23,2.54,2:13,2026-07-24,Chat GPT; Krea,,
CTD_102_PL_20260812,102,CTD_AI_HKA_WaterErodingLevee_20260724_2b.mov,01:15:49:03,01:15:54:03,5,5:00,2026-07-24,Chat GPT; Krea,,
CTD_102_PL_20260812,102,CTD_AI_HKA_WaterErodingLevee_20260724_2c.mov,01:15:55:08,01:16:01:16,6.33,6:08,2026-07-24,Chat GPT; Krea,,
CTD_102_PL_20260812,102,CTD_AI_HKA_LeveeBreaks_20260723_1a.mov,01:16:03:20,01:16:08:22,5.08,5:02,2026-07-23,Chat GPT; Krea,,
CTD_102_PL_20260812,102,CTD_AI_HKA_FloodDestroysHouses_20260723_2a.mov,01:16:08:22,01:16:12:16,3.75,3:18,2026-07-23,Chat GPT; Krea,,
CTD_102_PL_20260812,102,CTD_AI_HKA_LeveeBreaks_20260622_2A.mov,01:16:12:16,01:16:15:10,2.75,2:18,2026-06-22,Chat GPT; Krea,,
CTD_102_PL_20260812,102,CTD_AI_HKA_LeveeBreaks_20260622_1a.mov,01:16:15:10,01:16:17:18,2.33,2:08,2026-06-22,Chat GPT; Krea,,
CTD_102_PL_20260812,102,CTD_AI_HKA_FloodDestroysHouses_20260723_2a.mov,01:16:17:18,01:16:19:15,1.88,1:21,2026-07-23,Chat GPT; Krea,,
CTD_102_PL_20260812,102,CTD_AI_HKA_LeveeBreaks_20260622_1a.mov,01:16:19:15,01:16:22:21,3.25,3:06,2026-06-22,Chat GPT; Krea,,
CTD_102_PL_20260812,102,CTD_AI_HKA_FloodDestroysHouses_20260723_1a.mov,01:16:28:08,01:16:31:07,2.96,2:23,2026-07-23,Chat GPT; Krea,,
CTD_102_PL_20260812,102,CTD_AI_HKA_WaterDemolishHouse_20260727_1i.mov,01:16:31:07,01:16:35:05,3.92,3:22,2026-07-27,Krea; Nano Banana,,
CTD_102_PL_20260812,102,CTD_AI_HKA_CarThroughHouse_20260727_1f.mov,01:16:35:05,01:16:38:12,3.29,3:07,2026-07-27,Krea; Nano Banana,,
CTD_102_PL_20260812,102,CTD_AI_HKA_FloodDestroysHouses_20260723_3a.mov,01:16:40:19,01:16:43:01,2.25,2:06,2026-07-23,Chat GPT; Krea,,
CTD_102_PL_20260812,102,CTD_AI_HKA_FloodWatersRising_20260727_1b.mov,01:16:43:01,01:16:47:03,4.08,4:02,2026-07-27,Krea; Nano Banana,,
CTD_102_PL_20260812,102,CTD_AI_HKA_FloodDestroysHouses_20260723_1c.mov,01:16:47:03,01:16:50:01,2.92,2:22,2026-07-23,Chat GPT; Krea,,
CTD_102_PL_20260812,102,CTD_AI_HKA_FloodComesThroughWindow_20260630_2b.mov,01:16:50:01,01:16:52:02,2.04,2:01,2026-06-30,Chat GPT; Krea,,
CTD_102_PL_20260812,102,CTD_AI_HKA_FloodComesThroughWindow_20260630_3a.mov,01:16:52:02,01:16:53:21,1.79,1:19,2026-06-30,Chat GPT; Krea,,
CTD_102_PL_20260812,102,CTD_AI_HKA_FloodComesThroughWindow_20260723_1a.mov,01:16:53:21,01:16:54:21,1,1:00,2026-07-23,Chat GPT; Krea,,
CTD_102_PL_20260812,102,CTD_AI_HKA_FloodWatersRising_20260727_1c.mov,01:16:54:21,01:16:57:14,2.71,2:17,2026-07-27,Krea; Nano Banana,,
CTD_102_PL_20260812,102,CTD_AI_HKA_CarThroughHouse_20260727_1b.mov,01:16:57:14,01:17:01:22,4.33,4:08,2026-07-27,Krea; Nano Banana,,
CTD_102_PL_20260812,102,CTD_AI_HKA_WaterDemolishHouse_20260727_1e.mov,01:17:05:04,01:17:06:20,1.67,1:16,2026-07-27,Krea; Nano Banana,,
CTD_102_PL_20260812,102,CTD_AI_HKA_FloodDestroysHouses_20260723_3a.mov,01:17:06:20,01:17:12:13,5.71,5:17,2026-07-23,Chat GPT; Krea,,
CTD_102_PL_20260812,102,CTD_AI_TAD_HandOnThrottle_20260721_1a.mov,01:18:15:07,01:18:16:10,1.13,1:24,2026-07-21,Chat GPT; Krea,,
CTD_102_PL_20260812,102,CTD_AI_TAD_PanAmCockpit_20260723_2a.mov,01:18:16:10,01:18:17:16,1.25,1:06,2026-07-23,,,
CTD_102_PL_20260812,102,CTD_AI_TAD_PanAmBehindKLM_20260721_2d.mov,01:18:17:16,01:18:18:16,1,1:00,2026-07-21,Chat GPT; Krea,,
CTD_102_PL_20260812,102,CTD_AI_TAD_PanAmBehindKLM_20260721_1a.mov,01:18:18:16,01:18:19:21,1.21,1:05,2026-07-21,Chat GPT; Krea,,
CTD_102_PL_20260812,102,CTD_AI_TAD_KLMCockpit_20260723_2a.mov,01:18:19:21,01:18:21:07,1.42,1:10,2026-07-23,,,
CTD_102_PL_20260812,102,CTD_AI_TAD_KLMTakeoffPosition_20260722_3a.mov,01:18:21:07,01:18:22:15,1.33,1:08,2026-07-22,,,
CTD_102_PL_20260812,102,CTD_AI_TAD_KLMCockpit_20260623_3b.mov,01:18:22:15,01:18:23:13,0.92,0:22,2026-06-23,,,
CTD_102_PL_20260812,102,CTD_AI_TAD_KLMTakeoffPosition_20260722_1b.mov,01:18:23:13,01:18:24:15,1.08,1:02,2026-07-22,,,
CTD_102_PL_20260812,102,CTD_AI_TAD_PanAmCockpit_20260723_1b.mov,01:18:24:15,01:18:25:22,1.29,1:07,2026-07-23,,,
CTD_102_PL_20260812,102,CTD_AI_TAD_JustBeforeImpact01_20260623_5c.mov,01:18:28:09,01:18:29:16,1.29,1:07,2026-06-23,,,
CTD_102_PL_20260812,102,CTD_AI_TAD_JustBeforeImpact02_20260623_1b.mov,01:18:29:16,01:18:30:21,1.21,1:05,2026-06-23,,,
CTD_102_PL_20260812,102,CTD_AI_TAD_FlowerShopExplosion_20260525_1C.mov,01:18:36:15,01:18:40:09,3.75,3:18,2026-05-26,Chat GPT; Krea,,
CTD_102_PL_20260812,102,CTD_AI_TAD_FlowerShopExplosion_20260722_3c.mov,01:18:40:09,01:18:43:10,3.04,3:01,2026-07-22,,,
CTD_102_PL_20260812,102,CTD_AI_TAD_FlowerShopExplosion_20260525_1A.mov,01:18:43:10,01:18:45:16,2.25,2:06,2026-05-26,Chat GPT; Krea,,
CTD_102_PL_20260812,102,CTD_AI_TAD_FlowerShopExplosion_20260722_7a.mov,01:18:45:16,01:18:47:04,1.5,1:12,2026-07-22,,,
CTD_102_PL_20260812,102,CTD_AI_TAD_FlowerShopExplosion_20260722_5a.mov,01:18:47:04,01:18:47:16,0.5,0:12,2026-07-22,,,
CTD_102_PL_20260812,102,CTD_AI_TAD_FlowerShopExplosion_20260722_5c.mov,01:18:47:16,01:18:48:06,0.58,0:24,2026-07-22,,,
CTD_102_PL_20260812,102,CTD_AI_TAD_FlowerShopExplosion_20260722_5c.mov,01:18:48:06,01:18:50:07,2.04,2:01,2026-07-22,,,
CTD_102_PL_20260812,102,CTD_AI_TAD_LosRodeosEstablisher_20260723_1b.mov,01:19:00:23,01:19:06:05,5.25,5:06,2026-07-23,,,
CTD_102_PL_20260812,102,CTD_AI_TAD_LosRodeosEstablisher_20260629_1a.mov,01:19:09:01,01:19:11:15,2.58,2:14,2026-06-29,Chat GPT; Krea,,
CTD_102_PL_20260812,102,CTD_AI_TAD_LosRodeosEstablisher_20260723_2b.mov,01:19:11:15,01:19:17:11,5.83,5:20,2026-07-23,,,
CTD_102_PL_20260812,102,CTD_AI_TAD_TowerCoveredInFog_20260722_2a.mov,01:19:22:06,01:19:27:03,4.88,4:21,2026-07-22,,,
CTD_102_PL_20260812,102,CTD_AI_TAD_TowerBeforeTakeOff01_20260629_1c.mov,01:19:27:03,01:19:33:04,6.04,6:01,2026-06-29,Chat GPT; Krea,,
CTD_102_PL_20260812,102,CTD_AI_TAD_TowerBeforeTakeOff01_20260629_1b.mov,01:19:37:14,01:19:38:20,1.25,1:06,2026-06-29,Chat GPT; Krea,,
CTD_102_PL_20260812,102,CTD_AI_TAD_TowerBeforeTakeOff01_20260629_1a.mov,01:19:40:00,01:19:41:12,1.5,1:12,2026-06-29,Chat GPT; Krea,,
CTD_102_PL_20260812,102,CTD_AI_TAD_TowerCoveredInFog_20260722_1b.mov,01:20:02:04,01:20:05:21,3.71,3:17,2026-07-22,,,
CTD_102_PL_20260812,102,CTD_AI_TAD_TarmacInFog_20260723_1a.mov,01:20:05:21,01:20:08:22,3.04,3:01,2026-07-23,,,
CTD_102_PL_20260812,102,CTD_AI_TAD_KLMPANAMJETSPARKED_20260525.mov,01:20:16:04,01:20:21:16,5.5,5:12,2026-05-26,Chat GPT; Krea,,
CTD_102_PL_20260812,102,CTD_AI_TAD_KLMPANAMJETSPARKED_20260723_1b.mov,01:20:27:19,01:20:31:20,4.04,4:01,2026-07-23,,,
CTD_102_PL_20260812,102,CTD_AI_TAD_TowerCoveredInFog_20260723_1a.mov,01:20:41:18,01:20:47:02,5.33,5:08,2026-07-23,,,
CTD_102_PL_20260812,102,CTD_AI_TAD_KLMPANAMJETSPARKED_20260723_2a.mov,01:20:50:23,01:20:58:03,7.17,7:04,2026-07-23,,,
CTD_102_PL_20260812,102,CTD_AI_TAD_KLMCockpit_20260723_1b.mov,01:20:58:03,01:21:01:14,3.46,3:11,2026-07-23,,,
CTD_102_PL_20260812,102,CTD_AI_TAD_KLMFlightTaxis_20260721_3a.mov,01:21:01:14,01:21:09:05,7.63,7:15,2026-07-21,Chat GPT; Krea,,
CTD_102_PL_20260812,102,CTD_AI_TAD_TowerCoveredInFog_20260722_1c.mov,01:21:09:05,01:21:13:02,3.88,3:21,2026-07-22,,,
CTD_102_PL_20260812,102,CTD_AI_TAD_PanAmBehindKLM_20260721_2d.mov,01:21:16:04,01:21:21:20,5.67,5:16,2026-07-21,Chat GPT; Krea,,
CTD_102_PL_20260812,102,CTD_AI_TAD_TarmacInFog_20260723_1c.mov,01:21:32:06,01:21:34:20,2.58,2:14,2026-07-23,,,
CTD_102_PL_20260812,102,CTD_AI_TAD_HandOnThrottle_20260721_1a.mov,01:21:34:20,01:21:36:04,1.33,1:08,2026-07-21,Chat GPT; Krea,,
CTD_102_PL_20260812,102,CTD_AI_TAD_PanAmCockpit_20260723_2a.mov,01:21:36:04,01:21:38:15,2.46,2:11,2026-07-23,,,
CTD_102_PL_20260812,102,CTD_AI_TAD_TowerCoveredInFog_20260722_1c.mov,01:21:42:12,01:21:44:20,2.33,2:08,2026-07-22,,,
CTD_102_PL_20260812,102,CTD_AI_TAD_TowerBeforeTakeOff01_20260722_1b.mov,01:21:44:20,01:21:46:17,1.88,1:21,2026-07-22,,,
CTD_102_PL_20260812,102,CTD_AI_TAD_PanAmBehindKLM_20260721_2a.mov,01:21:46:17,01:21:51:14,4.88,4:21,2026-07-21,Chat GPT; Krea,,
CTD_102_PL_20260812,102,CTD_AI_TAD_PanAmBehindKLM_20260721_4b.mov,01:21:51:14,01:21:53:07,1.71,1:17,2026-07-21,Chat GPT; Krea,,
CTD_102_PL_20260812,102,CTD_AI_TAD_PanAmMissingExit01_20260629_2a.mov,01:21:56:13,01:21:58:13,2,2:00,2026-06-29,Chat GPT; Krea,,
CTD_102_PL_20260812,102,CTD_AI_TAD_PanAmMissingExit02_20260810_3a.mov,01:21:58:13,01:22:01:17,3.17,3:04,2026-08-10,,,
CTD_102_PL_20260812,102,CTD_AI_TAD_PanAmBehindKLM_20260721_3a.mov,01:22:01:17,01:22:08:01,6.33,6:08,2026-07-21,Chat GPT; Krea,,
CTD_102_PL_20260812,102,CTD_AI_TAD_KLMCockpit_20260723_1c.mov,01:22:20:05,01:22:22:12,2.29,2:07,2026-07-23,,,
CTD_102_PL_20260812,102,CTD_AI_TAD_KLMInFog_20260809_4c.mov,01:22:28:17,01:22:31:08,2.63,2:15,2026-08-09,,,
CTD_102_PL_20260812,102,CTD_AI_TAD_KLMInFog_20260809_4a.mov,01:22:36:14,01:22:37:21,1.29,1:07,2026-08-09,,,
CTD_102_PL_20260812,102,CTD_AI_TAD_KLMInFog_20260809_4a.mov,01:22:37:21,01:22:39:08,1.46,1:11,2026-08-09,,,
CTD_102_PL_20260812,102,CTD_AI_TAD_PanAmInFog_20260810_2b.mov,01:22:41:11,01:22:46:07,4.83,4:20,2026-08-10,,,
CTD_102_PL_20260812,102,CTD_AI_TAD_KLMInFog_20260809_4a.mov,01:22:49:08,01:22:50:22,1.58,1:14,2026-08-09,,,
CTD_102_PL_20260812,102,CTD_AI_TAD_KLMCockpit_20260723_2c.mov,01:22:50:22,01:22:52:22,2,2:00,2026-07-23,,,
CTD_102_PL_20260812,102,CTD_AI_TAD_KLMInFog_20260809_4a.mov,01:22:52:22,01:22:55:01,2.13,2:03,2026-08-09,,,
CTD_102_PL_20260812,102,CTD_AI_TAD_KLMCockpit_20260623_3c.mov,01:22:57:19,01:22:59:14,1.79,1:19,2026-06-23,,,
CTD_102_PL_20260812,102,CTD_AI_TAD_KLMTakeoffPosition_20260525.mov,01:22:59:14,01:23:02:08,2.75,2:18,2026-05-26,Chat GPT; Krea,,
CTD_102_PL_20260812,102,CTD_AI_TAD_KLMCockpit_20260723_2a.mov,01:23:02:08,01:23:04:00,1.67,1:16,2026-07-23,,,
CTD_102_PL_20260812,102,CTD_AI_TAD_PanAmMissingExit02_20260810_3a.mov,01:23:04:00,01:23:07:16,3.67,3:16,2026-08-10,,,
CTD_102_PL_20260812,102,CTD_AI_TAD_KLMTakeoffPosition_20260722_3d.mov,01:23:07:16,01:23:09:03,1.46,1:11,2026-07-22,,,
CTD_102_PL_20260812,102,CTD_AI_TAD_KLMCockpit_20260723_2d.mov,01:23:09:03,01:23:10:11,1.33,1:08,2026-07-23,,,
CTD_102_PL_20260812,102,CTD_AI_TAD_KLMCockpit_20260623_3c.mov,01:23:10:11,01:23:12:01,1.58,1:14,2026-06-23,,,
CTD_102_PL_20260812,102,CTD_AI_TAD_KLMInFog_20260728_3b.mov,01:23:12:01,01:23:13:09,1.33,1:08,2026-07-28,Kling; Nano Banana,,
CTD_102_PL_20260812,102,CTD_AI_TAD_KLMTakeoffPosition_20260722_3a.mov,01:23:13:09,01:23:15:06,1.88,1:21,2026-07-22,,,
CTD_102_PL_20260812,102,CTD_AI_TAD_KLMInFog_20260728_1a.mov,01:23:15:06,01:23:18:10,3.17,3:04,2026-07-28,Kling; Nano Banana,,
CTD_102_PL_20260812,102,CTD_AI_TAD_KLMInFog_20260728_1d.mov,01:23:23:02,01:23:26:00,2.92,2:22,2026-07-28,Kling; Nano Banana,,
CTD_102_PL_20260812,102,CTD_AI_TAD_KLMTakeoffPosition_20260722_1a.mov,01:23:28:08,01:23:30:13,2.21,2:05,2026-07-22,,,
CTD_102_PL_20260812,102,CTD_AI_TAD_PanAmInFog_20260727_1a.mov,01:23:30:13,01:23:32:12,1.96,1:23,2026-07-27,Kling; Krea,,
CTD_102_PL_20260812,102,CTD_AI_TAD_KLMCockpit_20260623_3b.mov,01:23:36:00,01:23:38:01,2.04,2:01,2026-06-23,,,
CTD_102_PL_20260812,102,CTD_AI_TAD_KLMInFog_20260728_2c.mov,01:23:38:01,01:23:39:18,1.71,1:17,2026-07-28,Kling; Nano Banana,,
CTD_102_PL_20260812,102,CTD_AI_TAD_KLMInFog_20260728_1b.mov,01:23:39:18,01:23:41:03,1.38,1:09,2026-07-28,Kling; Nano Banana,,
CTD_102_PL_20260812,102,CTD_AI_TAD_PanAmInFog_20260727_1c.mov,01:23:41:03,01:23:44:21,3.75,3:18,2026-07-27,Kling; Krea,,
CTD_102_PL_20260812,102,CTD_AI_TAD_HandOnThrottle_20260721_1a.mov,01:23:44:21,01:23:46:14,1.71,1:17,2026-07-21,Chat GPT; Krea,,
CTD_102_PL_20260812,102,CTD_AI_TAD_PanAmInFog_20260812_2a.mov,01:23:46:14,01:23:47:16,1.08,1:02,2026-08-12,,,
CTD_102_PL_20260812,102,CTD_AI_TAD_PanAmInFog_20260812_1a.mov,01:23:47:16,01:23:48:17,1.04,1:01,2026-08-12,,,
CTD_102_PL_20260812,102,CTD_AI_TAD_PanAmCockpit_20260723_1b.mov,01:23:48:17,01:23:50:21,2.17,2:04,2026-07-23,,,
CTD_102_PL_20260812,102,CTD_AI_TAD_JustBeforeImpact01_20260623_5c.mov,01:23:52:15,01:23:56:00,3.38,3:09,2026-06-23,,,
CTD_102_PL_20260812,102,CTD_AI_TAD_PanAmInFog_20260727_1c.mov,01:23:56:00,01:23:57:10,1.42,1:10,2026-07-27,Kling; Krea,,
CTD_102_PL_20260812,102,CTD_AI_TAD_JustBeforeImpact03_20260629_1d.mov,01:23:57:10,01:23:58:16,1.25,1:06,2026-06-29,Chat GPT; Krea,,
CTD_102_PL_20260812,102,CTD_AI_TAD_KLMCrash_20260623_3a.mov,01:23:58:16,01:23:59:10,0.75,0:18,2026-06-23,,,
CTD_102_PL_20260812,102,CTD_AI_TAD_KLMCrash_20260623_5c.mov,01:23:59:10,01:24:00:07,0.88,0:21,2026-06-23,,,
CTD_102_PL_20260812,102,CTD_AI_TAD_JustBeforeImpact03_20260629_1d.mov,01:24:00:07,01:24:01:14,1.29,1:07,2026-06-29,Chat GPT; Krea,,
CTD_102_PL_20260812,102,CTD_AI_TAD_KLMCatchesPanAm_20260727_1a.mov,01:24:01:14,01:24:02:20,1.25,1:06,2026-07-27,Kling; Krea,,
CTD_102_PL_20260812,102,CTD_AI_TAD_KLMCatchesPanAm_20260727_3a.mov,01:24:02:20,01:24:03:13,0.71,0:17,2026-07-27,Kling; Krea,,
CTD_102_PL_20260812,102,CTD_AI_TAD_KLMCatchesPanAm_20260727_1b.mov,01:24:03:13,01:24:04:09,0.83,0:20,2026-07-27,Kling; Krea,,
CTD_102_PL_20260812,102,CTD_AI_TAD_JustBeforeImpact03_20260629_1d.mov,01:24:06:18,01:24:08:06,1.5,1:12,2026-06-29,Chat GPT; Krea,,
CTD_102_PL_20260812,102,CTD_AI_TAD_KLMCrash_20260623_3a.mov,01:24:08:06,01:24:10:19,2.54,2:13,2026-06-23,,,
CTD_102_PL_20260812,102,CTD_AI_TAD_KLMCrash_20260623_2b.mov,01:24:10:19,01:24:16:06,5.46,5:11,2026-06-23,,,
CTD_102_PL_20260812,102,CTD_AI_TAD_PamAmFlames_20260629_3a.mov,01:24:16:06,01:24:18:01,1.79,1:19,2026-06-29,Chat GPT; Krea,,
CTD_102_PL_20260812,102,CTD_AI_TAD_KLMCrash_20260623_4a.mov,01:24:18:01,01:24:19:07,1.25,1:06,2026-06-23,,,
CTD_102_PL_20260812,102,CTD_AI_TAD_PamAmFlames_20260629_1a.mov,01:24:19:07,01:24:21:02,1.79,1:19,2026-06-29,Chat GPT; Krea,,
CTD_102_PL_20260812,102,CTD_AI_TAD_PamAmFlames_20260629_3b.mov,01:24:21:02,01:24:22:11,1.38,1:09,2026-06-29,Chat GPT; Krea,,
CTD_102_PL_20260812,102,CTD_AI_TAD_PamAmFlames_20260629_2a.mov,01:24:22:11,01:24:24:00,1.54,1:13,2026-06-29,Chat GPT; Krea,,
CTD_102_PL_20260812,102,CTD_AI_TAD_PlanesBurning_20260723_1b.mov,01:24:24:00,01:24:28:00,4,4:00,2026-07-23,,,
CTD_102_PL_20260812,102,CTD_AI_LPE_SanFranciscoHouseFallsOnCar_20260624_3b.mov,01:24:34:00,01:24:35:04,1.17,1:04,2026-06-24,Chat GPT; Krea,,
CTD_102_PL_20260812,102,CTD_AI_LPE_SanFranciscoHouseFallsOnCar_20260624_3g.mov,01:24:35:04,01:24:37:11,2.29,2:07,2026-06-24,Chat GPT; Krea,,
CTD_102_PL_20260812,102,CTD_AI_LPE_SanFranciscoHouseFallsOnCar_20260624_2a.mov,01:24:37:11,01:24:40:19,3.33,3:08,2026-06-24,Chat GPT; Krea,,
CTD_102_PL_20260812,102,CTD_AI_LPE_DriverPovCypressViaduct_20260624_2a.mov,01:24:40:19,01:24:42:19,2,2:00,2026-06-24,Chat GPT; Krea,,
CTD_102_PL_20260812,102,CTD_AI_LPE_SanFranciscoStreetlightSways_20260727_1a.mov,01:27:49:18,01:27:50:20,1.08,1:02,2026-07-27,Kling; Krea,,
CTD_102_PL_20260812,102,CTD_AI_LPE_SanFranciscoStreetBuckles_20260624_1a.mov,01:27:50:20,01:27:52:07,1.46,1:11,2026-06-24,Chat GPT; Krea,,
CTD_102_PL_20260812,102,CTD_AI_LPE_SanFranciscoHouseFallsOnCar_20260624_3i.mov,01:27:52:07,01:27:52:21,0.58,0:24,2026-06-24,Chat GPT; Krea,,
CTD_102_PL_20260812,102,CTD_AI_LPE_SanFranciscoHouseFallsOnCar_20260624_3i.mov,01:27:52:21,01:27:53:11,0.58,0:24,2026-06-24,Chat GPT; Krea,,
CTD_102_PL_20260812,102,CTD_AI_LPE_SanFranciscoHouseFallsOnCar_20260624_3i.mov,01:27:53:11,01:27:54:00,0.54,0:13,2026-06-24,Chat GPT; Krea,,
CTD_102_PL_20260812,102,CTD_AI_LPE_BuildingSway02_20260809_1a.mov,01:28:01:08,01:28:02:04,0.83,0:20,2026-08-09,,,
CTD_102_PL_20260812,102,CTD_AI_LPE_BuildingSway02_20260809_1a.mov,01:28:02:04,01:28:03:00,0.83,0:20,2026-08-09,,,
CTD_102_PL_20260812,102,CTD_AI_LPE_BuildingSway01_20260809_1c.mov,01:28:03:00,01:28:03:16,0.67,0:16,2026-08-09,,,
CTD_102_PL_20260812,102,CTD_AI_LPE_OfficeCeilingCollapse_20260626_3a.mov,01:28:03:16,01:28:04:22,1.25,1:06,2026-06-26,Chat GPT; Krea,,
CTD_102_PL_20260812,102,CTD_AI_LPE_LibraryShelvesCollapse_20260624_2b.mov,01:28:04:22,01:28:06:00,1.08,1:02,2026-06-24,Chat GPT; Krea,,
CTD_102_PL_20260812,102,CTD_AI_LPE_LibraryShelvesCollapse_20260624_2b.mov,01:28:06:00,01:28:06:21,0.88,0:21,2026-06-24,Chat GPT; Krea,,
CTD_102_PL_20260812,102,CTD_AI_LPE_SanFranciscoHouseFallsOnCar_20260624_3b.mov,01:28:06:21,01:28:08:04,1.29,1:07,2026-06-24,Chat GPT; Krea,,
CTD_102_PL_20260812,102,CTD_AI_LPE_SanFranciscoHouseFallsOnCar_20260624_3g.mov,01:28:08:04,01:28:11:10,3.25,3:06,2026-06-24,Chat GPT; Krea,,
CTD_102_PL_20260812,102,CTD_AI_LPE_OfficeCeilingCollapse_20260626_3a.mov,01:28:14:16,01:28:15:15,0.96,0:23,2026-06-26,Chat GPT; Krea,,
CTD_102_PL_20260812,102,CTD_AI_LPE_LibraryShelvesCollapse_20260624_1c.mov,01:28:15:15,01:28:16:15,1,1:00,2026-06-24,Chat GPT; Krea,,
CTD_102_PL_20260812,102,CTD_AI_LPE_SanFranciscoHouseFallsOnCar_20260624_2a.mov,01:28:16:15,01:28:19:23,3.33,3:08,2026-06-24,Chat GPT; Krea,,
CTD_102_PL_20260812,102,CTD_AI_LPE_OfficeCeilingCollapse_20260727_1b.mov,01:28:21:20,01:28:22:21,1.04,1:01,2026-07-27,Kling; Krea; Nano Banana,,
CTD_102_PL_20260812,102,CTD_AI_LPE_OfficeCeilingCollapse_20260727_1c.mov,01:28:22:21,01:28:23:20,0.96,0:23,2026-07-27,Kling; Krea; Nano Banana,,
CTD_102_PL_20260812,102,CTD_AI_LPE_RowHouseWindowPOV_20260729.mov,01:28:23:20,01:28:24:14,0.75,0:18,2026-07-29,Chat GPT; Krea,,
CTD_102_PL_20260812,102,CTD_AI_LPE_SanFranciscoHouseFallsOnCar_20260624_5a.mov,01:28:24:14,01:28:25:23,1.38,1:09,2026-06-24,Chat GPT; Krea,,
CTD_102_PL_20260812,102,CTD_AI_LPE_SanFranciscoHouseFallsOnCar_20260624_5a.mov,01:28:25:23,01:28:28:00,2.04,2:01,2026-06-24,Chat GPT; Krea,,
CTD_102_PL_20260812,102,CTD_AI_LPE_SanFranciscoHousingRowCollapses_20260812_1a.mov,01:28:28:00,01:28:29:03,1.13,1:24,2026-08-12,,,
CTD_102_PL_20260812,102,CTD_AI_LPE_SanFranciscoHousingRowCollapses_20260812_2a.mov,01:28:29:03,01:28:31:10,2.29,2:07,2026-08-12,,,
CTD_102_PL_20260812,102,CTD_AI_LPE_SanFranciscoHousingRowCollapses_20260812_5a.mov,01:28:31:10,01:28:32:19,1.38,1:09,2026-08-12,,,
CTD_102_PL_20260812,102,CTD_AI_LPE_CypressViaductCollapse01_20260630_1a.mov,01:28:39:01,01:28:41:04,2.13,2:03,2026-06-30,Chat GPT; Krea,,
CTD_102_PL_20260812,102,CTD_AI_LPE_ViaductCollapses_20260812_1a.mov,01:28:41:04,01:28:42:16,1.5,1:12,2026-08-12,,,
CTD_102_PL_20260812,102,CTD_AI_LPE_CypressViaductCollapse02_20260812_3a.mov,01:28:42:16,01:28:43:17,1.04,1:01,2026-08-12,,,
CTD_102_PL_20260812,102,CTD_AI_LPE_ViaductCollapses_20260812_2a.mov,01:28:43:17,01:28:44:05,0.5,0:12,2026-08-12,,,
CTD_102_PL_20260812,102,CTD_AI_LPE_CypressViaductCollapse02_20260812_5a.mov,01:28:44:05,01:28:44:17,0.5,0:12,2026-08-12,,,
CTD_102_PL_20260812,102,CTD_AI_LPE_ViaductCollapses_20260812_2a.mov,01:28:44:17,01:28:46:04,1.46,1:11,2026-08-12,,,
CTD_102_PL_20260812,102,CTD_AI_LPE_CypressViaductCollapse01_20260630_1a.mov,01:28:46:04,01:28:47:13,1.38,1:09,2026-06-30,Chat GPT; Krea,,
CTD_102_PL_20260812,102,CTD_AI_LPE_DriverPovCypressViaduct_20260624_2a.mov,01:28:47:13,01:28:49:09,1.83,1:20,2026-06-24,Chat GPT; Krea,,
CTD_102_PL_20260812,102,CTD_AI_LPE_ViaductCollapses_20260727_3c.mov,01:28:49:09,01:28:50:15,1.25,1:06,2026-07-27,Krea; Nano Banana,,
CTD_102_PL_20260812,102,CTD_AI_LPE_ViaductCollapses_20260812_4a.mov,01:28:50:15,01:28:51:12,0.88,0:21,2026-08-12,,,
CTD_102_PL_20260812,102,CTD_AI_LPE_ViaductCollapses_20260727_3b.mov,01:28:51:12,01:28:52:16,1.17,1:04,2026-07-27,Krea; Nano Banana,,
CTD_102_PL_20260812,102,CTD_AI_LPE_ViaductCollapses_20260727_2a.mov,01:28:52:16,01:28:54:01,1.38,1:09,2026-07-27,Krea; Nano Banana,,
CTD_102_PL_20260812,102,CTD_AI_LPE_ViaductCollapses_20260812_2a.mov,01:28:54:01,01:28:55:00,0.96,0:23,2026-08-12,,,
CTD_102_PL_20260812,102,CTD_AI_LPE_ViaductCollapses_20260812_1a.mov,01:28:55:00,01:28:56:06,1.25,1:06,2026-08-12,,,
CTD_102_PL_20260812,102,CTD_AI_LPE_KeysInIgnition01_20260624_1a.mov,01:29:50:12,01:29:54:14,4.08,4:02,2026-06-24,Chat GPT; Krea,,
CTD_102_PL_20260812,102,CTD_AI_LPE_GloveCompartment_20260729_A1.mov,01:30:05:13,01:30:09:01,3.5,3:12,2026-07-29,Chat GPT; Krea,,
CTD_102_PL_20260812,102,CTD_AI_LPE_RearViewMirror_20260729_02A.mov,01:30:09:01,01:30:13:07,4.25,4:06,2026-07-29,Chat GPT; Krea,,
CTD_102_PL_20260812,102,CTD_AI_LPE_TimTrapped_20260729.mov,01:30:16:18,01:30:19:08,2.58,2:14,2026-07-29,Chat GPT; Krea,,
CTD_102_PL_20260812,102,CTD_AI_LPE_JawsOfLife_20260812_5a.mov,01:30:21:03,01:30:23:06,2.13,2:03,2026-08-12,,,
CTD_102_PL_20260812,102,CTD_AI_LPE_JawsOfLife_20260812_3a.mov,01:30:23:06,01:30:24:10,1.17,1:04,2026-08-12,,,
CTD_102_PL_20260812,102,CTD_AI_LPE_TimReached_20260626_1b.mov,01:30:24:10,01:30:26:15,2.21,2:05,2026-06-26,Chat GPT; Krea,,
CTD_102_PL_20260812,102,CTD_AI_PAO_PumpAOnButton_20260812_A1.mov,01:30:57:14,01:30:59:06,1.67,1:16,2026-08-12,,,
CTD_102_PL_20260812,102,CTD_AI_PAO_BoltingBlindFlange2d_20260720_RESPIN.mov,01:30:59:06,01:31:00:03,0.88,0:21,2026-07-20,Chat GPT; Krea,,
CTD_102_PL_20260812,102,CTD_AI_PAO_BollandsBlast_20260720_RESPIN.mov,01:31:00:03,01:31:00:20,0.71,0:17,2026-07-20,Chat GPT; Krea,,
CTD_102_PL_20260812,102,CTD_AI_PAO_FirstExplosion_20260723_02.mov,01:31:00:20,01:31:03:02,2.25,2:06,2026-07-23,,,
CTD_102_PL_20260812,102,CTD_AI_PAO_PiperAlphaExplodes_20260720_RESPIN_A.mov,01:31:04:21,01:31:05:17,0.83,0:20,2026-07-20,Chat GPT; Krea,,
CTD_102_PL_20260812,102,CTD_AI_PAO_PiperAlphaExplodes_20260720_RESPIN_A.mov,01:31:05:17,01:31:07:09,1.67,1:16,2026-07-20,Chat GPT; Krea,,
CTD_102_PL_20260812,102,CTD_AI_PAO_PiperAlphaExplodes_20260720_RESPIN_B.mov,01:31:07:09,01:31:09:03,1.75,1:18,2026-07-20,Chat GPT; Krea,,
CTD_102_PL_20260812,102,CTD_AI_PAO_DavidJumps_20260527.mov,01:31:09:03,01:31:12:03,3,3:00,2026-05-27,Chat GPT; Krea,,
CTD_102_PL_20260812,102,CTD_AI_PAO_PiperAlpha_20260527.mov,01:31:20:03,01:31:22:21,2.75,2:18,2026-05-27,Chat GPT; Krea,,
CTD_102_PL_20260812,102,CTD_AI_PAO_PiperAlphaExplodes_20260812_A1.mov,01:32:01:09,01:32:02:22,1.54,1:13,2026-08-12,,,
CTD_102_PL_20260812,102,CTD_AI_PAO_PiperAlphaExplodes_20260812_A4.mov,01:32:02:22,01:32:05:05,2.29,2:07,2026-08-12,,,
CTD_102_PL_20260812,102,CTD_AI_PAO_ToolboxDrop_20260812_2a.mov,01:32:05:05,01:32:09:01,3.83,3:20,2026-08-12,,,
CTD_102_PL_20260812,102,CTD_AI_PAO_ToolboxDrop_20260812_2d.mov,01:32:09:01,01:32:11:10,2.38,2:09,2026-08-12,,,
CTD_102_PL_20260812,102,CTD_AI_PAO_Maintenance2_20260807_1a.mov,01:32:24:01,01:32:30:21,6.83,6:20,2026-08-07,,,
CTD_102_PL_20260812,102,CTD_AI_PAO_Maintenance1_20260615.mov,01:32:30:21,01:32:32:18,1.88,1:21,2026-06-15,Chat GPT; Krea,,
CTD_102_PL_20260812,102,CTD_AI_PAO_BoltingBlindFlange1_20260807_1d.mov,01:32:32:18,01:32:37:15,4.88,4:21,2026-08-07,,,
CTD_102_PL_20260812,102,CTD_AI_PAO_BoltingBlindFlange1_20260807_2a.mov,01:32:41:19,01:32:44:05,2.42,2:10,2026-08-07,,,
CTD_102_PL_20260812,102,CTD_AI_PAO_BoltingBlindFlange1_20260807_1d.mov,01:32:44:05,01:32:46:03,1.92,1:22,2026-08-07,,,
CTD_102_PL_20260812,102,CTD_AI_PAO_BoltingBlindFlange2a_20260720_RESPIN.mov,01:32:50:04,01:32:54:04,4,4:00,2026-07-20,Chat GPT; Krea,,
CTD_102_PL_20260812,102,CTD_AI_PAO_BoltingBlindFlange2_20260615.mov,01:32:55:22,01:32:59:22,4,4:00,2026-06-15,Chat GPT; Krea,,
CTD_102_PL_20260812,102,CTD_AI_PAO_OfficeChair_20260723_B.mov,01:32:59:22,01:33:01:22,2,2:00,2026-07-23,,,
CTD_102_PL_20260812,102,CTD_AI_PAO_ClipboardWithPen_20260807_1d.mov,01:33:01:22,01:33:04:07,2.38,2:09,2026-08-07,,,
CTD_102_PL_20260812,102,CTD_AI_PAO_Alarm01_20260722.mov,01:33:15:09,01:33:20:09,5,5:00,2026-07-22,Chat GPT; Krea,,
CTD_102_PL_20260812,102,CTD_AI_PAO_PiperAlphaExplodes_20260720_RESPIN_A.mov,01:33:29:19,01:33:35:21,6.08,6:02,2026-07-20,Chat GPT; Krea,,
CTD_102_PL_20260812,102,CTD_AI_PAO_CoffeeCup_20260722.mov,01:33:35:21,01:33:37:22,2.04,2:01,2026-07-22,Chat GPT; Krea,,
CTD_102_PL_20260812,102,CTD_AI_PAO_PumpAOnButton_20260812_A1.mov,01:33:37:22,01:33:39:20,1.92,1:22,2026-08-12,,,
CTD_102_PL_20260812,102,CTD_AI_PAO_BoltingBlindFlange2c_20260720_RESPIN.mov,01:33:39:20,01:33:48:00,8.17,8:04,2026-07-20,Chat GPT; Krea,,
CTD_102_PL_20260812,102,CTD_AI_PAO_BoltingBlindFlange2_20260807_1a.mov,01:33:51:11,01:33:53:08,1.88,1:21,2026-08-07,,,
CTD_102_PL_20260812,102,CTD_AI_PAO_Alarm02_20260722.mov,01:33:53:08,01:33:56:20,3.5,3:12,2026-07-22,Chat GPT; Krea,,
CTD_102_PL_20260812,102,CTD_AI_PAO_BoltingBlindFlange2_20260807_1a.mov,01:34:00:16,01:34:04:20,4.17,4:04,2026-08-07,,,
CTD_102_PL_20260812,102,CTD_AI_PAO_BoltingBlindFlange2d_20260720_RESPIN.mov,01:34:06:02,01:34:07:23,1.88,1:21,2026-07-20,Chat GPT; Krea,,
CTD_102_PL_20260812,102,CTD_AI_PAO_BollandsBlast_20260720_RESPIN.mov,01:34:07:23,01:34:09:07,1.33,1:08,2026-07-20,Chat GPT; Krea,,
CTD_102_PL_20260812,102,CTD_AI_PAO_Sprinkler_20260723_C.mov,01:34:09:07,01:34:10:15,1.33,1:08,2026-07-23,,,
CTD_102_PL_20260812,102,CTD_AI_PAO_Sprinkler_20260807_2a.mov,01:34:10:15,01:34:12:10,1.79,1:19,2026-08-07,,,
CTD_102_PL_20260812,102,CTD_AI_PAO_FireEntersRadioRoom_20260722_01B.mov,01:34:12:10,01:34:13:21,1.46,1:11,2026-07-22,Chat GPT; Krea,,
CTD_102_PL_20260812,102,CTD_AI_PAO_FireEntersRadioRoom_20260722_01C.mov,01:34:13:21,01:34:15:05,1.33,1:08,2026-07-22,Chat GPT; Krea,,
CTD_102_PL_20260812,102,CTD_AI_PAO_FireEntersRadioRoom_20260722_01A.mov,01:34:15:05,01:34:16:15,1.42,1:10,2026-07-22,Chat GPT; Krea,,
CTD_102_PL_20260812,102,CTD_AI_PAO_PiperAlphaExplodes_20260812_B6.mov,01:34:16:15,01:34:17:20,1.21,1:05,2026-08-12,,,
CTD_102_PL_20260812,102,CTD_AI_PAO_PiperAlphaExplodes_20260812_E5.mov,01:34:17:20,01:34:18:18,0.92,0:22,2026-08-12,,,
CTD_102_PL_20260812,102,CTD_AI_PAO_PiperAlphaExplodes_20260720_RESPIN_E.mov,01:34:18:18,01:34:19:19,1.04,1:01,2026-07-20,Chat GPT; Krea,,
CTD_102_PL_20260812,102,CTD_AI_PAO_RadioRoomFire_20260529_2a.mov,01:34:19:19,01:34:20:22,1.13,1:24,2026-05-29,Chat GPT; Krea,,
CTD_102_PL_20260812,102,CTD_AI_PAO_RadioRoomPhone3_20260807_1b.mov,01:34:20:22,01:34:22:00,1.08,1:02,2026-08-07,,,
CTD_102_PL_20260812,102,CTD_AI_PAO_FireConsumesRadio_20260812_2a.mov,01:34:22:00,01:34:23:09,1.38,1:09,2026-08-12,,,
CTD_102_PL_20260812,102,CTD_AI_PAO_FireEntersRadioRoom_20260722_02B.mov,01:34:23:09,01:34:24:06,0.88,0:21,2026-07-22,Chat GPT; Krea,,
CTD_102_PL_20260812,102,CTD_AI_PAO_FireConsumesRadio_2_20260721_RESPIN.mov,01:34:24:06,01:34:25:07,1.04,1:01,2026-07-21,Chat GPT; Krea,,
CTD_102_PL_20260812,102,CTD_AI_PAO_FirstExplosion_20260723_02.mov,01:34:26:10,01:34:27:17,1.29,1:07,2026-07-23,,,
CTD_102_PL_20260812,102,CTD_AI_PAO_PiperAlphaExplodes_20260812_B8.mov,01:34:27:17,01:34:29:13,1.83,1:20,2026-08-12,,,
CTD_102_PL_20260812,102,CTD_AI_PAO_KinradeToHelipad_20260807_1c.mov,01:34:29:13,01:34:31:19,2.25,2:06,2026-08-07,,,
CTD_102_PL_20260812,102,CTD_AI_PAO_KinradeToHelipad_20260807_2c.mov,01:34:31:19,01:34:34:10,2.63,2:15,2026-08-07,,,
CTD_102_PL_20260812,102,CTD_AI_PAO_RunToCafeteria_20260727_1b.mov,01:34:34:10,01:34:36:05,1.79,1:19,2026-07-27,Chat GPT; Krea,,
CTD_102_PL_20260812,102,CTD_AI_PAO_FeetRunningToCafeteria_20260722_2.mov,01:34:36:05,01:34:38:04,1.96,1:23,2026-07-22,Chat GPT; Krea,,
CTD_102_PL_20260812,102,CTD_AI_PAO_RunToCafeteria_20260727_1c.mov,01:34:38:04,01:34:40:09,2.21,2:05,2026-07-27,Chat GPT; Krea,,
CTD_102_PL_20260812,102,CTD_AI_PAO_PiperAlphaExplodes_20260812_B4.mov,01:34:47:07,01:34:50:21,3.58,3:14,2026-08-12,,,
CTD_102_PL_20260812,102,CTD_AI_PAO_PipesBurst_20260812_1.mov,01:34:50:21,01:34:55:20,4.96,4:23,2026-08-12,,,
CTD_102_PL_20260812,102,CTD_AI_PAO_PipesBurst_20260812_2.mov,01:34:55:20,01:34:59:20,4,4:00,2026-08-12,,,
CTD_102_PL_20260812,102,CTD_AI_PAO_PipesBurst_20260812_4.mov,01:34:59:20,01:35:04:02,4.25,4:06,2026-08-12,,,
CTD_102_PL_20260812,102,CTD_AI_PAO_PiperAlphaExplodes_20260720_RESPIN_A.mov,01:35:05:23,01:35:06:19,0.83,0:20,2026-07-20,Chat GPT; Krea,,
CTD_102_PL_20260812,102,CTD_AI_PAO_PiperAlphaExplodes_20260720_RESPIN_A.mov,01:35:06:19,01:35:08:11,1.67,1:16,2026-07-20,Chat GPT; Krea,,
CTD_102_PL_20260812,102,CTD_AI_PAO_PiperAlphaExplodes_20260812_B5.mov,01:35:08:11,01:35:10:06,1.79,1:19,2026-08-12,,,
CTD_102_PL_20260812,102,CTD_AI_PAO_PiperAlphaExplodes_20260812_B2.mov,01:35:10:06,01:35:12:09,2.13,2:03,2026-08-12,,,
CTD_102_PL_20260812,102,CTD_AI_PAO_PiperAlphaExplodes_20260812_B1.mov,01:35:12:09,01:35:14:02,1.71,1:17,2026-08-12,,,
CTD_102_PL_20260812,102,CTD_AI_PAO_PiperAlphaExplodes_20260812_B7.mov,01:35:23:03,01:35:24:18,1.63,1:15,2026-08-12,,,
CTD_102_PL_20260812,102,CTD_AI_PAO_DavidLooksAtWater_20260807_3c.mov,01:35:24:18,01:35:25:21,1.13,1:24,2026-08-07,,,
CTD_102_PL_20260812,102,CTD_AI_PAO_PiperAlphaExplodes_20260812_B15.mov,01:35:31:08,01:35:32:20,1.5,1:12,2026-08-12,,,
CTD_102_PL_20260812,102,CTD_AI_PAO_PiperAlphaExplodes_20260812_B16.mov,01:35:32:20,01:35:34:14,1.75,1:18,2026-08-12,,,
CTD_102_PL_20260812,102,CTD_AI_PAO_DavidLooksAtWater_20260807_4b.mov,01:35:34:14,01:35:36:04,1.58,1:14,2026-08-07,,,
CTD_102_PL_20260812,102,CTD_AI_PAO_DavidLooksAtWater_20260807_1a.mov,01:35:42:13,01:35:46:11,3.92,3:22,2026-08-07,,,
CTD_102_PL_20260812,102,CTD_AI_PAO_DavidJumps_20260527.mov,01:35:47:23,01:35:52:02,4.13,4:03,2026-05-27,Chat GPT; Krea,,
CTD_102_PL_20260812,102,CTD_AI_PAO_PiperAlphaExplodes_20260812_B9.mov,01:35:59:10,01:36:01:14,2.17,2:04,2026-08-12,,,
CTD_102_PL_20260812,102,CTD_AI_PAO_FinalCollapse_20260807_1a.mov,01:36:01:14,01:36:04:03,2.54,2:13,2026-08-07,,,
CTD_102_PL_20260812,102,CTD_AI_PAO_PiperAlphaExplodes_20260812_B12.mov,01:36:04:03,01:36:05:14,1.46,1:11,2026-08-12,,,
CTD_102_PL_20260812,102,CTD_AI_PAO_FinalCollapse_20260527_1C.mov,01:36:07:04,01:36:09:10,2.25,2:06,2026-05-27,Chat GPT; Krea,,
CTD_102_PL_20260812,102,CTD_AI_PAO_FinalCollapse_20260807_1b.mov,01:36:09:10,01:36:12:12,3.08,3:02,2026-08-07,,,
CTD_102_PL_20260812,102,CTD_AI_BMF_MolassesPipe02_20260619_1a.mov,01:36:29:13,01:36:31:00,1.46,1:11,2026-06-19,Chat GPT; Krea,,
CTD_102_PL_20260812,102,CTD_AI_BMF_ImposingTank02_20260619_1b.mov,01:36:31:00,01:36:32:12,1.5,1:12,2026-06-19,Chat GPT; Krea,,
CTD_102_PL_20260812,102,CTD_AI_BMF_InsideTankFilled_20260619_1c.mov,01:36:32:12,01:36:34:12,2,2:00,2026-06-19,Chat GPT; Krea,,
CTD_102_PL_20260812,102,CTD_AI_BMF_TankRuptures_20260621_4b.mov,01:36:34:12,01:36:35:16,1.17,1:04,2026-06-21,Chat GPT; Krea,,
CTD_102_PL_20260812,102,CTD_AI_BMF_TankRuptures_20260715_1c.mov,01:36:35:16,01:36:37:07,1.63,1:15,2026-07-15,Chat GPT; Krea,,
CTD_102_PL_20260812,102,CTD_AI_BMF_TankRuptures_20260715_1c.mov,01:36:39:18,01:36:41:03,1.38,1:09,2026-07-15,Chat GPT; Krea,,
CTD_102_PL_20260812,102,CTD_AI_BMF_TankRuptures_20260714_1b.mov,01:36:41:03,01:36:42:22,1.79,1:19,2026-07-14,,,
CTD_102_PL_20260812,102,CTD_AI_BMF_TankRuptures_20260621_2e.mov,01:36:42:22,01:36:45:19,2.88,2:21,2026-06-21,Chat GPT; Krea,,
CTD_102_PL_20260812,102,CTD_AI_BMF_TankHarbour02_20260619_2a.mov,01:36:55:20,01:36:59:09,3.54,3:13,2026-06-19,Chat GPT; Krea,,
CTD_102_PL_20260812,102,CTD_AI_BMF_TankNeighbourhood03_20260721_1a.mov,01:36:59:09,01:37:03:02,3.71,3:17,2026-07-21,Chat GPT; Krea,,
CTD_102_PL_20260812,102,CTD_AI_BMF_ImposingTank02_20260619_1b.mov,01:37:03:02,01:37:07:23,4.88,4:21,2026-06-19,Chat GPT; Krea,,
CTD_102_PL_20260812,102,CTD_AI_BMF_InsideTankFilled_20260721_1c.mov,01:37:07:23,01:37:11:05,3.25,3:06,2026-07-21,Chat GPT; Krea,,
CTD_102_PL_20260812,102,CTD_AI_BMF_TankNeighbourhood01_20260619_1c.mov,01:37:26:17,01:37:30:18,4.04,4:01,2026-06-19,Chat GPT; Krea,,
CTD_102_PL_20260812,102,CTD_AI_BMF_TankNeighbourhood02_20260721_1c.mov,01:37:34:15,01:37:38:03,3.5,3:12,2026-07-21,Chat GPT; Krea,,
CTD_102_PL_20260812,102,CTD_AI_BMF_ImposingTank01_20260619_1d.mov,01:37:38:03,01:37:41:15,3.5,3:12,2026-06-19,Chat GPT; Krea,,
CTD_102_PL_20260812,102,CTD_AI_BMF_BostonWarming02_202607021_1b.mov,01:37:41:15,01:37:46:16,5.04,5:01,2026-07-21,Chat GPT; Krea,,
CTD_102_PL_20260812,102,CTD_AI_BMF_TankGroaning_20260810_1a.mov,01:37:46:16,01:37:50:03,3.46,3:11,2026-08-10,,,
CTD_102_PL_20260812,102,CTD_AI_BMF_TankGroaning_20260810_1h.mov,01:37:50:03,01:37:54:03,4,4:00,2026-08-10,,,
CTD_102_PL_20260812,102,CTD_AI_BMF_BadRivets_20260619_1d.mov,01:38:00:05,01:38:01:21,1.67,1:16,2026-06-19,Chat GPT; Krea,,
CTD_102_PL_20260812,102,CTD_AI_BMF_BadRivets_20260619_1e.mov,01:38:01:21,01:38:03:19,1.92,1:22,2026-06-19,Chat GPT; Krea,,
CTD_102_PL_20260812,102,CTD_AI_BMF_BadRivets_20260619_1c.mov,01:38:03:19,01:38:05:23,2.17,2:04,2026-06-19,Chat GPT; Krea,,
CTD_102_PL_20260812,102,CTD_AI_BMF_MolassesTankLeaks_20260621_3a.mov,01:38:21:03,01:38:24:06,3.13,3:03,2026-06-21,Chat GPT; Krea,,
CTD_102_PL_20260812,102,CTD_AI_BMF_MolassesTankLeaks_20260621_3b.mov,01:38:24:06,01:38:28:14,4.33,4:08,2026-06-21,Chat GPT; Krea,,
CTD_102_PL_20260812,102,CTD_AI_BMF_MolassesTankLeaks_20260621_1c.mov,01:38:33:22,01:38:35:19,1.88,1:21,2026-06-21,Chat GPT; Krea,,
CTD_102_PL_20260812,102,CTD_AI_BMF_MolassesTankLeaks_20260621_1a.mov,01:38:35:19,01:38:39:06,3.46,3:11,2026-06-21,Chat GPT; Krea,,
CTD_102_PL_20260812,102,CTD_AI_BMF_ImposingTank01_20260619_1c.mov,01:39:03:21,01:39:07:05,3.33,3:08,2026-06-19,Chat GPT; Krea,,
CTD_102_PL_20260812,102,CTD_AI_BMF_BostonWarming02_202607021_1c.mov,01:39:07:05,01:39:10:22,3.71,3:17,2026-07-21,Chat GPT; Krea,,
CTD_102_PL_20260812,102,CTD_AI_BMF_MolassesPumpedIn_20260715_1a.mov,01:39:13:23,01:39:15:20,1.88,1:21,2026-07-15,Chat GPT; Krea,,
CTD_102_PL_20260812,102,CTD_AI_BMF_MolassesPumpedIn_20260621_2b.mov,01:39:15:20,01:39:18:06,2.42,2:10,2026-06-21,Chat GPT; Krea,,
CTD_102_PL_20260812,102,CTD_AI_BMF_ImposingTank01_20260619_1c.mov,01:39:22:02,01:39:24:14,2.5,2:12,2026-06-19,Chat GPT; Krea,,
CTD_102_PL_20260812,102,CTD_AI_BMF_MolassesPipe01_20260619_1a.mov,01:39:24:14,01:39:26:07,1.71,1:17,2026-06-19,Chat GPT; Krea,,
CTD_102_PL_20260812,102,CTD_AI_BMF_MolassesPipe02_20260619_1a.mov,01:39:26:07,01:39:29:01,2.75,2:18,2026-06-19,Chat GPT; Krea,,
CTD_102_PL_20260812,102,CTD_AI_BMF_MolassesPipe02_20260619_1a.mov,01:39:29:01,01:39:31:23,2.92,2:22,2026-06-19,Chat GPT; Krea,,
CTD_102_PL_20260812,102,CTD_AI_BMF_InsideTankFilled_20260619_2b.mov,01:39:31:23,01:39:33:13,1.58,1:14,2026-06-19,Chat GPT; Krea,,
CTD_102_PL_20260812,102,CTD_AI_BMF_TankGroaning_20260810_1h.mov,01:39:33:13,01:39:34:09,0.83,0:20,2026-08-10,,,
CTD_102_PL_20260812,102,CTD_AI_BMF_TankGroaning_20260810_1h.mov,01:39:34:09,01:39:35:07,0.92,0:22,2026-08-10,,,
CTD_102_PL_20260812,102,CTD_AI_BMF_InsideTankFilled_20260619_1c.mov,01:39:37:09,01:39:38:17,1.33,1:08,2026-06-19,Chat GPT; Krea,,
CTD_102_PL_20260812,102,CTD_AI_BMF_TankGroaning_20260810_1h.mov,01:39:38:17,01:39:40:19,2.08,2:02,2026-08-10,,,
CTD_102_PL_20260812,102,CTD_AI_BMF_InsideTankFilled_20260619_2b.mov,01:39:40:19,01:39:42:08,1.54,1:13,2026-06-19,Chat GPT; Krea,,
CTD_102_PL_20260812,102,CTD_AI_BMF_InsideTankFilled_20260619_1c.mov,01:39:44:08,01:39:47:07,2.96,2:23,2026-06-19,Chat GPT; Krea,,
CTD_102_PL_20260812,102,CTD_AI_BMF_TankGroaning_20260810_1e.mov,01:39:47:07,01:39:49:22,2.63,2:15,2026-08-10,,,
CTD_102_PL_20260812,102,CTD_AI_BMF_BostonWarming02_202607021_1a.mov,01:39:51:15,01:39:55:05,3.58,3:14,2026-07-21,Chat GPT; Krea,,
CTD_102_PL_20260812,102,CTD_AI_BMF_BostonWarming01_202607021_1b_CU.mov,01:39:55:05,01:40:00:20,5.63,5:15,2026-07-21,Chat GPT; Krea,,
CTD_102_PL_20260812,102,CTD_AI_BMF_BostonWarming02_20260619_1b.mov,01:40:00:20,01:40:07:21,7.04,7:01,2026-06-19,Chat GPT; Krea,,
CTD_102_PL_20260812,102,CTD_AI_BMF_BostonWarming02_20260619_1b.mov,01:40:13:12,01:40:16:03,2.63,2:15,2026-06-19,Chat GPT; Krea,,
CTD_102_PL_20260812,102,CTD_AI_BMF_RivetsRumble_20260619_1b.mov,01:40:16:03,01:40:18:13,2.42,2:10,2026-06-19,Chat GPT; Krea,,
CTD_102_PL_20260812,102,CTD_AI_BMF_MolassesBubbles_20260619_1c.mov,01:40:18:13,01:40:22:01,3.5,3:12,2026-06-19,Chat GPT; Krea,,
CTD_102_PL_20260812,102,CTD_AI_BMF_MolassesBubbles_20260619_1b.mov,01:40:26:14,01:40:28:16,2.08,2:02,2026-06-19,Chat GPT; Krea,,
CTD_102_PL_20260812,102,CTD_AI_BMF_MolassesBubbles_20260619_1a.mov,01:40:28:16,01:40:31:15,2.96,2:23,2026-06-19,Chat GPT; Krea,,
CTD_102_PL_20260812,102,CTD_AI_BMF_MolassesBubbles_20260619_1b.mov,01:40:31:15,01:40:36:01,4.42,4:10,2026-06-19,Chat GPT; Krea,,
CTD_102_PL_20260812,102,CTD_AI_BMF_MolassesBubbles_20260619_1a.mov,01:40:36:01,01:40:38:03,2.08,2:02,2026-06-19,Chat GPT; Krea,,
CTD_102_PL_20260812,102,CTD_AI_BMF_MolassesBubbles_20260619_1b.mov,01:40:45:04,01:40:46:19,1.63,1:15,2026-06-19,Chat GPT; Krea,,
CTD_102_PL_20260812,102,CTD_AI_BMF_RivetsLoosen_20260715_1c.mov,01:40:46:19,01:40:51:10,4.63,4:15,2026-07-15,Chat GPT; Krea,,
CTD_102_PL_20260812,102,CTD_AI_BMF_TankRuptures_20260621_4b.mov,01:40:51:10,01:40:54:07,2.88,2:21,2026-06-21,Chat GPT; Krea,,
CTD_102_PL_20260812,102,CTD_AI_BMF_TankRuptures_20260715_1c.mov,01:40:54:07,01:40:59:06,4.96,4:23,2026-07-15,Chat GPT; Krea,,
CTD_102_PL_20260812,102,CTD_AI_BMF_TankRuptures_20260714_1b.mov,01:40:59:06,01:41:01:01,1.79,1:19,2026-07-14,,,
CTD_102_PL_20260812,102,CTD_AI_BMF_TankRupturesPOV_20260715_1g.mov,01:41:01:01,01:41:04:09,3.33,3:08,2026-07-15,Chat GPT; Krea,,
CTD_102_PL_20260812,102,CTD_AI_BMF_TankRuptures_20260621_2e.mov,01:41:08:06,01:41:12:08,4.08,4:02,2026-06-21,Chat GPT; Krea,,
CTD_102_PL_20260812,102,CTD_AI_BMF_TankRuptures_20260714_1b.mov,01:41:14:02,01:41:16:01,1.96,1:23,2026-07-14,,,
CTD_102_PL_20260812,102,CTD_AI_BMF_TankRuptures_20260714_1a.mov,01:41:16:01,01:41:20:03,4.08,4:02,2026-07-14,,,
CTD_102_PL_20260812,102,CTD_AI_BMF_TankRupturesPOV_20260715_1c.mov,01:41:20:03,01:41:24:11,4.33,4:08,2026-07-15,Chat GPT; Krea,,
CTD_102_PL_20260812,102,CTD_AI_BMF_MolassesHitsStreet_20260526_2b.mov,01:41:24:11,01:41:27:16,3.21,3:05,2026-05-26,Chat GPT; Krea,,
CTD_102_PL_20260812,102,CTD_AI_BMF_TorrentOfMolasses_20260621_3a.mov,01:41:31:08,01:41:33:01,1.71,1:17,2026-06-21,Chat GPT; Krea,,
CTD_102_PL_20260812,102,CTD_AI_BMF_TorrentOfMolasses_20260621_1b.mov,01:41:33:01,01:41:35:04,2.13,2:03,2026-06-21,Chat GPT; Krea,,
CTD_102_PL_20260812,102,CTD_AI_BMF_TrolleyComingAtIsaac_202607021_1c.mov,01:41:36:16,01:41:38:11,1.79,1:19,2026-07-21,Chat GPT; Krea,,
CTD_102_PL_20260812,102,CTD_AI_BMF_TrolleyComingAtIsaac_202607021_1d.mov,01:41:38:11,01:41:40:09,1.92,1:22,2026-07-21,Chat GPT; Krea,,
CTD_102_PL_20260812,102,CTD_AI_BMF_TrolleyComingAtIsaac_202607021_1a.mov,01:41:40:09,01:41:43:05,2.83,2:20,2026-07-21,Chat GPT; Krea,,
CTD_102_PL_20260812,102,CTD_AI_BMF_TrolleyComingAtIsaac_20260621_1b.mov,01:41:44:21,01:41:47:00,2.13,2:03,2026-06-21,Chat GPT; Krea,,
CTD_102_PL_20260812,102,CTD_AI_BMF_TankRupturesPOV_20260715_1c.mov,01:41:50:12,01:41:52:05,1.71,1:17,2026-07-15,Chat GPT; Krea,,
CTD_102_PL_20260812,102,CTD_AI_BMF_TrolleyComingAtIsaac_20260621_1b.mov,01:41:52:05,01:41:55:00,2.79,2:19,2026-06-21,Chat GPT; Krea,,
CTD_102_PL_20260812,102,CTD_AI_BMF_IsaacGrabsLadder_20260621_1d.mov,01:41:57:19,01:42:01:18,3.96,3:23,2026-06-21,Chat GPT; Krea,,
CTD_102_PL_20260812,102,CTD_AI_BMF_TorrentOfMolasses_20260714_2a.mov,01:42:01:18,01:42:03:06,1.5,1:12,2026-07-14,,,
CTD_102_PL_20260812,102,CTD_AI_BMF_MolassesHitsStreet_20260526_1b.mov,01:42:03:06,01:42:04:16,1.42,1:10,2026-05-26,Chat GPT; Krea,,
CTD_102_PL_20260812,102,CTD_AI_BMF_TorrentOfMolasses_20260714_3c.mov,01:42:04:16,01:42:06:08,1.67,1:16,2026-07-14,,,
CTD_102_PL_20260812,102,CTD_AI_BMF_TorrentOfMolasses_20260714_6c.mov,01:42:06:08,01:42:08:13,2.21,2:05,2026-07-14,,,
CTD_102_PL_20260812,102,CTD_AI_BMF_TorrentOfMolasses_20260714_4a.mov,01:42:08:13,01:42:10:21,2.33,2:08,2026-07-14,,,
CTD_102_PL_20260812,102,CTD_AI_OTI_ImplosionClose_20260620_1c.mov,01:42:45:03,01:42:46:02,0.96,0:23,2026-06-20,Chat GPT; Krea,,
CTD_102_PL_20260812,102,CTD_AI_OTI_ImplosionClose_20260626_1a.mov,01:42:46:02,01:42:46:22,0.83,0:20,2026-06-20,Chat GPT; Krea,,
CTD_102_PL_20260812,102,CTD_AI_OTI_ImplosionRealTime_20260626_1a.mov,01:42:46:22,01:42:48:12,1.58,1:14,2026-06-26,Chat GPT; Krea,,
CTD_102_PL_20260812,102,CTD_AI_HKA_LeveeBreaks_20260723_1a.mov,01:42:48:12,01:42:49:22,1.42,1:10,2026-07-23,Chat GPT; Krea,,
CTD_102_PL_20260812,102,CTD_AI_HKA_FloodDestroysHouses_20260723_1a.mov,01:42:49:22,01:42:51:04,1.25,1:06,2026-07-23,Chat GPT; Krea,,
CTD_102_PL_20260812,102,CTD_AI_PAO_Alarm01_20260722.mov,01:42:51:04,01:42:52:09,1.21,1:05,2026-07-22,Chat GPT; Krea,,
CTD_102_PL_20260812,102,CTD_AI_PAO_BoltingBlindFlange2d_20260720_RESPIN.mov,01:42:52:09,01:42:53:03,0.75,0:18,2026-07-20,Chat GPT; Krea,,
CTD_102_PL_20260812,102,CTD_AI_TAD_KLMInFog_20260728_1d.mov,01:42:53:03,01:42:54:01,0.92,0:22,2026-07-28,Kling; Nano Banana,,
CTD_102_PL_20260812,102,CTD_AI_TAD_PanAmInFog_20260727_1c.mov,01:42:54:01,01:42:55:03,1.08,1:02,2026-07-27,Kling; Krea,,
CTD_102_PL_20260812,102,CTD_AI_BMF_TankRuptures_20260715_1c.mov,01:42:55:03,01:42:56:03,1,1:00,2026-07-15,Chat GPT; Krea,,
CTD_102_PL_20260812,102,CTD_AI_BMF_TankRuptures_20260714_1a.mov,01:42:56:03,01:42:57:14,1.46,1:11,2026-07-14,,,
CTD_102_PL_20260812,102,CTD_AI_PAO_PiperAlphaExplodes_20260720_RESPIN_A.mov,01:42:57:14,01:42:59:06,1.67,1:16,2026-07-20,Chat GPT; Krea,,
CTD_102_PL_20260812,102,CTD_AI_PAO_PiperAlphaExplodes_20260720_RESPIN_B.mov,01:42:59:06,01:43:02:10,3.17,3:04,2026-07-20,Chat GPT; Krea,,
CTD_102_PL_20260812,102,CTD_AI_OTI_TitanicSinks1_20260615_1a.mov,01:43:36:18,01:43:40:22,4.17,4:04,2026-06-15,Chat GPT; Krea,,
CTD_102_PL_20260812,102,CTD_AI_OTI_TitanicSinks2_20260615_1b.mov,01:43:44:10,01:43:48:15,4.21,4:05,2026-06-15,Chat GPT; Krea,,
CTD_102_PL_20260812,102,CTD_AI_OTI_TitanicSinks3_20260615_2a.mov,01:43:51:04,01:43:56:02,4.92,4:22,2026-06-15,Chat GPT; Krea,,
CTD_102_PL_20260812,102,CTD_AI_OTI_PolarPrinceSearch_20260716_2a.mov,01:44:45:07,01:44:49:07,4,4:00,2026-07-16,,,
CTD_102_PL_20260812,102,CTD_AI_HKA_FloodDestroysHouses_20260723_2a.mov,01:45:43:12,01:45:48:05,4.71,4:17,2026-07-23,Chat GPT; Krea,,
CTD_102_PL_20260812,102,CTD_AI_HKA_FloodDestroysHouses_20260723_1a.mov,01:45:48:05,01:45:52:04,3.96,3:23,2026-07-23,Chat GPT; Krea,,
CTD_102_PL_20260812,102,CTD_AI_HKA_FloodComesThroughWindow_20260630_3a.mov,01:45:55:05,01:45:56:20,1.63,1:15,2026-06-30,Chat GPT; Krea,,
CTD_102_PL_20260812,102,CTD_AI_HKA_FloodComesThroughWindow_20260630_2b.mov,01:45:56:20,01:45:58:23,2.13,2:03,2026-06-30,Chat GPT; Krea,,
CTD_102_PL_20260812,102,CTD_AI_HKA_FloodComesThroughWindow_20260723_1a.mov,01:45:58:23,01:46:00:06,1.29,1:07,2026-07-23,Chat GPT; Krea,,
CTD_102_PL_20260812,102,CTD_AI_HKA_FloodDestroysHouses_20260723_3a.mov,01:46:00:06,01:46:06:07,6.04,6:01,2026-07-23,Chat GPT; Krea,,
CTD_102_RC1_20260701,102,CTD_AI_PAO_PiperAlpha_20260527.mov,01:00:10:00,01:00:11:04,1.17,1:04,2026-05-27,Chat GPT; Krea,,
CTD_102_RC1_20260701,102,CTD_AI_PAO_FlangeFlyingOffRedux_20260615.mov,01:00:11:04,01:00:12:14,1.42,1:10,2026-06-15,Chat GPT; Krea,,
CTD_102_RC1_20260701,102,CTD_AI_HKA_IndustriaCanalRisingWaters_20260622_1b.mov,01:00:12:14,01:00:13:17,1.13,1:24,2026-06-22,Chat GPT; Krea,,
CTD_102_RC1_20260701,102,CTD_AI_BMF_BostonWarming02_20260619_1a.mov,01:00:13:17,01:00:14:22,1.21,1:05,2026-06-19,Chat GPT; Krea,,
CTD_102_RC1_20260701,102,CTD_AI_HKA_WaterErodingLevee_20260525_1B.mov,01:00:14:22,01:00:16:05,1.29,1:07,2026-05-26,Chat GPT; Krea,,
CTD_102_RC1_20260701,102,CTD_AI_TAD_JustBeforeImpact02_20260623_1c.mov,01:00:16:05,01:00:17:16,1.46,1:11,2026-06-23,,,
CTD_102_RC1_20260701,102,CTD_AI_BMF_RivetsRumble_20260619_2b.mov,01:00:17:16,01:00:18:23,1.29,1:07,2026-06-19,Chat GPT; Krea,,
CTD_102_RC1_20260701,102,CTD_AI_PAO_PipesBurst_20260527.mov,01:00:18:23,01:00:20:00,1.04,1:01,2026-05-27,Chat GPT; Krea,,
CTD_102_RC1_20260701,102,CTD_AI_HKA_WaterErodingLevee_20260622_1a.mov,01:00:20:00,01:00:21:07,1.29,1:07,2026-06-22,Chat GPT; Krea,,
CTD_102_RC1_20260701,102,CTD_AI_OTI_TitanDragged_20260615_1c.mov,01:00:22:03,01:00:22:09,0.25,0:06,2026-06-15,Chat GPT; Krea,,
CTD_102_RC1_20260701,102,CTD_AI_OTI_TitanDragged_20260615_1c.mov,01:00:22:09,01:00:23:04,0.79,0:19,2026-06-15,Chat GPT; Krea,,
CTD_102_RC1_20260701,102,CTD_AI_OTI_titan&titanic_20260527_2b.mov,01:00:23:04,01:00:24:01,0.88,0:21,2026-05-27,Chat GPT; Krea,,
CTD_102_RC1_20260701,102,CTD_AI_OTI_InsideTitan_20260616_1b.mov,01:00:24:01,01:00:24:21,0.83,0:20,2026-06-16,Chat GPT; Krea,,
CTD_102_RC1_20260701,102,CTD_AI_OTI_ImplosionRealTime_20260626_3c.mov,01:00:24:21,01:00:25:22,1.04,1:01,2026-06-26,Chat GPT; Krea,,
CTD_102_RC1_20260701,102,CTD_AI_OTI_ImplosionRealTime_20260626_1a.mov,01:00:25:22,01:00:27:00,1.08,1:02,2026-06-26,Chat GPT; Krea,,
CTD_102_RC1_20260701,102,CTD_AI_OTI_ImplosionClose_20260626_1a.mov,01:00:27:00,01:00:28:02,1.08,1:02,2026-06-20,Chat GPT; Krea,,
CTD_102_RC1_20260701,102,CTD_AI_LPE_SanFranciscoStreetBuckles_20260624_1a.mov,01:00:34:02,01:00:34:08,0.25,0:06,2026-06-24,Chat GPT; Krea,,
CTD_102_RC1_20260701,102,CTD_AI_LPE_SanFranciscoStreetBuckles_20260624_1a.mov,01:00:34:08,01:00:34:17,0.38,0:09,2026-06-24,Chat GPT; Krea,,
CTD_102_RC1_20260701,102,CTD_AI_LPE_LibraryShelvesCollapse_20260624_2b.mov,01:00:34:17,01:00:35:09,0.67,0:16,2026-06-24,Chat GPT; Krea,,
CTD_102_RC1_20260701,102,CTD_AI_LPE_SanFranciscoHousingRowCollapses_20260624_1b.mov,01:00:35:09,01:00:36:02,0.71,0:17,2026-06-24,Chat GPT; Krea,,
CTD_102_RC1_20260701,102,CTD_AI_LPE_ViaductCollapses_20260526_1B.mov,01:00:36:02,01:00:37:01,0.96,0:23,2026-05-26,Chat GPT; Krea,,
CTD_102_RC1_20260701,102,CTD_AI_LPE_ViaductCollapses_20260526_1C.mov,01:00:37:01,01:00:38:06,1.21,1:05,2026-05-26,Chat GPT; Krea,,
CTD_102_RC1_20260701,102,CTD_AI_HKA_LeveeBreaks_20260622_2A.mov,01:00:45:14,01:00:48:00,2.42,2:10,2026-06-22,Chat GPT; Krea,,
CTD_102_RC1_20260701,102,CTD_AI_HKA_LeveeBreaks_20260622_1a.mov,01:00:48:00,01:00:49:23,1.96,1:23,2026-06-22,Chat GPT; Krea,,
CTD_102_RC1_20260701,102,CTD_AI_HKA_IndustriaCanalRisingWaters_20260622_1b.mov,01:00:57:02,01:00:58:02,1,1:00,2026-06-22,Chat GPT; Krea,,
CTD_102_RC1_20260701,102,CTD_AI_HKA_IndustrialCanalFlyover_20260622_1a.mov,01:01:00:14,01:01:01:21,1.29,1:07,2026-06-22,Chat GPT; Krea,,
CTD_102_RC1_20260701,102,CTD_AI_BMF_MolassesHitsStreet_20260526_1b.mov,01:01:03:04,01:01:04:09,1.21,1:05,2026-05-26,Chat GPT; Krea,,
CTD_102_RC1_20260701,102,CTD_AI_PAO_CafeteriaBurns1_20260615.mov,01:01:04:09,01:01:05:03,0.75,0:18,2026-06-15,Chat GPT; Krea,,
CTD_102_RC1_20260701,102,CTD_AI_LPE_DriverPovCypressViaduct_20260624_2a.mov,01:01:05:03,01:01:06:05,1.08,1:02,2026-06-24,Chat GPT; Krea,,
CTD_102_RC1_20260701,102,CTD_AI_PAO_HandOnButton_20260529_1a.mov,01:01:06:05,01:01:07:07,1.08,1:02,2026-05-29,Chat GPT; Krea,,
CTD_102_RC1_20260701,102,CTD_AI_TAD_FlowerShopExplosion_20260525_1B.mov,01:01:07:07,01:01:08:15,1.33,1:08,2026-05-26,Chat GPT; Krea,,
CTD_102_RC1_20260701,102,CTD_AI_BMF_TorrentOfMolasses_20260526_1a.mov,01:01:08:15,01:01:10:02,1.46,1:11,2026-05-26,Chat GPT; Krea,,
CTD_102_RC1_20260701,102,CTD_AI_PAO_PiperAlphaExplodes_20260527.mov,01:01:10:02,01:01:11:13,1.46,1:11,2026-05-27,Chat GPT; Krea,,
CTD_102_RC1_20260701,102,CTD_AI_PAO_BollandsBlast_20260527.mov,01:01:11:13,01:01:12:09,0.83,0:20,2026-05-27,Chat GPT; Krea,,
CTD_102_RC1_20260701,102,CTD_AI_OTI_TitanicSinks1_20260615_1a.mov,01:01:54:20,01:01:58:01,3.21,3:05,2026-06-15,Chat GPT; Krea,,
CTD_102_RC1_20260701,102,CTD_AI_OTI_TitanicSinks3_20260615_2a.mov,01:01:58:01,01:02:00:12,2.46,2:11,2026-06-15,Chat GPT; Krea,,
CTD_102_RC1_20260701,102,CTD_AI_OTI_TITAN_INTRO1_20260617_1a.mov,01:03:12:22,01:03:16:13,3.63,3:15,2026-06-17,,,
CTD_102_RC1_20260701,102,CTD_AI_OTI_TITAN_INTRO2_20260617_1a.mov,01:03:16:13,01:03:19:09,2.83,2:20,2026-06-17,,,
CTD_102_RC1_20260701,102,CTD_AI_OTI_TITAN_INTRO1_20260617_1a.mov,01:03:19:09,01:03:24:12,5.13,5:03,2026-06-17,,,
CTD_102_RC1_20260701,102,CTD_AI_OTI_TitanDescends_20260525_1b.mov,01:03:24:12,01:03:28:23,4.46,4:11,2026-05-25,Chat GPT; Krea,,
CTD_102_RC1_20260701,102,CTD_AI_OTI_InsideTitan_20260616_1b.mov,01:03:32:06,01:03:36:06,4,4:00,2026-06-16,Chat GPT; Krea,,
CTD_102_RC1_20260701,102,CTD_AI_OTI_TitanUnderwater2_20260615_3a.mov,01:03:37:19,01:03:40:04,2.38,2:09,2026-06-15,Chat GPT; Krea,,
CTD_102_RC1_20260701,102,CTD_AI_OTI_TitanUnderwater2_20260615_2a.mov,01:03:40:04,01:03:43:04,3,3:00,2026-06-15,Chat GPT; Krea,,
CTD_102_RC1_20260701,102,CTD_AI_OTI_TITAN_INTRO2_20260617_1a.mov,01:03:47:14,01:03:49:11,1.88,1:21,2026-06-17,,,
CTD_102_RC1_20260701,102,CTD_AI_OTI_TITAN_HULL2_20260617_1a.mov,01:03:49:11,01:03:51:14,2.13,2:03,2026-06-17,,,
CTD_102_RC1_20260701,102,CTD_AI_OTI_TitanSubCarbon_20260615_1a.mov,01:04:04:04,01:04:06:22,2.75,2:18,2026-06-15,Chat GPT; Krea,,
CTD_102_RC1_20260701,102,CTD_AI_OTI_TitanUnderwater2_20260615_1a.mov,01:04:06:22,01:04:11:00,4.08,4:02,2026-06-15,Chat GPT; Krea,,
CTD_102_RC1_20260701,102,CTD_AI_OTI_TITAN_TOURS_TITANIC1_20260617_2a.mov,01:04:15:10,01:04:19:17,4.29,4:07,2026-06-17,,,
CTD_102_RC1_20260701,102,CTD_AI_OTI_TitanToursTitanic3_20260615_1a.mov,01:04:19:17,01:04:25:11,5.75,5:18,2026-06-15,Chat GPT; Krea,,
CTD_102_RC1_20260701,102,CTD_AI_OTI_TitanToursTitanic3_20260615_2b.mov,01:04:25:11,01:04:30:20,5.38,5:09,2026-06-15,Chat GPT; Krea,,
CTD_102_RC1_20260701,102,CTD_AI_OTI_TitanOnboard_20260615_1b.mov,01:04:37:11,01:04:40:13,3.08,3:02,2026-06-15,Chat GPT; Krea,,
CTD_102_RC1_20260701,102,CTD_AI_OTI_Titanondeck_20260616_1a.mov,01:04:40:13,01:04:44:13,4,4:00,2026-06-16,Chat GPT; Krea,,
CTD_102_RC1_20260701,102,CTD_AI_OTI_TITAN_HULL_PROBLEM3_20260617_1b.mov,01:04:44:13,01:04:47:14,3.04,3:01,2026-06-17,,,
CTD_102_RC1_20260701,102,CTD_AI_OTI_TITAN_HULL_PROBLEM3_20260617_1a.mov,01:04:47:14,01:04:50:14,3,3:00,2026-06-17,,,
CTD_102_RC1_20260701,102,CTD_AI_OTI_TitanToursTitanic3_20260615_2a.mov,01:04:54:00,01:05:00:04,6.17,6:04,2026-06-15,Chat GPT; Krea,,
CTD_102_RC1_20260701,102,CTD_AI_OTI_TITAN_TOURS_TITANIC1_20260617_1a.mov,01:05:00:04,01:05:03:06,3.08,3:02,2026-06-17,,,
CTD_102_RC1_20260701,102,CTD_AI_OTI_TitanSnaggedInWreck_20260617_1c.mov,01:05:03:06,01:05:05:21,2.63,2:15,2026-06-17,,,
CTD_102_RC1_20260701,102,CTD_AI_OTI_TitanSnaggedInWreck_20260617_1d.mov,01:05:09:13,01:05:11:02,1.54,1:13,2026-06-17,,,
CTD_102_RC1_20260701,102,CTD_AI_OTI_HandBracing_20260616_1a.mov,01:05:11:02,01:05:12:13,1.46,1:11,2026-06-16,Chat GPT; Krea,,
CTD_102_RC1_20260701,102,CTD_AI_OTI_TitanSnaggedInWreck_20260617_1d.mov,01:05:12:13,01:05:14:12,1.96,1:23,2026-06-17,,,
CTD_102_RC1_20260701,102,CTD_AI_OTI_HandBracing_20260616_1b..mov,01:05:14:12,01:05:16:22,2.42,2:10,2026-06-16,Chat GPT; Krea,,
CTD_102_RC1_20260701,102,CTD_AI_OTI_TitanSnaggedInWreck_20260617_1a.mov,01:05:19:07,01:05:25:03,5.83,5:20,2026-06-17,,,
CTD_102_RC1_20260701,102,CTD_AI_OTI_Ascend&Shutter_20260527_1a.mov,01:05:25:03,01:05:27:15,2.5,2:12,2026-05-27,Chat GPT; Krea,,
CTD_102_RC1_20260701,102,CTD_AI_OTI_HandGrabbingHandle_20260616_1b.mov,01:05:29:11,01:05:32:21,3.42,3:10,2026-06-16,Chat GPT; Krea,,
CTD_102_RC1_20260701,102,CTD_AI_OTI_HandGrabbingHandle_20260616_1a.mov,01:05:39:07,01:05:42:08,3.04,3:01,2026-06-16,Chat GPT; Krea,,
CTD_102_RC1_20260701,102,CTD_AI_OTI_HandBracing_20260616_1b..mov,01:05:42:08,01:05:44:00,1.67,1:16,2026-06-16,Chat GPT; Krea,,
CTD_102_RC1_20260701,102,CTD_AI_OTI_Ascend&Shutter_20260527_1a.mov,01:05:47:21,01:05:50:21,3,3:00,2026-05-27,Chat GPT; Krea,,
CTD_102_RC1_20260701,102,CTD_AI_OTI_TitanDragged_20260615_1c.mov,01:05:50:21,01:05:57:08,6.46,6:11,2026-06-15,Chat GPT; Krea,,
CTD_102_RC1_20260701,102,CTD_AI_OTI_TitanDragged_20260615_1e.mov,01:06:02:15,01:06:10:23,8.33,8:08,2026-06-15,Chat GPT; Krea,,
CTD_102_RC1_20260701,102,CTD_AI_OTI_TITAN_LAUNCH1_20260617_1a.mov,01:06:22:22,01:06:27:09,4.46,4:11,2026-06-17,,,
CTD_102_RC1_20260701,102,CTD_AI_OTI_ImplosionRealTime_20260525_4f.mov,01:06:27:09,01:06:33:02,5.71,5:17,2026-05-25,Chat GPT; Krea,,
CTD_102_RC1_20260701,102,CTD_AI_OTI_ImplosionRealTime_20260525_4f.mov,01:06:47:00,01:06:49:21,2.88,2:21,2026-05-25,Chat GPT; Krea,,
CTD_102_RC1_20260701,102,CTD_AI_OTI_ImplosionRealTime_20260525_4e.mov,01:06:52:16,01:06:56:16,4,4:00,2026-05-25,Chat GPT; Krea,,
CTD_102_RC1_20260701,102,CTD_AI_OTI_ImplosionRealTime_20260525_4e.mov,01:07:02:18,01:07:07:11,4.71,4:17,2026-05-25,Chat GPT; Krea,,
CTD_102_RC1_20260701,102,CTD_AI_OTI_TitanUnderwater2_20260615_2a.mov,01:07:54:19,01:07:57:10,2.63,2:15,2026-06-15,Chat GPT; Krea,,
CTD_102_RC1_20260701,102,CTD_AI_OTI_TitanUnderwater2_20260615_3a.mov,01:07:57:10,01:08:01:00,3.58,3:14,2026-06-15,Chat GPT; Krea,,
CTD_102_RC1_20260701,102,CTD_AI_OTI_ImplosionRealTime_20260525_4b.mov,01:08:01:00,01:08:05:23,4.96,4:23,2026-05-25,Chat GPT; Krea,,
CTD_102_RC1_20260701,102,CTD_AI_OTI_ImplosionClose_20260620_1c.mov,01:08:05:23,01:08:06:23,1,1:00,2026-06-20,Chat GPT; Krea,,
CTD_102_RC1_20260701,102,CTD_AI_OTI_ImplosionClose_20260626_1a.mov,01:08:06:23,01:08:08:07,1.33,1:08,2026-06-20,Chat GPT; Krea,,
CTD_102_RC1_20260701,102,CTD_AI_OTI_ImplosionRealTime_20260626_1a.mov,01:08:08:07,01:08:09:20,1.54,1:13,2026-06-26,Chat GPT; Krea,,
CTD_102_RC1_20260701,102,CTD_AI_OTI_ImplosionRealTime_20260626_3a.mov,01:08:09:20,01:08:11:07,1.46,1:11,2026-06-26,Chat GPT; Krea,,
CTD_102_RC1_20260701,102,CTD_AI_OTI_ImplosionRealTime_20260525_4b.mov,01:09:33:00,01:09:33:21,0.88,0:21,2026-05-25,Chat GPT; Krea,,
CTD_102_RC1_20260701,102,CTD_AI_OTI_ImplosionClose_20260620_1c.mov,01:09:33:21,01:09:34:21,1,1:00,2026-06-20,Chat GPT; Krea,,
CTD_102_RC1_20260701,102,CTD_AI_OTI_ImplosionClose_20260626_1a.mov,01:09:34:21,01:09:35:17,0.83,0:20,2026-06-20,Chat GPT; Krea,,
CTD_102_RC1_20260701,102,CTD_AI_OTI_ImplosionRealTime_20260626_1a.mov,01:09:35:17,01:09:37:12,1.79,1:19,2026-06-26,Chat GPT; Krea,,
CTD_102_RC1_20260701,102,CTD_AI_HKA_FloodwallsInstalled_20260525_1B.mov,01:11:13:05,01:11:16:17,3.5,3:12,2026-05-26,Chat GPT; Krea,,
CTD_102_RC1_20260701,102,CTD_AI_HKA_FloodwallsInstalled_20260525_1D.mov,01:11:16:17,01:11:20:05,3.5,3:12,2026-05-26,Chat GPT; Krea,,
CTD_102_RC1_20260701,102,CTD_AI_HKA_FloodwallsInstalled_20260525_1A.mov,01:11:34:14,01:11:38:04,3.58,3:14,2026-05-26,Chat GPT; Krea,,
CTD_102_RC1_20260701,102,CTD_AI_HKA_FloodwallsInstalled_20260525_1C.mov,01:11:38:04,01:11:42:05,4.04,4:01,2026-05-26,Chat GPT; Krea,,
CTD_102_RC1_20260701,102,CTD_AI_HKA_IndustrialCanalTopped2C.mov,01:12:43:12,01:12:45:00,1.5,1:12,2026-06-19,Chat GPT; Krea,,
CTD_102_RC1_20260701,102,CTD_AI_HKA_WaterErodingLevee_20260622_1a.mov,01:12:45:00,01:12:47:19,2.79,2:19,2026-06-22,Chat GPT; Krea,,
CTD_102_RC1_20260701,102,CTD_AI_HKA_IndustrialCanalTopped2C.mov,01:14:51:01,01:14:53:10,2.38,2:09,2026-06-19,Chat GPT; Krea,,
CTD_102_RC1_20260701,102,CTD_AI_HKA_IndustrialCanalFlyover_20260622_1a.mov,01:14:53:10,01:14:59:13,6.13,6:03,2026-06-22,Chat GPT; Krea,,
CTD_102_RC1_20260701,102,CTD_AI_HKA_IndustrialCanalFlyover_20260622_1a.mov,01:15:03:17,01:15:08:07,4.58,4:14,2026-06-22,Chat GPT; Krea,,
CTD_102_RC1_20260701,102,CTD_AI_HKA_IndustriaCanalRisingWaters_20260622_1b.mov,01:15:12:12,01:15:20:12,8,8:00,2026-06-22,Chat GPT; Krea,,
CTD_102_RC1_20260701,102,CTD_AI_HKA_IndustrialCanalTopped_20260622_1b.mov,01:15:29:13,01:15:33:08,3.79,3:19,2026-06-22,Chat GPT; Krea,,
CTD_102_RC1_20260701,102,CTD_AI_HKA_WaterErodingLevee_20260622_1a.mov,01:15:33:08,01:15:42:09,9.04,9:24,2026-06-22,Chat GPT; Krea,,
CTD_102_RC1_20260701,102,CTD_AI_HKA_WaterErodingLevee_20260525_1A.mov,01:15:45:09,01:15:47:01,1.67,1:16,2026-05-26,Chat GPT; Krea,,
CTD_102_RC1_20260701,102,CTD_AI_HKA_WaterErodingLevee_20260525_1B.mov,01:15:47:01,01:15:48:12,1.46,1:11,2026-05-26,Chat GPT; Krea,,
CTD_102_RC1_20260701,102,CTD_AI_HKA_WaterErodingLevee_20260525_1A.mov,01:15:51:07,01:15:55:01,3.75,3:18,2026-05-26,Chat GPT; Krea,,
CTD_102_RC1_20260701,102,CTD_AI_HKA_WaterErodingLevee_20260525_1B.mov,01:15:55:01,01:16:02:00,6.96,6:23,2026-05-26,Chat GPT; Krea,,
CTD_102_RC1_20260701,102,CTD_AI_HKA_LeveeBreaks_20260622_2A.mov,01:16:02:00,01:16:10:23,8.96,8:00,2026-06-22,Chat GPT; Krea,,
CTD_102_RC1_20260701,102,CTD_AI_HKA_LeveeBreaks_20260622_1a.mov,01:16:10:23,01:16:15:22,4.96,4:23,2026-06-22,Chat GPT; Krea,,
CTD_102_RC1_20260701,102,CTD_AI_HKA_LeveeBreaks_20260622_1a.mov,01:16:24:04,01:16:26:16,2.5,2:12,2026-06-22,Chat GPT; Krea,,
CTD_102_RC1_20260701,102,CTD_AI_HKA_LeveeBreaks_20260622_3a.mov,01:16:26:16,01:16:30:19,4.13,4:03,2026-06-22,Chat GPT; Krea,,
CTD_102_RC1_20260701,102,CTD_AI_HKA_LeveeBreaks_20260622_3b.mov,01:16:33:19,01:16:39:22,6.13,6:03,2026-06-22,Chat GPT; Krea,,
CTD_102_RC1_20260701,102,CTD_AI_TAD_KLMTakeoffPosition_20260525.mov,01:18:45:06,01:18:49:07,4.04,4:01,2026-05-26,Chat GPT; Krea,,
CTD_102_RC1_20260701,102,CTD_AI_TAD_KLMInFog_20260525.mov,01:18:49:07,01:18:50:22,1.63,1:15,2026-05-26,Chat GPT; Krea,,
CTD_102_RC1_20260701,102,CTD_AI_TAD_JustBeforeImpact01_20260623_5b.mov,01:18:50:22,01:18:53:17,2.79,2:19,2026-06-23,,,
CTD_102_RC1_20260701,102,CTD_AI_TAD_JustBeforeImpact02_20260623_1a.mov,01:18:58:14,01:18:59:13,0.96,0:23,2026-06-23,,,
CTD_102_RC1_20260701,102,CTD_AI_TAD_FlowerShopExplosion_20260525_1C.mov,01:19:06:17,01:19:11:01,4.33,4:08,2026-05-26,Chat GPT; Krea,,
CTD_102_RC1_20260701,102,CTD_AI_TAD_FlowerShopExplosion_20260525_1A.mov,01:19:15:09,01:19:20:02,4.71,4:17,2026-05-26,Chat GPT; Krea,,
CTD_102_RC1_20260701,102,CTD_AI_TAD_FlowerShopExplosion_20260525_1B.mov,01:19:20:02,01:19:22:23,2.88,2:21,2026-05-26,Chat GPT; Krea,,
CTD_102_RC1_20260701,102,CTD_AI_TAD_KLMPANAMJETSPARKED_20260525.mov,01:20:33:02,01:20:38:14,5.5,5:12,2026-05-26,Chat GPT; Krea,,
CTD_102_RC1_20260701,102,CTD_AI_TAD_KLMPANAMJETSPARKED_20260525.mov,01:20:44:17,01:20:48:18,4.04,4:01,2026-05-26,Chat GPT; Krea,,
CTD_102_RC1_20260701,102,CTD_AI_TAD_KLMFlightTaxis_20260525.mov,01:21:04:10,01:21:08:00,3.58,3:14,2026-05-26,Chat GPT; Krea,,
CTD_102_RC1_20260701,102,CTD_AI_TAD_KLMCockpit_20260623_2a.mov,01:21:08:00,01:21:11:07,3.29,3:07,2026-06-23,,,
CTD_102_RC1_20260701,102,CTD_AI_TAD_KLMCockpit_20260623_1a.mov,01:21:22:07,01:21:24:21,2.58,2:14,2026-06-23,,,
CTD_102_RC1_20260701,102,CTD_AI_TAD_PanAmBehindKLM_20260526.mov,01:21:30:03,01:21:35:13,5.42,5:10,2026-05-26,Chat GPT; Krea,,
CTD_102_RC1_20260701,102,CTD_AI_TAD_PanAmBehindKLM_20260526.mov,01:21:49:04,01:21:51:19,2.63,2:15,2026-05-26,Chat GPT; Krea,,
CTD_102_RC1_20260701,102,CTD_AI_TAD_KLMCockpit_20260623_1a.mov,01:22:00:21,01:22:04:22,4.04,4:01,2026-06-23,,,
CTD_102_RC1_20260701,102,CTD_AI_TAD_KLMCockpit_20260623_2b.mov,01:22:19:16,01:22:23:03,3.46,3:11,2026-06-23,,,
CTD_102_RC1_20260701,102,CTD_AI_TAD_KLMCockpit_20260623_3c.mov,01:22:56:21,01:23:01:21,5,5:00,2026-06-23,,,
CTD_102_RC1_20260701,102,CTD_AI_TAD_KLMTakeoffPosition_20260525.mov,01:23:04:17,01:23:09:04,4.46,4:11,2026-05-26,Chat GPT; Krea,,
CTD_102_RC1_20260701,102,CTD_AI_TAD_PanAmInFog_20260526.mov,01:23:11:10,01:23:14:12,3.08,3:02,2026-05-26,Chat GPT; Krea,,
CTD_102_RC1_20260701,102,CTD_AI_TAD_JustBeforeImpact01_20260623_2b.mov,01:23:14:12,01:23:16:01,1.54,1:13,2026-06-23,,,
CTD_102_RC1_20260701,102,CTD_AI_TAD_KLMCockpit_20260623_3c.mov,01:23:16:01,01:23:17:15,1.58,1:14,2026-06-23,,,
CTD_102_RC1_20260701,102,CTD_AI_TAD_JustBeforeImpact01_20260623_2b.mov,01:23:17:15,01:23:19:11,1.83,1:20,2026-06-23,,,
CTD_102_RC1_20260701,102,CTD_AI_TAD_JustBeforeImpact01_20260623_2c.mov,01:23:23:05,01:23:27:22,4.71,4:17,2026-06-23,,,
CTD_102_RC1_20260701,102,CTD_AI_TAD_PanAmInFog_20260526.mov,01:23:27:22,01:23:30:07,2.38,2:09,2026-05-26,Chat GPT; Krea,,
CTD_102_RC1_20260701,102,CTD_AI_TAD_JustBeforeImpact01_20260623_2c.mov,01:23:33:13,01:23:35:19,2.25,2:06,2026-06-23,,,
CTD_102_RC1_20260701,102,CTD_AI_TAD_JustBeforeImpact01_20260623_2a.mov,01:23:40:05,01:23:43:03,2.92,2:22,2026-06-23,,,
CTD_102_RC1_20260701,102,CTD_AI_TAD_PanAmInFog_20260526.mov,01:23:46:22,01:23:48:21,1.96,1:23,2026-05-26,Chat GPT; Krea,,
CTD_102_RC1_20260701,102,CTD_AI_TAD_JustBeforeImpact01_20260623_2a.mov,01:23:52:16,01:23:54:10,1.75,1:18,2026-06-23,,,
CTD_102_RC1_20260701,102,CTD_AI_TAD_KLMCockpit_20260623_3b.mov,01:23:54:10,01:23:57:16,3.25,3:06,2026-06-23,,,
CTD_102_RC1_20260701,102,CTD_AI_TAD_JustBeforeImpact01_20260623_5c.mov,01:23:57:16,01:24:01:02,3.42,3:10,2026-06-23,,,
CTD_102_RC1_20260701,102,CTD_AI_TAD_JustBeforeImpact01_20260623_3b.mov,01:24:01:02,01:24:03:07,2.21,2:05,2026-06-23,,,
CTD_102_RC1_20260701,102,CTD_AI_TAD_JustBeforeImpact01_20260623_5c.mov,01:24:08:20,01:24:11:11,2.63,2:15,2026-06-23,,,
CTD_102_RC1_20260701,102,CTD_AI_TAD_JustBeforeImpact02_20260623_1b.mov,01:24:11:11,01:24:12:21,1.42,1:10,2026-06-23,,,
CTD_102_RC1_20260701,102,CTD_AI_TAD_KLMCrash_20260623_3a.mov,01:24:12:21,01:24:14:11,1.58,1:14,2026-06-23,,,
CTD_102_RC1_20260701,102,CTD_AI_TAD_KLMCrash_20260623_1d.mov,01:24:14:11,01:24:15:13,1.08,1:02,2026-06-23,,,
CTD_102_RC1_20260701,102,CTD_AI_TAD_KLMCrash_20260623_5c.mov,01:24:15:13,01:24:17:03,1.58,1:14,2026-06-23,,,
CTD_102_RC1_20260701,102,CTD_AI_TAD_KLMCrash_20260623_1d.mov,01:24:17:03,01:24:19:20,2.71,2:17,2026-06-23,,,
CTD_102_RC1_20260701,102,CTD_AI_TAD_KLMCrash_20260623_3a.mov,01:24:23:11,01:24:26:13,3.08,3:02,2026-06-23,,,
CTD_102_RC1_20260701,102,CTD_AI_TAD_KLMCrash_20260623_2b.mov,01:24:26:13,01:24:32:21,6.33,6:08,2026-06-23,,,
CTD_102_RC1_20260701,102,CTD_AI_TAD_PlanesBurning_20260526_1A.mov,01:24:32:21,01:24:38:12,5.63,5:15,2026-05-26,Chat GPT; Krea,,
CTD_102_RC1_20260701,102,CTD_AI_LPE_SanFranciscoHousingRowCollapses_2026-624_2d.mov,01:25:04:12,01:25:05:15,1.13,1:24,2026-06-24,Chat GPT; Krea,,
CTD_102_RC1_20260701,102,CTD_AI_LPE_SanFranciscoHousingRowCollapses_2026-624_1e.mov,01:25:05:15,01:25:07:04,1.54,1:13,2026-06-24,Chat GPT; Krea,,
CTD_102_RC1_20260701,102,CTD_AI_LPE_SanFranciscoHouseFallsOnCar_20260624_3b.mov,01:25:07:04,01:25:08:08,1.17,1:04,2026-06-24,Chat GPT; Krea,,
CTD_102_RC1_20260701,102,CTD_AI_LPE_SanFranciscoHouseFallsOnCar_20260624_3g.mov,01:25:08:08,01:25:10:15,2.29,2:07,2026-06-24,Chat GPT; Krea,,
CTD_102_RC1_20260701,102,CTD_AI_LPE_SanFranciscoHouseFallsOnCar_20260624_2a.mov,01:25:10:15,01:25:13:07,2.67,2:16,2026-06-24,Chat GPT; Krea,,
CTD_102_RC1_20260701,102,CTD_AI_LPE_SanFranciscoHousingRowCollapses_2026-624_1e.mov,01:28:18:20,01:28:19:07,0.46,0:11,2026-06-24,Chat GPT; Krea,,
CTD_102_RC1_20260701,102,CTD_AI_LPE_SanFranciscoHousingRowCollapses_2026-624_1e.mov,01:28:19:07,01:28:19:16,0.38,0:09,2026-06-24,Chat GPT; Krea,,
CTD_102_RC1_20260701,102,CTD_AI_LPE_SanFranciscoHousingRowCollapses_2026-624_1e.mov,01:28:19:16,01:28:21:05,1.54,1:13,2026-06-24,Chat GPT; Krea,,
CTD_102_RC1_20260701,102,CTD_AI_LPE_SanFranciscoChandelier_20260624_1a.mov,01:28:21:05,01:28:22:02,0.88,0:21,2026-06-24,Chat GPT; Krea,,
CTD_102_RC1_20260701,102,CTD_AI_LPE_SanFranciscoHousingRowCollapses_2026-624_1e.mov,01:28:22:02,01:28:22:18,0.67,0:16,2026-06-24,Chat GPT; Krea,,
CTD_102_RC1_20260701,102,CTD_AI_LPE_SanFranciscoHousingRowCollapses_2026-624_1e.mov,01:28:22:18,01:28:23:15,0.88,0:21,2026-06-24,Chat GPT; Krea,,
CTD_102_RC1_20260701,102,CTD_AI_LPE_SanFranciscoHouseFallsOnCar_20260624_3i.mov,01:28:30:18,01:28:32:03,1.38,1:09,2026-06-24,Chat GPT; Krea,,
CTD_102_RC1_20260701,102,CTD_AI_LPE_SanFranciscoStreetBuckles_20260624_1a.mov,01:28:32:03,01:28:33:07,1.17,1:04,2026-06-24,Chat GPT; Krea,,
CTD_102_RC1_20260701,102,CTD_AI_LPE_SanFranciscoHouseFallsOnCar_20260624_3i.mov,01:28:33:07,01:28:33:21,0.58,0:24,2026-06-24,Chat GPT; Krea,,
CTD_102_RC1_20260701,102,CTD_AI_LPE_SanFranciscoHouseFallsOnCar_20260624_3i.mov,01:28:33:21,01:28:34:11,0.58,0:24,2026-06-24,Chat GPT; Krea,,
CTD_102_RC1_20260701,102,CTD_AI_LPE_SanFranciscoHouseFallsOnCar_20260624_3i.mov,01:28:34:11,01:28:35:01,0.58,0:24,2026-06-24,Chat GPT; Krea,,
CTD_102_RC1_20260701,102,CTD_AI_LPE_LibraryShelvesCollapse_20260624_2b.mov,01:28:35:01,01:28:40:03,5.08,5:02,2026-06-24,Chat GPT; Krea,,
CTD_102_RC1_20260701,102,CTD_AI_LPE_LibraryShelvesCollapse_20260624_2b.mov,01:28:40:03,01:28:41:12,1.38,1:09,2026-06-24,Chat GPT; Krea,,
CTD_102_RC1_20260701,102,CTD_AI_LPE_SanFranciscoHousingRowCollapses_20260624_1b.mov,01:28:41:12,01:28:43:18,2.25,2:06,2026-06-24,Chat GPT; Krea,,
CTD_102_RC1_20260701,102,CTD_AI_LPE_SanFranciscoHousingRowCollapses_2026-624_1a.mov,01:28:43:18,01:28:46:08,2.58,2:14,2026-06-24,Chat GPT; Krea,,
CTD_102_RC1_20260701,102,CTD_AI_LPE_SanFranciscoHouseFallsOnCar_20260624_3b.mov,01:28:46:08,01:28:47:15,1.29,1:07,2026-06-24,Chat GPT; Krea,,
CTD_102_RC1_20260701,102,CTD_AI_LPE_SanFranciscoHouseFallsOnCar_20260624_3g.mov,01:28:47:15,01:28:50:21,3.25,3:06,2026-06-24,Chat GPT; Krea,,
CTD_102_RC1_20260701,102,CTD_AI_LPE_LibraryShelvesCollapse_20260624_1c.mov,01:28:54:03,01:28:56:02,1.96,1:23,2026-06-24,Chat GPT; Krea,,
CTD_102_RC1_20260701,102,CTD_AI_LPE_SanFranciscoHouseFallsOnCar_20260624_2a.mov,01:28:56:02,01:28:59:10,3.33,3:08,2026-06-24,Chat GPT; Krea,,
CTD_102_RC1_20260701,102,CTD_AI_LPE_SanFranciscoHouseFallsOnCar_20260624_5a.mov,01:29:01:23,01:29:02:17,0.75,0:18,2026-06-24,Chat GPT; Krea,,
CTD_102_RC1_20260701,102,CTD_AI_LPE_SanFranciscoHouseFallsOnCar_20260624_5a.mov,01:29:02:17,01:29:03:15,0.92,0:22,2026-06-24,Chat GPT; Krea,,
CTD_102_RC1_20260701,102,CTD_AI_LPE_SanFranciscoHouseFallsOnCar_20260625_5c.mov,01:29:03:15,01:29:04:15,1,1:00,2026-06-24,Chat GPT; Krea,,
CTD_102_RC1_20260701,102,CTD_AI_LPE_SanFranciscoHouseFallsOnCar_20260625_5c.mov,01:29:04:15,01:29:05:12,0.88,0:21,2026-06-24,Chat GPT; Krea,,
CTD_102_RC1_20260701,102,CTD_AI_LPE_SanFranciscoHouseFallsOnCar_20260624_5a.mov,01:29:05:12,01:29:07:06,1.75,1:18,2026-06-24,Chat GPT; Krea,,
CTD_102_RC1_20260701,102,CTD_AI_LPE_SanFranciscoHouseFallsOnCar_20260625_5c.mov,01:29:07:06,01:29:08:18,1.5,1:12,2026-06-24,Chat GPT; Krea,,
CTD_102_RC1_20260701,102,CTD_AI_LPE_SanFranciscoHouseFallsOnCar_20260624_5a.mov,01:29:08:18,01:29:09:22,1.17,1:04,2026-06-24,Chat GPT; Krea,,
CTD_102_RC1_20260701,102,CTD_AI_LPE_SanFranciscoHouseFallsOnCar_20260624_5a.mov,01:29:09:22,01:29:12:06,2.33,2:08,2026-06-24,Chat GPT; Krea,,
CTD_102_RC1_20260701,102,CTD_AI_LPE_ViaductCollapses_20260526_1A.mov,01:29:20:11,01:29:24:02,3.63,3:15,2026-05-26,Chat GPT; Krea,,
CTD_102_RC1_20260701,102,CTD_AI_LPE_DriverPovCypressViaduct_20260624_2a.mov,01:29:26:11,01:29:31:20,5.38,5:09,2026-06-24,Chat GPT; Krea,,
CTD_102_RC1_20260701,102,CTD_AI_LPE_ViaductCollapses_20260526_1B.mov,01:29:31:20,01:29:33:15,1.79,1:19,2026-05-26,Chat GPT; Krea,,
CTD_102_RC1_20260701,102,CTD_AI_LPE_ViaductCollapses_20260526_1C.mov,01:29:33:15,01:29:35:23,2.33,2:08,2026-05-26,Chat GPT; Krea,,
CTD_102_RC1_20260701,102,CTD_AI_LPE_DriverPovCypressViaduct_20260624_1a.mov,01:29:39:03,01:29:42:04,3.04,3:01,2026-06-24,Chat GPT; Krea,,
CTD_102_RC1_20260701,102,CTD_AI_LPE_ViaductCollapses_20260526_1A.mov,01:29:42:04,01:29:44:01,1.88,1:21,2026-05-26,Chat GPT; Krea,,
CTD_102_RC1_20260701,102,CTD_AI_LPE_KeysInIgnition01_20260624_1a.mov,01:30:35:05,01:30:39:07,4.08,4:02,2026-06-24,Chat GPT; Krea,,
CTD_102_RC1_20260701,102,CTD_AI_LPE_KeysInIgnition02_20260624_2b.mov,01:30:50:06,01:30:54:02,3.83,3:20,2026-06-24,Chat GPT; Krea,,
CTD_102_RC1_20260701,102,CTD_AI_LPE_KeysInIgnition02_20260624_4b.mov,01:30:54:02,01:30:57:04,3.08,3:02,2026-06-24,Chat GPT; Krea,,
CTD_102_RC1_20260701,102,CTD_AI_LPE_TimReached_20260626_2b.mov,01:30:57:04,01:31:00:00,2.83,2:20,2026-06-26,Chat GPT; Krea,,
CTD_102_RC1_20260701,102,CTD_AI_LPE_TimDiscovered_20260626_1a.mov,01:31:03:11,01:31:06:01,2.58,2:14,2026-06-26,Chat GPT; Krea,,
CTD_102_RC1_20260701,102,CTD_AI_LPE_JawsOfLife_20260624_1c.mov,01:31:07:20,01:31:09:07,1.46,1:11,2026-06-24,Chat GPT; Krea,,
CTD_102_RC1_20260701,102,CTD_AI_LPE_JawsOfLife_20260624_1b.mov,01:31:09:07,01:31:11:03,1.83,1:20,2026-06-24,Chat GPT; Krea,,
CTD_102_RC1_20260701,102,CTD_AI_LPE_TimReached_20260626_1b.mov,01:31:11:03,01:31:13:08,2.21,2:05,2026-06-26,Chat GPT; Krea,,
CTD_102_RC1_20260701,102,CTD_AI_PAO_HandOnButton_20260529_1b.mov,01:31:53:08,01:31:54:02,0.75,0:18,2026-05-29,Chat GPT; Krea,,
CTD_102_RC1_20260701,102,CTD_AI_PAO_BollandsEscapes2_20260616_1b.mov,01:31:54:02,01:31:55:16,1.58,1:14,2026-06-16,Chat GPT; Krea,,
CTD_102_RC1_20260701,102,CTD_AI_PAO_PiperAlphaExplodes_20260527.mov,01:31:55:16,01:31:57:06,1.58,1:14,2026-05-27,Chat GPT; Krea,,
CTD_102_RC1_20260701,102,CTD_AI_PAO_DavidJumps_20260527.mov,01:31:57:06,01:31:59:21,2.63,2:15,2026-05-27,Chat GPT; Krea,,
CTD_102_RC1_20260701,102,CTD_AI_PAO_PiperAlpha_20260527.mov,01:32:13:03,01:32:17:03,4,4:00,2026-05-27,Chat GPT; Krea,,
CTD_102_RC1_20260701,102,CTD_AI_PAO_ToolboxDrop_20260616_2a.mov,01:32:57:05,01:33:04:13,7.33,7:08,2026-06-16,Chat GPT; Krea,,
CTD_102_RC1_20260701,102,CTD_AI_PAO_Maintenance2_20260616_1a.mov,01:33:16:12,01:33:26:00,9.5,9:12,2026-06-16,Chat GPT; Krea,,
CTD_102_RC1_20260701,102,CTD_AI_PAO_Maintenance1_20260615.mov,01:33:26:00,01:33:31:18,5.75,5:18,2026-06-15,Chat GPT; Krea,,
CTD_102_RC1_20260701,102,CTD_AI_PAO_BoltingBlindFlange_20260527.mov,01:33:35:22,01:33:38:05,2.29,2:07,2026-05-27,Chat GPT; Krea,,
CTD_102_RC1_20260701,102,CTD_AI_PAO_BoltingBlindFlange2_20260615.mov,01:33:38:05,01:33:40:06,2.04,2:01,2026-06-15,Chat GPT; Krea,,
CTD_102_RC1_20260701,102,CTD_AI_PAO_Endofshift_20260615.mov,01:33:44:07,01:33:48:07,4,4:00,2026-06-15,Chat GPT; Krea,,
CTD_102_RC1_20260701,102,CTD_AI_PAO_BoltingBlindFlange2_20260615.mov,01:33:50:01,01:33:54:01,4,4:00,2026-06-15,Chat GPT; Krea,,
CTD_102_RC1_20260701,102,CTD_AI_PAO_ClipboardWithPen_20260527.mov,01:33:56:17,01:34:01:23,5.25,5:06,2026-05-27,Chat GPT; Krea,,
CTD_102_RC1_20260701,102,CTD_AI_PAO_PiperAlpha_20260527.mov,01:34:23:22,01:34:34:02,10.17,10:04,2026-05-27,Chat GPT; Krea,,
CTD_102_RC1_20260701,102,CTD_AI_PAO_HandOnButton_20260529_1a.mov,01:34:34:02,01:34:38:18,4.67,4:16,2026-05-29,Chat GPT; Krea,,
CTD_102_RC1_20260701,102,CTD_AI_PAO_FlangeFlyingOffRedux_20260615.mov,01:34:38:18,01:34:41:07,2.54,2:13,2026-06-15,Chat GPT; Krea,,
CTD_102_RC1_20260701,102,CTD_AI_PAO_FlangeFlyingOffRedux_20260615.mov,01:34:44:18,01:34:46:20,2.08,2:02,2026-06-15,Chat GPT; Krea,,
CTD_102_RC1_20260701,102,CTD_AI_PAO_FlangeFlyingOffRedux_20260615.mov,01:35:03:21,01:35:05:08,1.46,1:11,2026-06-15,Chat GPT; Krea,,
CTD_102_RC1_20260701,102,CTD_AI_PAO_FlangeFlyingOffRedux_20260615.mov,01:35:05:08,01:35:08:10,3.08,3:02,2026-06-15,Chat GPT; Krea,,
CTD_102_RC1_20260701,102,CTD_AI_PAO_BollandsBlast_20260527.mov,01:35:12:04,01:35:16:04,4,4:00,2026-05-27,Chat GPT; Krea,,
CTD_102_RC1_20260701,102,CTD_AI_PAO_BollandsEscapes1_20260615.mov,01:35:25:10,01:35:29:08,3.92,3:22,2026-06-15,Chat GPT; Krea,,
CTD_102_RC1_20260701,102,CTD_AI_PAO_BollandsEscapes2_20260616_1b.mov,01:35:29:08,01:35:32:22,3.58,3:14,2026-06-16,Chat GPT; Krea,,
CTD_102_RC1_20260701,102,CTD_AI_PAO_BollandsEscapes2_20260616_1b.mov,01:35:36:11,01:35:38:09,1.92,1:22,2026-06-16,Chat GPT; Krea,,
CTD_102_RC1_20260701,102,CTD_AI_PAO_RadioRoomPhone2_20260616_1a.mov,01:35:38:09,01:35:42:10,4.04,4:01,2026-06-16,Chat GPT; Krea,,
CTD_102_RC1_20260701,102,CTD_AI_PAO_RadioRoomFire_20260529_2a.mov,01:35:42:10,01:35:43:21,1.46,1:11,2026-05-29,Chat GPT; Krea,,
CTD_102_RC1_20260701,102,CTD_AI_PAO_RadioRoomPhone2_20260616_2a.mov,01:35:43:21,01:35:46:05,2.33,2:08,2026-06-16,Chat GPT; Krea,,
CTD_102_RC1_20260701,102,CTD_AI_PAO_FireConsumesRadio_20260527.mov,01:35:52:13,01:35:55:04,2.63,2:15,2026-05-27,Chat GPT; Krea,,
CTD_102_RC1_20260701,102,CTD_AI_PAO_CafeteriaBurns1_20260615.mov,01:36:04:02,01:36:07:14,3.5,3:12,2026-06-15,Chat GPT; Krea,,
CTD_102_RC1_20260701,102,CTD_AI_PAO_CafeteriaBurns2_20260615.mov,01:36:09:10,01:36:12:17,3.29,3:07,2026-06-15,Chat GPT; Krea,,
CTD_102_RC1_20260701,102,CTD_AI_PAO_CafeteriaBurns3_20260615.mov,01:36:12:17,01:36:14:13,1.83,1:20,2026-06-15,Chat GPT; Krea,,
CTD_102_RC1_20260701,102,CTD_AI_PAO_PipesBurst_20260527.mov,01:36:18:09,01:36:26:07,7.92,7:22,2026-05-27,Chat GPT; Krea,,
CTD_102_RC1_20260701,102,CTD_AI_PAO_PiperAlphaExplodes_20260527.mov,01:36:45:18,01:36:50:03,4.38,4:09,2026-05-27,Chat GPT; Krea,,
CTD_102_RC1_20260701,102,CTD_AI_PAO_BollandsLooksAtRig_20260529_3a.mov,01:37:07:06,01:37:08:19,1.54,1:13,2026-05-29,Chat GPT; Krea,,
CTD_102_RC1_20260701,102,CTD_AI_PAO_BollandsOnRope1B_20260615.mov,01:37:08:19,01:37:10:18,1.96,1:23,2026-06-15,Chat GPT; Krea,,
CTD_102_RC1_20260701,102,CTD_AI_PAO_BollandsOnRope2_20260615.mov,01:37:10:18,01:37:12:15,1.88,1:21,2026-06-15,Chat GPT; Krea,,
CTD_102_RC1_20260701,102,CTD_AI_PAO_DavidLooksAtRig_20260527.mov,01:37:12:15,01:37:15:03,2.5,2:12,2026-05-27,Chat GPT; Krea,,
CTD_102_RC1_20260701,102,CTD_AI_PAO_DavidLooksAtRig_20260527.mov,01:37:21:23,01:37:28:05,6.25,6:06,2026-05-27,Chat GPT; Krea,,
CTD_102_RC1_20260701,102,CTD_AI_PAO_DavidLooksAtWater_20260527.mov,01:37:35:18,01:37:41:00,5.25,5:06,2026-05-27,Chat GPT; Krea,,
CTD_102_RC1_20260701,102,CTD_AI_PAO_DavidJumps_20260527.mov,01:37:42:08,01:37:47:06,4.92,4:22,2026-05-27,Chat GPT; Krea,,
CTD_102_RC1_20260701,102,CTD_AI_PAO_DavidJumps_20260527.mov,01:37:48:18,01:37:53:13,4.79,4:19,2026-05-27,Chat GPT; Krea,,
CTD_102_RC1_20260701,102,CTD_AI_PAO_FinalCollapse_20260527_1C.mov,01:38:05:16,01:38:08:11,2.79,2:19,2026-05-27,Chat GPT; Krea,,
CTD_102_RC1_20260701,102,CTD_AI_BMF_ImposingTank02_20260619_1b.mov,01:38:33:06,01:38:34:16,1.42,1:10,2026-06-19,Chat GPT; Krea,,
CTD_102_RC1_20260701,102,CTD_AI_BMF_TankNeighbourhood01_20260619_1b.mov,01:38:34:16,01:38:36:05,1.54,1:13,2026-06-19,Chat GPT; Krea,,
CTD_102_RC1_20260701,102,CTD_AI_BMF_InsideTankFilled_20260619_1c.mov,01:38:36:05,01:38:37:12,1.29,1:07,2026-06-19,Chat GPT; Krea,,
CTD_102_RC1_20260701,102,CTD_AI_BMF_RivetsRumble_20260619_2b.mov,01:38:37:12,01:38:38:13,1.04,1:01,2026-06-19,Chat GPT; Krea,,
CTD_102_RC1_20260701,102,CTD_AI_BMF_TankRuptures_20260526_2a.mov,01:38:38:13,01:38:40:12,1.96,1:23,2026-05-26,Chat GPT; Krea,,
CTD_102_RC1_20260701,102,CTD_AI_BMF_TorrentOfMolasses_20260526_3a.mov,01:38:43:11,01:38:45:09,1.92,1:22,2026-05-26,Chat GPT; Krea,,
CTD_102_RC1_20260701,102,CTD_AI_BMF_MolassesHitsStreet_20260526_2a.mov,01:38:45:09,01:38:46:22,1.54,1:13,2026-05-26,Chat GPT; Krea,,
CTD_102_RC1_20260701,102,CTD_AI_BMF_TorrentOfMolasses_20260526_1a.mov,01:38:46:22,01:38:48:20,1.92,1:22,2026-05-26,Chat GPT; Krea,,
CTD_102_RC1_20260701,102,CTD_AI_BMF_TankHarbour02_20260619_1a.mov,01:38:49:20,01:38:55:18,5.92,5:22,2026-06-19,Chat GPT; Krea,,
CTD_102_RC1_20260701,102,CTD_AI_BMF_TankHarbour02_20260619_2a.mov,01:38:55:18,01:39:03:19,8.04,8:24,2026-06-19,Chat GPT; Krea,,
CTD_102_RC1_20260701,102,CTD_AI_BMF_ImposingTank02_20260619_1b.mov,01:39:03:19,01:39:11:02,7.29,7:07,2026-06-19,Chat GPT; Krea,,
CTD_102_RC1_20260701,102,CTD_AI_BMF_TankNeighbourhood01_20260619_1b.mov,01:39:27:15,01:39:31:01,3.42,3:10,2026-06-19,Chat GPT; Krea,,
CTD_102_RC1_20260701,102,CTD_AI_BMF_TankNeighbourhood02_20260619_1b.mov,01:39:34:12,01:39:35:10,0.92,0:22,2026-06-19,Chat GPT; Krea,,
CTD_102_RC1_20260701,102,CTD_AI_BMF_TankNeighbourhood02_20260619_1b.mov,01:39:35:10,01:39:38:12,3.08,3:02,2026-06-19,Chat GPT; Krea,,
CTD_102_RC1_20260701,102,CTD_AI_BMF_ImposingTank02_20260619_1a.mov,01:39:38:12,01:39:41:10,2.92,2:22,2026-06-19,Chat GPT; Krea,,
CTD_102_RC1_20260701,102,CTD_AI_BMF_ImposingTank01_20260619_2b.mov,01:39:41:10,01:39:45:18,4.33,4:08,2026-06-19,Chat GPT; Krea,,
CTD_102_RC1_20260701,102,CTD_AI_BMF_ImposingTank01_20260619_1d.mov,01:39:45:18,01:39:50:03,4.38,4:09,2026-06-19,Chat GPT; Krea,,
CTD_102_RC1_20260701,102,CTD_AI_BMF_BadRivets_20260619_1b.mov,01:39:50:03,01:39:52:07,2.17,2:04,2026-06-19,Chat GPT; Krea,,
CTD_102_RC1_20260701,102,CTD_AI_BMF_BadRivets_20260619_2b.mov,01:39:52:07,01:39:54:00,1.71,1:17,2026-06-19,Chat GPT; Krea,,
CTD_102_RC1_20260701,102,CTD_AI_BMF_BadRivets_20260619_1e.mov,01:40:00:02,01:40:03:22,3.83,3:20,2026-06-19,Chat GPT; Krea,,
CTD_102_RC1_20260701,102,CTD_AI_BMF_BadRivets_20260619_2a.mov,01:40:03:22,01:40:05:20,1.92,1:22,2026-06-19,Chat GPT; Krea,,
CTD_102_RC1_20260701,102,CTD_AI_BMF_MolassesTankLeaks_20260526_2a.mov,01:40:21:00,01:40:26:23,5.96,5:23,2026-05-26,Chat GPT; Krea,,
CTD_102_RC1_20260701,102,CTD_AI_BMF_MolassesTankLeaks_20260526_2a.mov,01:40:32:07,01:40:35:22,3.63,3:15,2026-05-26,Chat GPT; Krea,,
CTD_102_RC1_20260701,102,CTD_AI_BMF_MolassesPumpedIn_20260526_1b.mov,01:41:02:01,01:41:09:07,7.25,7:06,2026-05-26,Chat GPT; Krea,,
CTD_102_RC1_20260701,102,CTD_AI_BMF_MolassesPipe01_20260619_1a.mov,01:41:12:08,01:41:14:04,1.83,1:20,2026-06-19,Chat GPT; Krea,,
CTD_102_RC1_20260701,102,CTD_AI_BMF_MolassesPipe02_20260619_1a.mov,01:41:14:04,01:41:16:16,2.5,2:12,2026-06-19,Chat GPT; Krea,,
CTD_102_RC1_20260701,102,CTD_AI_BMF_MolassesPipe02_20260619_1a.mov,01:41:22:06,01:41:26:05,3.96,3:23,2026-06-19,Chat GPT; Krea,,
CTD_102_RC1_20260701,102,CTD_AI_BMF_InsideTankFilled_20260619_2b.mov,01:41:26:05,01:41:29:00,2.79,2:19,2026-06-19,Chat GPT; Krea,,
CTD_102_RC1_20260701,102,CTD_AI_BMF_ImposingTank01_20260619_1c.mov,01:41:29:00,01:41:32:00,3,3:00,2026-06-19,Chat GPT; Krea,,
CTD_102_RC1_20260701,102,CTD_AI_BMF_InsideTankFilled_20260619_1c.mov,01:41:32:00,01:41:34:15,2.63,2:15,2026-06-19,Chat GPT; Krea,,
CTD_102_RC1_20260701,102,CTD_AI_BMF_ImposingTank01_20260619_1c.mov,01:41:34:15,01:41:37:05,2.58,2:14,2026-06-19,Chat GPT; Krea,,
CTD_102_RC1_20260701,102,CTD_AI_BMF_BadRivets_20260619_1d.mov,01:41:38:14,01:41:40:07,1.71,1:17,2026-06-19,Chat GPT; Krea,,
CTD_102_RC1_20260701,102,CTD_AI_BMF_BadRivets_20260619_1a.mov,01:41:40:07,01:41:42:18,2.46,2:11,2026-06-19,Chat GPT; Krea,,
CTD_102_RC1_20260701,102,CTD_AI_BMF_InsideTankFilled_20260619_1c.mov,01:41:42:18,01:41:45:17,2.96,2:23,2026-06-19,Chat GPT; Krea,,
CTD_102_RC1_20260701,102,CTD_AI_BMF_BostonWarming02_20260619_1a.mov,01:41:53:09,01:41:56:17,3.33,3:08,2026-06-19,Chat GPT; Krea,,
CTD_102_RC1_20260701,102,CTD_AI_BMF_BostonWarming02_20260619_1b.mov,01:41:56:17,01:42:02:09,5.67,5:16,2026-06-19,Chat GPT; Krea,,
CTD_102_RC1_20260701,102,CTD_AI_BMF_BostonWarming01_20260619_1a.mov,01:42:07:18,01:42:10:09,2.63,2:15,2026-06-19,Chat GPT; Krea,,
CTD_102_RC1_20260701,102,CTD_AI_BMF_RivetsRumble_20260619_1b.mov,01:42:10:09,01:42:12:19,2.42,2:10,2026-06-19,Chat GPT; Krea,,
CTD_102_RC1_20260701,102,CTD_AI_BMF_MolassesBubbles_20260619_1c.mov,01:42:12:19,01:42:17:03,4.33,4:08,2026-06-19,Chat GPT; Krea,,
CTD_102_RC1_20260701,102,CTD_AI_BMF_MolassesBubbles_20260619_1b.mov,01:42:20:20,01:42:25:17,4.88,4:21,2026-06-19,Chat GPT; Krea,,
CTD_102_RC1_20260701,102,CTD_AI_BMF_MolassesBubbles_20260619_1a.mov,01:42:25:17,01:42:31:18,6.04,6:01,2026-06-19,Chat GPT; Krea,,
CTD_102_RC1_20260701,102,CTD_AI_BMF_MolassesBubblesBig_20260619_1a.mov,01:42:36:14,01:42:38:06,1.67,1:16,2026-06-19,Chat GPT; Krea,,
CTD_102_RC1_20260701,102,CTD_AI_BMF_RivetsRumble_20260619_2b.mov,01:42:38:06,01:42:39:20,1.58,1:14,2026-06-19,Chat GPT; Krea,,
CTD_102_RC1_20260701,102,CTD_AI_BMF_RivetsLoosen_20260619_1a.mov,01:42:39:20,01:42:43:21,4.04,4:01,2026-06-19,Chat GPT; Krea,,
CTD_102_RC1_20260701,102,CTD_AI_BMF_TankRuptures_20260526_2a.mov,01:42:43:21,01:42:49:04,5.29,5:07,2026-05-26,Chat GPT; Krea,,
CTD_102_RC1_20260701,102,CTD_AI_BMF_TankRuptures_20260526_1a.mov,01:42:49:04,01:42:54:17,5.54,5:13,2026-05-26,Chat GPT; Krea,,
CTD_102_RC1_20260701,102,CTD_AI_BMF_TankRuptures_20260526_1a.mov,01:42:58:01,01:43:00:13,2.5,2:12,2026-05-26,Chat GPT; Krea,,
CTD_102_RC1_20260701,102,CTD_AI_BMF_TorrentOfMolasses_20260526_1a.mov,01:43:00:13,01:43:04:15,4.08,4:02,2026-05-26,Chat GPT; Krea,,
CTD_102_RC1_20260701,102,CTD_AI_BMF_TorrentOfMolasses_20260526_1a.mov,01:43:06:22,01:43:10:04,3.25,3:06,2026-05-26,Chat GPT; Krea,,
CTD_102_RC1_20260701,102,CTD_AI_BMF_MolassesHitsStreet_20260526_2b.mov,01:43:10:04,01:43:15:02,4.92,4:22,2026-05-26,Chat GPT; Krea,,
CTD_102_RC1_20260701,102,CTD_AI_BMF_TorrentOfMolasses_20260526_3a.mov,01:43:15:02,01:43:21:04,6.08,6:02,2026-05-26,Chat GPT; Krea,,
CTD_102_RC1_20260701,102,CTD_AI_BMF_MolassesHitsStreet_20260526_2a.mov,01:43:24:03,01:43:27:23,3.83,3:20,2026-05-26,Chat GPT; Krea,,
CTD_102_RC1_20260701,102,CTD_AI_BMF_TrolleyComingAtIsaac_20260526_1a.mov,01:43:29:11,01:43:36:06,6.79,6:19,2026-05-26,Chat GPT; Krea,,
CTD_102_RC1_20260701,102,CTD_AI_BMF_TrolleyComingAtIsaac_20260526_1a.mov,01:43:37:16,01:43:39:19,2.13,2:03,2026-05-26,Chat GPT; Krea,,
CTD_102_RC1_20260701,102,CTD_AI_BMF_TrolleyComingAtIsaac_20260526_1b.mov,01:43:43:22,01:43:48:19,4.88,4:21,2026-05-26,Chat GPT; Krea,,
CTD_102_RC1_20260701,102,CTD_AI_BMF_IsaacGrabsLadder_20260615_2a.mov,01:43:54:03,01:43:55:23,1.83,1:20,2026-06-15,Chat GPT; Krea,,
CTD_102_RC1_20260701,102,CTD_AI_BMF_MolassesHitsStreet_20260526_1b.mov,01:43:55:23,01:44:01:02,5.13,5:03,2026-05-26,Chat GPT; Krea,,
CTD_102_RC1_20260701,102,CTD_AI_OTI_ImplosionClose_20260620_1c.mov,01:44:37:01,01:44:40:08,3.29,3:07,2026-06-20,Chat GPT; Krea,,
CTD_102_RC1_20260701,102,CTD_AI_TAD_PlanesBurning_20260526_1A.mov,01:44:40:08,01:44:42:16,2.33,2:08,2026-05-26,Chat GPT; Krea,,
CTD_102_RC1_20260701,102,CTD_AI_HKA_IndustriaCanalRisingWaters_20260622_1b.mov,01:44:42:16,01:44:44:09,1.71,1:17,2026-06-22,Chat GPT; Krea,,
CTD_102_RC1_20260701,102,CTD_AI_HKA_LeveeBreaks_20260525_2A.mov,01:44:44:09,01:44:45:20,1.46,1:11,2026-05-26,Chat GPT; Krea,,
CTD_102_RC1_20260701,102,,01:44:45:20,01:44:49:09,3.54,3:13,,,,
CTD_103_FC_20260807,103,CTD_AI_AA191_Taxi_20260605_1a.mov,01:00:10:00,01:00:11:07,1.29,1:07,2026-06-05,Chat GPT; Krea,,
CTD_103_FC_20260807,103,CTD_AI_LMR_trainmisc_20260630_1b.mov,01:00:11:07,01:00:12:06,0.96,0:23,2026-06-30,Chat GPT; Krea,,
CTD_103_FC_20260807,103,CTD_AI_HMB_ESTABS_20260731_3a.mov,01:00:12:06,01:00:13:08,1.08,1:02,2026-07-30,Chat GPT; Krea,,
CTD_103_FC_20260807,103,CTD_AI_SDS_Briefcase_20260610_1a.mov,01:00:13:08,01:00:14:15,1.29,1:07,2026-06-10,Chat GPT; Krea,,
CTD_103_FC_20260807,103,CTD_AI_CCS_HardToStarboard02_20260707_1a.mov,01:00:14:15,01:00:15:09,0.75,0:18,2026-07-07,Chat GPT; Krea,,
CTD_103_FC_20260807,103,CTD_AI_LMR_trainmisc_20260630_1d.mov,01:00:15:09,01:00:16:06,0.88,0:21,2026-06-30,Chat GPT; Krea,,
CTD_103_FC_20260807,103,CTD_AI_CCS_BowClears_20260615_1a.mov,01:00:16:06,01:00:17:06,1,1:00,2026-06-15,Chat GPT; Krea,,
CTD_103_FC_20260807,103,CTD_AI_SJE_PipeRuptures_20260717.mov,01:00:17:06,01:00:18:07,1.04,1:01,2026-07-17,Chat GPT; Krea,,
CTD_103_FC_20260807,103,CTD_AI_HMB_ShipsParallel02_063026_1c.mov,01:00:18:07,01:00:19:11,1.17,1:04,2026-06-30,Chat GPT; Krea,,
CTD_103_FC_20260807,103,CTD_AI_SJE_GasGhost0_20260713_1b.mov,01:00:19:11,01:00:21:00,1.54,1:13,2026-07-13,,,
CTD_103_FC_20260807,103,CTD_AI_AA191_AdjustRudder03_20260714_2d.mov,01:00:21:00,01:00:22:22,1.92,1:22,2026-07-14,,,
CTD_103_FC_20260807,103,CTD_AI_LMR_Outskirts01_20260717_1c.mov,01:00:24:16,01:00:25:04,0.5,0:12,2026-07-17,Krea; Nano Banana,,
CTD_103_FC_20260807,103,CTD_AI_LMR_Outskirts01_20260717_1c.mov,01:00:25:04,01:00:26:05,1.04,1:01,2026-07-17,Krea; Nano Banana,,
CTD_103_FC_20260807,103,CTD_AI_LMR_Outskirts01_20260717_1c.mov,01:00:26:05,01:00:27:02,0.88,0:21,2026-07-17,Krea; Nano Banana,,
CTD_103_FC_20260807,103,CTD_AI_LMR_MassiveExplosion_20260730_2b.mov,01:00:27:02,01:00:28:05,1.13,1:24,2026-07-30,Chat GPT; Krea,,
CTD_103_FC_20260807,103,CTD_AI_LMR_MassiveExplosion_20260730_2c.mov,01:00:28:05,01:00:29:05,1,1:00,2026-07-30,Chat GPT; Krea,,
CTD_103_FC_20260807,103,CTD_AI_LMR_PowerOut01_20260717_1c.mov,01:00:37:11,01:00:38:08,0.88,0:21,2026-07-17,Krea; Nano Banana,,
CTD_103_FC_20260807,103,CTD_AI_LMR_PowerOut02_20260717_1b.mov,01:00:38:08,01:00:40:00,1.67,1:16,2026-07-17,Krea; Nano Banana,,
CTD_103_FC_20260807,103,CTD_AI_CCS_TooFastToTurn_20260611_1a.mov,01:00:40:00,01:00:40:02,0.08,0:00,2026-06-11,Chat GPT; Krea,,
CTD_103_FC_20260807,103,CTD_AI_CCS_TooFastToTurn_20260611_1a.mov,01:00:40:02,01:00:41:03,1.04,1:01,2026-06-11,Chat GPT; Krea,,
CTD_103_FC_20260807,103,CTD_AI_CCS_MaritimeSalute01_20260715_1a.mov,01:00:41:03,01:00:42:04,1.04,1:01,2026-07-16,,,
CTD_103_FC_20260807,103,CTD_AI_CCS_BowClears_20260715_1c.mov,01:00:42:04,01:00:42:20,0.67,0:16,2026-07-16,,,
CTD_103_FC_20260807,103,CTD_AI_CCS_MassiveGash02_20260715_1a.mov,01:00:42:20,01:00:44:05,1.38,1:09,2026-07-16,,,
CTD_103_FC_20260807,103,CTD_AI_CCS_SeawaterGushesIn01_20260715_3a.mov,01:00:44:05,01:00:45:11,1.25,1:06,2026-07-16,,,
CTD_103_FC_20260807,103,CTD_AI_CCS_SeawaterGushesIn01_20260715_3a.mov,01:00:45:11,01:00:46:11,1,1:00,2026-07-16,,,
CTD_103_FC_20260807,103,CTD_AI_CCS_SeawaterGushesIn01_20260715_1a.mov,01:00:46:11,01:00:47:11,1,1:00,2026-07-16,,,
CTD_103_FC_20260807,103,CTD_AI_CCS_PeopleJump_20260715_3a.mov,01:00:54:16,01:00:56:03,1.46,1:11,2026-07-16,,,
CTD_103_FC_20260807,103,CTD_AI_CCS_PeopleJump_20260715_5a.mov,01:00:56:03,01:00:57:12,1.38,1:09,2026-07-16,,,
CTD_103_FC_20260807,103,CTD_AI_SDS_ACUnit_20260611_1b.mov,01:00:57:12,01:00:58:22,1.42,1:10,2026-06-11,Chat GPT; Krea,,
CTD_103_FC_20260807,103,CTD_AI_SDS_Cracking_20260720_1C.mov,01:00:58:22,01:01:00:07,1.38,1:09,2026-07-20,Chat GPT; Krea,,
CTD_103_FC_20260807,103,CTD_AI_SDS_RoofCollapse01_20260702_1c.mov,01:01:00:07,01:01:01:16,1.38,1:09,2026-07-02,,,
CTD_103_FC_20260807,103,CTD_AI_SDS_SukTrapped_20260702_1c.mov,01:01:01:16,01:01:02:15,0.96,0:23,2026-07-02,,,
CTD_103_FC_20260807,103,CTD_AI_SDS_SukTrapped_20260702_1b.mov,01:01:02:15,01:01:04:12,1.88,1:21,2026-07-02,Chat GPT; Krea,,
CTD_103_FC_20260807,103,CTD_AI_SDS_BuildingCollapses_20260623_3A.mov,01:01:05:10,01:01:06:12,1.08,1:02,2026-06-22,Chat GPT; Krea,,
CTD_103_FC_20260807,103,CTD_AI_SDS_RoofCollapse02_20260702_1d.mov,01:01:06:12,01:01:07:04,0.67,0:16,2026-07-02,,,
CTD_103_FC_20260807,103,CTD_AI_SDS_BuildingCollapses_20260623_2B.mov,01:01:07:04,01:01:07:21,0.71,0:17,2026-06-22,Chat GPT; Krea,,
CTD_103_FC_20260807,103,CTD_AI_AA191_AdjustRudder_20260610_1a.mov,01:01:07:21,01:01:08:16,0.79,0:19,2026-06-10,Chat GPT; Krea,,
CTD_103_FC_20260807,103,CTD_AI_AA191_AdjustRudder03_20260714_1a.mov,01:01:08:16,01:01:09:10,0.75,0:18,2026-07-14,,,
CTD_103_FC_20260807,103,CTD_AI_HMB_SparksReachBenzol_063026_1b.mov,01:01:09:10,01:01:10:06,0.83,0:20,2026-06-30,Chat GPT; Krea,,
CTD_103_FC_20260807,103,CTD_AI_HMB_SparksMB_062926_1a.mov,01:01:10:06,01:01:11:06,1,1:00,2026-06-29,Chat GPT; Krea,,
CTD_103_FC_20260807,103,CTD_AI_SDS_RoofCollapse02_20260702_1b.mov,01:01:11:06,01:01:12:01,0.79,0:19,2026-07-02,Chat GPT; Krea,,
CTD_103_FC_20260807,103,CTD_AI_CCS_SchettinoOnPhone03_20260707_1b.mov,01:01:12:01,01:01:13:05,1.17,1:04,2026-07-07,Chat GPT; Krea,,
CTD_103_FC_20260807,103,CTD_AI_HMB_Collision_20260731_6b.mov,01:01:13:05,01:01:14:03,0.92,0:22,2026-07-30,Chat GPT; Krea,,
CTD_103_FC_20260807,103,CTD_AI_AA191_POVWindow_20260610_1b.mov,01:01:14:03,01:01:15:00,0.88,0:21,2026-06-10,Chat GPT; Krea,,
CTD_103_FC_20260807,103,CTD_AI_CCS_SeawaterGushesIn01_20260715_1a.mov,01:01:15:00,01:01:15:23,0.96,0:23,2026-07-16,,,
CTD_103_FC_20260807,103,CTD_AI_CCS_SeawaterGushesIn01_20260715_2a.mov,01:01:15:23,01:01:16:15,0.67,0:16,2026-07-16,,,
CTD_103_FC_20260807,103,CTD_AI_SJE_HomeBurns_20260717d.mov,01:01:16:15,01:01:17:10,0.79,0:19,2026-07-17,Chat GPT; Krea,,
CTD_103_FC_20260807,103,CTD_AI_SJE_HomeBurns_20260717c.mov,01:01:17:10,01:01:19:03,1.71,1:17,2026-07-17,Chat GPT; Krea,,
CTD_103_FC_20260807,103,CTD_AI_LMR_HazardFlammable_20260729_1a.mov,01:01:49:03,01:01:53:03,4,4:00,2026-07-29,,,
CTD_103_FC_20260807,103,CTD_AI_LMR_JUL8TrainCountrysideDay_20260729_1c.mov,01:01:59:18,01:02:02:06,2.5,2:12,2026-07-29,,,
CTD_103_FC_20260807,103,CTD_AI_LMR_POVWindscreenDusk_20260804_1a.mov,01:02:02:06,01:02:06:07,4.04,4:01,2026-08-04,,,
CTD_103_FC_20260807,103,CTD_AI_LMR_TrainHeadOn_20260729_1a.mov,01:02:09:19,01:02:13:19,4,4:00,2026-07-29,,,
CTD_103_FC_20260807,103,CTD_AI_LMR_BehindLastCar_20260630_1a.mov,01:02:15:10,01:02:20:12,5.08,5:02,2026-06-30,Chat GPT; Krea,,
CTD_103_FC_20260807,103,CTD_AI_LMR_JUL8TrainCountrysideDay_20260729_4a.mov,01:02:24:12,01:02:28:17,4.21,4:05,2026-07-29,,,
CTD_103_FC_20260807,103,CTD_AI_LMR_JUL8TrainCountrysideDay_20260729_2b.mov,01:02:31:17,01:02:36:02,4.38,4:09,2026-07-29,,,
CTD_103_FC_20260807,103,CTD_AI_LMR_TrainStops01_20260717_2a.mov,01:02:43:06,01:02:48:13,5.29,5:07,2026-07-17,Krea; Nano Banana,,
CTD_103_FC_20260807,103,CTD_AI_LMR_ParksOnMainTrack_20260729_2d.mov,01:02:53:01,01:02:58:09,5.33,5:08,2026-07-29,,,
CTD_103_FC_20260807,103,CTD_AI_LMR_HandBrake01_20260730_1a.mov,01:03:01:06,01:03:03:07,2.04,2:01,2026-07-30,Chat GPT; Krea,,
CTD_103_FC_20260807,103,CTD_AI_LMR_HandBrake02_20260804_1b.mov,01:03:03:07,01:03:05:20,2.54,2:13,2026-08-04,,,
CTD_103_FC_20260807,103,CTD_AI_LMR_HardingOnPhone_20270713_1a.mov,01:03:14:08,01:03:17:21,3.54,3:13,2026-07-13,,,
CTD_103_FC_20260807,103,CTD_AI_LMR_FireErupts_20260706_1a.mov,01:04:00:10,01:04:06:06,5.83,5:20,2026-07-06,,,
CTD_103_FC_20260807,103,CTD_AI_LMR_BrakesFail01_20260630_1b.mov,01:05:00:03,01:05:05:08,5.21,5:05,2026-06-30,Chat GPT; Krea,,
CTD_103_FC_20260807,103,CTD_AI_LMR_trainmisc_20260630_1c.mov,01:05:15:19,01:05:18:19,3,3:00,2026-06-30,Chat GPT; Krea,,
CTD_103_FC_20260807,103,CTD_AI_LMR_trainmisc_20260630_1d.mov,01:05:18:19,01:05:21:08,2.54,2:13,2026-06-30,Chat GPT; Krea,,
CTD_103_FC_20260807,103,CTD_AI_LMR_trainmisc_20260630_1d.mov,01:05:26:04,01:05:28:19,2.63,2:15,2026-06-30,Chat GPT; Krea,,
CTD_103_FC_20260807,103,CTD_AI_LMR_trainmisc_20260630_1a.mov,01:05:28:19,01:05:30:06,1.46,1:11,2026-06-30,Chat GPT; Krea,,
CTD_103_FC_20260807,103,CTD_AI_LMR_RueFrontenac01_20260717_1b.mov,01:05:34:23,01:05:38:08,3.38,3:09,2026-07-17,Krea; Nano Banana,,
CTD_103_FC_20260807,103,CTD_AI_LMR_JUL8RueFrontenac02_20260717_2d.mov,01:05:38:08,01:05:40:22,2.58,2:14,2026-07-17,Krea; Nano Banana,,
CTD_103_FC_20260807,103,CTD_AI_LMR_BeerVibes_20260804_3c.mov,01:05:46:07,01:05:47:21,1.58,1:14,2026-08-04,,,
CTD_103_FC_20260807,103,CTD_AI_LMR_Musi-CafeRevelry07a_20260729_1c.mov,01:05:47:21,01:05:49:04,1.29,1:07,2026-07-29,Chat GPT; Krea,,
CTD_103_FC_20260807,103,CTD_AI_LMR_trainmisc_20260630_1d.mov,01:05:49:04,01:05:50:05,1.04,1:01,2026-06-30,Chat GPT; Krea,,
CTD_103_FC_20260807,103,CTD_AI_LMR_trainmisc_20260630_1b.mov,01:05:50:05,01:05:54:04,3.96,3:23,2026-06-30,Chat GPT; Krea,,
CTD_103_FC_20260807,103,CTD_AI_LMR_Outskirts01_20260717_1c.mov,01:05:58:09,01:05:58:21,0.5,0:12,2026-07-17,Krea; Nano Banana,,
CTD_103_FC_20260807,103,CTD_AI_LMR_Outskirts01_20260717_1c.mov,01:05:58:21,01:05:59:22,1.04,1:01,2026-07-17,Krea; Nano Banana,,
CTD_103_FC_20260807,103,CTD_AI_LMR_Outskirts01_20260717_1c.mov,01:05:59:22,01:06:00:19,0.88,0:21,2026-07-17,Krea; Nano Banana,,
CTD_103_FC_20260807,103,CTD_AI_LMR_DarkTrainPOV_20260717_1b.mov,01:06:00:19,01:06:02:20,2.04,2:01,2026-07-17,Krea; Nano Banana,,
CTD_103_FC_20260807,103,CTD_AI_LMR_DarkTrainPOV_20260717_1a.mov,01:06:04:08,01:06:04:21,0.54,0:13,2026-07-17,Krea; Nano Banana,,
CTD_103_FC_20260807,103,CTD_AI_LMR_RevealLacMega_20270715_1h.mov,01:06:06:02,01:06:06:13,0.46,0:11,2026-07-15,,,
CTD_103_FC_20260807,103,CTD_AI_LMR_PowerOut01_20260717_1e.mov,01:06:15:23,01:06:19:05,3.25,3:06,2026-07-17,Krea; Nano Banana,,
CTD_103_FC_20260807,103,CTD_AI_LMR_Musi-CafeRevelry05_20260717_1b.mov,01:06:19:05,01:06:21:17,2.5,2:12,2026-07-17,Krea; Nano Banana,,
CTD_103_FC_20260807,103,CTD_AI_LMR_Musi-CafeRevelry04_20260717_1c.mov,01:06:21:17,01:06:23:11,1.75,1:18,2026-07-17,Krea; Nano Banana,,
CTD_103_FC_20260807,103,CTD_AI_LMR_Musi-CafeRevelry02_20260717_1d.mov,01:06:23:11,01:06:25:14,2.13,2:03,2026-07-17,Krea; Nano Banana,,
CTD_103_FC_20260807,103,CTD_AI_LMR_Musi-CafeRevelry01_20260729_1a.mov,01:06:25:14,01:06:29:10,3.83,3:20,2026-07-29,Chat GPT; Krea,,
CTD_103_FC_20260807,103,CTD_AI_LMR_Musi-CafeRevelry07a_20260729_1b.mov,01:06:31:00,01:06:33:09,2.38,2:09,2026-07-29,Chat GPT; Krea,,
CTD_103_FC_20260807,103,CTD_AI_LMR_BeerVibes_20260630_1d.mov,01:06:33:09,01:06:34:11,1.08,1:02,2026-06-30,Chat GPT; Krea,,
CTD_103_FC_20260807,103,CTD_AI_LMR_BeerVibes_20260804_2a.mov,01:06:34:11,01:06:36:08,1.88,1:21,2026-08-04,,,
CTD_103_FC_20260807,103,CTD_AI_LMR_Musi-CafeRevelry02_20260717_1a.mov,01:06:36:08,01:06:38:08,2,2:00,2026-07-17,Krea; Nano Banana,,
CTD_103_FC_20260807,103,CTD_AI_LMR_TrainDerails_20260604_1B.mov,01:06:50:20,01:06:53:00,2.17,2:04,2026-06-05,Chat GPT; Krea,,
CTD_103_FC_20260807,103,CTD_AI_LMR_TankRupture02_20270715_1b.mov,01:06:53:00,01:06:55:00,2,2:00,2026-07-15,,,
CTD_103_FC_20260807,103,CTD_AI_LMR_TankRupture01_20260706_1c.mov,01:06:55:00,01:06:57:01,2.04,2:01,2026-07-06,,,
CTD_103_FC_20260807,103,CTD_AI_LMR_TankRupture02_20260729_2a.mov,01:06:58:10,01:07:02:16,4.25,4:06,2026-07-29,,,
CTD_103_FC_20260807,103,CTD_AI_LMR_TankRupture02_20260729_1c.mov,01:07:02:16,01:07:03:12,0.83,0:20,2026-07-29,,,
CTD_103_FC_20260807,103,CTD_AI_LMR_MassiveExplosion_20260730_2b.mov,01:07:03:12,01:07:04:22,1.42,1:10,2026-07-30,Chat GPT; Krea,,
CTD_103_FC_20260807,103,CTD_AI_LMR_MassiveExplosion_20260730_2a.mov,01:07:04:22,01:07:06:16,1.75,1:18,2026-07-30,Chat GPT; Krea,,
CTD_103_FC_20260807,103,CTD_AI_LMR_PowerOut01_20260717_1a.mov,01:07:13:06,01:07:16:03,2.88,2:21,2026-07-17,Krea; Nano Banana,,
CTD_103_FC_20260807,103,CTD_AI_LMR_PowerOut02_20260717_1b.mov,01:07:16:03,01:07:18:19,2.67,2:16,2026-07-17,Krea; Nano Banana,,
CTD_103_FC_20260807,103,CTD_AI_LMR_PowerOut01_20260717_1c.mov,01:07:18:19,01:07:21:05,2.42,2:10,2026-07-17,Krea; Nano Banana,,
CTD_103_FC_20260807,103,CTD_AI_LMR_MassiveExplosion_20260730_1b.mov,01:07:23:23,01:07:25:18,1.79,1:19,2026-07-30,Chat GPT; Krea,,
CTD_103_FC_20260807,103,CTD_AI_LMR_CoupleLooksOn_20260630_1c.mov,01:07:25:18,01:07:27:23,2.21,2:05,2026-06-30,Chat GPT; Krea,,
CTD_103_FC_20260807,103,CTD_AI_CCS_WideBridge_20260611_1a.mov,01:10:36:03,01:10:39:05,3.08,3:02,2026-06-11,Chat GPT; Krea,,
CTD_103_FC_20260807,103,CTD_AI_CCS_JUL9Instruments_20260715_1a.mov,01:10:39:05,01:10:42:00,2.79,2:19,2026-07-16,,,
CTD_103_FC_20260807,103,CTD_AI_CCS_TooFastToTurn_20260611_1a.mov,01:11:11:18,01:11:16:03,4.38,4:09,2026-06-11,Chat GPT; Krea,,
CTD_103_FC_20260807,103,CTD_AI_CCS_SchettinoOnPhone03_20260707_1b.mov,01:11:17:20,01:11:22:02,4.25,4:06,2026-07-07,Chat GPT; Krea,,
CTD_103_FC_20260807,103,CTD_AI_CCS_JUL9Instruments_20260715_1a.mov,01:11:24:12,01:11:26:09,1.88,1:21,2026-07-16,,,
CTD_103_FC_20260807,103,CTD_AI_CCS_JUL9Instruments_20260715_2a.mov,01:11:26:09,01:11:28:05,1.83,1:20,2026-07-16,,,
CTD_103_FC_20260807,103,CTD_AI_CCS_MaritimeSalute01_20260715_1a.mov,01:11:29:17,01:11:34:23,5.25,5:06,2026-07-16,,,
CTD_103_FC_20260807,103,CTD_AI_CCS_HugeRock_20260619_1c.mov,01:11:41:21,01:11:46:07,4.42,4:10,2026-06-19,Chat GPT; Krea,,
CTD_103_FC_20260807,103,CTD_AI_CCS_JUL9BridgePOV_20260715_2a.mov,01:11:50:16,01:11:51:22,1.25,1:06,2026-07-16,,,
CTD_103_FC_20260807,103,CTD_AI_CCS_HardToStarboard02_20260707_1a.mov,01:11:51:22,01:11:53:06,1.33,1:08,2026-07-07,Chat GPT; Krea,,
CTD_103_FC_20260807,103,CTD_AI_CCS_BowClears_20260715_1a.mov,01:11:53:06,01:11:54:16,1.42,1:10,2026-07-16,,,
CTD_103_FC_20260807,103,CTD_AI_CCS_Stairwell_20260804_02B.mov,01:11:57:10,01:11:59:00,1.58,1:14,2026-08-04,Krea; Nano Banana,,
CTD_103_FC_20260807,103,CTD_AI_CCS_CabinHallway03_20260803_1a.mov,01:11:59:00,01:12:00:13,1.54,1:13,2026-08-04,Krea; Nano Banana,,
CTD_103_FC_20260807,103,CTD_AI_CSS_LifeboatEvacuation_20260804_05B.mov,01:12:00:13,01:12:02:01,1.5,1:12,2026-08-04,Krea; Nano Banana,,
CTD_103_FC_20260807,103,CTD_AI_CSS_LifeboatEvacuation_20260804_04B.mov,01:12:02:01,01:12:03:13,1.5,1:12,2026-08-04,Krea; Nano Banana,,
CTD_103_FC_20260807,103,CTD_AI_CSS_LifeboatEvacuation_20260804_04C.mov,01:12:03:13,01:12:04:09,0.83,0:20,2026-08-04,Krea; Nano Banana,,
CTD_103_FC_20260807,103,CTD_AI_CCS_TooFastToTurn_20260611_1a.mov,01:12:12:13,01:12:18:06,5.71,5:17,2026-06-11,Chat GPT; Krea,,
CTD_103_FC_20260807,103,CTD_AI_CCS_MaritimeSalute01_20260715_1a.mov,01:12:18:06,01:12:22:14,4.33,4:08,2026-07-16,,,
CTD_103_FC_20260807,103,CTD_AI_CCS_NavigatingBySight01_20260702_1a.mov,01:12:22:14,01:12:25:01,2.46,2:11,2026-07-02,,,
CTD_103_FC_20260807,103,CTD_AI_CCS_WideBridge_20260611_1a.mov,01:12:25:01,01:12:27:17,2.67,2:16,2026-06-11,Chat GPT; Krea,,
CTD_103_FC_20260807,103,CTD_AI_CCS_HardToStarboard02_20260707_1a.mov,01:12:30:15,01:12:32:12,1.88,1:21,2026-07-07,Chat GPT; Krea,,
CTD_103_FC_20260807,103,CTD_AI_CCS_HugeRock_20260619_1c.mov,01:12:32:12,01:12:34:15,2.13,2:03,2026-06-19,Chat GPT; Krea,,
CTD_103_FC_20260807,103,CTD_AI_CCS_BowClears_20260615_1a.mov,01:12:36:22,01:12:41:09,4.46,4:11,2026-06-15,Chat GPT; Krea,,
CTD_103_FC_20260807,103,CTD_AI_CCS_JUL9BridgePOV_20260715_1a.mov,01:12:41:09,01:12:44:09,3,3:00,2026-07-16,,,
CTD_103_FC_20260807,103,CTD_AI_CCS_BowClears_20260715_1c.mov,01:12:44:09,01:12:47:15,3.25,3:06,2026-07-16,,,
CTD_103_FC_20260807,103,CTD_AI_CCS_JUL9RockHitAboveWater_20260715_1b.mov,01:12:49:05,01:12:54:06,5.04,5:01,2026-07-16,,,
CTD_103_FC_20260807,103,CTD_AI_CCS_MassiveGash02_20260715_1a.mov,01:12:54:06,01:12:56:11,2.21,2:05,2026-07-16,,,
CTD_103_FC_20260807,103,CTD_AI_CCS_JUL9RockHitAboveWater_20260715_1b.mov,01:12:56:11,01:12:58:04,1.71,1:17,2026-07-16,,,
CTD_103_FC_20260807,103,CTD_AI_CCS_SeawaterGushesIn01_20260715_2a.mov,01:12:58:04,01:12:59:13,1.38,1:09,2026-07-16,,,
CTD_103_FC_20260807,103,CTD_AI_CCS_MassiveGash02_20260715_2a.mov,01:12:59:13,01:13:01:07,1.75,1:18,2026-07-16,,,
CTD_103_FC_20260807,103,CTD_AI_CCS_SeawaterGushesIn01_20260715_3a.mov,01:13:01:07,01:13:03:06,1.96,1:23,2026-07-16,,,
CTD_103_FC_20260807,103,CTD_AI_CCS_MassiveGash02_20260715_3a.mov,01:13:03:06,01:13:05:00,1.75,1:18,2026-07-16,,,
CTD_103_FC_20260807,103,CTD_AI_CCS_CabinHallway_20260803_01A.mov,01:13:14:15,01:13:16:23,2.33,2:08,2026-08-04,Krea; Nano Banana,,
CTD_103_FC_20260807,103,CTD_AI_CCS_CabinHallway_20260803_02B.mov,01:13:16:23,01:13:19:01,2.08,2:02,2026-08-04,Krea; Nano Banana,,
CTD_103_FC_20260807,103,CTD_AI_CCS_HallwayChaos02_20260803_1c.mov,01:13:21:13,01:13:23:13,2,2:00,2026-08-04,Krea; Nano Banana,,
CTD_103_FC_20260807,103,CTD_AI_CCS_ControlRoom01_20260715_6a.mov,01:14:01:02,01:14:02:05,1.13,1:24,2026-07-16,,,
CTD_103_FC_20260807,103,CTD_AI_CCS_ControlRoom01_20260715_3a.mov,01:14:02:05,01:14:03:13,1.33,1:08,2026-07-16,,,
CTD_103_FC_20260807,103,CTD_AI_CCS_ControlRoom01_20260715_7a.mov,01:14:03:13,01:14:04:21,1.33,1:08,2026-07-16,,,
CTD_103_FC_20260807,103,CTD_AI_CCS_SeawaterGushesIn01_20260715_1a.mov,01:14:04:21,01:14:06:21,2,2:00,2026-07-16,,,
CTD_103_FC_20260807,103,CTD_AI_CCS_SeawaterGushesIn01_20260715_2a.mov,01:14:06:21,01:14:07:23,1.08,1:02,2026-07-16,,,
CTD_103_FC_20260807,103,CTD_AI_CCS_SeawaterGushesIn01_20260715_3a.mov,01:14:07:23,01:14:10:19,2.83,2:20,2026-07-16,,,
CTD_103_FC_20260807,103,CTD_AI_CCS_ControlRoom01_20260715_3a.mov,01:14:17:13,01:14:19:11,1.92,1:22,2026-07-16,,,
CTD_103_FC_20260807,103,CTD_AI_CCS_ControlRoom01_20260715_6a.mov,01:14:19:11,01:14:21:13,2.08,2:02,2026-07-16,,,
CTD_103_FC_20260807,103,CTD_AI_CCS_HallwayChaos02_20260803_1a.mov,01:14:23:19,01:14:25:23,2.17,2:04,2026-08-04,Krea; Nano Banana,,
CTD_103_FC_20260807,103,CTD_AI_CCS_CabinHallway03_20260803_1a.mov,01:14:25:23,01:14:28:01,2.08,2:02,2026-08-04,Krea; Nano Banana,,
CTD_103_FC_20260807,103,CTD_AI_CCS_HallwayChaos_20260308_02A.mov,01:14:30:12,01:14:32:12,2,2:00,2026-08-04,Krea; Nano Banana,,
CTD_103_FC_20260807,103,CTD_AI_CCS_HallwayChaos_20260308_02B.mov,01:14:32:12,01:14:35:06,2.75,2:18,2026-08-04,Krea; Nano Banana,,
CTD_103_FC_20260807,103,CTD_AI_CSS_JUL9FiftyDegreeList_20260715_1a.mov,01:14:48:03,01:14:52:11,4.33,4:08,2026-07-16,,,
CTD_103_FC_20260807,103,CTD_AI_CCS_CoastGuardCall02_20260707_1b.mov,01:14:52:11,01:14:53:09,0.92,0:22,2026-07-07,Chat GPT; Krea,,
CTD_103_FC_20260807,103,CTD_AI_CCS_LightAlarm01_20260803_1c.mov,01:14:53:09,01:14:54:14,1.21,1:05,2026-08-04,Krea; Nano Banana,,
CTD_103_FC_20260807,103,CTD_AI_CCS_JUL9LoudSpeaker_20260715_2c.mov,01:14:54:14,01:14:56:09,1.79,1:19,2026-07-16,,,
CTD_103_FC_20260807,103,CTD_AI_CCS_HallwayEvacuation02_20260803_2b.mov,01:14:56:09,01:14:58:06,1.88,1:21,2026-08-04,Krea; Nano Banana,,
CTD_103_FC_20260807,103,CTD_AI_CCS_Stairwell_20260804_02B.mov,01:14:58:06,01:14:59:14,1.33,1:08,2026-08-04,Krea; Nano Banana,,
CTD_103_FC_20260807,103,CTD_AI_CCS_Stairwell01_20260803_1b.mov,01:14:59:14,01:15:01:09,1.79,1:19,2026-08-04,Krea; Nano Banana,,
CTD_103_FC_20260807,103,CTD_AI_CCS_MusterStation02_20260803_2a.mov,01:15:09:20,01:15:11:06,1.42,1:10,2026-08-04,Krea; Nano Banana,,
CTD_103_FC_20260807,103,CTD_AI_CCS_MusterStation02_20260803_3a.mov,01:15:11:06,01:15:12:08,1.08,1:02,2026-08-04,Krea; Nano Banana,,
CTD_103_FC_20260807,103,CTD_AI_CCS_MusterStation02_20260803_3c.mov,01:15:12:08,01:15:13:23,1.63,1:15,2026-08-04,Krea; Nano Banana,,
CTD_103_FC_20260807,103,CTD_AI_CSS_LifeboatEvacuation_20260804_04B.mov,01:15:26:03,01:15:27:15,1.5,1:12,2026-08-04,Krea; Nano Banana,,
CTD_103_FC_20260807,103,CTD_AI_CSS_LifeboatEvacuation_20260804_06B.mov,01:15:27:15,01:15:28:22,1.29,1:07,2026-08-04,Krea; Nano Banana,,
CTD_103_FC_20260807,103,CTD_AI_CSS_LifeboatEvacuation_20260804_03B.mov,01:15:28:22,01:15:29:20,0.92,0:22,2026-08-04,Krea; Nano Banana,,
CTD_103_FC_20260807,103,CTD_AI_CSS_LifeboatEvacuation_20260804_02.mov,01:15:29:20,01:15:32:11,2.63,2:15,2026-08-04,Krea; Nano Banana,,
CTD_103_FC_20260807,103,CTD_AI_CSS_LifeboatEvacuation_20260804_06C.mov,01:15:33:12,01:15:35:06,1.75,1:18,2026-08-04,Krea; Nano Banana,,
CTD_103_FC_20260807,103,CTD_AI_CCS_MusterStation02_20260803_3d.mov,01:15:35:06,01:15:36:18,1.5,1:12,2026-08-04,Krea; Nano Banana,,
CTD_103_FC_20260807,103,CTD_AI_CCS_MusterStation02_20260803_3a.mov,01:15:36:18,01:15:38:07,1.54,1:13,2026-08-04,Krea; Nano Banana,,
CTD_103_FC_20260807,103,CTD_AI_CSS_LifeboatEvacuation_20260804_04B.mov,01:15:38:07,01:15:39:10,1.13,1:24,2026-08-04,Krea; Nano Banana,,
CTD_103_FC_20260807,103,CTD_AI_CSS_LifeboatEvacuation_20260804_05B.mov,01:15:39:10,01:15:40:11,1.04,1:01,2026-08-04,Krea; Nano Banana,,
CTD_103_FC_20260807,103,CTD_AI_CSS_LifeboatEvacuation_20260804_01A.mov,01:15:40:11,01:15:43:07,2.83,2:20,2026-08-04,Krea; Nano Banana,,
CTD_103_FC_20260807,103,CTD_AI_CSS_LifeboatEvacuation_20260804_05C.mov,01:15:50:12,01:15:52:11,1.96,1:23,2026-08-04,Krea; Nano Banana,,
CTD_103_FC_20260807,103,CTD_AI_CSS_LifeboatEvacuation_20260804_06A.mov,01:15:52:11,01:15:53:21,1.42,1:10,2026-08-04,Krea; Nano Banana,,
CTD_103_FC_20260807,103,CTD_AI_CSS_LifeboatEvacuation_20260804_04A.mov,01:15:53:21,01:15:55:01,1.17,1:04,2026-08-04,Krea; Nano Banana,,
CTD_103_FC_20260807,103,CTD_AI_CSS_LifeboatEvacuation_20260804_04C.mov,01:15:55:01,01:15:56:04,1.13,1:24,2026-08-04,Krea; Nano Banana,,
CTD_103_FC_20260807,103,CTD_AI_CSS_LifeboatEvacuation_20260804_05B.mov,01:15:56:04,01:15:57:20,1.67,1:16,2026-08-04,Krea; Nano Banana,,
CTD_103_FC_20260807,103,CTD_AI_CSS_LifeboatEvacuation_20260804_03B.mov,01:15:57:20,01:15:59:05,1.38,1:09,2026-08-04,Krea; Nano Banana,,
CTD_103_FC_20260807,103,CTD_AI_CSS_LifeboatEvacuation_20260804_03A.mov,01:15:59:05,01:16:00:05,1,1:00,2026-08-04,Krea; Nano Banana,,
CTD_103_FC_20260807,103,CTD_AI_CCS_PeopleJump_20260715_3a.mov,01:16:04:12,01:16:07:12,3,3:00,2026-07-16,,,
CTD_103_FC_20260807,103,CTD_AI_CCS_PeopleJump_20260715_5a.mov,01:16:07:12,01:16:09:16,2.17,2:04,2026-07-16,,,
CTD_103_FC_20260807,103,CTD_AI_CCS_PeopleJump_20260715_4a.mov,01:16:09:16,01:16:11:20,2.17,2:04,2026-07-16,,,
CTD_103_FC_20260807,103,CTD_AI_SDS_ACUnit_20260611_1c.mov,01:17:33:05,01:17:35:18,2.54,2:13,2026-06-11,Chat GPT; Krea,,
CTD_103_FC_20260807,103,CTD_AI_SDS_Pillar_20260721_1d.mov,01:17:35:18,01:17:37:00,1.25,1:06,2026-07-21,Chat GPT; Krea,,
CTD_103_FC_20260807,103,CTD_AI_SDS_Inspection_20260721_4a.mov,01:17:37:00,01:17:37:23,0.96,0:23,2026-07-21,Chat GPT; Krea,,
CTD_103_FC_20260807,103,CTD_AI_SDS_Evacuate_20260720_1b.mov,01:17:37:23,01:17:39:02,1.13,1:24,2026-07-20,Chat GPT; Krea,,
CTD_103_FC_20260807,103,CTD_AI_SDS_RoofCollapse01_20260702_1c.mov,01:17:39:02,01:17:40:16,1.58,1:14,2026-07-02,,,
CTD_103_FC_20260807,103,CTD_AI_SDS_SukTrapped_20260702_1c.mov,01:17:40:16,01:17:41:20,1.17,1:04,2026-07-02,,,
CTD_103_FC_20260807,103,CTD_AI_SDS_SukTrapped_20260702_1b.mov,01:17:41:20,01:17:42:16,0.83,0:20,2026-07-02,Chat GPT; Krea,,
CTD_103_FC_20260807,103,CTD_AI_SDS_RoofCollapse02_20260702_1d.mov,01:17:44:17,01:17:45:21,1.17,1:04,2026-07-02,,,
CTD_103_FC_20260807,103,CTD_AI_SDS_BuildingCollapses_20260623_2B.mov,01:17:45:21,01:17:47:11,1.58,1:14,2026-06-22,Chat GPT; Krea,,
CTD_103_FC_20260807,103,CTD_AI_SDS_BriefcaseIntro_20260610_1b.mov,01:19:28:04,01:19:30:02,1.92,1:22,2026-06-10,Chat GPT; Krea,,
CTD_103_FC_20260807,103,CTD_AI_SDS_Briefcase_20260610_1a.mov,01:19:30:02,01:19:32:15,2.54,2:13,2026-06-10,Chat GPT; Krea,,
CTD_103_FC_20260807,103,CTD_AI_SDS_ACUnit_20260717_1A.mov,01:20:20:20,01:20:24:21,4.04,4:01,2026-07-17,Chat GPT; Krea,,
CTD_103_FC_20260807,103,CTD_AI_SDS_ACMoved_20260717_2A.mov,01:20:26:18,01:20:27:14,0.83,0:20,2026-07-17,Chat GPT; Krea,,
CTD_103_FC_20260807,103,CTD_AI_SDS_ACMoved_20260717_1B.mov,01:20:27:14,01:20:28:18,1.17,1:04,2026-07-17,Chat GPT; Krea,,
CTD_103_FC_20260807,103,CTD_AI_SDS_ACMoved_20260717_2A.mov,01:20:28:18,01:20:30:04,1.42,1:10,2026-07-17,Chat GPT; Krea,,
CTD_103_FC_20260807,103,CTD_AI_SDS_ACFirstCracks_20260717_1A.mov,01:20:30:04,01:20:32:21,2.71,2:17,2026-07-17,Chat GPT; Krea,,
CTD_103_FC_20260807,103,CTD_AI_SDS_ACFirstCracks_20260717_2A.mov,01:20:35:04,01:20:37:10,2.25,2:06,2026-07-17,Chat GPT; Krea,,
CTD_103_FC_20260807,103,CTD_AI_SDS_ACUnit_20260611_1b.mov,01:20:37:10,01:20:42:01,4.63,4:15,2026-06-11,Chat GPT; Krea,,
CTD_103_FC_20260807,103,CTD_AI_SDS_ACFirstCracks_20260717_1A.mov,01:20:46:22,01:20:48:22,2,2:00,2026-07-17,Chat GPT; Krea,,
CTD_103_FC_20260807,103,CTD_AI_SDS_FloorOpen_20260721_1a.mov,01:20:48:22,01:20:52:01,3.13,3:03,2026-07-21,Chat GPT; Krea,,
CTD_103_FC_20260807,103,CTD_AI_SDS_Pillar_20260721_1b.mov,01:20:52:01,01:20:54:05,2.17,2:04,2026-07-21,Chat GPT; Krea,,
CTD_103_FC_20260807,103,CTD_AI_SDS_TurnOffACRoof_20260720_2b.mov,01:20:57:00,01:21:01:05,4.21,4:05,2026-07-20,Chat GPT; Krea,,
CTD_103_FC_20260807,103,CTD_AI_SDS_ACVibrates_20260717_2D.mov,01:21:01:05,01:21:04:07,3.08,3:02,2026-07-17,Chat GPT; Krea,,
CTD_103_FC_20260807,103,CTD_AI_SDS_ACVibrates_20260717_2B.mov,01:21:04:07,01:21:07:12,3.21,3:05,2026-07-17,Chat GPT; Krea,,
CTD_103_FC_20260807,103,CTD_AI_SDS_Pillar_20260721_1d.mov,01:21:07:12,01:21:11:19,4.29,4:07,2026-07-21,Chat GPT; Krea,,
CTD_103_FC_20260807,103,CTD_AI_SDS_Inspection_20260702_1a.mov,01:21:15:06,01:21:20:13,5.29,5:07,2026-07-02,Chat GPT; Krea,,
CTD_103_FC_20260807,103,CTD_AI_SDS_Inspection_20260721_4c.mov,01:21:20:13,01:21:23:14,3.04,3:01,2026-07-21,Chat GPT; Krea,,
CTD_103_FC_20260807,103,CTD_AI_SDS_Inspection_20260721_4a.mov,01:21:23:14,01:21:27:00,3.42,3:10,2026-07-21,Chat GPT; Krea,,
CTD_103_FC_20260807,103,CTD_AI_SDS_ACUnit_20260611_1c.mov,01:21:27:00,01:21:32:17,5.71,5:17,2026-06-11,Chat GPT; Krea,,
CTD_103_FC_20260807,103,CTD_AI_SDS_TurnOffACRoof_20260805_1a.mov,01:21:41:20,01:21:43:04,1.33,1:08,2026-08-05,Chat GPT; Krea,,
CTD_103_FC_20260807,103,CTD_AI_SDS_TurnOffACRoof_20260720_2b.mov,01:21:43:04,01:21:46:12,3.33,3:08,2026-07-20,Chat GPT; Krea,,
CTD_103_FC_20260807,103,CTD_AI_SDS_Inspection_20260702_1b.mov,01:21:46:12,01:21:48:12,2,2:00,2026-07-02,Chat GPT; Krea,,
CTD_103_FC_20260807,103,CTD_AI_SDS_Inspection_20260805_1a.mov,01:21:51:01,01:21:52:19,1.75,1:18,2026-08-05,Chat GPT; Krea,,
CTD_103_FC_20260807,103,CTD_AI_SDS_CRACKS_ECU_20260805_1c.mov,01:21:52:19,01:21:55:20,3.04,3:01,2026-08-05,Chat GPT; Krea,,
CTD_103_FC_20260807,103,CTD_AI_SDS_CRACKS_ECU_20260805_1a.mov,01:21:58:09,01:22:00:06,1.88,1:21,2026-08-05,Chat GPT; Krea,,
CTD_103_FC_20260807,103,CTD_AI_SDS_Clipboard_20260805_1b.mov,01:22:00:06,01:22:02:12,2.25,2:06,2026-08-05,Chat GPT; Krea,,
CTD_103_FC_20260807,103,CTD_AI_SDS_ACVibrates_20260717_1C.mov,01:22:12:13,01:22:16:05,3.67,3:16,2026-07-17,Chat GPT; Krea,,
CTD_103_FC_20260807,103,CTD_AI_SDS_ACVibrates_20260717_2A.mov,01:22:16:05,01:22:18:15,2.42,2:10,2026-07-17,Chat GPT; Krea,,
CTD_103_FC_20260807,103,CTD_AI_SDS_PleaseLeave01_20260720_1c.mov,01:22:21:22,01:22:23:14,1.67,1:16,2026-07-20,Chat GPT; Krea,,
CTD_103_FC_20260807,103,CTD_AI_SDS_PleaseLeave02_20260720_1a.mov,01:22:23:14,01:22:24:18,1.17,1:04,2026-07-20,Chat GPT; Krea,,
CTD_103_FC_20260807,103,CTD_AI_SDS_PleaseLeave02_20260720_1d.mov,01:22:24:18,01:22:26:01,1.29,1:07,2026-07-20,Chat GPT; Krea,,
CTD_103_FC_20260807,103,CTD_AI_SDS_Evacuate_20260702_1c.mov,01:22:26:01,01:22:29:03,3.08,3:02,2026-07-02,Chat GPT; Krea,,
CTD_103_FC_20260807,103,CTD_AI_SDS_Cafeteriatray_20260720_1a.mov,01:22:31:19,01:22:34:02,2.29,2:07,2026-07-20,Chat GPT; Krea,,
CTD_103_FC_20260807,103,CTD_AI_SDS_Cafeteriatray_20260720_1b.mov,01:22:34:02,01:22:35:20,1.75,1:18,2026-07-20,Chat GPT; Krea,,
CTD_103_FC_20260807,103,CTD_AI_SDS_Cafeteriatray_20260611_2a.mov,01:22:38:09,01:22:41:23,3.58,3:14,2026-06-11,Chat GPT; Krea,,
CTD_103_FC_20260807,103,CTD_AI_SDS_Evacuate_20260720_2a.mov,01:22:41:23,01:22:44:22,2.96,2:23,2026-07-20,Chat GPT; Krea,,
CTD_103_FC_20260807,103,CTD_AI_SDS_PleaseLeave03_20260702_1b.mov,01:22:44:22,01:22:46:21,1.96,1:23,2026-07-02,Chat GPT; Krea,,
CTD_103_FC_20260807,103,CTD_AI_SDS_Evacuate_20260720_1b.mov,01:22:46:21,01:22:50:07,3.42,3:10,2026-07-20,Chat GPT; Krea,,
CTD_103_FC_20260807,103,CTD_AI_SDS_Cracking_20260720_1C.mov,01:22:50:07,01:22:51:13,1.25,1:06,2026-07-20,Chat GPT; Krea,,
CTD_103_FC_20260807,103,CTD_AI_SDS_Cracking_20260720_1C.mov,01:22:51:13,01:22:56:09,4.83,4:20,2026-07-20,Chat GPT; Krea,,
CTD_103_FC_20260807,103,CTD_AI_SDS_RoofCollapse01_20260702_1c.mov,01:22:56:09,01:22:57:08,0.96,0:23,2026-07-02,,,
CTD_103_FC_20260807,103,CTD_AI_SDS_SukTrapped_20260702_1c.mov,01:22:59:06,01:23:00:10,1.17,1:04,2026-07-02,,,
CTD_103_FC_20260807,103,CTD_AI_SDS_SukTrapped_20260702_1b.mov,01:23:00:10,01:23:02:10,2,2:00,2026-07-02,Chat GPT; Krea,,
CTD_103_FC_20260807,103,CTD_AI_SDS_SukTrapped_20260702_1d.mov,01:23:02:10,01:23:05:01,2.63,2:15,2026-07-02,,,
CTD_103_FC_20260807,103,CTD_AI_SDS_BuildingCollapses_20260623_3A.mov,01:23:07:11,01:23:08:13,1.08,1:02,2026-06-22,Chat GPT; Krea,,
CTD_103_FC_20260807,103,CTD_AI_SDS_RoofCollapse02_20260702_1d.mov,01:23:08:13,01:23:09:17,1.17,1:04,2026-07-02,,,
CTD_103_FC_20260807,103,CTD_AI_SDS_BuildingCollapses_20260623_2B.mov,01:23:09:17,01:23:11:05,1.5,1:12,2026-06-22,Chat GPT; Krea,,
CTD_103_FC_20260807,103,CTD_AI_SDS_BuildingCollapses_20260623_3B.mov,01:23:13:23,01:23:15:09,1.42,1:10,2026-06-22,Chat GPT; Krea,,
CTD_103_FC_20260807,103,CTD_AI_SDS_BuildingCollapses_20260623_2A.mov,01:23:15:09,01:23:16:14,1.21,1:05,2026-06-22,Chat GPT; Krea,,
CTD_103_FC_20260807,103,CTD_AI_SDS_RoofCollapse03_20260702_1b.mov,01:23:16:14,01:23:18:15,2.04,2:01,2026-07-02,Chat GPT; Krea,,
CTD_103_FC_20260807,103,CTD_AI_SDS_GettingTrapped_20260702_1a.mov,01:23:22:19,01:23:24:10,1.63,1:15,2026-07-02,Chat GPT; Krea,,
CTD_103_FC_20260807,103,CTD_AI_SDS_GettingTrapped_20260702_1b.mov,01:23:24:10,01:23:25:21,1.46,1:11,2026-07-02,Chat GPT; Krea,,
CTD_103_FC_20260807,103,CTD_AI_SDS_GettingTrapped_20260702_1a.mov,01:23:25:21,01:23:28:03,2.25,2:06,2026-07-02,Chat GPT; Krea,,
CTD_103_FC_20260807,103,CTD_AI_SDS_GettingTrapped_20260702_1c.mov,01:23:29:23,01:23:32:01,2.08,2:02,2026-07-02,,,
CTD_103_FC_20260807,103,CTD_AI_SDS_SukTrapped_20260702_1d.mov,01:23:32:01,01:23:33:18,1.71,1:17,2026-07-02,,,
CTD_103_FC_20260807,103,CTD_AI_SDS_SukTrapped_20260702_1c.mov,01:23:33:18,01:23:35:06,1.5,1:12,2026-07-02,,,
CTD_103_FC_20260807,103,CTD_AI_SJE_GasGhost0_20260713_1b.mov,01:24:37:21,01:24:38:21,1,1:00,2026-07-13,,,
CTD_103_FC_20260807,103,CTD_AI_SJE_GasGhost0_20260713_1d.mov,01:24:38:21,01:24:39:17,0.83,0:20,2026-07-13,,,
CTD_103_FC_20260807,103,CTD_AI_SJE_GasIgnites1D_20260618.mov,01:24:39:17,01:24:41:19,2.08,2:02,2026-06-18,,,
CTD_103_FC_20260807,103,CTD_AI_SJE_DominoEffect01D_20260618.mov,01:24:41:19,01:24:42:19,1,1:00,2026-06-18,,,
CTD_103_FC_20260807,103,CTD_AI_SJE_DominoEffect03_20260618.mov,01:24:42:19,01:24:43:17,0.92,0:22,2026-06-18,,,
CTD_103_FC_20260807,103,CTD_AI_SJE_HomeBurns_20260717.mov,01:24:43:17,01:24:45:21,2.17,2:04,2026-07-17,Chat GPT; Krea,,
CTD_103_FC_20260807,103,CTD_AI_SJE_ResidentHellPOV_20260717c.mov,01:24:48:01,01:24:49:15,1.58,1:14,2026-07-17,Chat GPT; Krea,,
CTD_103_FC_20260807,103,CTD_AI_SJE_HomeBurns_20260717d.mov,01:24:49:15,01:24:51:01,1.42,1:10,2026-07-17,Chat GPT; Krea,,
CTD_103_FC_20260807,103,CTD_AI_SJE_ResidentHellPOV_20260717c.mov,01:24:51:01,01:24:52:20,1.79,1:19,2026-07-17,Chat GPT; Krea,,
CTD_103_FC_20260807,103,CTD_AI_SJE_GasGhost0_20260713_1b.mov,01:27:00:10,01:27:04:16,4.25,4:06,2026-07-13,,,
CTD_103_FC_20260807,103,CTD_AI_SJE_GasIgnites1A_20260618.mov,01:27:11:11,01:27:13:23,2.5,2:12,2026-06-18,,,
CTD_103_FC_20260807,103,CTD_AI_SJE_PipeRuptures_20260717.mov,01:27:45:09,01:27:48:09,3,3:00,2026-07-17,Chat GPT; Krea,,
CTD_103_FC_20260807,103,CTD_AI_SJE_PipeRuptures_20260717.mov,01:27:48:09,01:27:49:23,1.58,1:14,2026-07-17,Chat GPT; Krea,,
CTD_103_FC_20260807,103,CTD_AI_SJE_PipeRuptures_20260717.mov,01:27:52:05,01:27:54:07,2.08,2:02,2026-07-17,Chat GPT; Krea,,
CTD_103_FC_20260807,103,CTD_AI_SJE_GasGhost0_20260713_1b.mov,01:28:13:08,01:28:19:05,5.88,5:21,2026-07-13,,,
CTD_103_FC_20260807,103,CTD_AI_SJE_GasIgnites1A_20260618.mov,01:28:19:05,01:28:22:02,2.88,2:21,2026-06-18,,,
CTD_103_FC_20260807,103,CTD_AI_SJE_GasGhost0_20260713_1b.mov,01:28:22:02,01:28:23:23,1.88,1:21,2026-07-13,,,
CTD_103_FC_20260807,103,CTD_AI_SJE_GasGhost0_20260713_1d.mov,01:28:23:23,01:28:24:19,0.83,0:20,2026-07-13,,,
CTD_103_FC_20260807,103,CTD_AI_SJE_GasIgnites1D_20260618.mov,01:28:24:19,01:28:28:10,3.63,3:15,2026-06-18,,,
CTD_103_FC_20260807,103,CTD_AI_SJE_GasIgnites1B_20260618.mov,01:28:31:12,01:28:35:12,4,4:00,2026-06-18,,,
CTD_103_FC_20260807,103,CTD_AI_SJE_DominoEffect01A_20260618.mov,01:28:54:12,01:28:56:03,1.63,1:15,2026-06-18,,,
CTD_103_FC_20260807,103,CTD_AI_SJE_DominoEffect01A_20260618.mov,01:28:56:03,01:28:57:08,1.21,1:05,2026-06-18,,,
CTD_103_FC_20260807,103,CTD_AI_SJE_DominoEffect01B_20260618.mov,01:28:57:08,01:28:59:13,2.21,2:05,2026-06-18,,,
CTD_103_FC_20260807,103,CTD_AI_SJE_DominoEffect01C_20260618.mov,01:29:00:19,01:29:02:03,1.33,1:08,2026-06-18,,,
CTD_103_FC_20260807,103,CTD_AI_SJE_DominoEffect01D_20260618.mov,01:29:02:03,01:29:04:01,1.92,1:22,2026-06-18,,,
CTD_103_FC_20260807,103,CTD_AI_SJE_DominoEffect03_20260618.mov,01:29:04:01,01:29:08:21,4.83,4:20,2026-06-18,,,
CTD_103_FC_20260807,103,CTD_AI_SJE_HomeBurns_20260717.mov,01:29:11:18,01:29:14:00,2.25,2:06,2026-07-17,Chat GPT; Krea,,
CTD_103_FC_20260807,103,CTD_AI_SJE_HomeBurns_20260717b.mov,01:29:14:00,01:29:16:10,2.42,2:10,2026-07-17,Chat GPT; Krea,,
CTD_103_FC_20260807,103,CTD_AI_SJE_HomeBurns_20260717c.mov,01:29:19:10,01:29:20:18,1.33,1:08,2026-07-17,Chat GPT; Krea,,
CTD_103_FC_20260807,103,CTD_AI_SJE_HomeBurns_20260717d.mov,01:29:20:18,01:29:22:13,1.79,1:19,2026-07-17,Chat GPT; Krea,,
CTD_103_FC_20260807,103,CTD_AI_SJE_HomeBurns_20260717e.mov,01:29:22:13,01:29:23:16,1.13,1:24,2026-07-17,Chat GPT; Krea,,
CTD_103_FC_20260807,103,CTD_AI_SJE_HomeBurns_20260717c.mov,01:29:23:16,01:29:26:07,2.63,2:15,2026-07-17,Chat GPT; Krea,,
CTD_103_FC_20260807,103,CTD_AI_SJE_ResidentHellPOV_20260717c.mov,01:29:29:08,01:29:31:18,2.42,2:10,2026-07-17,Chat GPT; Krea,,
CTD_103_FC_20260807,103,CTD_AI_SJE_DominoEffect0_20260713_4c.mov,01:29:31:18,01:29:33:06,1.5,1:12,2026-07-13,,,
CTD_103_FC_20260807,103,CTD_AI_SJE_ResidentHellPOV_20260717.mov,01:29:34:16,01:29:37:12,2.83,2:20,2026-07-17,Chat GPT; Krea,,
CTD_103_FC_20260807,103,CTD_AI_SJE_DominoEffect01D_20260618.mov,01:29:37:12,01:29:39:18,2.25,2:06,2026-06-18,,,
CTD_103_FC_20260807,103,CTD_AI_SJE_HomeBurns_20260717d.mov,01:29:39:18,01:29:41:09,1.63,1:15,2026-07-17,Chat GPT; Krea,,
CTD_103_FC_20260807,103,CTD_AI_SJE_ResidentHellPOV_20260717d.mov,01:29:41:09,01:29:43:03,1.75,1:18,2026-07-17,Chat GPT; Krea,,
CTD_103_FC_20260807,103,CTD_AI_AA191_Taxi_20260605_1a.mov,01:30:23:12,01:30:25:16,2.17,2:04,2026-06-05,Chat GPT; Krea,,
CTD_103_FC_20260807,103,CTD_AI_AA191_Taxi_20260605_3a.mov,01:30:25:16,01:30:27:17,2.04,2:01,2026-06-05,Chat GPT; Krea,,
CTD_103_FC_20260807,103,CTD_AI_AA191_PlaneRolling_20260605_1b.mov,01:30:35:06,01:30:36:19,1.54,1:13,2026-06-05,Chat GPT; Krea,,
CTD_103_FC_20260807,103,CTD_AI_AA191_POVcrash_20260605_1c.mov,01:30:36:19,01:30:38:19,2,2:00,2026-06-05,Chat GPT; Krea,,
CTD_103_FC_20260807,103,CTD_AI_AA191_PlaneCrash_20260605_2a.mov,01:30:38:19,01:30:40:05,1.42,1:10,2026-06-05,Chat GPT; Krea,,
CTD_103_FC_20260807,103,CTD_AI_AA191_PlaneCrash_20260605_1b.mov,01:30:40:05,01:30:41:00,0.79,0:19,2026-06-05,Chat GPT; Krea,,
CTD_103_FC_20260807,103,CTD_AI_AA191_PlaneCrash_20260605_1b.mov,01:30:41:00,01:30:42:06,1.25,1:06,2026-06-05,Chat GPT; Krea,,
CTD_103_FC_20260807,103,CTD_AI_AA191_Taxi_20260605_1a.mov,01:30:58:10,01:31:02:02,3.67,3:16,2026-06-05,Chat GPT; Krea,,
CTD_103_FC_20260807,103,CTD_AI_AA191_Taxi_20260605_4a.mov,01:31:04:10,01:31:07:19,3.38,3:09,2026-06-05,Chat GPT; Krea,,
CTD_103_FC_20260807,103,CTD_AI_AA191_Taxi_20260605_3a.mov,01:31:18:04,01:31:23:06,5.08,5:02,2026-06-05,Chat GPT; Krea,,
CTD_103_FC_20260807,103,CTD_AI_AA191_EngineDetaches_20260702_1a.mov,01:31:33:13,01:31:35:16,2.13,2:03,2026-07-02,,,
CTD_103_FC_20260807,103,CTD_AI_AA191_WingTears_20260714_1b.mov,01:31:39:20,01:31:42:08,2.5,2:12,2026-07-14,,,
CTD_103_FC_20260807,103,CTD_AI_AA191_AdjustRudder03_20260714_1a.mov,01:32:01:14,01:32:04:07,2.71,2:17,2026-07-14,,,
CTD_103_FC_20260807,103,CTD_AI_AA191_ATCRespond_20260605_3b.mov,01:32:12:13,01:32:14:13,2,2:00,2026-06-05,Chat GPT; Krea,,
CTD_103_FC_20260807,103,CTD_AI_AA191_POVWindow_20260610_1a.mov,01:32:25:02,01:32:30:05,5.13,5:03,2026-06-10,Chat GPT; Krea,,
CTD_103_FC_20260807,103,CTD_AI_AA191_AdjustRudder03_20260714_1b.mov,01:32:46:11,01:32:48:21,2.42,2:10,2026-07-14,,,
CTD_103_FC_20260807,103,CTD_AI_AA191_POVWindow_20260610_1b.mov,01:32:55:20,01:32:58:08,2.5,2:12,2026-06-10,Chat GPT; Krea,,
CTD_103_FC_20260807,103,CTD_AI_AA191_POVWindow_20260610_1b.mov,01:33:19:10,01:33:23:10,4,4:00,2026-06-10,Chat GPT; Krea,,
CTD_103_FC_20260807,103,CTD_AI_AA191_PlaneRolling_20260605_1b.mov,01:33:34:09,01:33:35:12,1.13,1:24,2026-06-05,Chat GPT; Krea,,
CTD_103_FC_20260807,103,CTD_AI_AA191_AdjustRudder03_20260714_2d.mov,01:33:35:12,01:33:37:02,1.58,1:14,2026-07-14,,,
CTD_103_FC_20260807,103,CTD_AI_AA191_AdjustRudder_20260610_3b.mov,01:33:37:02,01:33:39:13,2.46,2:11,2026-06-10,Chat GPT; Krea,,
CTD_103_FC_20260807,103,CTD_AI_AA191_AdjustRudder_20260605_1a.mov,01:33:41:19,01:33:43:00,1.21,1:05,2026-06-05,Chat GPT; Krea,,
CTD_103_FC_20260807,103,CTD_AI_AA191_AdjustRudder_20260610_1a.mov,01:33:43:00,01:33:45:22,2.92,2:22,2026-06-10,Chat GPT; Krea,,
CTD_103_FC_20260807,103,CTD_AI_AA191_AdjustRudder_20260728_1a.mov,01:33:51:13,01:33:53:10,1.88,1:21,2026-07-28,Kling; Nano Banana,,
CTD_103_FC_20260807,103,CTD_AI_AA191_AdjustRudder03_20260714_2c.mov,01:34:11:04,01:34:13:12,2.33,2:08,2026-07-14,,,
CTD_103_FC_20260807,103,CTD_AI_AA191_POVcrash_20260605_1c.mov,01:34:13:12,01:34:17:09,3.88,3:21,2026-06-05,Chat GPT; Krea,,
CTD_103_FC_20260807,103,CTD_AI_AA191_PlaneCrash_20260605_2a.mov,01:34:17:09,01:34:18:19,1.42,1:10,2026-06-05,Chat GPT; Krea,,
CTD_103_FC_20260807,103,CTD_AI_AA191_PlaneCrash_20260605_1b.mov,01:34:18:19,01:34:19:14,0.79,0:19,2026-06-05,Chat GPT; Krea,,
CTD_103_FC_20260807,103,CTD_AI_AA191_PlaneCrash_20260605_1b.mov,01:34:19:14,01:34:20:20,1.25,1:06,2026-06-05,Chat GPT; Krea,,
CTD_103_FC_20260807,103,CTD_AI_AA191_PlaneCrash_20260605_1b.mov,01:34:20:20,01:34:21:21,1.04,1:01,2026-06-05,Chat GPT; Krea,,
CTD_103_FC_20260807,103,CTD_AI_HMB_GameOfChicken_20260731_5a.mov,01:35:50:12,01:35:52:10,1.92,1:22,2026-07-30,Chat GPT; Krea,,
CTD_103_FC_20260807,103,CTD_AI_HMB_MontBlanc_20260731_1b.mov,01:35:52:10,01:35:53:19,1.38,1:09,2026-07-30,Chat GPT; Krea,,
CTD_103_FC_20260807,103,CTD_AI_HMB_POVBowMB_063026_1c.mov,01:35:53:19,01:35:55:04,1.38,1:09,2026-06-30,Chat GPT; Krea,,
CTD_103_FC_20260807,103,CTD_AI_HMB_ShipsParallel02_063026_1c.mov,01:35:55:04,01:35:56:14,1.42,1:10,2026-06-30,Chat GPT; Krea,,
CTD_103_FC_20260807,103,CTD_AI_HMB_SpilledBenzol_20260630_1a.mov,01:35:56:14,01:35:58:04,1.58,1:14,2026-06-30,Chat GPT; Krea,,
CTD_103_FC_20260807,103,CTD_AI_HMB_MBExplodes_063026_1b.mov,01:35:58:04,01:35:59:08,1.17,1:04,2026-06-30,Chat GPT; Krea,,
CTD_103_FC_20260807,103,CTD_AI_HMB_Explosions_20260731_1b.mov,01:35:59:08,01:36:00:14,1.25,1:06,2026-07-30,Chat GPT; Krea,,
CTD_103_FC_20260807,103,CTD_AI_HMB_Explosions_20260731_2a.mov,01:36:00:14,01:36:02:10,1.83,1:20,2026-07-30,Chat GPT; Krea,,
CTD_103_FC_20260807,103,CTD_AI_HMB_Explosions_20260731_1c.mov,01:36:03:23,01:36:05:05,1.25,1:06,2026-07-30,Chat GPT; Krea,,
CTD_103_FC_20260807,103,CTD_AI_HMB_Explosions_20260731_3a.mov,01:36:05:05,01:36:06:13,1.33,1:08,2026-07-30,Chat GPT; Krea,,
CTD_103_FC_20260807,103,CTD_AI_HMB_ESTABnight_20260731_1a.mov,01:37:06:21,01:37:11:22,5.04,5:01,2026-07-30,Chat GPT; Krea,,
CTD_103_FC_20260807,103,CTD_AI_HMB_SubmarineNetsRaised_063026_1b.mov,01:37:30:01,01:37:32:06,2.21,2:05,2026-06-30,Chat GPT; Krea,,
CTD_103_FC_20260807,103,CTD_AI_HMB_SubmarineNetsRaised_1a.mov,01:37:32:06,01:37:34:04,1.92,1:22,2026-06-29,Chat GPT; Krea,,
CTD_103_FC_20260807,103,CTD_AI_HMB_MontBlancNIGHT_20260731_1b.mov,01:37:48:09,01:37:52:10,4.04,4:01,2026-07-30,Chat GPT; Krea,,
CTD_103_FC_20260807,103,CTD_AI_HMB_BarrelsCargo_20260731_1b.mov,01:37:54:18,01:37:56:08,1.58,1:14,2026-07-30,Chat GPT; Krea,,
CTD_103_FC_20260807,103,CTD_AI_HMB_BarrelsCargo_20260731_1d.mov,01:37:56:08,01:37:58:07,1.96,1:23,2026-07-30,Chat GPT; Krea,,
CTD_103_FC_20260807,103,CTD_AI_HMB_ApproachingMB_063026_1b.mov,01:37:58:07,01:38:01:02,2.79,2:19,2026-06-30,Chat GPT; Krea,,
CTD_103_FC_20260807,103,CTD_AI_HMB_BarrelsCargo_20260731_1c.mov,01:38:08:09,01:38:10:18,2.38,2:09,2026-07-30,Chat GPT; Krea,,
CTD_103_FC_20260807,103,CTD_AI_HMB_Inspection02_063026_1c.mov,01:38:10:18,01:38:13:11,2.71,2:17,2026-06-30,Chat GPT; Krea,,
CTD_103_FC_20260807,103,CTD_AI_HMB_BarrelsCargo_20260731_2a.mov,01:38:13:11,01:38:15:21,2.42,2:10,2026-07-30,Chat GPT; Krea,,
CTD_103_FC_20260807,103,CTD_AI_HMB_SubmarineNetsLowered_20260630_1h.mov,01:38:32:14,01:38:35:18,3.17,3:04,2026-06-30,Chat GPT; Krea,,
CTD_103_FC_20260807,103,CTD_AI_HMB_SubmarineNetsLowered_20260630_1c.mov,01:38:35:18,01:38:38:12,2.75,2:18,2026-06-30,Chat GPT; Krea,,
CTD_103_FC_20260807,103,CTD_AI_HMB_ImoStartsLeaving01_062926_1a.mov,01:38:43:03,01:38:46:13,3.42,3:10,2026-06-29,Chat GPT; Krea,,
CTD_103_FC_20260807,103,CTD_AI_HMB_ImoInPassage01_063026_1a.mov,01:38:46:13,01:38:48:13,2,2:00,2026-06-30,Chat GPT; Krea,,
CTD_103_FC_20260807,103,CTD_AI_HMB_ESTABS_20260731_4a.mov,01:38:48:13,01:38:51:07,2.75,2:18,2026-07-30,Chat GPT; Krea,,
CTD_103_FC_20260807,103,CTD_AI_HMB_MontBlanc_20260731_1b.mov,01:38:54:05,01:38:55:20,1.63,1:15,2026-07-30,Chat GPT; Krea,,
CTD_103_FC_20260807,103,CTD_AI_HMB_MontBlancWIDE_20260731_1a.mov,01:38:55:20,01:38:58:17,2.88,2:21,2026-07-30,Chat GPT; Krea,,
CTD_103_FC_20260807,103,CTD_AI_HMB_BridgeView_20260731_4a.mov,01:39:06:08,01:39:09:08,3,3:00,2026-07-30,Chat GPT; Krea,,
CTD_103_FC_20260807,103,CTD_AI_HMB_MBInPassage02_063026_1b.mov,01:39:09:08,01:39:11:20,2.5,2:12,2026-06-30,Chat GPT; Krea,,
CTD_103_FC_20260807,103,CTD_AI_HMB_IMO_20260731_1c.mov,01:39:11:20,01:39:14:08,2.5,2:12,2026-07-30,Chat GPT; Krea,,
CTD_103_FC_20260807,103,CTD_AI_HMB_IMO_20260731_1a.mov,01:39:14:08,01:39:17:18,3.42,3:10,2026-07-30,Chat GPT; Krea,,
CTD_103_FC_20260807,103,CTD_AI_HMB_MBInPassage03_062926_1a.mov,01:39:17:18,01:39:20:11,2.71,2:17,2026-06-29,Chat GPT; Krea,,
CTD_103_FC_20260807,103,CTD_AI_HMB_MontBlanc_20260731_1i.mov,01:39:22:20,01:39:24:11,1.63,1:15,2026-07-30,Chat GPT; Krea,,
CTD_103_FC_20260807,103,CTD_AI_HMB_BridgeView_20260731_4c.mov,01:39:24:11,01:39:26:09,1.92,1:22,2026-07-30,Chat GPT; Krea,,
CTD_103_FC_20260807,103,CTD_AI_HMB_MBWhistle_062926_1a.mov,01:39:26:09,01:39:28:01,1.67,1:16,2026-06-29,Chat GPT; Krea,,
CTD_103_FC_20260807,103,CTD_AI_HMB_MontBlanc_20260731_1f.mov,01:39:28:01,01:39:30:06,2.21,2:05,2026-07-30,Chat GPT; Krea,,
CTD_103_FC_20260807,103,CTD_AI_HMB_IMO_20260731_1c.mov,01:39:30:06,01:39:34:16,4.42,4:10,2026-07-30,Chat GPT; Krea,,
CTD_103_FC_20260807,103,CTD_AI_HMB_IMOwhistle2_20260731_1b.mov,01:39:36:03,01:39:37:00,0.88,0:21,2026-07-30,Chat GPT; Krea,,
CTD_103_FC_20260807,103,CTD_AI_HMB_IMO_20260731_2b.mov,01:39:37:00,01:39:40:03,3.13,3:03,2026-07-30,Chat GPT; Krea,,
CTD_103_FC_20260807,103,CTD_AI_HMB_MontBlanc_20260731_1b.mov,01:39:42:12,01:39:44:17,2.21,2:05,2026-07-30,Chat GPT; Krea,,
CTD_103_FC_20260807,103,CTD_AI_HMB_MBInPassage02_063026_1c.mov,01:39:44:17,01:39:46:23,2.25,2:06,2026-06-30,Chat GPT; Krea,,
CTD_103_FC_20260807,103,CTD_AI_HMB_GameOfChicken_20260731_3a.mov,01:39:51:18,01:39:54:01,2.29,2:07,2026-07-30,Chat GPT; Krea,,
CTD_103_FC_20260807,103,CTD_AI_HMB_ImoInPassage02_063026_1b.mov,01:39:54:01,01:39:55:19,1.75,1:18,2026-06-30,Chat GPT; Krea,,
CTD_103_FC_20260807,103,CTD_AI_HMB_MontBlanc_20260731_1e.mov,01:39:57:23,01:39:59:08,1.38,1:09,2026-07-30,Chat GPT; Krea,,
CTD_103_FC_20260807,103,CTD_AI_HMB_GameOfChicken_20260731_4a.mov,01:39:59:08,01:40:02:01,2.71,2:17,2026-07-30,Chat GPT; Krea,,
CTD_103_FC_20260807,103,CTD_AI_HMB_Collision_20260731_1a.mov,01:40:04:06,01:40:06:18,2.5,2:12,2026-07-30,Chat GPT; Krea,,
CTD_103_FC_20260807,103,CTD_AI_HMB_GameOfChicken_20260731_5a.mov,01:40:06:18,01:40:09:01,2.29,2:07,2026-07-30,Chat GPT; Krea,,
CTD_103_FC_20260807,103,CTD_AI_HMB_IMO_20260731_3c.mov,01:40:09:01,01:40:11:08,2.29,2:07,2026-07-30,Chat GPT; Krea,,
CTD_103_FC_20260807,103,CTD_AI_HMB_Collision_20260731_6b.mov,01:40:14:12,01:40:16:00,1.5,1:12,2026-07-30,Chat GPT; Krea,,
CTD_103_FC_20260807,103,CTD_AI_HMB_POVBowMB_063026_1c.mov,01:40:16:00,01:40:18:08,2.33,2:08,2026-06-30,Chat GPT; Krea,,
CTD_103_FC_20260807,103,CTD_AI_HMB_Collision_20260731_1a.mov,01:40:18:08,01:40:21:22,3.58,3:14,2026-07-30,Chat GPT; Krea,,
CTD_103_FC_20260807,103,CTD_AI_HMB_ShipsParallel02_063026_1c.mov,01:40:25:01,01:40:29:05,4.17,4:04,2026-06-30,Chat GPT; Krea,,
CTD_103_FC_20260807,103,CTD_AI_HMB_SpilledBenzol_20260630_1a.mov,01:40:32:12,01:40:36:16,4.17,4:04,2026-06-30,Chat GPT; Krea,,
CTD_103_FC_20260807,103,CTD_AI_HMB_SparksReachBenzol_063026_1b.mov,01:40:39:09,01:40:41:03,1.75,1:18,2026-06-30,Chat GPT; Krea,,
CTD_103_FC_20260807,103,CTD_AI_HMB_Collision_20260731_5a.mov,01:40:41:03,01:40:43:23,2.83,2:20,2026-07-30,Chat GPT; Krea,,
CTD_103_FC_20260807,103,CTD_AI_HMB_EngulfedInFlames_063026_1b.mov,01:40:43:23,01:40:46:18,2.79,2:19,2026-06-30,Chat GPT; Krea,,
CTD_103_FC_20260807,103,CTD_AI_HMB_MBfire_20260731_2a.mov,01:40:46:18,01:40:49:04,2.42,2:10,2026-07-30,Chat GPT; Krea,,
CTD_103_FC_20260807,103,CTD_AI_HMB_MBfire_20260731_4e.mov,01:40:49:04,01:40:51:02,1.92,1:22,2026-07-30,Chat GPT; Krea,,
CTD_103_FC_20260807,103,CTD_AI_HMB_MBfire_20260731_5a.mov,01:40:53:12,01:40:55:17,2.21,2:05,2026-07-30,Chat GPT; Krea,,
CTD_103_FC_20260807,103,CTD_AI_HMB_CrewLifeBoats_20260731_1a.mov,01:40:55:17,01:40:57:12,1.79,1:19,2026-07-30,Chat GPT; Krea,,
CTD_103_FC_20260807,103,CTD_AI_HMB_CrewLifeBoats_20260731_3a.mov,01:40:57:12,01:40:59:12,2,2:00,2026-07-30,Chat GPT; Krea,,
CTD_103_FC_20260807,103,CTD_AI_HMB_EngulfedInFlames_062926_1a.mov,01:41:03:23,01:41:06:04,2.21,2:05,2026-06-29,Chat GPT; Krea,,
CTD_103_FC_20260807,103,CTD_AI_HMB_MBfire_20260731_4d.mov,01:41:06:04,01:41:10:17,4.54,4:13,2026-07-30,Chat GPT; Krea,,
CTD_103_FC_20260807,103,CTD_AI_HMB_MBExplodes_062926_1a.mov,01:41:10:17,01:41:12:22,2.21,2:05,2026-06-29,Chat GPT; Krea,,
CTD_103_FC_20260807,103,CTD_AI_HMB_EngulfedInFlames_062926_1a.mov,01:41:12:22,01:41:14:05,1.29,1:07,2026-06-29,Chat GPT; Krea,,
CTD_103_FC_20260807,103,CTD_AI_HMB_Explosions_20260731_1b.mov,01:41:14:05,01:41:16:05,2,2:00,2026-07-30,Chat GPT; Krea,,
CTD_103_FC_20260807,103,CTD_AI_HMB_EngulfedInFlames_062926_1a.mov,01:41:16:05,01:41:18:06,2.04,2:01,2026-06-29,Chat GPT; Krea,,
CTD_103_FC_20260807,103,CTD_AI_HMB_MBExplodes_063026_1b.mov,01:41:18:06,01:41:21:19,3.54,3:13,2026-06-30,Chat GPT; Krea,,
CTD_103_FC_20260807,103,CTD_AI_HMB_Explosions_20260731_2a.mov,01:41:21:19,01:41:24:00,2.21,2:05,2026-07-30,Chat GPT; Krea,,
CTD_103_FC_20260807,103,CTD_AI_HMB_Explosions_20260731_1b.mov,01:41:24:00,01:41:25:09,1.38,1:09,2026-07-30,Chat GPT; Krea,,
CTD_103_FC_20260807,103,CTD_AI_HMB_Explosions_20260731_3a.mov,01:41:25:09,01:41:26:17,1.33,1:08,2026-07-30,Chat GPT; Krea,,
CTD_103_FC_20260807,103,CTD_AI_HMB_Explosions_20260731_5a.mov,01:41:30:16,01:41:33:17,3.04,3:01,2026-07-30,Chat GPT; Krea,,
CTD_103_FC_20260807,103,CTD_AI_HMB_Explosions_20260731_2a.mov,01:41:33:17,01:41:34:16,0.96,0:23,2026-07-30,Chat GPT; Krea,,
CTD_103_FC_20260807,103,CTD_AI_HMB_Explosions_20260731_1c.mov,01:41:52:07,01:41:53:23,1.67,1:16,2026-07-30,Chat GPT; Krea,,
CTD_103_FC_20260807,103,CTD_AI_HMB_BigWave_20260731_2a.mov,01:41:53:23,01:41:56:01,2.08,2:02,2026-07-30,Chat GPT; Krea,,
CTD_103_FC_20260807,103,CTD_AI_HMB_BigWave_20260731_1b.mov,01:41:56:01,01:41:57:23,1.92,1:22,2026-07-30,Chat GPT; Krea,,
CTD_103_FC_20260807,103,CTD_AI_HMB_Tsunami_063026_1b.mov,01:42:00:14,01:42:01:21,1.29,1:07,2026-06-30,Chat GPT; Krea,,
CTD_103_FC_20260807,103,CTD_AI_HMB_BigWave_20260731_1a.mov,01:42:01:21,01:42:03:05,1.33,1:08,2026-07-30,Chat GPT; Krea,,
CTD_103_FC_20260807,103,CTD_AI_HMB_BigWave_20260731_2a.mov,01:42:03:05,01:42:04:15,1.42,1:10,2026-07-30,Chat GPT; Krea,,
CTD_103_FC_20260807,103,CTD_AI_HMB_MackeySentFlying_063026_1b.mov,01:42:07:04,01:42:09:19,2.63,2:15,2026-06-30,Chat GPT; Krea,,
CTD_103_FC_20260807,103,CTD_AI_HMB_Collision_20260731_1a.mov,01:42:09:19,01:42:11:07,1.5,1:12,2026-07-30,Chat GPT; Krea,,
CTD_103_FC_20260807,103,CTD_AI_HMB_Collision_20260731_1a.mov,01:42:14:02,01:42:18:02,4,4:00,2026-07-30,Chat GPT; Krea,,
CTD_103_FC_20260807,103,CTD_AI_HMB_Explosions_20260731_1b.mov,01:42:39:03,01:42:40:12,1.38,1:09,2026-07-30,Chat GPT; Krea,,
CTD_103_FC_20260807,103,CTD_AI_HMB_Explosions_20260731_3a.mov,01:42:40:12,01:42:41:10,0.92,0:22,2026-07-30,Chat GPT; Krea,,
CTD_103_FC_20260807,103,CTD_AI_HMB_Explosions_20260731_2a.mov,01:42:41:10,01:42:43:02,1.67,1:16,2026-07-30,Chat GPT; Krea,,
CTD_103_FC_20260807,103,CTD_AI_LMR_BrakesFail01_20260630_1b.mov,01:42:43:06,01:42:43:10,0.17,0:04,2026-06-30,Chat GPT; Krea,,
CTD_103_FC_20260807,103,CTD_AI_LMR_BrakesFail01_20260630_1b.mov,01:42:43:10,01:42:44:19,1.38,1:09,2026-06-30,Chat GPT; Krea,,
CTD_103_FC_20260807,103,CTD_AI_LMR_trainmisc_20260630_1b.mov,01:42:44:19,01:42:46:06,1.46,1:11,2026-06-30,Chat GPT; Krea,,
CTD_103_FC_20260807,103,CTD_AI_LMR_Outskirts01_20260717_1c.mov,01:42:46:06,01:42:47:05,0.96,0:23,2026-07-17,Krea; Nano Banana,,
CTD_103_FC_20260807,103,CTD_AI_SDS_Inspection_20260702_1b.mov,01:42:47:05,01:42:48:05,1,1:00,2026-07-02,Chat GPT; Krea,,
CTD_103_FC_20260807,103,CTD_AI_SDS_Pillar_20260611_1a.mov,01:42:48:05,01:42:48:22,0.71,0:17,2026-06-11,Chat GPT; Krea,,
CTD_103_FC_20260807,103,CTD_AI_SDS_Inspection_20260721_4a.mov,01:42:48:22,01:42:49:16,0.75,0:18,2026-07-21,Chat GPT; Krea,,
CTD_103_FC_20260807,103,CTD_AI_HMB_GameOfChicken_20260731_5a.mov,01:42:49:16,01:42:50:09,0.71,0:17,2026-07-30,Chat GPT; Krea,,
CTD_103_FC_20260807,103,CTD_AI_HMB_POVBowMB_063026_1c.mov,01:42:50:09,01:42:51:05,0.83,0:20,2026-06-30,Chat GPT; Krea,,
CTD_103_FC_20260807,103,CTD_AI_SJE_GasIgnites_20260717b.mov,01:42:51:05,01:42:51:22,0.71,0:17,2026-07-17,Chat GPT; Krea,,
CTD_103_FC_20260807,103,CTD_AI_SJE_HomeBurns_20260717.mov,01:42:51:22,01:42:52:09,0.46,0:11,2026-07-17,Chat GPT; Krea,,
CTD_103_FC_20260807,103,CTD_AI_SJE_HomeBurns_20260717c.mov,01:42:52:09,01:42:53:12,1.13,1:24,2026-07-17,Chat GPT; Krea,,
CTD_103_FC_20260807,103,CTD_AI_SDS_BuildingCollapses_20260623_3A.mov,01:42:53:12,01:42:54:07,0.79,0:19,2026-06-22,Chat GPT; Krea,,
CTD_103_FC_20260807,103,CTD_AI_SDS_RoofCollapse02_20260702_1d.mov,01:42:54:07,01:42:55:03,0.83,0:20,2026-07-02,,,
CTD_103_FC_20260807,103,CTD_AI_SDS_BuildingCollapses_20260623_2B.mov,01:42:55:03,01:42:55:21,0.75,0:18,2026-06-22,Chat GPT; Krea,,
CTD_103_FC_20260807,103,CTD_AI_CCS_SeawaterGushesIn01_20260715_1a.mov,01:42:55:21,01:42:57:01,1.17,1:04,2026-07-16,,,
CTD_103_FC_20260807,103,CTD_AI_CCS_SeawaterGushesIn01_20260715_2a.mov,01:42:57:01,01:42:57:20,0.79,0:19,2026-07-16,,,
CTD_103_FC_20260807,103,CTD_AI_AA191_PlaneCrash_20260605_1b.mov,01:42:57:20,01:42:58:15,0.79,0:19,2026-06-05,Chat GPT; Krea,,
CTD_103_FC_20260807,103,CTD_AI_AA191_PlaneCrash_20260605_1b.mov,01:42:58:15,01:42:59:21,1.25,1:06,2026-06-05,Chat GPT; Krea,,
CTD_103_FC_20260807,103,CTD_AI_AA191_PlaneCrash_20260605_1b.mov,01:42:59:21,01:43:00:22,1.04,1:01,2026-06-05,Chat GPT; Krea,,
CTD_103_RC_20260721,103,CTD_AI_AA191_Taxi_20260605_1a.mov,01:00:10:00,01:00:11:07,1.29,1:07,2026-06-05,Chat GPT; Krea,,
CTD_103_RC_20260721,103,CTD_AI_LMR_trainmisc_20260630_1b.mov,01:00:11:07,01:00:12:06,0.96,0:23,2026-06-30,Chat GPT; Krea,,
CTD_103_RC_20260721,103,CTD_AI_HMB_MBInPassage01_062926_1a.mov,01:00:12:06,01:00:13:08,1.08,1:02,2026-06-29,Chat GPT; Krea,,
CTD_103_RC_20260721,103,CTD_AI_CCS_HardToStarboard02_20260707_1a.mov,01:00:13:08,01:00:14:02,0.75,0:18,2026-07-07,Chat GPT; Krea,,
CTD_103_RC_20260721,103,CTD_AI_LMR_trainmisc_20260630_1d.mov,01:00:14:02,01:00:14:23,0.88,0:21,2026-06-30,Chat GPT; Krea,,
CTD_103_RC_20260721,103,CTD_AI_SDS_Briefcase_20260610_1a.mov,01:00:14:23,01:00:16:06,1.29,1:07,2026-06-10,Chat GPT; Krea,,
CTD_103_RC_20260721,103,CTD_AI_CCS_BowClears_20260615_1a.mov,01:00:16:06,01:00:17:06,1,1:00,2026-06-15,Chat GPT; Krea,,
CTD_103_RC_20260721,103,CTD_AI_SJE_PipeRuptures_20260717.mov,01:00:17:06,01:00:18:02,0.83,0:20,2026-07-17,Chat GPT; Krea,,
CTD_103_RC_20260721,103,CTD_AI_SJE_GasGhost0_20260713_1b.mov,01:00:18:02,01:00:18:20,0.75,0:18,2026-07-13,,,
CTD_103_RC_20260721,103,CTD_AI_HMB_ShipsParallel02_063026_1c.mov,01:00:18:20,01:00:20:00,1.17,1:04,2026-06-30,Chat GPT; Krea,,
CTD_103_RC_20260721,103,CTD_AI_AA191_AdjustRudder03_20260714_2d.mov,01:00:20:00,01:00:21:22,1.92,1:22,2026-07-14,,,
CTD_103_RC_20260721,103,CTD_AI_LMR_Outskirts01_20260717_1c.mov,01:00:23:16,01:00:24:04,0.5,0:12,2026-07-17,Krea; Nano Banana,,
CTD_103_RC_20260721,103,CTD_AI_LMR_Outskirts01_20260717_1c.mov,01:00:24:04,01:00:25:05,1.04,1:01,2026-07-17,Krea; Nano Banana,,
CTD_103_RC_20260721,103,CTD_AI_LMR_Outskirts01_20260717_1c.mov,01:00:25:05,01:00:26:02,0.88,0:21,2026-07-17,Krea; Nano Banana,,
CTD_103_RC_20260721,103,CTD_AI_LMR_MassiveExplosion_20260603.mov,01:00:26:02,01:00:27:23,1.88,1:21,2026-06-05,Chat GPT; Krea,,
CTD_103_RC_20260721,103,CTD_AI_LMR_PowerOut01_20260717_1c.mov,01:00:36:11,01:00:37:08,0.88,0:21,2026-07-17,Krea; Nano Banana,,
CTD_103_RC_20260721,103,CTD_AI_LMR_PowerOut02_20260717_1b.mov,01:00:37:08,01:00:39:01,1.71,1:17,2026-07-17,Krea; Nano Banana,,
CTD_103_RC_20260721,103,CTD_AI_CCS_TooFastToTurn_20260611_1a.mov,01:00:39:01,01:00:42:17,3.67,3:16,2026-06-11,Chat GPT; Krea,,
CTD_103_RC_20260721,103,CTD_AI_CCS_MassiveGash02_20260715_1a.mov,01:00:42:17,01:00:43:05,0.5,0:12,2026-07-16,,,
CTD_103_RC_20260721,103,CTD_AI_CCS_SeawaterGushesIn01_20260715_3a.mov,01:00:43:05,01:00:44:11,1.25,1:06,2026-07-16,,,
CTD_103_RC_20260721,103,CTD_AI_CCS_SeawaterGushesIn01_20260715_3a.mov,01:00:44:11,01:00:45:11,1,1:00,2026-07-16,,,
CTD_103_RC_20260721,103,CTD_AI_CCS_PeopleJump_20260715_3a.mov,01:00:52:16,01:00:54:03,1.46,1:11,2026-07-16,,,
CTD_103_RC_20260721,103,CTD_AI_CCS_PeopleJump_20260715_5a.mov,01:00:54:03,01:00:55:12,1.38,1:09,2026-07-16,,,
CTD_103_RC_20260721,103,CTD_AI_SDS_ACUnit_20260611_1b.mov,01:00:55:12,01:00:56:22,1.42,1:10,2026-06-11,Chat GPT; Krea,,
CTD_103_RC_20260721,103,CTD_AI_SDS_Cracking_20260623_1A.mov,01:00:56:22,01:00:58:07,1.38,1:09,2026-06-22,Chat GPT; Krea,,
CTD_103_RC_20260721,103,CTD_AI_SDS_RoofCollapse02_20260702_1d.mov,01:00:58:07,01:00:59:16,1.38,1:09,2026-07-02,,,
CTD_103_RC_20260721,103,CTD_AI_SDS_SukTrapped_20260702_1c.mov,01:00:59:16,01:01:00:15,0.96,0:23,2026-07-02,,,
CTD_103_RC_20260721,103,CTD_AI_SDS_SukTrapped_20260702_1b.mov,01:01:00:15,01:01:02:12,1.88,1:21,2026-07-02,Chat GPT; Krea,,
CTD_103_RC_20260721,103,CTD_AI_SDS_BuildingCollapses_20260623_3A.mov,01:01:03:21,01:01:04:23,1.08,1:02,2026-06-22,Chat GPT; Krea,,
CTD_103_RC_20260721,103,CTD_AI_SDS_RoofCollapse02_20260702_1d.mov,01:01:04:23,01:01:05:15,0.67,0:16,2026-07-02,,,
CTD_103_RC_20260721,103,CTD_AI_SDS_BuildingCollapses_20260623_2B.mov,01:01:05:15,01:01:07:06,1.63,1:15,2026-06-22,Chat GPT; Krea,,
CTD_103_RC_20260721,103,CTD_AI_HMB_SparksReachBenzol_063026_1b.mov,01:01:07:06,01:01:08:06,1,1:00,2026-06-30,Chat GPT; Krea,,
CTD_103_RC_20260721,103,CTD_AI_HMB_SparksMB_062926_1a.mov,01:01:08:06,01:01:09:06,1,1:00,2026-06-29,Chat GPT; Krea,,
CTD_103_RC_20260721,103,CTD_AI_SDS_RoofCollapse02_20260702_1b.mov,01:01:09:06,01:01:10:01,0.79,0:19,2026-07-02,Chat GPT; Krea,,
CTD_103_RC_20260721,103,CTD_AI_AA191_AdjustRudder03_20260714_1a.mov,01:01:10:01,01:01:11:05,1.17,1:04,2026-07-14,,,
CTD_103_RC_20260721,103,CTD_AI_HMB_MackeySpotsImo01_063026_1b.mov,01:01:11:05,01:01:12:03,0.92,0:22,2026-06-30,Chat GPT; Krea,,
CTD_103_RC_20260721,103,CTD_AI_AA191_POVWindow_20260610_1b.mov,01:01:12:03,01:01:13:00,0.88,0:21,2026-06-10,Chat GPT; Krea,,
CTD_103_RC_20260721,103,CTD_AI_CCS_SeawaterGushesIn01_20260715_1a.mov,01:01:13:00,01:01:13:23,0.96,0:23,2026-07-16,,,
CTD_103_RC_20260721,103,CTD_AI_CCS_SeawaterGushesIn01_20260715_2a.mov,01:01:13:23,01:01:14:15,0.67,0:16,2026-07-16,,,
CTD_103_RC_20260721,103,CTD_AI_SJE_HomeBurns_20260717d.mov,01:01:14:15,01:01:15:10,0.79,0:19,2026-07-17,Chat GPT; Krea,,
CTD_103_RC_20260721,103,CTD_AI_SJE_HomeBurns_20260717c.mov,01:01:15:10,01:01:16:22,1.5,1:12,2026-07-17,Chat GPT; Krea,,
CTD_103_RC_20260721,103,CTD_AI_LMR_HazardFlammable_20260707_1a.mov,01:01:47:02,01:01:51:02,4,4:00,2026-07-06,,,
CTD_103_RC_20260721,103,CTD_AI_LMR_JUL8TrainCountrysideDay_20270713_2d.mov,01:01:57:17,01:02:00:20,3.13,3:03,2026-07-13,,,
CTD_103_RC_20260721,103,CTD_AI_LMR_POVWindscreenDusk_20270715_1a.mov,01:02:00:20,01:02:04:21,4.04,4:01,2026-07-15,,,
CTD_103_RC_20260721,103,CTD_AI_LMR_JUL8TrainCountrysideDay_20270713_2a.mov,01:02:09:09,01:02:13:09,4,4:00,2026-07-13,,,
CTD_103_RC_20260721,103,CTD_AI_LMR_BehindLastCar_20260630_1a.mov,01:02:15:00,01:02:20:02,5.08,5:02,2026-06-30,Chat GPT; Krea,,
CTD_103_RC_20260721,103,CTD_AI_LMR_JUL8TrainCountrysideDay_20270713_2g.mov,01:02:24:02,01:02:28:07,4.21,4:05,2026-07-13,,,
CTD_103_RC_20260721,103,CTD_AI_LMR_JUL8TrainCountrysideDay_20270713_1a.mov,01:02:31:07,01:02:35:16,4.38,4:09,2026-07-13,,,
CTD_103_RC_20260721,103,CTD_AI_LMR_TrainStops01_20260717_2a.mov,01:02:42:20,01:02:48:03,5.29,5:07,2026-07-17,Krea; Nano Banana,,
CTD_103_RC_20260721,103,CTD_AI_LMR_ParksOnMainTrack_20260604_1B.mov,01:02:52:15,01:02:57:23,5.33,5:08,2026-06-05,Chat GPT; Krea,,
CTD_103_RC_20260721,103,CTD_AI_LMR_HandBrake01_20270713_2a.mov,01:03:00:20,01:03:02:21,2.04,2:01,2026-07-13,,,
CTD_103_RC_20260721,103,CTD_AI_LMR_HandBrake02_20270713_1a.mov,01:03:02:21,01:03:05:10,2.54,2:13,2026-07-13,,,
CTD_103_RC_20260721,103,CTD_AI_LMR_HardingOnPhone_20270713_1a.mov,01:03:13:22,01:03:17:11,3.54,3:13,2026-07-13,,,
CTD_103_RC_20260721,103,CTD_AI_LMR_TaxiHighway_20270715_1a.mov,01:03:35:01,01:03:41:09,6.33,6:08,2026-07-15,,,
CTD_103_RC_20260721,103,CTD_AI_LMR_FireErupts_20260706_1a.mov,01:04:00:00,01:04:05:20,5.83,5:20,2026-07-06,,,
CTD_103_RC_20260721,103,CTD_AI_LMR_BrakesFail01_20260630_1b.mov,01:04:59:17,01:05:04:22,5.21,5:05,2026-06-30,Chat GPT; Krea,,
CTD_103_RC_20260721,103,CTD_AI_LMR_trainmisc_20260630_1c.mov,01:05:15:09,01:05:18:09,3,3:00,2026-06-30,Chat GPT; Krea,,
CTD_103_RC_20260721,103,CTD_AI_LMR_trainmisc_20260630_1d.mov,01:05:18:09,01:05:20:22,2.54,2:13,2026-06-30,Chat GPT; Krea,,
CTD_103_RC_20260721,103,CTD_AI_LMR_trainmisc_20260630_1d.mov,01:05:25:18,01:05:28:09,2.63,2:15,2026-06-30,Chat GPT; Krea,,
CTD_103_RC_20260721,103,CTD_AI_LMR_trainmisc_20260630_1a.mov,01:05:28:09,01:05:29:20,1.46,1:11,2026-06-30,Chat GPT; Krea,,
CTD_103_RC_20260721,103,CTD_AI_LMR_RueFrontenac01_20260717_1b.mov,01:05:34:13,01:05:37:22,3.38,3:09,2026-07-17,Krea; Nano Banana,,
CTD_103_RC_20260721,103,CTD_AI_LMR_JUL8RueFrontenac02_20260717_2d.mov,01:05:37:22,01:05:40:12,2.58,2:14,2026-07-17,Krea; Nano Banana,,
CTD_103_RC_20260721,103,CTD_AI_LMR_Musi-CafeRevelry02_20260717_2a.mov,01:05:45:21,01:05:48:18,2.88,2:21,2026-07-17,Krea; Nano Banana,,
CTD_103_RC_20260721,103,CTD_AI_LMR_trainmisc_20260630_1d.mov,01:05:48:18,01:05:49:19,1.04,1:01,2026-06-30,Chat GPT; Krea,,
CTD_103_RC_20260721,103,CTD_AI_LMR_trainmisc_20260630_1b.mov,01:05:49:19,01:05:55:18,5.96,5:23,2026-06-30,Chat GPT; Krea,,
CTD_103_RC_20260721,103,CTD_AI_LMR_Outskirts01_20260717_1c.mov,01:05:59:23,01:06:00:11,0.5,0:12,2026-07-17,Krea; Nano Banana,,
CTD_103_RC_20260721,103,CTD_AI_LMR_Outskirts01_20260717_1c.mov,01:06:00:11,01:06:01:12,1.04,1:01,2026-07-17,Krea; Nano Banana,,
CTD_103_RC_20260721,103,CTD_AI_LMR_Outskirts01_20260717_1c.mov,01:06:01:12,01:06:02:09,0.88,0:21,2026-07-17,Krea; Nano Banana,,
CTD_103_RC_20260721,103,CTD_AI_LMR_PowerOut01_20260717_1e.mov,01:06:17:13,01:06:20:19,3.25,3:06,2026-07-17,Krea; Nano Banana,,
CTD_103_RC_20260721,103,CTD_AI_LMR_Musi-CafeRevelry05_20260717_1b.mov,01:06:20:19,01:06:23:07,2.5,2:12,2026-07-17,Krea; Nano Banana,,
CTD_103_RC_20260721,103,CTD_AI_LMR_Musi-CafeRevelry04_20260717_1c.mov,01:06:23:07,01:06:25:01,1.75,1:18,2026-07-17,Krea; Nano Banana,,
CTD_103_RC_20260721,103,CTD_AI_LMR_Musi-CafeRevelry02_20260717_1d.mov,01:06:25:01,01:06:27:04,2.13,2:03,2026-07-17,Krea; Nano Banana,,
CTD_103_RC_20260721,103,CTD_AI_LMR_Musi-CafeRevelry01_20260717_1a.mov,01:06:27:04,01:06:29:10,2.25,2:06,2026-07-17,Krea; Nano Banana,,
CTD_103_RC_20260721,103,CTD_AI_LMR_BeerVibes_20260630_1d.mov,01:06:31:14,01:06:34:06,2.67,2:16,2026-06-30,Chat GPT; Krea,,
CTD_103_RC_20260721,103,CTD_AI_LMR_BeerVibes_20260630_1b.mov,01:06:34:06,01:06:38:22,4.67,4:16,2026-06-30,Chat GPT; Krea,,
CTD_103_RC_20260721,103,CTD_AI_LMR_TrainDerails_20260604_1B.mov,01:06:51:10,01:06:53:14,2.17,2:04,2026-06-05,Chat GPT; Krea,,
CTD_103_RC_20260721,103,CTD_AI_LMR_TankRupture02_20270715_1b.mov,01:06:53:14,01:06:55:14,2,2:00,2026-07-15,,,
CTD_103_RC_20260721,103,CTD_AI_LMR_TankRupture01_20260706_1c.mov,01:06:55:14,01:06:57:15,2.04,2:01,2026-07-06,,,
CTD_103_RC_20260721,103,CTD_AI_LMR_MassiveExplosion_20260603.mov,01:07:04:02,01:07:07:06,3.17,3:04,2026-06-05,Chat GPT; Krea,,
CTD_103_RC_20260721,103,CTD_AI_LMR_PowerOut01_20260717_1a.mov,01:07:13:20,01:07:16:17,2.88,2:21,2026-07-17,Krea; Nano Banana,,
CTD_103_RC_20260721,103,CTD_AI_LMR_PowerOut02_20260717_1b.mov,01:07:16:17,01:07:19:09,2.67,2:16,2026-07-17,Krea; Nano Banana,,
CTD_103_RC_20260721,103,CTD_AI_LMR_PowerOut01_20260717_1c.mov,01:07:19:09,01:07:21:19,2.42,2:10,2026-07-17,Krea; Nano Banana,,
CTD_103_RC_20260721,103,CTD_AI_LMR_CoupleLooksOn_20260630_1c.mov,01:07:24:13,01:07:28:13,4,4:00,2026-06-30,Chat GPT; Krea,,
CTD_103_RC_20260721,103,CTD_AI_CCS_WideBridge_20260611_1a.mov,01:10:34:07,01:10:37:09,3.08,3:02,2026-06-11,Chat GPT; Krea,,
CTD_103_RC_20260721,103,CTD_AI_CCS_JUL9Instruments_20260715_1a.mov,01:10:37:09,01:10:40:04,2.79,2:19,2026-07-16,,,
CTD_103_RC_20260721,103,CTD_AI_CCS_HelmClose_20260611_1a.mov,01:11:01:17,01:11:06:10,4.71,4:17,2026-06-11,Chat GPT; Krea,,
CTD_103_RC_20260721,103,CTD_AI_CCS_TooFastToTurn_20260611_1a.mov,01:11:08:11,01:11:12:20,4.38,4:09,2026-06-11,Chat GPT; Krea,,
CTD_103_RC_20260721,103,CTD_AI_CCS_SchettinoOnPhone03_20260707_1b.mov,01:11:14:13,01:11:18:19,4.25,4:06,2026-07-07,Chat GPT; Krea,,
CTD_103_RC_20260721,103,CTD_AI_CCS_JUL9Instruments_20260715_1a.mov,01:11:21:05,01:11:23:02,1.88,1:21,2026-07-16,,,
CTD_103_RC_20260721,103,CTD_AI_CCS_JUL9Instruments_20260715_2a.mov,01:11:23:02,01:11:24:22,1.83,1:20,2026-07-16,,,
CTD_103_RC_20260721,103,CTD_AI_CCS_MaritimeSalute01_20260715_1a.mov,01:11:26:10,01:11:31:16,5.25,5:06,2026-07-16,,,
CTD_103_RC_20260721,103,CTD_AI_CCS_HugeRock_20260619_1c.mov,01:11:38:14,01:11:44:00,5.42,5:10,2026-06-19,Chat GPT; Krea,,
CTD_103_RC_20260721,103,CTD_AI_CCS_HardToStarboard02_20260707_1a.mov,01:11:46:12,01:11:48:06,1.75,1:18,2026-07-07,Chat GPT; Krea,,
CTD_103_RC_20260721,103,CTD_AI_CCS_BowClears_20260715_1a.mov,01:11:48:06,01:11:50:12,2.25,2:06,2026-07-16,,,
CTD_103_RC_20260721,103,CTD_AI_CCS_TooFastToTurn_20260611_1a.mov,01:12:08:09,01:12:14:02,5.71,5:17,2026-06-11,Chat GPT; Krea,,
CTD_103_RC_20260721,103,CTD_AI_CCS_MaritimeSalute01_20260715_1a.mov,01:12:14:02,01:12:18:10,4.33,4:08,2026-07-16,,,
CTD_103_RC_20260721,103,CTD_AI_CCS_NavigatingBySight01_20260702_1a.mov,01:12:18:10,01:12:20:21,2.46,2:11,2026-07-02,,,
CTD_103_RC_20260721,103,CTD_AI_CCS_WideBridge_20260611_1a.mov,01:12:20:21,01:12:23:13,2.67,2:16,2026-06-11,Chat GPT; Krea,,
CTD_103_RC_20260721,103,CTD_AI_CCS_HardToStarboard02_20260707_1a.mov,01:12:26:11,01:12:28:08,1.88,1:21,2026-07-07,Chat GPT; Krea,,
CTD_103_RC_20260721,103,CTD_AI_CCS_HugeRock_20260619_1c.mov,01:12:28:08,01:12:30:11,2.13,2:03,2026-06-19,Chat GPT; Krea,,
CTD_103_RC_20260721,103,CTD_AI_CCS_BowClears_20260615_1a.mov,01:12:32:18,01:12:37:05,4.46,4:11,2026-06-15,Chat GPT; Krea,,
CTD_103_RC_20260721,103,CTD_AI_CCS_JUL9BridgePOV_20260715_1a.mov,01:12:37:05,01:12:40:05,3,3:00,2026-07-16,,,
CTD_103_RC_20260721,103,CTD_AI_CCS_BowClears_20260715_1c.mov,01:12:40:05,01:12:43:11,3.25,3:06,2026-07-16,,,
CTD_103_RC_20260721,103,CTD_AI_CCS_JUL9RockHitAboveWater_20260715_1b.mov,01:12:45:01,01:12:50:02,5.04,5:01,2026-07-16,,,
CTD_103_RC_20260721,103,CTD_AI_CCS_MassiveGash02_20260715_1a.mov,01:12:50:02,01:12:52:07,2.21,2:05,2026-07-16,,,
CTD_103_RC_20260721,103,CTD_AI_CCS_JUL9RockHitAboveWater_20260715_1b.mov,01:12:52:07,01:12:54:00,1.71,1:17,2026-07-16,,,
CTD_103_RC_20260721,103,CTD_AI_CCS_SeawaterGushesIn01_20260715_2a.mov,01:12:54:00,01:12:55:09,1.38,1:09,2026-07-16,,,
CTD_103_RC_20260721,103,CTD_AI_CCS_MassiveGash02_20260715_2a.mov,01:12:55:09,01:12:57:03,1.75,1:18,2026-07-16,,,
CTD_103_RC_20260721,103,CTD_AI_CCS_SeawaterGushesIn01_20260715_3a.mov,01:12:57:03,01:12:59:02,1.96,1:23,2026-07-16,,,
CTD_103_RC_20260721,103,CTD_AI_CCS_MassiveGash02_20260715_3a.mov,01:12:59:02,01:13:00:20,1.75,1:18,2026-07-16,,,
CTD_103_RC_20260721,103,CTD_AI_CCS_Stampede03_20260629_1a.mov,01:13:39:18,01:13:42:02,2.33,2:08,2026-06-29,Chat GPT; Krea,,
CTD_103_RC_20260721,103,CTD_AI_CCS_Stampede03_20260629_2a.mov,01:13:42:02,01:13:44:05,2.13,2:03,2026-06-29,Chat GPT; Krea,,
CTD_103_RC_20260721,103,CTD_AI_CCS_ControlRoom01_20260715_6a.mov,01:14:01:10,01:14:02:13,1.13,1:24,2026-07-16,,,
CTD_103_RC_20260721,103,CTD_AI_CCS_ControlRoom01_20260715_3a.mov,01:14:02:13,01:14:03:21,1.33,1:08,2026-07-16,,,
CTD_103_RC_20260721,103,CTD_AI_CCS_ControlRoom01_20260715_7a.mov,01:14:03:21,01:14:05:05,1.33,1:08,2026-07-16,,,
CTD_103_RC_20260721,103,CTD_AI_CCS_SeawaterGushesIn01_20260715_1a.mov,01:14:05:05,01:14:07:05,2,2:00,2026-07-16,,,
CTD_103_RC_20260721,103,CTD_AI_CCS_SeawaterGushesIn01_20260715_2a.mov,01:14:07:05,01:14:08:07,1.08,1:02,2026-07-16,,,
CTD_103_RC_20260721,103,CTD_AI_CCS_SeawaterGushesIn01_20260715_3a.mov,01:14:08:07,01:14:11:03,2.83,2:20,2026-07-16,,,
CTD_103_RC_20260721,103,CTD_AI_CCS_ControlRoom01_20260715_3a.mov,01:14:17:21,01:14:19:19,1.92,1:22,2026-07-16,,,
CTD_103_RC_20260721,103,CTD_AI_CCS_ControlRoom01_20260715_6a.mov,01:14:19:19,01:14:21:21,2.08,2:02,2026-07-16,,,
CTD_103_RC_20260721,103,CTD_AI_CSS_JUL9FiftyDegreeList_20260715_1a.mov,01:14:48:11,01:14:52:19,4.33,4:08,2026-07-16,,,
CTD_103_RC_20260721,103,CTD_AI_CCS_CoastGuardCall02_20260707_1b.mov,01:14:52:19,01:14:53:17,0.92,0:22,2026-07-07,Chat GPT; Krea,,
CTD_103_RC_20260721,103,CTD_AI_CCS_JUL9AlarmSpeaker_20260715_1b.mov,01:14:53:17,01:14:54:22,1.21,1:05,2026-07-16,,,
CTD_103_RC_20260721,103,CTD_AI_CCS_JUL9LoudSpeaker_20260715_2c.mov,01:14:54:22,01:14:56:17,1.79,1:19,2026-07-16,,,
CTD_103_RC_20260721,103,CTD_AI_CCS_JUL9ShipListing_20260715_3a.mov,01:15:42:17,01:15:46:15,3.92,3:22,2026-07-16,,,
CTD_103_RC_20260721,103,CTD_AI_CCS_EngineRoomFlooding01_20260702_2a.mov,01:15:46:15,01:15:48:16,2.04,2:01,2026-07-02,,,
CTD_103_RC_20260721,103,CTD_AI_CCS_EngineRoomFlooding01_20260702_1b.mov,01:15:48:16,01:15:50:18,2.08,2:02,2026-07-02,,,
CTD_103_RC_20260721,103,CTD_AI_CCS_PeopleJump_20260715_3a.mov,01:16:07:09,01:16:10:09,3,3:00,2026-07-16,,,
CTD_103_RC_20260721,103,CTD_AI_CCS_PeopleJump_20260715_5a.mov,01:16:10:09,01:16:12:13,2.17,2:04,2026-07-16,,,
CTD_103_RC_20260721,103,CTD_AI_CCS_PeopleJump_20260715_4a.mov,01:16:12:13,01:16:14:17,2.17,2:04,2026-07-16,,,
CTD_103_RC_20260721,103,CTD_AI_SDS_ACUnit_20260611_1c.mov,01:17:36:02,01:17:38:15,2.54,2:13,2026-06-11,Chat GPT; Krea,,
CTD_103_RC_20260721,103,CTD_AI_SDS_Cracking_20260623_1A.mov,01:17:38:15,01:17:39:21,1.25,1:06,2026-06-22,Chat GPT; Krea,,
CTD_103_RC_20260721,103,CTD_AI_SDS_Cracking_20260623_1B.mov,01:17:39:21,01:17:40:20,0.96,0:23,2026-06-22,Chat GPT; Krea,,
CTD_103_RC_20260721,103,CTD_AI_SDS_Cracking_20260623_1A.mov,01:17:40:20,01:17:41:23,1.13,1:24,2026-06-22,Chat GPT; Krea,,
CTD_103_RC_20260721,103,CTD_AI_SDS_RoofCollapse02_20260702_1d.mov,01:17:41:23,01:17:43:13,1.58,1:14,2026-07-02,,,
CTD_103_RC_20260721,103,CTD_AI_SDS_SukTrapped_20260702_1c.mov,01:17:43:13,01:17:44:17,1.17,1:04,2026-07-02,,,
CTD_103_RC_20260721,103,CTD_AI_SDS_SukTrapped_20260702_1b.mov,01:17:44:17,01:17:45:13,0.83,0:20,2026-07-02,Chat GPT; Krea,,
CTD_103_RC_20260721,103,CTD_AI_SDS_RoofCollapse02_20260702_1d.mov,01:17:47:14,01:17:48:18,1.17,1:04,2026-07-02,,,
CTD_103_RC_20260721,103,CTD_AI_SDS_BuildingCollapses_20260623_2B.mov,01:17:48:18,01:17:50:08,1.58,1:14,2026-06-22,Chat GPT; Krea,,
CTD_103_RC_20260721,103,CTD_AI_SDS_BriefcaseIntro_20260610_1b.mov,01:19:30:09,01:19:32:07,1.92,1:22,2026-06-10,Chat GPT; Krea,,
CTD_103_RC_20260721,103,CTD_AI_SDS_Briefcase_20260610_1a.mov,01:19:32:07,01:19:34:20,2.54,2:13,2026-06-10,Chat GPT; Krea,,
CTD_103_RC_20260721,103,CTD_AI_SDS_ACVibrates02_20260623.mov,01:20:16:21,01:20:20:22,4.04,4:01,2026-06-22,Chat GPT; Krea,,
CTD_103_RC_20260721,103,CTD_AI_SDS_ACMoved02_20260623.mov,01:20:22:19,01:20:23:23,1.17,1:04,2026-06-22,Chat GPT; Krea,,
CTD_103_RC_20260721,103,CTD_AI_SDS_ACMoved02_20260623.mov,01:20:23:23,01:20:26:10,2.46,2:11,2026-06-22,Chat GPT; Krea,,
CTD_103_RC_20260721,103,CTD_AI_SDS_ACUnitDragged_20260611_1a.mov,01:20:26:10,01:20:28:22,2.5,2:12,2026-06-11,Chat GPT; Krea,,
CTD_103_RC_20260721,103,CTD_AI_SDS_ACMoved02_20260623.mov,01:20:31:05,01:20:33:11,2.25,2:06,2026-06-22,Chat GPT; Krea,,
CTD_103_RC_20260721,103,CTD_AI_SDS_ACUnit_20260611_1b.mov,01:20:33:11,01:20:38:02,4.63,4:15,2026-06-11,Chat GPT; Krea,,
CTD_103_RC_20260721,103,CTD_AI_SDS_ACVibrating_20260610_1a.mov,01:20:53:01,01:20:57:06,4.21,4:05,2026-06-10,Chat GPT; Krea,,
CTD_103_RC_20260721,103,CTD_AI_SDS_ACVibrates03_20260623.mov,01:20:57:06,01:21:02:06,5,5:00,2026-06-22,Chat GPT; Krea,,
CTD_103_RC_20260721,103,CTD_AI_SDS_Pillar_20260611_1b.mov,01:21:02:06,01:21:08:07,6.04,6:01,2026-06-11,Chat GPT; Krea,,
CTD_103_RC_20260721,103,CTD_AI_SDS_Pillar_20260611_1a.mov,01:21:11:18,01:21:16:14,4.83,4:20,2026-06-11,Chat GPT; Krea,,
CTD_103_RC_20260721,103,CTD_AI_SDS_Inspection_20260702_1a.mov,01:21:16:14,01:21:19:22,3.33,3:08,2026-07-02,Chat GPT; Krea,,
CTD_103_RC_20260721,103,CTD_AI_SDS_ACUnit_20260611_1c.mov,01:21:25:01,01:21:30:18,5.71,5:17,2026-06-11,Chat GPT; Krea,,
CTD_103_RC_20260721,103,CTD_AI_SDS_TurnOffACRoof_20260702_1d.mov,01:21:39:21,01:21:43:05,3.33,3:08,2026-07-02,,,
CTD_103_RC_20260721,103,CTD_AI_SDS_Inspection_20260702_1b.mov,01:21:56:10,01:21:58:16,2.25,2:06,2026-07-02,Chat GPT; Krea,,
CTD_103_RC_20260721,103,CTD_AI_SDS_Inspection_20260702_1b.mov,01:21:58:16,01:22:00:13,1.88,1:21,2026-07-02,Chat GPT; Krea,,
CTD_103_RC_20260721,103,CTD_AI_SDS_PleaseLeave01_20260702_1a.mov,01:22:19:23,01:22:22:00,2.04,2:01,2026-07-02,Chat GPT; Krea,,
CTD_103_RC_20260721,103,CTD_AI_SDS_PleaseLeave02_20260702_1b.mov,01:22:22:00,01:22:23:15,1.63,1:15,2026-07-02,Chat GPT; Krea,,
CTD_103_RC_20260721,103,CTD_AI_SDS_Evacuate_20260702_1c.mov,01:22:23:15,01:22:27:04,3.54,3:13,2026-07-02,Chat GPT; Krea,,
CTD_103_RC_20260721,103,CTD_AI_SDS_Cafeteriatray_20260611_2a.mov,01:22:36:10,01:22:39:11,3.04,3:01,2026-06-11,Chat GPT; Krea,,
CTD_103_RC_20260721,103,CTD_AI_SDS_Cracking_20260623_1A.mov,01:22:45:09,01:22:46:15,1.25,1:06,2026-06-22,Chat GPT; Krea,,
CTD_103_RC_20260721,103,CTD_AI_SDS_Cracking_20260623_1B.mov,01:22:46:15,01:22:47:11,0.83,0:20,2026-06-22,Chat GPT; Krea,,
CTD_103_RC_20260721,103,CTD_AI_SDS_Cracking_20260623_1A.mov,01:22:47:11,01:22:50:21,3.42,3:10,2026-06-22,Chat GPT; Krea,,
CTD_103_RC_20260721,103,CTD_AI_SDS_RoofCollapse02_20260702_1d.mov,01:22:50:21,01:22:51:20,0.96,0:23,2026-07-02,,,
CTD_103_RC_20260721,103,CTD_AI_SDS_SukTrapped_20260702_1c.mov,01:22:53:18,01:22:54:22,1.17,1:04,2026-07-02,,,
CTD_103_RC_20260721,103,CTD_AI_SDS_SukTrapped_20260702_1b.mov,01:22:54:22,01:22:56:22,2,2:00,2026-07-02,Chat GPT; Krea,,
CTD_103_RC_20260721,103,CTD_AI_SDS_SukTrapped_20260702_1d.mov,01:22:56:22,01:22:59:13,2.63,2:15,2026-07-02,,,
CTD_103_RC_20260721,103,CTD_AI_SDS_BuildingCollapses_20260623_3A.mov,01:23:01:23,01:23:03:01,1.08,1:02,2026-06-22,Chat GPT; Krea,,
CTD_103_RC_20260721,103,CTD_AI_SDS_RoofCollapse02_20260702_1d.mov,01:23:03:01,01:23:04:05,1.17,1:04,2026-07-02,,,
CTD_103_RC_20260721,103,CTD_AI_SDS_BuildingCollapses_20260623_2B.mov,01:23:04:05,01:23:05:17,1.5,1:12,2026-06-22,Chat GPT; Krea,,
CTD_103_RC_20260721,103,CTD_AI_SDS_BuildingCollapses_20260623_3B.mov,01:23:08:11,01:23:09:21,1.42,1:10,2026-06-22,Chat GPT; Krea,,
CTD_103_RC_20260721,103,CTD_AI_SDS_BuildingCollapses_20260623_2A.mov,01:23:09:21,01:23:11:02,1.21,1:05,2026-06-22,Chat GPT; Krea,,
CTD_103_RC_20260721,103,,01:23:11:02,01:23:13:03,2.04,2:01,,,,
CTD_103_RC_20260721,103,CTD_AI_SDS_GettingTrapped_20260702_1a.mov,01:23:17:07,01:23:18:22,1.63,1:15,2026-07-02,Chat GPT; Krea,,
CTD_103_RC_20260721,103,CTD_AI_SDS_GettingTrapped_20260702_1b.mov,01:23:18:22,01:23:20:09,1.46,1:11,2026-07-02,Chat GPT; Krea,,
CTD_103_RC_20260721,103,CTD_AI_SDS_GettingTrapped_20260702_1a.mov,01:23:20:09,01:23:22:15,2.25,2:06,2026-07-02,Chat GPT; Krea,,
CTD_103_RC_20260721,103,CTD_AI_SDS_GettingTrapped_20260702_1c.mov,01:23:24:11,01:23:26:13,2.08,2:02,2026-07-02,,,
CTD_103_RC_20260721,103,CTD_AI_SDS_SukTrapped_20260702_1d.mov,01:23:26:13,01:23:28:06,1.71,1:17,2026-07-02,,,
CTD_103_RC_20260721,103,CTD_AI_SDS_SukTrapped_20260702_1c.mov,01:23:28:06,01:23:29:18,1.5,1:12,2026-07-02,,,
CTD_103_RC_20260721,103,CTD_AI_SJE_DominoEffect01D_20260618.mov,01:24:42:13,01:24:43:13,1,1:00,2026-06-18,,,
CTD_103_RC_20260721,103,CTD_AI_SJE_DominoEffect03_20260618.mov,01:24:43:13,01:24:44:11,0.92,0:22,2026-06-18,,,
CTD_103_RC_20260721,103,CTD_AI_SJE_ResidentHellPOV_20260717c.mov,01:24:44:11,01:24:47:08,2.88,2:21,2026-07-17,Chat GPT; Krea,,
CTD_103_RC_20260721,103,CTD_AI_SJE_GasGhost0_20260713_1b.mov,01:27:02:17,01:27:06:09,3.67,3:16,2026-07-13,,,
CTD_103_RC_20260721,103,CTD_AI_SJE_GasIgnites1A_20260618.mov,01:27:06:09,01:27:08:21,2.5,2:12,2026-06-18,,,
CTD_103_RC_20260721,103,CTD_AI_SJE_PipeRuptures_20260717.mov,01:27:40:07,01:27:43:07,3,3:00,2026-07-17,Chat GPT; Krea,,
CTD_103_RC_20260721,103,CTD_AI_SJE_PipeRuptures_20260717.mov,01:27:43:07,01:27:44:21,1.58,1:14,2026-07-17,Chat GPT; Krea,,
CTD_103_RC_20260721,103,CTD_AI_SJE_PipeRuptures_20260717.mov,01:27:47:03,01:27:49:05,2.08,2:02,2026-07-17,Chat GPT; Krea,,
CTD_103_RC_20260721,103,CTD_AI_SJE_GasGhost0_20260713_1b.mov,01:28:08:06,01:28:14:03,5.88,5:21,2026-07-13,,,
CTD_103_RC_20260721,103,CTD_AI_SJE_GasIgnites1A_20260618.mov,01:28:14:03,01:28:16:08,2.21,2:05,2026-06-18,,,
CTD_103_RC_20260721,103,CTD_AI_SJE_GasGhost0_20260713_1b.mov,01:28:16:08,01:28:18:05,1.88,1:21,2026-07-13,,,
CTD_103_RC_20260721,103,CTD_AI_SJE_GasGhost0_20260713_1d.mov,01:28:18:05,01:28:19:01,0.83,0:20,2026-07-13,,,
CTD_103_RC_20260721,103,CTD_AI_SJE_GasIgnites1D_20260618.mov,01:28:19:01,01:28:22:16,3.63,3:15,2026-06-18,,,
CTD_103_RC_20260721,103,CTD_AI_SJE_GasIgnites1B_20260618.mov,01:28:25:18,01:28:29:18,4,4:00,2026-06-18,,,
CTD_103_RC_20260721,103,CTD_AI_SJE_DominoEffect01A_20260618.mov,01:28:48:18,01:28:50:09,1.63,1:15,2026-06-18,,,
CTD_103_RC_20260721,103,CTD_AI_SJE_DominoEffect01A_20260618.mov,01:28:50:09,01:28:51:14,1.21,1:05,2026-06-18,,,
CTD_103_RC_20260721,103,CTD_AI_SJE_DominoEffect01B_20260618.mov,01:28:51:14,01:28:53:19,2.21,2:05,2026-06-18,,,
CTD_103_RC_20260721,103,CTD_AI_SJE_DominoEffect01C_20260618.mov,01:28:55:01,01:28:56:09,1.33,1:08,2026-06-18,,,
CTD_103_RC_20260721,103,CTD_AI_SJE_DominoEffect01D_20260618.mov,01:28:56:09,01:28:58:07,1.92,1:22,2026-06-18,,,
CTD_103_RC_20260721,103,CTD_AI_SJE_DominoEffect03_20260618.mov,01:28:58:07,01:29:03:03,4.83,4:20,2026-06-18,,,
CTD_103_RC_20260721,103,CTD_AI_SJE_HomeBurns_20260717.mov,01:29:06:00,01:29:08:06,2.25,2:06,2026-07-17,Chat GPT; Krea,,
CTD_103_RC_20260721,103,CTD_AI_SJE_HomeBurns_20260717b.mov,01:29:08:06,01:29:10:16,2.42,2:10,2026-07-17,Chat GPT; Krea,,
CTD_103_RC_20260721,103,CTD_AI_SJE_HomeBurns_20260717c.mov,01:29:13:16,01:29:15:00,1.33,1:08,2026-07-17,Chat GPT; Krea,,
CTD_103_RC_20260721,103,CTD_AI_SJE_HomeBurns_20260717d.mov,01:29:15:00,01:29:16:19,1.79,1:19,2026-07-17,Chat GPT; Krea,,
CTD_103_RC_20260721,103,CTD_AI_SJE_HomeBurns_20260717e.mov,01:29:16:19,01:29:17:22,1.13,1:24,2026-07-17,Chat GPT; Krea,,
CTD_103_RC_20260721,103,CTD_AI_SJE_HomeBurns_20260717c.mov,01:29:17:22,01:29:20:13,2.63,2:15,2026-07-17,Chat GPT; Krea,,
CTD_103_RC_20260721,103,CTD_AI_SJE_ResidentHellPOV_20260717c.mov,01:29:23:14,01:29:26:00,2.42,2:10,2026-07-17,Chat GPT; Krea,,
CTD_103_RC_20260721,103,CTD_AI_SJE_DominoEffect0_20260713_4c.mov,01:29:26:00,01:29:27:12,1.5,1:12,2026-07-13,,,
CTD_103_RC_20260721,103,CTD_AI_SJE_ResidentHellPOV_20260717.mov,01:29:28:22,01:29:31:18,2.83,2:20,2026-07-17,Chat GPT; Krea,,
CTD_103_RC_20260721,103,CTD_AI_SJE_DominoEffect01D_20260618.mov,01:29:31:18,01:29:34:00,2.25,2:06,2026-06-18,,,
CTD_103_RC_20260721,103,CTD_AI_SJE_HomeBurns_20260717d.mov,01:29:34:00,01:29:35:15,1.63,1:15,2026-07-17,Chat GPT; Krea,,
CTD_103_RC_20260721,103,CTD_AI_SJE_ResidentHellPOV_20260717d.mov,01:29:35:15,01:29:37:09,1.75,1:18,2026-07-17,Chat GPT; Krea,,
CTD_103_RC_20260721,103,CTD_AI_AA191_Taxi_20260605_1a.mov,01:30:17:18,01:30:19:22,2.17,2:04,2026-06-05,Chat GPT; Krea,,
CTD_103_RC_20260721,103,CTD_AI_AA191_Taxi_20260605_3a.mov,01:30:19:22,01:30:21:23,2.04,2:01,2026-06-05,Chat GPT; Krea,,
CTD_103_RC_20260721,103,CTD_AI_AA191_PlaneRolling_20260605_1b.mov,01:30:28:12,01:30:30:01,1.54,1:13,2026-06-05,Chat GPT; Krea,,
CTD_103_RC_20260721,103,CTD_AI_AA191_POVcrash_20260605_1c.mov,01:30:30:23,01:30:33:01,2.08,2:02,2026-06-05,Chat GPT; Krea,,
CTD_103_RC_20260721,103,CTD_AI_AA191_PlaneCrash_20260605_2a.mov,01:30:33:01,01:30:34:11,1.42,1:10,2026-06-05,Chat GPT; Krea,,
CTD_103_RC_20260721,103,CTD_AI_AA191_PlaneCrash_20260605_1b.mov,01:30:34:11,01:30:35:06,0.79,0:19,2026-06-05,Chat GPT; Krea,,
CTD_103_RC_20260721,103,CTD_AI_AA191_PlaneCrash_20260605_1b.mov,01:30:35:06,01:30:36:12,1.25,1:06,2026-06-05,Chat GPT; Krea,,
CTD_103_RC_20260721,103,CTD_AI_AA191_Taxi_20260605_1a.mov,01:30:52:16,01:30:56:08,3.67,3:16,2026-06-05,Chat GPT; Krea,,
CTD_103_RC_20260721,103,CTD_AI_AA191_Taxi_20260605_4a.mov,01:30:58:16,01:31:02:01,3.38,3:09,2026-06-05,Chat GPT; Krea,,
CTD_103_RC_20260721,103,CTD_AI_AA191_Taxi_20260605_3a.mov,01:31:12:10,01:31:17:12,5.08,5:02,2026-06-05,Chat GPT; Krea,,
CTD_103_RC_20260721,103,CTD_AI_AA191_EngineDetaches_20260702_1a.mov,01:31:27:19,01:31:29:22,2.13,2:03,2026-07-02,,,
CTD_103_RC_20260721,103,CTD_AI_AA191_WingTears_20260714_1b.mov,01:31:34:02,01:31:36:14,2.5,2:12,2026-07-14,,,
CTD_103_RC_20260721,103,CTD_AI_AA191_AdjustRudder03_20260714_1a.mov,01:31:55:20,01:31:58:13,2.71,2:17,2026-07-14,,,
CTD_103_RC_20260721,103,CTD_AI_AA191_ATCRespond_20260605_3b.mov,01:32:06:19,01:32:08:19,2,2:00,2026-06-05,Chat GPT; Krea,,
CTD_103_RC_20260721,103,CTD_AI_AA191_POVWindow_20260610_1a.mov,01:32:19:08,01:32:23:16,4.33,4:08,2026-06-10,Chat GPT; Krea,,
CTD_103_RC_20260721,103,CTD_AI_AA191_AdjustRudder03_20260714_1b.mov,01:32:45:06,01:32:47:16,2.42,2:10,2026-07-14,,,
CTD_103_RC_20260721,103,CTD_AI_AA191_POVWindow_20260610_1b.mov,01:32:58:05,01:33:00:17,2.5,2:12,2026-06-10,Chat GPT; Krea,,
CTD_103_RC_20260721,103,CTD_AI_AA191_PlaneRolling_20260605_1b.mov,01:33:20:02,01:33:22:02,2,2:00,2026-06-05,Chat GPT; Krea,,
CTD_103_RC_20260721,103,CTD_AI_AA191_AdjustRudder03_20260714_2d.mov,01:33:22:02,01:33:25:16,3.58,3:14,2026-07-14,,,
CTD_103_RC_20260721,103,CTD_AI_AA191_POVWindow_20260610_1b.mov,01:33:28:18,01:33:30:17,1.96,1:23,2026-06-10,Chat GPT; Krea,,
CTD_103_RC_20260721,103,CTD_AI_AA191_AdjustRudder_20260610_3b.mov,01:33:30:17,01:33:33:15,2.92,2:22,2026-06-10,Chat GPT; Krea,,
CTD_103_RC_20260721,103,CTD_AI_AA191_AdjustRudder_20260605_1a.mov,01:33:35:21,01:33:37:02,1.21,1:05,2026-06-05,Chat GPT; Krea,,
CTD_103_RC_20260721,103,CTD_AI_AA191_AdjustRudder_20260610_1a.mov,01:33:37:02,01:33:40:00,2.92,2:22,2026-06-10,Chat GPT; Krea,,
CTD_103_RC_20260721,103,CTD_AI_AA191_AdjustRudder_20260610_2a.mov,01:33:45:15,01:33:47:12,1.88,1:21,2026-06-10,Chat GPT; Krea,,
CTD_103_RC_20260721,103,CTD_AI_AA191_AdjustRudder03_20260714_2c.mov,01:34:11:04,01:34:13:12,2.33,2:08,2026-07-14,,,
CTD_103_RC_20260721,103,CTD_AI_AA191_POVcrash_20260605_1c.mov,01:34:13:12,01:34:17:09,3.88,3:21,2026-06-05,Chat GPT; Krea,,
CTD_103_RC_20260721,103,CTD_AI_AA191_PlaneCrash_20260605_2a.mov,01:34:17:09,01:34:18:19,1.42,1:10,2026-06-05,Chat GPT; Krea,,
CTD_103_RC_20260721,103,CTD_AI_AA191_PlaneCrash_20260605_1b.mov,01:34:18:19,01:34:19:14,0.79,0:19,2026-06-05,Chat GPT; Krea,,
CTD_103_RC_20260721,103,CTD_AI_AA191_PlaneCrash_20260605_1b.mov,01:34:19:14,01:34:20:20,1.25,1:06,2026-06-05,Chat GPT; Krea,,
CTD_103_RC_20260721,103,CTD_AI_AA191_PlaneCrash_20260605_1b.mov,01:34:20:20,01:34:21:21,1.04,1:01,2026-06-05,Chat GPT; Krea,,
CTD_103_RC_20260721,103,CTD_AI_HMB_MBInPassage01_062926_1a.mov,01:35:53:17,01:35:55:15,1.92,1:22,2026-06-29,Chat GPT; Krea,,
CTD_103_RC_20260721,103,CTD_AI_HMB_MBInPassage01_063026_1b.mov,01:35:55:15,01:35:57:01,1.42,1:10,2026-06-30,Chat GPT; Krea,,
CTD_103_RC_20260721,103,CTD_AI_HMB_MackeySpotsImo01_063026_1b.mov,01:35:57:01,01:35:58:09,1.33,1:08,2026-06-30,Chat GPT; Krea,,
CTD_103_RC_20260721,103,CTD_AI_HMB_ShipsParallel02_063026_1c.mov,01:35:58:09,01:35:59:19,1.42,1:10,2026-06-30,Chat GPT; Krea,,
CTD_103_RC_20260721,103,CTD_AI_HMB_SpilledBenzol_20260630_1a.mov,01:35:59:19,01:36:01:09,1.58,1:14,2026-06-30,Chat GPT; Krea,,
CTD_103_RC_20260721,103,CTD_AI_HMB_MBExplodes_062926_1a.mov,01:36:01:09,01:36:02:13,1.17,1:04,2026-06-29,Chat GPT; Krea,,
CTD_103_RC_20260721,103,CTD_AI_HMB_EngulfedInFlames_062926_1a.mov,01:36:03:19,01:36:05:15,1.83,1:20,2026-06-29,Chat GPT; Krea,,
CTD_103_RC_20260721,103,CTD_AI_HMB_MBExplodes_063026_1b.mov,01:36:07:04,01:36:09:18,2.58,2:14,2026-06-30,Chat GPT; Krea,,
CTD_103_RC_20260721,103,CTD_AI_HMB_NightInPort_062926_1a.mov,01:37:13:02,01:37:18:03,5.04,5:01,2026-06-29,Chat GPT; Krea,,
CTD_103_RC_20260721,103,CTD_AI_HMB_SubmarineNetsRaised_063026_1b.mov,01:37:36:06,01:37:38:11,2.21,2:05,2026-06-30,Chat GPT; Krea,,
CTD_103_RC_20260721,103,CTD_AI_HMB_SubmarineNetsRaised_1a.mov,01:37:38:11,01:37:40:09,1.92,1:22,2026-06-29,Chat GPT; Krea,,
CTD_103_RC_20260721,103,CTD_AI_HMB_NightInPort_063026_1b.mov,01:37:47:04,01:37:50:10,3.25,3:06,2026-06-30,Chat GPT; Krea,,
CTD_103_RC_20260721,103,CTD_AI_HMB_Inspection01_063026_1b.mov,01:38:00:23,01:38:02:13,1.58,1:14,2026-06-30,Chat GPT; Krea,,
CTD_103_RC_20260721,103,CTD_AI_HMB_Inspection01_063026_1a.mov,01:38:02:13,01:38:04:12,1.96,1:23,2026-06-30,Chat GPT; Krea,,
CTD_103_RC_20260721,103,CTD_AI_HMB_ApproachingMB_063026_1b.mov,01:38:04:12,01:38:07:07,2.79,2:19,2026-06-30,Chat GPT; Krea,,
CTD_103_RC_20260721,103,CTD_AI_HMB_Inspection02_063026_1c.mov,01:38:14:14,01:38:17:08,2.75,2:18,2026-06-30,Chat GPT; Krea,,
CTD_103_RC_20260721,103,CTD_AI_HMB_Inspection02_062926_1b.mov,01:38:17:08,01:38:19:10,2.08,2:02,2026-06-29,Chat GPT; Krea,,
CTD_103_RC_20260721,103,CTD_AI_HMB_Inspection02_063026_1c.mov,01:38:19:10,01:38:22:02,2.67,2:16,2026-06-30,Chat GPT; Krea,,
CTD_103_RC_20260721,103,CTD_AI_HMB_NightInPort_063026_1c.mov,01:38:27:03,01:38:31:10,4.29,4:07,2026-06-30,Chat GPT; Krea,,
CTD_103_RC_20260721,103,CTD_AI_HMB_SubmarineNetsLowered_20260630_1h.mov,01:38:38:19,01:38:41:23,3.17,3:04,2026-06-30,Chat GPT; Krea,,
CTD_103_RC_20260721,103,CTD_AI_HMB_SubmarineNetsLowered_20260630_1c.mov,01:38:41:23,01:38:44:17,2.75,2:18,2026-06-30,Chat GPT; Krea,,
CTD_103_RC_20260721,103,CTD_AI_HMB_ImoStartsLeaving01_063026_1b.mov,01:38:49:08,01:38:52:18,3.42,3:10,2026-06-30,Chat GPT; Krea,,
CTD_103_RC_20260721,103,CTD_AI_HMB_ImoStartsLeaving02_063026_1c.mov,01:38:52:18,01:38:54:16,1.92,1:22,2026-06-30,Chat GPT; Krea,,
CTD_103_RC_20260721,103,CTD_AI_HMB_ImoInPassage01_063026_1a.mov,01:38:54:16,01:38:57:12,2.83,2:20,2026-06-30,Chat GPT; Krea,,
CTD_103_RC_20260721,103,CTD_AI_HMB_MBInPassage01_063026_1b.mov,01:39:00:10,01:39:02:01,1.63,1:15,2026-06-30,Chat GPT; Krea,,
CTD_103_RC_20260721,103,CTD_AI_HMB_MBInPassage01_062926_1a.mov,01:39:02:01,01:39:04:06,2.21,2:05,2026-06-29,Chat GPT; Krea,,
CTD_103_RC_20260721,103,CTD_AI_HMB_MBInPassage02_063026_1b.mov,01:39:13:13,01:39:16:09,2.83,2:20,2026-06-30,Chat GPT; Krea,,
CTD_103_RC_20260721,103,CTD_AI_HMB_GameofChickenMB_062926_1a.mov,01:39:20:10,01:39:22:06,1.83,1:20,2026-06-29,Chat GPT; Krea,,
CTD_103_RC_20260721,103,CTD_AI_HMB_MBInPassage03_062926_1a.mov,01:39:22:06,01:39:25:00,2.75,2:18,2026-06-29,Chat GPT; Krea,,
CTD_103_RC_20260721,103,CTD_AI_HMB_ImoInPassage02_063026_1b.mov,01:39:27:09,01:39:29:00,1.63,1:15,2026-06-30,Chat GPT; Krea,,
CTD_103_RC_20260721,103,CTD_AI_HMB_MackeySpotsImo01_063026_1b.mov,01:39:29:00,01:39:30:22,1.92,1:22,2026-06-30,Chat GPT; Krea,,
CTD_103_RC_20260721,103,CTD_AI_HMB_MBWhistle_062926_1a.mov,01:39:30:22,01:39:32:14,1.67,1:16,2026-06-29,Chat GPT; Krea,,
CTD_103_RC_20260721,103,CTD_AI_HMB_MBInPassage01_063026_1b.mov,01:39:32:14,01:39:34:19,2.21,2:05,2026-06-30,Chat GPT; Krea,,
CTD_103_RC_20260721,103,CTD_AI_HMB_ImoInPassage02_063026_1b.mov,01:39:43:01,01:39:45:12,2.46,2:11,2026-06-30,Chat GPT; Krea,,
CTD_103_RC_20260721,103,CTD_AI_HMB_MBInPassage02_063026_1c.mov,01:39:49:06,01:39:51:12,2.25,2:06,2026-06-30,Chat GPT; Krea,,
CTD_103_RC_20260721,103,CTD_AI_HMB_POVBowMB_063026_1b.mov,01:39:56:07,01:39:58:02,1.79,1:19,2026-06-30,Chat GPT; Krea,,
CTD_103_RC_20260721,103,CTD_AI_HMB_ImoInPassage02_063026_1b.mov,01:39:58:02,01:39:59:20,1.75,1:18,2026-06-30,Chat GPT; Krea,,
CTD_103_RC_20260721,103,CTD_AI_HMB_GameofChickenMB_062926_1a.mov,01:40:02:19,01:40:04:05,1.42,1:10,2026-06-29,Chat GPT; Krea,,
CTD_103_RC_20260721,103,CTD_AI_HMB_POVBowMB_063026_1b.mov,01:40:04:05,01:40:06:14,2.38,2:09,2026-06-30,Chat GPT; Krea,,
CTD_103_RC_20260721,103,CTD_AI_HMB_SteeringRight_063026_1a.mov,01:40:08:19,01:40:11:07,2.5,2:12,2026-06-30,Chat GPT; Krea,,
CTD_103_RC_20260721,103,CTD_AI_HMB_POVBowImo_062926_1a.mov,01:40:11:07,01:40:13:14,2.29,2:07,2026-06-29,Chat GPT; Krea,,
CTD_103_RC_20260721,103,CTD_AI_HMB_MackeySpotsImo01_063026_1b.mov,01:40:13:14,01:40:15:21,2.29,2:07,2026-06-30,Chat GPT; Krea,,
CTD_103_RC_20260721,103,CTD_AI_HMB_POVBowMB_063026_1c.mov,01:40:19:01,01:40:21:09,2.33,2:08,2026-06-30,Chat GPT; Krea,,
CTD_103_RC_20260721,103,CTD_AI_HMB__GameofChickenImo_062926_1b.mov,01:40:21:09,01:40:22:21,1.5,1:12,2026-06-29,Chat GPT; Krea,,
CTD_103_RC_20260721,103,CTD_AI_HMB_ShipsParallel02_063026_1c.mov,01:40:22:21,01:40:24:18,1.88,1:21,2026-06-30,Chat GPT; Krea,,
CTD_103_RC_20260721,103,CTD_AI_HMB_SpilledBenzol_20260630_1a.mov,01:40:40:03,01:40:45:19,5.67,5:16,2026-06-30,Chat GPT; Krea,,
CTD_103_RC_20260721,103,CTD_AI_HMB_SparksMB_20260630_1c.mov,01:40:47:21,01:40:50:06,2.38,2:09,2026-06-30,Chat GPT; Krea,,
CTD_103_RC_20260721,103,CTD_AI_HMB_SparksMB_20260630_1a.mov,01:40:50:06,01:40:52:05,1.96,1:23,2026-06-30,Chat GPT; Krea,,
CTD_103_RC_20260721,103,CTD_AI_HMB_SparksReachBenzol_063026_1b.mov,01:40:53:02,01:40:54:20,1.75,1:18,2026-06-30,Chat GPT; Krea,,
CTD_103_RC_20260721,103,CTD_AI_HMB_EngulfedInFlames_063026_1b.mov,01:40:56:21,01:40:59:16,2.79,2:19,2026-06-30,Chat GPT; Krea,,
CTD_103_RC_20260721,103,CTD_AI_HMB_CrewInLifeboats01_063026_1b.mov,01:41:06:10,01:41:08:15,2.21,2:05,2026-06-30,Chat GPT; Krea,,
CTD_103_RC_20260721,103,CTD_AI_HMB_CrewInLifeboats02_062926_1a.mov,01:41:10:08,01:41:12:00,1.67,1:16,2026-06-29,Chat GPT; Krea,,
CTD_103_RC_20260721,103,CTD_AI_HMB_EngulfedInFlames_062926_1a.mov,01:41:16:21,01:41:19:02,2.21,2:05,2026-06-29,Chat GPT; Krea,,
CTD_103_RC_20260721,103,CTD_AI_HMB_MBExplodes_062926_1a.mov,01:41:24:07,01:41:25:19,1.5,1:12,2026-06-29,Chat GPT; Krea,,
CTD_103_RC_20260721,103,CTD_AI_HMB_EngulfedInFlames_062926_1a.mov,01:41:29:03,01:41:31:04,2.04,2:01,2026-06-29,Chat GPT; Krea,,
CTD_103_RC_20260721,103,CTD_AI_HMB_MBExplodes_063026_1b.mov,01:41:31:04,01:41:34:17,3.54,3:13,2026-06-30,Chat GPT; Krea,,
CTD_103_RC_20260721,103,CTD_AI_HMB_Tsunami_063026_1b.mov,01:42:05:21,01:42:08:10,2.54,2:13,2026-06-30,Chat GPT; Krea,,
CTD_103_RC_20260721,103,CTD_AI_TXC_WaveImpact_20260526_1a.mov,01:42:08:10,01:42:10:10,2,2:00,2026-05-26,Chat GPT; Krea,,
CTD_103_RC_20260721,103,CTD_AI_TXC_WaveImpact_20260526_2a.mov,01:42:10:10,01:42:13:14,3.17,3:04,2026-05-26,Chat GPT; Krea,,
CTD_103_RC_20260721,103,CTD_AI_TXC_WaveImpact_20260526_1a.mov,01:42:13:14,01:42:16:13,2.96,2:23,2026-05-26,Chat GPT; Krea,,
CTD_103_RC_20260721,103,CTD_AI_HMB_MackeySentFlying_063026_1b.mov,01:42:19:02,01:42:23:05,4.13,4:03,2026-06-30,Chat GPT; Krea,,
CTD_103_RC_20260721,103,CTD_AI_LMR_BrakesFail01_20260630_1b.mov,01:42:54:18,01:42:56:20,2.08,2:02,2026-06-30,Chat GPT; Krea,,
CTD_103_RC_20260721,103,CTD_AI_LMR_trainmisc_20260630_1b.mov,01:42:56:20,01:42:58:17,1.88,1:21,2026-06-30,Chat GPT; Krea,,
CTD_103_RC_20260721,103,CTD_AI_SDS_Inspection_20260702_1b.mov,01:42:58:17,01:42:59:17,1,1:00,2026-07-02,Chat GPT; Krea,,
CTD_103_RC_20260721,103,CTD_AI_SDS_Pillar_20260611_1a.mov,01:42:59:17,01:43:00:23,1.25,1:06,2026-06-11,Chat GPT; Krea,,
CTD_103_RC_20260721,103,CTD_AI_HMB_MackeySpotsImo01_063026_1b.mov,01:43:00:23,01:43:02:17,1.75,1:18,2026-06-30,Chat GPT; Krea,,
CTD_103_RC_20260721,103,CTD_AI_SJE_GasIgnites_20260717b.mov,01:43:02:17,01:43:03:10,0.71,0:17,2026-07-17,Chat GPT; Krea,,
CTD_103_RC_20260721,103,CTD_AI_SJE_HomeBurns_20260717.mov,01:43:03:10,01:43:03:21,0.46,0:11,2026-07-17,Chat GPT; Krea,,
CTD_103_RC_20260721,103,CTD_AI_SJE_HomeBurns_20260717c.mov,01:43:03:21,01:43:05:00,1.13,1:24,2026-07-17,Chat GPT; Krea,,
CTD_103_RC_20260721,103,CTD_AI_SDS_BuildingCollapses_20260623_3A.mov,01:43:05:00,01:43:05:19,0.79,0:19,2026-06-22,Chat GPT; Krea,,
CTD_103_RC_20260721,103,CTD_AI_SDS_RoofCollapse02_20260702_1d.mov,01:43:05:19,01:43:06:15,0.83,0:20,2026-07-02,,,
CTD_103_RC_20260721,103,CTD_AI_SDS_BuildingCollapses_20260623_2B.mov,01:43:06:15,01:43:07:09,0.75,0:18,2026-06-22,Chat GPT; Krea,,
CTD_103_RC_20260721,103,CTD_AI_CCS_SeawaterGushesIn01_20260715_1a.mov,01:43:07:09,01:43:08:13,1.17,1:04,2026-07-16,,,
CTD_103_RC_20260721,103,CTD_AI_CCS_SeawaterGushesIn01_20260715_2a.mov,01:43:08:13,01:43:09:08,0.79,0:19,2026-07-16,,,
CTD_103_RC_20260721,103,CTD_AI_AA191_PlaneCrash_20260605_1b.mov,01:43:09:08,01:43:10:03,0.79,0:19,2026-06-05,Chat GPT; Krea,,
CTD_103_RC_20260721,103,CTD_AI_AA191_PlaneCrash_20260605_1b.mov,01:43:10:03,01:43:11:09,1.25,1:06,2026-06-05,Chat GPT; Krea,,
CTD_103_RC_20260721,103,CTD_AI_AA191_PlaneCrash_20260605_1b.mov,01:43:11:09,01:43:12:10,1.04,1:01,2026-06-05,Chat GPT; Krea,,
CTD_104_RC_20260727,104,CTD_AI_ORA_35FootWavesB_20260706_1b.mov,01:00:10:00,01:00:11:02,1.08,1:02,2026-07-06,,,
CTD_104_RC_20260727,104,CTD_AI_ORA_PortholeSmashed_20260708_1c.mov,01:00:11:02,01:00:12:02,1,1:00,2026-07-08,Chat GPT; Krea,,
CTD_104_RC_20260727,104,CTD_AI_KAL007_PanicOxygenMasks_20260629_v2.mov,01:00:12:02,01:00:12:22,0.83,0:20,2026-06-29,Chat GPT; Krea,,
CTD_104_RC_20260727,104,CTD_AI_TSF_BuildingExterior_20260608_1B.mov,01:00:12:22,01:00:13:18,0.83,0:20,2026-06-09,Chat GPT; Krea,,
CTD_104_RC_20260727,104,CTD_AI_ORA_RescueAbandonedB_20260706_1b.mov,01:00:13:18,01:00:14:13,0.79,0:19,2026-07-06,,,
CTD_104_RC_20260727,104,CTD_AI_TSF_WorkersJammed A_20260609.mov,01:00:14:13,01:00:15:23,1.42,1:10,2026-06-09,Chat GPT; Krea,,
CTD_104_RC_20260727,104,CTD_AI_MRB_kidswindow_20260609_1c.mov,01:00:18:22,01:00:20:01,1.13,1:24,2026-06-09,Chat GPT; Krea,,
CTD_104_RC_20260727,104,CTD_AI_ARF_Tent_20260605_1a.mov,01:00:27:10,01:00:29:06,1.83,1:20,2026-06-05,Chat GPT; Krea,,
CTD_104_RC_20260727,104,CTD_AI_SMI_DarkCloudsAtMine_20260708_2b.mov,01:00:37:03,01:00:37:22,0.79,0:19,2026-07-08,Chat GPT; Krea,,
CTD_104_RC_20260727,104,CTD_AI_SMI_SmokyTunnel_20260707_1a.mov,01:00:37:22,01:00:39:02,1.17,1:04,2026-07-07,Chat GPT; Krea,,
CTD_104_RC_20260727,104,CTD_AI_SMI_JonesLeavesCrew B_20260707_3a.mov,01:00:39:02,01:00:40:16,1.58,1:14,2026-07-07,Chat GPT; Krea,,
CTD_104_RC_20260727,104,CTD_AI_SMI_CarbonMonoxideAlarms B_20260709_3a.mov,01:00:41:14,01:00:43:02,1.5,1:12,2026-07-09,Chat GPT; Krea,,
CTD_104_RC_20260727,104,CTD_AI_SMI_ExplosionInMine B_20260708_1a.mov,01:00:43:02,01:00:44:02,1,1:00,2026-07-08,Chat GPT; Krea,,
CTD_104_RC_20260727,104,CTD_AI_SMI_WorkersKnockedOver_20260709_2a.mov,01:00:44:02,01:00:45:11,1.38,1:09,2026-07-09,Krea; Nano Banana,,
CTD_104_RC_20260727,104,CTD_AI_SMI_ExplosionInMine C_20260708_2a.mov,01:00:45:11,01:00:46:15,1.17,1:04,2026-07-08,Chat GPT; Krea,,
CTD_104_RC_20260727,104,CTD_AI_TSF_OtherScrapBinsCatchFire_20260710_2a.mov,01:00:46:15,01:00:47:18,1.13,1:24,2026-07-10,,,
CTD_104_RC_20260727,104,CTD_AI_TSF_OtherScrapBinsCatchFire_20260710_2c.mov,01:00:47:18,01:00:48:21,1.13,1:24,2026-07-10,,,
CTD_104_RC_20260727,104,CTD_AI_TSF_FactoryOnFire A_20260609.mov,01:00:48:21,01:00:50:14,1.71,1:17,2026-06-09,Chat GPT; Krea,,
CTD_104_RC_20260727,104,CTD_AI_TSF_Stampede_20260710_1a.mov,01:00:50:14,01:00:51:14,1,1:00,2026-07-10,,,
CTD_104_RC_20260727,104,CTD_AI_TSF_OtherScrapBinsCatchFire_20260710_3c.mov,01:00:51:14,01:00:52:06,0.67,0:16,2026-07-10,,,
CTD_104_RC_20260727,104,CTD_AI_TSF_WomanOnLedge_20260717_3b.mov,01:00:52:06,01:00:53:13,1.29,1:07,2026-07-17,Chat GPT; Krea,,
CTD_104_RC_20260727,104,CTD_AI_TSF_WomanOnLedge_20260717_3c.mov,01:00:54:16,01:00:56:01,1.38,1:09,2026-07-17,Chat GPT; Krea,,
CTD_104_RC_20260727,104,CTD_AI_TSF_FactoryOnFire_20260715_D2.mov,01:00:56:01,01:00:57:03,1.08,1:02,2026-07-16,Chat GPT; Krea,,
CTD_104_RC_20260727,104,CTD_AI_TSF_WomanOnLedge_B1_20260706.mov,01:00:58:00,01:00:58:23,0.96,0:23,2026-07-06,,,
CTD_104_RC_20260727,104,CTD_AI_TSF_WomanOnLedge_B3_20260706.mov,01:00:58:23,01:01:00:10,1.46,1:11,2026-07-06,,,
CTD_104_RC_20260727,104,CTD_AI_TSF_OtherScrapBinsCatchFire_20260710_3a.mov,01:01:00:10,01:01:01:19,1.38,1:09,2026-07-10,,,
CTD_104_RC_20260727,104,CTD_AI_ORA_ControlPanelDamagedC_20260708_1d.mov,01:01:01:19,01:01:02:23,1.17,1:04,2026-07-08,Chat GPT; Krea,,
CTD_104_RC_20260727,104,CTD_AI_ORA_CrewAtControlPanelB_20260706_1a.mov,01:01:02:23,01:01:04:03,1.17,1:04,2026-07-06,,,
CTD_104_RC_20260727,104,CTD_AI_TSF_GarmentWorkersD_20270713_1e.mov,01:01:04:03,01:01:04:21,0.75,0:18,2026-07-13,,,
CTD_104_RC_20260727,104,CTD_AI_MRB_Gusset_20260609_2b.mov,01:01:04:21,01:01:05:22,1.04,1:01,2026-06-09,Chat GPT; Krea,,
CTD_104_RC_20260727,104,CTD_AI_SMI_MinersReadyGear B_20260707_1a.mov,01:01:05:22,01:01:06:18,0.83,0:20,2026-07-07,Chat GPT; Krea,,
CTD_104_RC_20260727,104,CTD_AI_ORA_WorkersInStormyWater_20260708_1c.mov,01:01:06:18,01:01:07:20,1.08,1:02,2026-07-08,Chat GPT; Krea,,
CTD_104_RC_20260727,104,CTD_AI_KAL007_WrestleControls_20260629_v2.mov,01:01:07:20,01:01:08:22,1.08,1:02,2026-06-29,Krea; Nano Banana,,
CTD_104_RC_20260727,104,CTD_AI_TSF_FireEscapeCollapse C_20260609.mov,01:01:08:22,01:01:09:16,0.75,0:18,2026-06-09,Chat GPT; Krea,,
CTD_104_RC_20260727,104,CTD_AI_ORA_LifelinesThrownA_20260706_1a.mov,01:01:09:16,01:01:10:13,0.88,0:21,2026-07-06,,,
CTD_104_RC_20260727,104,CTD_AI_MRB_SwimToSurface2_20260707_1b.mov,01:01:10:13,01:01:11:05,0.67,0:16,2026-07-07,Chat GPT; Krea,,
CTD_104_RC_20260727,104,CTD_AI_KAL007_747Crashes 3_20260702_1b.mov,01:01:11:05,01:01:11:19,0.58,0:24,2026-07-02,Chat GPT; Krea,,
CTD_104_RC_20260727,104,CTD_AI_447_Stage06_20260708_1b.mov,01:01:11:19,01:01:12:22,1.13,1:24,2026-07-08,Chat GPT; Krea,,
CTD_104_RC_20260727,104,CTD_AI_ARF_Tent_20260605_1a.mov,01:04:46:20,01:04:49:21,3.04,3:01,2026-06-05,Chat GPT; Krea,,
CTD_104_RC_20260727,104,CTD_AI_ARF_Tent_20260605_1a.mov,01:04:51:01,01:04:53:22,2.88,2:21,2026-06-05,Chat GPT; Krea,,
CTD_104_RC_20260727,104,CTD_AI_ARF_Car_20260605_1b.mov,01:06:17:11,01:06:25:12,8.04,8:24,2026-06-05,Chat GPT; Krea,,
CTD_104_RC_20260727,104,CTD_AI_ARF_Manholdtree_20260609_1b.mov,01:06:50:12,01:06:55:08,4.83,4:20,2026-06-09,Chat GPT; Krea,,
CTD_104_RC_20260727,104,CTD_AI_ARF_Car_20260605_2.mov,01:07:11:11,01:07:17:07,5.83,5:20,2026-06-05,Chat GPT; Krea,,
CTD_104_RC_20260727,104,CTD_AI_TSF_GarmentWorkersD_20270713_1h.mov,01:09:46:22,01:09:51:08,4.42,4:10,2026-07-13,,,
CTD_104_RC_20260727,104,CTD_AI_TSF_GarmentWorkersD_20270713_1a.mov,01:09:51:08,01:09:53:07,1.96,1:23,2026-07-13,,,
CTD_104_RC_20260727,104,CTD_AI_TSF_GarmentWorkersD_20270713_1b.mov,01:10:03:11,01:10:09:09,5.92,5:22,2026-07-13,,,
CTD_104_RC_20260727,104,CTD_AI_TSF_GarmentWorkersD_20270713_1f.mov,01:10:09:09,01:10:14:23,5.58,5:14,2026-07-13,,,
CTD_104_RC_20260727,104,CTD_AI_TSF_GarmentWorkersD_20270713_1f.mov,01:10:14:23,01:10:16:17,1.75,1:18,2026-07-13,,,
CTD_104_RC_20260727,104,CTD_AI_TSF_GarmentWorkers_20260608_1B.mov,01:10:16:17,01:10:18:00,1.29,1:07,2026-06-09,Chat GPT; Krea,,
CTD_104_RC_20260727,104,CTD_AI_TSF_BlanckHarrisWatching_20260608_1A.mov,01:10:19:09,01:10:21:23,2.58,2:14,2026-06-09,Chat GPT; Krea,,
CTD_104_RC_20260727,104,CTD_AI_TSF_GarmentWorkersD_20270713_1k.mov,01:10:21:23,01:10:27:13,5.58,5:14,2026-07-13,,,
CTD_104_RC_20260727,104,CTD_AI_TSF_GarmentWorkersD_20270713_1e.mov,01:10:27:13,01:10:32:07,4.75,4:18,2026-07-13,,,
CTD_104_RC_20260727,104,CTD_AI_TSF_GarmentWorkers_F1_20260706.mov,01:10:32:07,01:10:34:22,2.63,2:15,2026-07-06,,,
CTD_104_RC_20260727,104,CTD_AI_TSF_ForemanTurns_20260608.mov,01:10:39:09,01:10:42:14,3.21,3:05,2026-06-09,Chat GPT; Krea,,
CTD_104_RC_20260727,104,CTD_AI_TSF_ForemanSeesFire_20260715_A1.mov,01:10:44:00,01:10:46:23,2.96,2:23,2026-07-16,Chat GPT; Krea,,
CTD_104_RC_20260727,104,CTD_AI_TSF_ForemanDousesFire_20260608_1A.mov,01:10:48:12,01:10:50:23,2.46,2:11,2026-06-09,Chat GPT; Krea,,
CTD_104_RC_20260727,104,CTD_AI_TSF_ForemanDousesFire_20260608_1A.mov,01:10:52:08,01:10:53:18,1.42,1:10,2026-06-09,Chat GPT; Krea,,
CTD_104_RC_20260727,104,CTD_AI_TSF_GarmentWorkersD_20270713_1j.mov,01:10:53:18,01:10:55:03,1.38,1:09,2026-07-13,,,
CTD_104_RC_20260727,104,CTD_AI_TSF_OtherScrapBinsCatchFire_20260710_2b.mov,01:10:55:03,01:10:56:05,1.08,1:02,2026-07-10,,,
CTD_104_RC_20260727,104,CTD_AI_TSF_ForemanSeesFire_20260716_C6.mov,01:10:56:05,01:10:57:04,0.96,0:23,2026-07-16,Chat GPT; Krea,,
CTD_104_RC_20260727,104,CTD_AI_TSF_ForemanSeesFire_20260716_C5.mov,01:10:57:04,01:10:57:23,0.79,0:19,2026-07-16,Chat GPT; Krea,,
CTD_104_RC_20260727,104,CTD_AI_TSF_Stampede_2B_20260706.mov,01:10:57:23,01:10:59:03,1.17,1:04,2026-07-06,,,
CTD_104_RC_20260727,104,CTD_AI_TSF_Stampede_20260710_3A.mov,01:10:59:03,01:11:00:11,1.33,1:08,2026-07-10,,,
CTD_104_RC_20260727,104,CTD_AI_TSF_Stampede_20260710_2A.mov,01:11:00:11,01:11:03:11,3,3:00,2026-07-10,,,
CTD_104_RC_20260727,104,CTD_AI_TSF_OtherScrapBinsCatchFire_20260710_3c.mov,01:11:04:15,01:11:08:17,4.08,4:02,2026-07-10,,,
CTD_104_RC_20260727,104,CTD_AI_TSF_OtherScrapBinsCatchFire_20260710_2c.mov,01:11:08:17,01:11:11:17,3,3:00,2026-07-10,,,
CTD_104_RC_20260727,104,CTD_AI_TSF_OtherScrapBinsCatchFire_20260710_2a.mov,01:11:11:17,01:11:14:05,2.5,2:12,2026-07-10,,,
CTD_104_RC_20260727,104,CTD_AI_TSF_FactoryOnFire A_20260609.mov,01:11:14:05,01:11:16:18,2.54,2:13,2026-06-09,Chat GPT; Krea,,
CTD_104_RC_20260727,104,CTD_AI_TSF_OtherScrapBinsCatchFire_20260710_3b.mov,01:11:19:13,01:11:22:00,2.46,2:11,2026-07-10,,,
CTD_104_RC_20260727,104,CTD_AI_TSF_FactoryOnFire_20260715_B4.mov,01:11:22:00,01:11:23:15,1.63,1:15,2026-07-16,Chat GPT; Krea,,
CTD_104_RC_20260727,104,CTD_AI_TSF_OtherScrapBinsCatchFire_20260710_3a.mov,01:11:23:15,01:11:25:01,1.42,1:10,2026-07-10,,,
CTD_104_RC_20260727,104,CTD_AI_TSF_WomanOnLedge_20260717_3b.mov,01:11:25:01,01:11:26:11,1.42,1:10,2026-07-17,Chat GPT; Krea,,
CTD_104_RC_20260727,104,CTD_AI_TSF_WorkersCoughing C_20260609.mov,01:11:26:11,01:11:27:18,1.29,1:07,2026-06-09,Chat GPT; Krea,,
CTD_104_RC_20260727,104,CTD_AI_TSF_FactoryOnFire_20260715_D2.mov,01:11:27:18,01:11:29:12,1.75,1:18,2026-07-16,Chat GPT; Krea,,
CTD_104_RC_20260727,104,CTD_AI_TSF_WomanOnLedge_20260717_3f.mov,01:11:29:12,01:11:30:14,1.08,1:02,2026-07-17,Chat GPT; Krea,,
CTD_104_RC_20260727,104,CTD_AI_TSF_WomanOnLedge_B1_20260706.mov,01:11:31:01,01:11:32:12,1.46,1:11,2026-07-06,,,
CTD_104_RC_20260727,104,CTD_AI_TSF_WomanOnLedge_20260717_3d.mov,01:11:33:04,01:11:33:22,0.75,0:18,2026-07-17,Chat GPT; Krea,,
CTD_104_RC_20260727,104,CTD_AI_TSF_WomanOnLedge_B3_20260706.mov,01:11:33:22,01:11:34:15,0.71,0:17,2026-07-06,,,
CTD_104_RC_20260727,104,CTD_AI_TSF_BuildingExterior_20260715_B2.mov,01:11:35:15,01:11:41:16,6.04,6:01,2026-07-16,Chat GPT; Krea,,
CTD_104_RC_20260727,104,CTD_AI_TSF_OtherScrapBinsCatchFire_20260710_2a.mov,01:11:41:16,01:11:47:02,5.42,5:10,2026-07-10,,,
CTD_104_RC_20260727,104,CTD_AI_TSF_OtherScrapBinsCatchFire_20260710_3a.mov,01:11:51:15,01:11:53:04,1.54,1:13,2026-07-10,,,
CTD_104_RC_20260727,104,CTD_AI_TSF_BuildingExterior_20260608_1B.mov,01:11:53:04,01:11:54:07,1.13,1:24,2026-06-09,Chat GPT; Krea,,
CTD_104_RC_20260727,104,CTD_AI_TSF_Stampede_20260710_1c.mov,01:11:54:07,01:11:56:14,2.29,2:07,2026-07-10,,,
CTD_104_RC_20260727,104,CTD_AI_TSF_WorkersJammed_20260717_3a.mov,01:12:07:18,01:12:10:19,3.04,3:01,2026-07-17,Chat GPT; Krea,,
CTD_104_RC_20260727,104,CTD_AI_TSF_WorkersCoughing_20260710_1b.mov,01:12:10:19,01:12:13:05,2.42,2:10,2026-07-10,,,
CTD_104_RC_20260727,104,CTD_AI_TSF_FactoryOnFire_20260715_B3.mov,01:12:16:02,01:12:19:03,3.04,3:01,2026-07-16,Chat GPT; Krea,,
CTD_104_RC_20260727,104,CTD_AI_TSF_FactoryOnFire_20260715_B5.mov,01:12:19:03,01:12:21:02,1.96,1:23,2026-07-16,Chat GPT; Krea,,
CTD_104_RC_20260727,104,CTD_AI_TSF_FactoryOnFire_20260715_B4.mov,01:12:21:02,01:12:23:04,2.08,2:02,2026-07-16,Chat GPT; Krea,,
CTD_104_RC_20260727,104,CTD_AI_TSF_GarmentWorkers_20260608_1B.mov,01:12:23:04,01:12:23:19,0.63,0:15,2026-06-09,Chat GPT; Krea,,
CTD_104_RC_20260727,104,CTD_AI_TSF_GarmentWorkersD_20270713_1a.mov,01:12:23:19,01:12:26:06,2.46,2:11,2026-07-13,,,
CTD_104_RC_20260727,104,CTD_AI_TSF_WorkersPanic_A1_20260708.mov,01:12:36:03,01:12:41:23,5.83,5:20,2026-07-08,,,
CTD_104_RC_20260727,104,CTD_AI_TSF_Stampede_2A_20260706.mov,01:12:41:23,01:12:45:06,3.29,3:07,2026-07-06,,,
CTD_104_RC_20260727,104,CTD_AI_TSF_GarmentWorkersD_20270713_1j.mov,01:12:45:06,01:12:46:17,1.46,1:11,2026-07-13,,,
CTD_104_RC_20260727,104,CTD_AI_TSF_OtherScrapBinsCatchFire_20260710_3a.mov,01:12:49:06,01:12:51:14,2.33,2:08,2026-07-10,,,
CTD_104_RC_20260727,104,CTD_AI_TSF_WorkersJammed A_20260609.mov,01:12:51:14,01:12:53:17,2.13,2:03,2026-06-09,Chat GPT; Krea,,
CTD_104_RC_20260727,104,CTD_AI_TSF_WorkersJammed_B2_20260708.mov,01:12:53:17,01:12:55:04,1.46,1:11,2026-07-08,,,
CTD_104_RC_20260727,104,CTD_AI_TSF_WorkersJammed A_20260609.mov,01:12:55:04,01:12:56:14,1.42,1:10,2026-06-09,Chat GPT; Krea,,
CTD_104_RC_20260727,104,CTD_AI_TSF_BuildingExterior_20260608_1A.mov,01:12:57:16,01:13:01:17,4.04,4:01,2026-06-09,Chat GPT; Krea,,
CTD_104_RC_20260727,104,CTD_AI_TSF_WorkersRun_A2_20260708.mov,01:13:04:17,01:13:10:05,5.5,5:12,2026-07-08,,,
CTD_104_RC_20260727,104,CTD_AI_TSF_WorkersRun_B2_20260708.mov,01:13:14:21,01:13:18:17,3.83,3:20,2026-07-08,,,
CTD_104_RC_20260727,104,CTD_AI_TSF_WomanOnLedge_20260717_3f.mov,01:13:18:17,01:13:19:21,1.17,1:04,2026-07-17,Chat GPT; Krea,,
CTD_104_RC_20260727,104,CTD_AI_TSF_OtherScrapBinsCatchFire_20260710_3b.mov,01:13:19:21,01:13:22:00,2.13,2:03,2026-07-10,,,
CTD_104_RC_20260727,104,CTD_AI_TSF_FactoryOnFire_20260715_D2.mov,01:13:23:22,01:13:27:06,3.33,3:08,2026-07-16,Chat GPT; Krea,,
CTD_104_RC_20260727,104,CTD_AI_TSF_7thFloorLadder_20260608_1B.mov,01:13:41:10,01:13:45:06,3.83,3:20,2026-06-09,Chat GPT; Krea,,
CTD_104_RC_20260727,104,CTD_AI_TSF_7thFloorLadder_20260608_1A.mov,01:13:46:21,01:13:47:23,1.08,1:02,2026-06-09,Chat GPT; Krea,,
CTD_104_RC_20260727,104,CTD_AI_TSF_7thFloorLadder_20260608_1A.mov,01:13:47:23,01:13:51:02,3.13,3:03,2026-06-09,Chat GPT; Krea,,
CTD_104_RC_20260727,104,CTD_AI_TSF_WomanOnLedge_B2_20260706.mov,01:13:52:10,01:13:54:15,2.21,2:05,2026-07-06,,,
CTD_104_RC_20260727,104,CTD_AI_TSF_WorkersPanic_A2_20260708.mov,01:13:54:15,01:13:55:19,1.17,1:04,2026-07-08,,,
CTD_104_RC_20260727,104,CTD_AI_TSF_WorkersCoughing C_20260609.mov,01:13:55:19,01:13:58:00,2.21,2:05,2026-06-09,Chat GPT; Krea,,
CTD_104_RC_20260727,104,CTD_AI_TSF_WorkersCoughing_A1_20260708.mov,01:13:58:00,01:13:59:13,1.54,1:13,2026-07-08,,,
CTD_104_RC_20260727,104,CTD_AI_TSF_WomanOnLedge_20260717_3b.mov,01:13:59:13,01:14:01:19,2.25,2:06,2026-07-17,Chat GPT; Krea,,
CTD_104_RC_20260727,104,CTD_AI_TSF_Stampede_20260710_1c.mov,01:14:03:02,01:14:05:20,2.75,2:18,2026-07-10,,,
CTD_104_RC_20260727,104,CTD_AI_TSF_FireEscapeCollapse_B1_20260706.mov,01:14:05:20,01:14:10:18,4.92,4:22,2026-07-06,,,
CTD_104_RC_20260727,104,CTD_AI_TSF_FireEscapeCollapse C_20260609.mov,01:14:14:17,01:14:21:16,6.96,6:23,2026-06-09,Chat GPT; Krea,,
CTD_104_RC_20260727,104,CTD_AI_TSF_BuildingExterior_20260608_1B.mov,01:14:38:06,01:14:40:03,1.88,1:21,2026-06-09,Chat GPT; Krea,,
CTD_104_RC_20260727,104,CTD_AI_TSF_WomanOnLedge_20260717_3e.mov,01:14:42:07,01:14:43:19,1.5,1:12,2026-07-17,Chat GPT; Krea,,
CTD_104_RC_20260727,104,CTD_AI_TSF_WomanOnLedge_B1_20260706.mov,01:14:43:19,01:14:45:12,1.71,1:17,2026-07-06,,,
CTD_104_RC_20260727,104,CTD_AI_TSF_CrowdYelling_20260717_C1.mov,01:14:45:12,01:14:46:11,0.96,0:23,2026-07-17,Chat GPT; Krea,,
CTD_104_RC_20260727,104,CTD_AI_TSF_WomanOnLedge_B2_20260706.mov,01:14:46:11,01:14:47:05,0.75,0:18,2026-07-06,,,
CTD_104_RC_20260727,104,CTD_AI_TSF_CrowdYelling_20260717_C5.mov,01:14:47:05,01:14:48:04,0.96,0:23,2026-07-17,Chat GPT; Krea,,
CTD_104_RC_20260727,104,CTD_AI_TSF_WomanOnLedge_B3_20260706.mov,01:14:48:04,01:14:50:09,2.21,2:05,2026-07-06,,,
CTD_104_RC_20260727,104,CTD_AI_TSF_BuildingExterior_20260608_1A.mov,01:14:53:05,01:14:59:06,6.04,6:01,2026-06-09,Chat GPT; Krea,,
CTD_104_RC_20260727,104,CTD_AI_KAL007_747On Tarmac_260624_3a.mov,01:15:35:07,01:15:41:08,6.04,6:01,2026-06-24,Krea; Nano Banana,,
CTD_104_RC_20260727,104,CTD_AI_KAL007_747On Tarmac_260624_1a.mov,01:15:41:08,01:15:47:09,6.04,6:01,2026-06-24,Krea; Nano Banana,,
CTD_104_RC_20260727,104,CTD_AI_KAL007_747On Tarmac_260624_2a.mov,01:15:47:09,01:15:55:00,7.63,7:15,2026-06-24,Krea; Nano Banana,,
CTD_104_RC_20260727,104,CTD_AI_KAL007_Passengers_202606_29_2a.mov,01:15:55:00,01:16:00:07,5.29,5:07,2026-06-29,Chat GPT; Krea,,
CTD_104_RC_20260727,104,CTD_AI_KAL007_Passengers_202606_29_1a.mov,01:16:42:23,01:16:46:17,3.75,3:18,2026-06-29,Chat GPT; Krea,,
CTD_104_RC_20260727,104,CTD_AI_KAL007_PilotsInCockpit_20260702_1b.mov,01:16:47:22,01:16:52:23,5.04,5:01,2026-07-02,Chat GPT; Krea,,
CTD_104_RC_20260727,104,CTD_AI_KAL007_CaptainInHeadset B_20260625_3a.mov,01:16:54:02,01:16:57:18,3.67,3:16,2026-06-26,Chat GPT; Krea,,
CTD_104_RC_20260727,104,CTD_AI_KAL007_747On Tarmac_260624_4a.mov,01:17:11:15,01:17:15:23,4.33,4:08,2026-06-24,Krea; Nano Banana,,
CTD_104_RC_20260727,104,CTD_AI_KAL007_InputtingCoordinates A_20260625_1b.mov,01:17:15:23,01:17:21:00,5.04,5:01,2026-06-26,Chat GPT; Krea,,
CTD_104_RC_20260727,104,CTD_AI_KAL007_747On Tarmac_260624_4a.mov,01:17:25:08,01:17:31:07,5.96,5:23,2026-06-24,Krea; Nano Banana,,
CTD_104_RC_20260727,104,CTD_AI_KAL007_Takeoff_20260624_3a.mov,01:17:33:09,01:17:40:12,7.13,7:03,2026-06-24,Krea; Nano Banana,,
CTD_104_RC_20260727,104,CTD_AI_KAL007_747 In Flight_20260630_1b.mov,01:17:40:12,01:17:46:13,6.04,6:01,2026-06-30,Chat GPT; Krea,,
CTD_104_RC_20260727,104,CTD_AI_KAL007_747Flying_20260609_1a.mov,01:17:46:13,01:17:52:16,6.13,6:03,2026-06-09,Chat GPT; Krea,,
CTD_104_RC_20260727,104,CTD_AI_447_CalmCabin_20260514_1b.mov,01:17:52:16,01:17:57:22,5.25,5:06,2026-05-14,Chat GPT; Krea,,
CTD_104_RC_20260727,104,CTD_AI_KAL007_CaptainInHeadset B_20260625_3a.mov,01:17:57:22,01:18:00:08,2.42,2:10,2026-06-26,Chat GPT; Krea,,
CTD_104_RC_20260727,104,CTD_AI_KAL007_FlightCrewControls_20260626_2a.mov,01:18:03:11,01:18:08:12,5.04,5:01,2026-06-26,Chat GPT; Krea,,
CTD_104_RC_20260727,104,CTD_AI_KAL007_InputtingCoordinates B_20260625_2a.mov,01:18:12:22,01:18:15:19,2.88,2:21,2026-06-26,Chat GPT; Krea,,
CTD_104_RC_20260727,104,CTD_AI_KAL007_FlightCrewControls_20260626_1a.mov,01:18:15:19,01:18:20:20,5.04,5:01,2026-06-26,Chat GPT; Krea,,
CTD_104_RC_20260727,104,CTD_AI_KAL007_BlipsOnRadar_20260609_1a.mov,01:18:28:21,01:18:30:07,1.42,1:10,2026-06-09,Chat GPT; Krea,,
CTD_104_RC_20260727,104,CTD_AI_KAL007_FighterTakeoff_20260609_1a.mov,01:18:30:07,01:18:32:04,1.88,1:21,2026-06-09,Chat GPT; Krea,,
CTD_104_RC_20260727,104,CTD_AI_KAL007_FighterTurns_20260609_1c.mov,01:18:32:04,01:18:33:03,0.96,0:23,2026-06-09,Chat GPT; Krea,,
CTD_104_RC_20260727,104,CTD_AI_KAL007_FighterFollow_20260609_2a.mov,01:18:33:03,01:18:34:20,1.71,1:17,2026-06-09,Chat GPT; Krea,,
CTD_104_RC_20260727,104,CTD_AI_KAL007_747 In Flight 2_260630_1b.mov,01:18:35:16,01:18:37:05,1.54,1:13,2026-06-30,Chat GPT; Krea,,
CTD_104_RC_20260727,104,CTD_AI_KAL007_FighterFollow_20260609_1a.mov,01:18:37:05,01:18:38:05,1,1:00,2026-06-09,Chat GPT; Krea,,
CTD_104_RC_20260727,104,CTD_AI_KAL007_MissileButton_20260609_1a.mov,01:18:38:05,01:18:38:16,0.46,0:11,2026-06-09,Chat GPT; Krea,,
CTD_104_RC_20260727,104,CTD_AI_KAL007_FighterFiring_20260609_3a.mov,01:18:38:16,01:18:39:06,0.58,0:24,2026-06-09,Chat GPT; Krea,,
CTD_104_RC_20260727,104,CTD_AI_KAL007_747Crashes 3_20260702_2d.mov,01:18:39:06,01:18:40:08,1.08,1:02,2026-07-02,Chat GPT; Krea,,
CTD_104_RC_20260727,104,CTD_AI_KAL007_747 In Flight_20260630_1b.mov,01:18:41:08,01:18:45:05,3.88,3:21,2026-06-30,Chat GPT; Krea,,
CTD_104_RC_20260727,104,CTD_AI_KAL007_FlightCrewControls_20260626_1a.mov,01:18:45:05,01:18:49:04,3.96,3:23,2026-06-26,Chat GPT; Krea,,
CTD_104_RC_20260727,104,CTD_AI_KAL007_747 In Flight_260630_1a.mov,01:18:49:04,01:18:52:17,3.54,3:13,2026-06-30,Chat GPT; Krea,,
CTD_104_RC_20260727,104,CTD_AI_KAL007_Passengers_202606_29_2a.mov,01:18:52:17,01:18:54:21,2.17,2:04,2026-06-29,Chat GPT; Krea,,
CTD_104_RC_20260727,104,CTD_AI_KAL007_BlipsOnRadar_20260609_1a.mov,01:19:02:08,01:19:04:14,2.25,2:06,2026-06-09,Chat GPT; Krea,,
CTD_104_RC_20260727,104,CTD_AI_KAL007_747 In Flight_260630_1a.mov,01:19:16:03,01:19:20:05,4.08,4:02,2026-06-30,Chat GPT; Krea,,
CTD_104_RC_20260727,104,CTD_AI_KAL007_BlipsOnRadar_20260609_1a.mov,01:19:36:05,01:19:39:23,3.75,3:18,2026-06-09,Chat GPT; Krea,,
CTD_104_RC_20260727,104,CTD_AI_KAL007_BlipsOnRadar_20260609_2a.mov,01:19:51:12,01:19:55:00,3.5,3:12,2026-06-09,Chat GPT; Krea,,
CTD_104_RC_20260727,104,CTD_AI_KAL007_747 In Flight_20260630_1b.mov,01:19:56:14,01:20:00:21,4.29,4:07,2026-06-30,Chat GPT; Krea,,
CTD_104_RC_20260727,104,CTD_AI_KAL007_FighterTakeoff_20260609_1a.mov,01:20:02:04,01:20:07:14,5.42,5:10,2026-06-09,Chat GPT; Krea,,
CTD_104_RC_20260727,104,CTD_AI_KAL007_FighterFlight_20260609_1a.mov,01:20:07:14,01:20:10:14,3,3:00,2026-06-09,Chat GPT; Krea,,
CTD_104_RC_20260727,104,CTD_AI_KAL007_FighterTurns_20260609_1a.mov,01:20:13:11,01:20:15:05,1.75,1:18,2026-06-09,Chat GPT; Krea,,
CTD_104_RC_20260727,104,CTD_AI_KAL007_FighterFollow_20260609_2a.mov,01:20:16:04,01:20:17:15,1.46,1:11,2026-06-09,Chat GPT; Krea,,
CTD_104_RC_20260727,104,CTD_AI_KAL007_FighterFlight_20260609_1a.mov,01:20:20:17,01:20:23:09,2.67,2:16,2026-06-09,Chat GPT; Krea,,
CTD_104_RC_20260727,104,CTD_AI_KAL007_FlightCrewControls_20260626_1a.mov,01:20:26:14,01:20:28:23,2.38,2:09,2026-06-26,Chat GPT; Krea,,
CTD_104_RC_20260727,104,CTD_AI_KAL007_CaptainInHeadset B_20260625_1a.mov,01:20:28:23,01:20:32:05,3.25,3:06,2026-06-26,Chat GPT; Krea,,
CTD_104_RC_20260727,104,CTD_AI_KAL007_FighterFollow_20260609_2a.mov,01:20:32:05,01:20:35:22,3.71,3:17,2026-06-09,Chat GPT; Krea,,
CTD_104_RC_20260727,104,CTD_AI_KAL007_747 In Flight_20260630_1b.mov,01:20:38:00,01:20:40:06,2.25,2:06,2026-06-30,Chat GPT; Krea,,
CTD_104_RC_20260727,104,CTD_AI_KAL007_FighterFollow_20260609_1a.mov,01:20:40:06,01:20:40:07,0.04,0:00,2026-06-09,Chat GPT; Krea,,
CTD_104_RC_20260727,104,CTD_AI_KAL007_FighterTurns_20260609_1c.mov,01:20:40:07,01:20:43:19,3.5,3:12,2026-06-09,Chat GPT; Krea,,
CTD_104_RC_20260727,104,CTD_AI_KAL007_MissileButton_20260609_1c.mov,01:20:43:19,01:20:47:19,4,4:00,2026-06-09,Chat GPT; Krea,,
CTD_104_RC_20260727,104,CTD_AI_KAL007_FighterFiring_20260609_2a.mov,01:20:47:19,01:20:49:14,1.79,1:19,2026-06-09,Chat GPT; Krea,,
CTD_104_RC_20260727,104,CTD_AI_KAL007_MissileButton_20260609_1a.mov,01:20:52:02,01:20:53:14,1.5,1:12,2026-06-09,Chat GPT; Krea,,
CTD_104_RC_20260727,104,CTD_AI_KAL007_747_CannonsFire 3_20260630_1a.mov,01:20:53:14,01:20:56:08,2.75,2:18,2026-06-30,Chat GPT; Krea,,
CTD_104_RC_20260727,104,CTD_AI_KAL007_CaptainInHeadset B_20260625_1a.mov,01:20:56:08,01:20:59:10,3.08,3:02,2026-06-26,Chat GPT; Krea,,
CTD_104_RC_20260727,104,CTD_AI_KAL007_MissileButton_20260609_1c.mov,01:21:01:20,01:21:02:17,0.88,0:21,2026-06-09,Chat GPT; Krea,,
CTD_104_RC_20260727,104,CTD_AI_KAL007_FighterFiring_20260609_1a.mov,01:21:02:17,01:21:05:02,2.38,2:09,2026-06-09,Chat GPT; Krea,,
CTD_104_RC_20260727,104,CTD_AI_KAL007_FighterFiring_20260609_2a.mov,01:21:05:02,01:21:07:15,2.54,2:13,2026-06-09,Chat GPT; Krea,,
CTD_104_RC_20260727,104,CTD_AI_KAL007_CaptainInHeadset B_20260625_3a.mov,01:21:07:15,01:21:12:12,4.88,4:21,2026-06-26,Chat GPT; Krea,,
CTD_104_RC_20260727,104,CTD_AI_KAL007_747Flying_20260609_1a.mov,01:21:12:12,01:21:15:08,2.83,2:20,2026-06-09,Chat GPT; Krea,,
CTD_104_RC_20260727,104,CTD_AI_KAL007_CaptainInHeadset A_20260626_1a.mov,01:21:17:06,01:21:19:04,1.92,1:22,2026-06-26,Chat GPT; Krea,,
CTD_104_RC_20260727,104,CTD_AI_KAL007_CaptainInHeadset B_20260625_1a.mov,01:21:25:03,01:21:27:00,1.88,1:21,2026-06-26,Chat GPT; Krea,,
CTD_104_RC_20260727,104,CTD_AI_KAL007_747 In Flight 2_260630_1b.mov,01:21:29:15,01:21:34:19,5.17,5:04,2026-06-30,Chat GPT; Krea,,
CTD_104_RC_20260727,104,CTD_AI_KAL007_FighterFollow_20260609_1a.mov,01:21:46:06,01:21:49:07,3.04,3:01,2026-06-09,Chat GPT; Krea,,
CTD_104_RC_20260727,104,CTD_AI_KAL007_FighterFlight_20260609_1a.mov,01:21:52:01,01:21:55:21,3.83,3:20,2026-06-09,Chat GPT; Krea,,
CTD_104_RC_20260727,104,CTD_AI_KAL007_FighterFollow_20260609_1a.mov,01:21:55:21,01:21:58:03,2.25,2:06,2026-06-09,Chat GPT; Krea,,
CTD_104_RC_20260727,104,CTD_AI_KAL007_747_MissileButton 1_260630_1a.mov,01:21:58:03,01:21:59:21,1.75,1:18,2026-06-30,Chat GPT; Krea,,
CTD_104_RC_20260727,104,CTD_AI_KAL007_FighterFlight_20260609_1a.mov,01:21:59:21,01:22:00:16,0.79,0:19,2026-06-09,Chat GPT; Krea,,
CTD_104_RC_20260727,104,CTD_AI_KAL007_ExplosionInAir 2_20260702_1a.mov,01:22:00:16,01:22:01:09,0.71,0:17,2026-07-02,Krea; Nano Banana,,
CTD_104_RC_20260727,104,CTD_AI_KAL007_747_MissileButton 1_260630_1a.mov,01:22:01:09,01:22:02:04,0.79,0:19,2026-06-30,Chat GPT; Krea,,
CTD_104_RC_20260727,104,CTD_AI_KAL007_747_MissileButton 2_260630_1a.mov,01:22:02:04,01:22:03:08,1.17,1:04,2026-06-30,Chat GPT; Krea,,
CTD_104_RC_20260727,104,CTD_AI_KAL007_747_CannonsFire 4_20260630_1a.mov,01:22:05:22,01:22:10:10,4.5,4:12,2026-06-30,Chat GPT; Krea,,
CTD_104_RC_20260727,104,CTD_AI_KAL007_747 In Flight_20260630_1b.mov,01:22:10:10,01:22:13:02,2.67,2:16,2026-06-30,Chat GPT; Krea,,
CTD_104_RC_20260727,104,CTD_AI_KAL007_ExplosionInAir 2_20260702_1d.mov,01:22:13:02,01:22:17:17,4.63,4:15,2026-07-02,Chat GPT; Krea,,
CTD_104_RC_20260727,104,CTD_AI_KAL007_747InDarkness 2_20260702_1b.mov,01:22:17:17,01:22:21:18,4.04,4:01,2026-07-02,Chat GPT; Krea,,
CTD_104_RC_20260727,104,CTD_AI_KAL007_FighterFlight_20260609_1a.mov,01:22:23:02,01:22:24:21,1.79,1:19,2026-06-09,Chat GPT; Krea,,
CTD_104_RC_20260727,104,CTD_AI_KAL007_FighterTurns_20260609_1b.mov,01:22:24:21,01:22:25:16,0.79,0:19,2026-06-09,Chat GPT; Krea,,
CTD_104_RC_20260727,104,CTD_AI_KAL007_747Smoke_20260609_1a.mov,01:22:33:12,01:22:40:22,7.42,7:10,2026-06-09,Chat GPT; Krea,,
CTD_104_RC_20260727,104,CTD_AI_KAL007_747Smoke_20260609_2a.mov,01:22:45:04,01:22:50:12,5.33,5:08,2026-06-09,Chat GPT; Krea,,
CTD_104_RC_20260727,104,CTD_AI_447_CabinArmrest_20260514_1a.mov,01:22:52:04,01:22:53:09,1.21,1:05,2026-05-14,Chat GPT; Krea,,
CTD_104_RC_20260727,104,CTD_AI_447_CabinBlanket_20260514_1b.mov,01:22:53:09,01:22:54:07,0.92,0:22,2026-05-14,Chat GPT; Krea,,
CTD_104_RC_20260727,104,CTD_AI_447_Galley_20260619_1c.mov,01:22:54:07,01:22:55:18,1.46,1:11,2026-06-19,Chat GPT; Krea,,
CTD_104_RC_20260727,104,CTD_AI_KAL007_747Smoke_20260609_2b.mov,01:22:56:10,01:22:58:17,2.29,2:07,2026-06-09,Chat GPT; Krea,,
CTD_104_RC_20260727,104,CTD_AI_447_CabinHeadrest_20260514_1a.mov,01:22:58:17,01:22:59:14,0.88,0:21,2026-05-14,Chat GPT; Krea,,
CTD_104_RC_20260727,104,CTD_AI_447_AircraftCrashes01_20260708_1i.mov,01:22:59:14,01:23:00:21,1.29,1:07,2026-07-08,Chat GPT; Krea,,
CTD_104_RC_20260727,104,CTD_AI_KAL007_747InDarkness 2_20260702_1a.mov,01:23:02:06,01:23:06:07,4.04,4:01,2026-07-02,Chat GPT; Krea,,
CTD_104_RC_20260727,104,CTD_AI_KAL007_PanicOxygenMasks_20260629_v2.mov,01:23:09:15,01:23:15:13,5.92,5:22,2026-06-29,Chat GPT; Krea,,
CTD_104_RC_20260727,104,CTD_AI_KAL007_PanicOxygenMasks 2_20260702_3a.mov,01:23:17:02,01:23:19:16,2.58,2:14,2026-07-02,Chat GPT; Krea,,
CTD_104_RC_20260727,104,CTD_AI_KAL007_PanicOxygenMasks_20260629_v1.mov,01:23:19:16,01:23:21:20,2.17,2:04,2026-06-29,Chat GPT; Krea,,
CTD_104_RC_20260727,104,CTD_AI_KAL007_747InDarkness 2_20260702_1a.mov,01:23:21:20,01:23:23:20,2,2:00,2026-07-02,Chat GPT; Krea,,
CTD_104_RC_20260727,104,CTD_AI_KAL007_WrestleControls_20260629_v2.mov,01:23:26:09,01:23:30:08,3.96,3:23,2026-06-29,Krea; Nano Banana,,
CTD_104_RC_20260727,104,CTD_AI_447_AircraftCrashes01_20260708_1k.mov,01:23:31:03,01:23:32:12,1.38,1:09,2026-07-08,,,
CTD_104_RC_20260727,104,CTD_AI_KAL007_FirstOfficerQuestions__20260629_v1.mov,01:23:32:12,01:23:36:21,4.38,4:09,2026-06-29,Chat GPT; Krea,,
CTD_104_RC_20260727,104,CTD_AI_KAL007_PanicOxygenMasks 2_20260702_1a.mov,01:23:36:21,01:23:39:05,2.33,2:08,2026-07-02,Chat GPT; Krea,,
CTD_104_RC_20260727,104,CTD_AI_KAL007_747Crashes 3_20260702_2a.mov,01:23:39:05,01:23:42:08,3.13,3:03,2026-07-02,Chat GPT; Krea,,
CTD_104_RC_20260727,104,CTD_AI_447_Stage06_20260708_1b.mov,01:23:42:08,01:23:44:10,2.08,2:02,2026-07-08,Chat GPT; Krea,,
CTD_104_RC_20260727,104,CTD_AI_447_PlaneCrashTail_20260623_1b.mov,01:23:44:10,01:23:47:00,2.58,2:14,2026-06-23,Chat GPT; Krea,,
CTD_104_RC_20260727,104,CTD_AI_447_Debris_20260706_1a.mov,01:23:47:00,01:23:50:05,3.21,3:05,2026-07-06,Chat GPT; Krea,,
CTD_104_RC_20260727,104,CTD_AI_447_DebrisClose_20260702_2a.mov,01:23:50:05,01:23:55:06,5.04,5:01,2026-07-02,Chat GPT; Krea,,
CTD_104_RC_20260727,104,CTD_AI_447_DebrisClose_20260702_3a.mov,01:23:55:06,01:24:00:07,5.04,5:01,2026-07-02,Chat GPT; Krea,,
CTD_104_RC_20260727,104,CTD_AI_MRB_Jam_20260609_1a.mov,01:24:43:04,01:24:45:02,1.92,1:22,2026-06-09,Chat GPT; Krea,,
CTD_104_RC_20260727,104,CTD_AI_MRB_SteelBeamsBridge&ConcretePiers_20260707_2b.mov,01:25:02:21,01:25:07:14,4.71,4:17,2026-07-07,Chat GPT; Krea,,
CTD_104_RC_20260727,104,CTD_AI_MRB_BridgeTraffic5_20260707_2a.mov,01:25:19:07,01:25:25:08,6.04,6:01,2026-07-07,Chat GPT; Krea,,
CTD_104_RC_20260727,104,CTD_AI_MRB_BridgeTraffic4_20260707_2a.mov,01:25:30:03,01:25:34:05,4.08,4:02,2026-07-07,Chat GPT; Krea,,
CTD_104_RC_20260727,104,CTD_AI_MRB_Concrete_20260609_3b.mov,01:25:39:14,01:25:44:14,5,5:00,2026-06-09,Chat GPT; Krea,,
CTD_104_RC_20260727,104,CTD_AI_MRB_Concrete_20260609_2a.mov,01:25:45:18,01:25:53:04,7.42,7:10,2026-06-09,Chat GPT; Krea,,
CTD_104_RC_20260727,104,CTD_AI_MRB_SteelBeamsBridge&ConcretePiers_20260707_1b.mov,01:25:55:03,01:25:59:08,4.21,4:05,2026-07-07,Chat GPT; Krea,,
CTD_104_RC_20260727,104,CTD_AI_MRB_BridgeTraffic5_20260707_1a.mov,01:26:02:12,01:26:06:05,3.71,3:17,2026-07-07,Chat GPT; Krea,,
CTD_104_RC_20260727,104,CTD_AI_MRB_BridgeTraffic6_20260707_1a.mov,01:26:06:05,01:26:10:14,4.38,4:09,2026-07-07,Chat GPT; Krea,,
CTD_104_RC_20260727,104,CTD_AI_MRB_Gusset_20260609_1a.mov,01:26:27:06,01:26:30:20,3.58,3:14,2026-06-09,Chat GPT; Krea,,
CTD_104_RC_20260727,104,CTD_AI_MRB_Gusset_20260609_2b.mov,01:26:36:02,01:26:40:06,4.17,4:04,2026-06-09,Chat GPT; Krea,,
CTD_104_RC_20260727,104,CTD_AI_MRB_BridgeTraffic4_20260707_1b.mov,01:26:46:06,01:26:51:10,5.17,5:04,2026-07-07,Chat GPT; Krea,,
CTD_104_RC_20260727,104,CTD_AI_MRB_MachineryAndEquipment3_20260707_1a.mov,01:27:13:19,01:27:18:01,4.25,4:06,2026-07-07,Chat GPT; Krea,,
CTD_104_RC_20260727,104,CTD_AI_MRB_BridgeTraffic3_20260707_1b.mov,01:27:45:00,01:27:50:03,5.13,5:03,2026-07-07,Chat GPT; Krea,,
CTD_104_RC_20260727,104,CTD_AI_MRB_SwimToSurface2_20260707_1a.mov,01:28:47:08,01:28:51:09,4.04,4:01,2026-07-07,Chat GPT; Krea,,
CTD_104_RC_20260727,104,CTD_AI_MRB_SwimToSurface2_20260707_1b.mov,01:28:53:04,01:28:55:08,2.17,2:04,2026-07-07,Chat GPT; Krea,,
CTD_104_RC_20260727,104,CTD_AI_MRB_kidswindow_20260609_1c.mov,01:29:23:07,01:29:25:01,1.75,1:18,2026-06-09,Chat GPT; Krea,,
CTD_104_RC_20260727,104,CTD_AI_MRB_kidswindow_20260609_1b.mov,01:29:25:01,01:29:25:14,0.54,0:13,2026-06-09,Chat GPT; Krea,,
CTD_104_RC_20260727,104,CTD_AI_MRB_kidswindow_20260609_1a.mov,01:29:26:23,01:29:28:07,1.33,1:08,2026-06-09,Chat GPT; Krea,,
CTD_104_RC_20260727,104,CTD_AI_MRB_Gusset_20260609_1b.mov,01:29:57:16,01:30:01:01,3.38,3:09,2026-06-09,Chat GPT; Krea,,
CTD_104_RC_20260727,104,CTD_AI_ORA_RigLists10Degrees_20260706_1a.mov,01:30:08:09,01:30:10:00,1.63,1:15,2026-07-06,,,
CTD_104_RC_20260727,104,CTD_AI_ORA_RangerCapsizesB_20260708_c.mov,01:30:10:00,01:30:10:23,0.96,0:23,2026-07-08,Chat GPT; Krea,,
CTD_104_RC_20260727,104,CTD_AI_ORA_CrewAbandonsRig_20260706_1a.mov,01:30:10:23,01:30:12:18,1.79,1:19,2026-07-06,,,
CTD_104_RC_20260727,104,CTD_AI_ORA_BoatsCapsizeA_20260706_1b.mov,01:30:12:18,01:30:13:16,0.92,0:22,2026-07-06,,,
CTD_104_RC_20260727,104,CTD_AI_ORA_BoatsCapsizeB_20260706_1a.mov,01:30:13:16,01:30:14:20,1.17,1:04,2026-07-06,,,
CTD_104_RC_20260727,104,CTD_AI_ORA_WorkersInStormyWater_20260708_1c.mov,01:30:14:20,01:30:17:08,2.5,2:12,2026-07-08,Chat GPT; Krea,,
CTD_104_RC_20260727,104,CTD_AI_ORA_BoatsCapsizeB_20260708_1b.mov,01:30:18:01,01:30:19:17,1.67,1:16,2026-07-08,Chat GPT; Krea,,
CTD_104_RC_20260727,104,CTD_AI_ORA_RescueAbandonedA_20260708_1c.mov,01:30:20:20,01:30:23:10,2.58,2:14,2026-07-08,Chat GPT; Krea,,
CTD_104_RC_20260727,104,CTD_AI_ORA_RescueAbandonedB_20260706_1b.mov,01:30:23:10,01:30:25:00,1.58,1:14,2026-07-06,,,
CTD_104_RC_20260727,104,CTD_AI_ORA_35FootWavesA_20260706_1a.mov,01:31:14:13,01:31:18:16,4.13,4:03,2026-07-06,,,
CTD_104_RC_20260727,104,CTD_AI_ORA_ControlPanelDamagedC_20260708_1d.mov,01:31:50:12,01:31:56:08,5.83,5:20,2026-07-08,Chat GPT; Krea,,
CTD_104_RC_20260727,104,CTD_AI_ORA_CrewAtControlPanelB_20260708_1c.mov,01:31:56:08,01:31:58:03,1.79,1:19,2026-07-08,Chat GPT; Krea,,
CTD_104_RC_20260727,104,CTD_AI_ORA_CrewAtControlPanelB_20260706_1a.mov,01:31:58:03,01:32:00:08,2.21,2:05,2026-07-06,,,
CTD_104_RC_20260727,104,CTD_AI_ORA_35FootWavesB_20260706_1b.mov,01:32:22:03,01:32:27:00,4.88,4:21,2026-07-06,,,
CTD_104_RC_20260727,104,CTD_AI_ORA_35FootWavesB_20260706_1a.mov,01:32:36:23,01:32:43:00,6.04,6:01,2026-07-06,,,
CTD_104_RC_20260727,104,CTD_AI_ORA_RadioOperatorA_20260706_1b.mov,01:32:43:00,01:32:47:17,4.71,4:17,2026-07-06,,,
CTD_104_RC_20260727,104,CTD_AI_ORA_RadioOperatorC_20260708_1c.mov,01:32:47:17,01:32:51:00,3.29,3:07,2026-07-08,Chat GPT; Krea,,
CTD_104_RC_20260727,104,CTD_AI_ORA_35FootWavesA_20260708_1b.mov,01:32:51:00,01:32:56:18,5.75,5:18,2026-07-08,Chat GPT; Krea,,
CTD_104_RC_20260727,104,CTD_AI_ORA_35FootWavesB_20260708_1d.mov,01:32:59:13,01:33:05:14,6.04,6:01,2026-07-08,Chat GPT; Krea,,
CTD_104_RC_20260727,104,CTD_AI_ORA_35FootWavesB_20260708_1c.mov,01:33:11:04,01:33:16:01,4.88,4:21,2026-07-08,Chat GPT; Krea,,
CTD_104_RC_20260727,104,CTD_AI_ORA_PortholeSmashed_20260708_1b.mov,01:33:16:01,01:33:18:02,2.04,2:01,2026-07-08,Chat GPT; Krea,,
CTD_104_RC_20260727,104,CTD_AI_ORA_PortholeSmashed_20260708_1c.mov,01:33:18:02,01:33:19:18,1.67,1:16,2026-07-08,Chat GPT; Krea,,
CTD_104_RC_20260727,104,CTD_AI_ORA_PortholeSmashed_20260706_1a.mov,01:33:20:05,01:33:22:10,2.21,2:05,2026-07-06,,,
CTD_104_RC_20260727,104,CTD_AI_ORA_ControlPanelDamagedA_20260706_1a.mov,01:33:23:14,01:33:24:23,1.38,1:09,2026-07-06,,,
CTD_104_RC_20260727,104,CTD_AI_ORA_ControlPanelDamagedB_20260708_1b.mov,01:33:24:23,01:33:26:15,1.67,1:16,2026-07-08,Chat GPT; Krea,,
CTD_104_RC_20260727,104,CTD_AI_ORA_ControlPanelDamagedB_20260706_1a.mov,01:33:26:15,01:33:28:15,2,2:00,2026-07-06,,,
CTD_104_RC_20260727,104,CTD_AI_ORA_ControlPanelDamagedC_20260706_1a.mov,01:33:34:14,01:33:36:15,2.04,2:01,2026-07-06,,,
CTD_104_RC_20260727,104,CTD_AI_ORA_CrewAtControlPanelB_20260706_1a.mov,01:33:36:15,01:33:39:04,2.54,2:13,2026-07-06,,,
CTD_104_RC_20260727,104,CTD_AI_ORA_RigListing_20260706_1a.mov,01:33:40:14,01:33:46:15,6.04,6:01,2026-07-06,,,
CTD_104_RC_20260727,104,CTD_AI_ORA_RadioOperatorGoodbye_20260708_1b.mov,01:33:47:13,01:33:51:02,3.54,3:13,2026-07-08,Chat GPT; Krea,,
CTD_104_RC_20260727,104,CTD_AI_ORA_HighlanderBattlesSeaA_20260706_1a.mov,01:33:51:02,01:33:55:11,4.38,4:09,2026-07-06,,,
CTD_104_RC_20260727,104,CTD_AI_ORA_HighlanderBattlesSeaB_20260708_1b.mov,01:33:55:11,01:33:58:14,3.13,3:03,2026-07-08,Chat GPT; Krea,,
CTD_104_RC_20260727,104,CTD_AI_ORA_HighlanderBattlesSeaA_20260706_1b.mov,01:34:04:08,01:34:06:17,2.38,2:09,2026-07-06,,,
CTD_104_RC_20260727,104,CTD_AI_ORA_HighlanderBattlesSeaB_20260706_1a.mov,01:34:06:17,01:34:11:17,5,5:00,2026-07-06,,,
CTD_104_RC_20260727,104,CTD_AI_ORA_HighlanderBattlesSeaA_20260706_1b.mov,01:34:14:20,01:34:18:18,3.92,3:22,2026-07-06,,,
CTD_104_RC_20260727,104,CTD_AI_ORA_CrewAtControlPanelA_20260708_1b.mov,01:34:24:17,01:34:28:16,3.96,3:23,2026-07-08,Chat GPT; Krea,,
CTD_104_RC_20260727,104,CTD_AI_ORA_CrewAtControlPanelB_20260708_1c.mov,01:34:28:16,01:34:31:06,2.58,2:14,2026-07-08,Chat GPT; Krea,,
CTD_104_RC_20260727,104,CTD_AI_ORA_CrewAtControlPanelB_20260708_1b.mov,01:34:32:12,01:34:33:19,1.29,1:07,2026-07-08,Chat GPT; Krea,,
CTD_104_RC_20260727,104,CTD_AI_ORA_CrewAtControlPanelA_20260708_1a.mov,01:34:33:19,01:34:38:08,4.54,4:13,2026-07-08,Chat GPT; Krea,,
CTD_104_RC_20260727,104,CTD_AI_ORA_CrewAtControlPanelA_20260708_1c.mov,01:34:38:08,01:34:41:15,3.29,3:07,2026-07-08,Chat GPT; Krea,,
CTD_104_RC_20260727,104,CTD_AI_ORA_RigListing_20260706_1b.mov,01:34:55:10,01:35:01:10,6,6:00,2026-07-06,,,
CTD_104_RC_20260727,104,CTD_AI_ORA_RigLists10Degrees_20260706_1b.mov,01:35:01:10,01:35:05:11,4.04,4:01,2026-07-06,,,
CTD_104_RC_20260727,104,CTD_AI_ORA_RadioOperatorInMic_20260706_1b.mov,01:35:06:11,01:35:08:05,1.75,1:18,2026-07-06,,,
CTD_104_RC_20260727,104,CTD_AI_ORA_HighlanderBattlesSeaB_20260708_1b.mov,01:35:08:05,01:35:13:21,5.67,5:16,2026-07-08,Chat GPT; Krea,,
CTD_104_RC_20260727,104,CTD_AI_ORA_RadioOperatorInMic_20260706_1b.mov,01:35:15:08,01:35:18:11,3.13,3:03,2026-07-06,,,
CTD_104_RC_20260727,104,CTD_AI_ORA_CrewAbandonsRig_20260706_1a.mov,01:35:18:11,01:35:24:04,5.71,5:17,2026-07-06,,,
CTD_104_RC_20260727,104,CTD_AI_ORA_CrewAbandonsRig_20260706_1b.mov,01:35:24:04,01:35:25:20,1.67,1:16,2026-07-06,,,
CTD_104_RC_20260727,104,CTD_AI_ORA_BoatsCapsizeA_20260706_1a.mov,01:35:25:20,01:35:28:20,3,3:00,2026-07-06,,,
CTD_104_RC_20260727,104,CTD_AI_ORA_BoatsCapsizeB_20260706_1a.mov,01:35:28:20,01:35:30:09,1.54,1:13,2026-07-06,,,
CTD_104_RC_20260727,104,CTD_AI_ORA_BoatsCapsizeB_20260708_1b.mov,01:35:30:09,01:35:36:10,6.04,6:01,2026-07-08,Chat GPT; Krea,,
CTD_104_RC_20260727,104,CTD_AI_ORA_BoatsCapsizeC_20260706_1a.mov,01:35:37:09,01:35:42:09,5,5:00,2026-07-06,,,
CTD_104_RC_20260727,104,CTD_AI_ORA_WorkersInStormyWater_20260708_1c.mov,01:35:45:04,01:35:50:09,5.21,5:05,2026-07-08,Chat GPT; Krea,,
CTD_104_RC_20260727,104,CTD_AI_ORA_MenInWater_20260708_1a.mov,01:35:53:14,01:35:57:19,4.21,4:05,2026-07-08,Chat GPT; Krea,,
CTD_104_RC_20260727,104,CTD_AI_ORA_HighLanderBattlesSeaB_20260708_1c.mov,01:35:57:19,01:36:03:20,6.04,6:01,2026-07-08,Chat GPT; Krea,,
CTD_104_RC_20260727,104,CTD_AI_ORA_LifelinesThrownB_20260706_1c.mov,01:36:03:20,01:36:07:23,4.13,4:03,2026-07-06,,,
CTD_104_RC_20260727,104,CTD_AI_ORA_RescueAbandonedA_20260708_1c.mov,01:36:07:23,01:36:10:08,2.38,2:09,2026-07-08,Chat GPT; Krea,,
CTD_104_RC_20260727,104,CTD_AI_ORA_LifelinesThrownA_20260708_1c.mov,01:36:10:08,01:36:11:22,1.58,1:14,2026-07-08,Chat GPT; Krea,,
CTD_104_RC_20260727,104,CTD_AI_ORA_RescueAbandonedB_20260706_1b.mov,01:36:11:22,01:36:13:19,1.88,1:21,2026-07-06,,,
CTD_104_RC_20260727,104,CTD_AI_ORA_LifelinesThrownA_20260706_1a.mov,01:36:13:19,01:36:17:02,3.29,3:07,2026-07-06,,,
CTD_104_RC_20260727,104,CTD_AI_ORA_LifelinesThrownB_20260706_1a.mov,01:36:18:02,01:36:21:06,3.17,3:04,2026-07-06,,,
CTD_104_RC_20260727,104,CTD_AI_ORA_RescueAbandonedC_20260706_1b.mov,01:36:21:06,01:36:25:19,4.54,4:13,2026-07-06,,,
CTD_104_RC_20260727,104,CTD_AI_ORA_RescueAbandonedB_20260706_1b.mov,01:36:25:19,01:36:27:12,1.71,1:17,2026-07-06,,,
CTD_104_RC_20260727,104,CTD_AI_ORA_LifelinesThrownC_20260708_1b.mov,01:36:28:13,01:36:33:15,5.08,5:02,2026-07-08,Chat GPT; Krea,,
CTD_104_RC_20260727,104,CTD_AI_ORA_RescueAbandonedC_20260706_1a.mov,01:36:33:15,01:36:36:20,3.21,3:05,2026-07-06,,,
CTD_104_RC_20260727,104,CTD_AI_ORA_RangerCapsizesA_20260706_1c.mov,01:36:36:20,01:36:41:23,5.13,5:03,2026-07-06,,,
CTD_104_RC_20260727,104,CTD_AI_ORA_RangerCapsizesB_20260708_c.mov,01:36:41:23,01:36:45:16,3.71,3:17,2026-07-08,Chat GPT; Krea,,
CTD_104_RC_20260727,104,CTD_AI_SMI_DarkCloudsAtMine_20260708_2b.mov,01:36:58:16,01:36:59:18,1.08,1:02,2026-07-08,Chat GPT; Krea,,
CTD_104_RC_20260727,104,CTD_AI_SMI_ExplosionInMine B_20260708_1a.mov,01:36:59:18,01:37:01:13,1.79,1:19,2026-07-08,Chat GPT; Krea,,
CTD_104_RC_20260727,104,CTD_AI_SMI_WorkersKnockedOver_20260709_2a.mov,01:37:01:13,01:37:03:12,1.96,1:23,2026-07-09,Krea; Nano Banana,,
CTD_104_RC_20260727,104,CTD_AI_SMI_WorkersKnockedOver_20260709_1a.mov,01:37:03:12,01:37:05:21,2.38,2:09,2026-07-09,Chat GPT; Krea,,
CTD_104_RC_20260727,104,CTD_AI_SMI_JonesRalliesTeam_20260707_1a.mov,01:37:07:20,01:37:09:04,1.33,1:08,2026-07-07,Chat GPT; Krea,,
CTD_104_RC_20260727,104,CTD_AI_SMI_ExplosionInMine C_20260708_3a.mov,01:37:09:04,01:37:10:16,1.5,1:12,2026-07-08,Chat GPT; Krea,,
CTD_104_RC_20260727,104,CTD_AI_SMI_MinersReadyGear B_20260707_1a.mov,01:38:22:21,01:38:26:18,3.88,3:21,2026-07-07,Chat GPT; Krea,,
CTD_104_RC_20260727,104,CTD_AI_SMI_MinersReadyGear A_20260707_1a.mov,01:38:26:18,01:38:29:14,2.83,2:20,2026-07-07,Chat GPT; Krea,,
CTD_104_RC_20260727,104,CTD_AI_SMI_MinersReadyGear C_20260707_1a.mov,01:38:29:14,01:38:32:12,2.92,2:22,2026-07-07,Chat GPT; Krea,,
CTD_104_RC_20260727,104,CTD_AI_SMI_MinersReadyGear A_20260707_2a.mov,01:38:32:12,01:38:34:06,1.75,1:18,2026-07-07,Chat GPT; Krea,,
CTD_104_RC_20260727,104,CTD_AI_SMI_MinersReadyGear C_20260707_3a.mov,01:38:34:06,01:38:36:17,2.46,2:11,2026-07-07,Chat GPT; Krea,,
CTD_104_RC_20260727,104,CTD_AI_SMI_MinersReadyGear C_20260707_2a.mov,01:38:36:17,01:38:39:21,3.17,3:04,2026-07-07,Chat GPT; Krea,,
CTD_104_RC_20260727,104,CTD_AI_SMI_DarkCloudsAtMine_20260708_1a.mov,01:38:45:12,01:38:48:09,2.88,2:21,2026-07-08,Chat GPT; Krea,,
CTD_104_RC_20260727,104,CTD_AI_SMI_DarkCloudsAtMine_20260708_3a.mov,01:38:53:14,01:38:59:09,5.79,5:19,2026-07-08,Chat GPT; Krea,,
CTD_104_RC_20260727,104,CTD_AI_SMI_ExplosionInMine A_20260708_1a.mov,01:39:22:15,01:39:26:09,3.75,3:18,2026-07-08,Chat GPT; Krea,,
CTD_104_RC_20260727,104,CTD_AI_SMI_JonesRalliesTeam_20260707_1a.mov,01:39:26:09,01:39:28:05,1.83,1:20,2026-07-07,Chat GPT; Krea,,
CTD_104_RC_20260727,104,CTD_AI_SMI_JonesLeavesCrew B_20260707_3a.mov,01:39:28:05,01:39:29:13,1.33,1:08,2026-07-07,Chat GPT; Krea,,
CTD_104_RC_20260727,104,CTD_AI_SMI_ExplosionInMine B_20260708_1b.mov,01:39:29:13,01:39:32:16,3.13,3:03,2026-07-08,Chat GPT; Krea,,
CTD_104_RC_20260727,104,CTD_AI_SMI_ExplosionInMine C_20260708_2a.mov,01:39:32:16,01:39:35:11,2.79,2:19,2026-07-08,Chat GPT; Krea,,
CTD_104_RC_20260727,104,CTD_AI_SMI_WorkersKnockedOver_20260709_2a.mov,01:39:35:11,01:39:39:20,4.38,4:09,2026-07-09,Krea; Nano Banana,,
CTD_104_RC_20260727,104,CTD_AI_SMI_ExplosionInMine C_20260708_1a.mov,01:39:42:20,01:39:45:21,3.04,3:01,2026-07-08,Chat GPT; Krea,,
CTD_104_RC_20260727,104,CTD_AI_SMI_WorkersKnockedOver_20260709_1a.mov,01:39:45:21,01:39:50:08,4.46,4:11,2026-07-09,Chat GPT; Krea,,
CTD_104_RC_20260727,104,CTD_AI_SMI_CarbonMonoxideAlarms B_20260709_1a.mov,01:39:51:12,01:39:53:11,1.96,1:23,2026-07-09,Chat GPT; Krea,,
CTD_104_RC_20260727,104,CTD_AI_SMI_CarbonMonoxideAlarms B_20260709_2a.mov,01:39:53:11,01:39:55:06,1.79,1:19,2026-07-09,Krea; Nano Banana,,
CTD_104_RC_20260727,104,CTD_AI_SMI_CarbonMonoxideAlarms B_20260709_3a.mov,01:39:55:06,01:39:57:13,2.29,2:07,2026-07-09,Chat GPT; Krea,,
CTD_104_RC_20260727,104,CTD_AI_SMI_JonesLeavesCrew B_20260707_1a.mov,01:40:02:20,01:40:08:02,5.25,5:06,2026-07-07,Chat GPT; Krea,,
CTD_104_RC_20260727,104,CTD_AI_SMI_BandanaOverMouth A_20260708_1c.mov,01:40:12:09,01:40:17:09,5,5:00,2026-07-08,Chat GPT; Krea,,
CTD_104_RC_20260727,104,CTD_AI_SMI_SmokyTunnel_20260707_1a.mov,01:40:31:20,01:40:36:20,5,5:00,2026-07-07,Chat GPT; Krea,,
CTD_104_RC_20260727,104,CTD_AI_SMI_EmergencyPhone A_20260709_1a.mov,01:40:40:05,01:40:45:06,5.04,5:01,2026-07-09,Chat GPT; Krea,,
CTD_104_RC_20260727,104,CTD_AI_SMI_EmergencyPhone B_20260709_1c.mov,01:40:46:03,01:40:50:04,4.04,4:01,2026-07-09,Krea; Nano Banana,,
CTD_104_RC_20260727,104,CTD_AI_SMI_EmergencyPhone C_20260709_1b.mov,01:40:52:01,01:40:56:08,4.29,4:07,2026-07-09,Krea; Nano Banana,,
CTD_104_RC_20260727,104,CTD_AI_SMI_JonesLeavesCrewA_20260713_1c.mov,01:40:57:14,01:41:03:15,6.04,6:01,2026-07-13,Chat GPT; Krea,,
CTD_104_RC_20260727,104,CTD_AI_SMI_MinersExit_20260708_1a.mov,01:41:12:23,01:41:18:23,6,6:00,2026-07-08,Krea; Nano Banana,,
CTD_104_RC_20260727,104,CTD_AI_SMI_CrewFollowsJones A_20260709_1b.mov,01:41:21:08,01:41:22:12,1.17,1:04,2026-07-09,Chat GPT; Krea,,
CTD_104_RC_20260727,104,CTD_AI_SMI_CrewFollowsJones B_20260707_1a.mov,01:41:22:12,01:41:26:08,3.83,3:20,2026-07-07,Chat GPT; Krea,,
CTD_104_RC_20260727,104,CTD_AI_SMI_CrewFollowsJones A_20260709_1a.mov,01:41:28:01,01:41:33:02,5.04,5:01,2026-07-09,Chat GPT; Krea,,
CTD_104_RC_20260727,104,CTD_AI_SMI_JonesLeavesCrew B_20260707_3a.mov,01:42:13:04,01:42:16:00,2.83,2:20,2026-07-07,Chat GPT; Krea,,
CTD_104_RC_20260727,104,CTD_AI_SMI_JonesLeavesCrew B_20260707_2a.mov,01:42:21:06,01:42:28:07,7.04,7:01,2026-07-07,Chat GPT; Krea,,
CTD_104_RC_20260727,104,CTD_AI_SMI_CrewFollowsJones C_20260707_2a.mov,01:42:29:05,01:42:32:20,3.63,3:15,2026-07-07,Chat GPT; Krea,,
CTD_104_RC_20260727,104,CTD_AI_SMI_Sledgehammer_20260710_1b.mov,01:42:33:23,01:42:34:14,0.63,0:15,2026-07-10,Chat GPT; Krea,,
CTD_104_RC_20260727,104,CTD_AI_SMI_Sledgehammer_20260710_2a.mov,01:42:34:14,01:42:36:07,1.71,1:17,2026-07-10,Chat GPT; Krea,,
CTD_104_RC_20260727,104,CTD_AI_SMI_Sledgehammer_20260710_1b.mov,01:42:36:07,01:42:38:14,2.29,2:07,2026-07-10,Chat GPT; Krea,,
CTD_104_RC_20260727,104,CTD_AI_SMI_RescueTeamEnters_20260707_1a.mov,01:42:50:21,01:42:58:22,8.04,8:24,2026-07-07,Chat GPT; Krea,,
CTD_104_RC_20260727,104,CTD_AI_TSF_FactoryOnFire A_20260609.mov,01:43:44:00,01:43:44:22,0.92,0:22,2026-06-09,Chat GPT; Krea,,
CTD_104_RC_20260727,104,CTD_AI_TSF_OtherScrapBinsCatchFire_20260710_3b.mov,01:43:44:22,01:43:45:23,1.04,1:01,2026-07-10,,,
CTD_104_RC_20260727,104,CTD_AI_TSF_WomanOnLedge_B3_20260706.mov,01:43:45:23,01:43:46:14,0.63,0:15,2026-07-06,,,
CTD_104_RC_20260727,104,CTD_AI_KAL007_ExplosionInAir 2_20260702_1d.mov,01:43:46:14,01:43:47:21,1.29,1:07,2026-07-02,Chat GPT; Krea,,
CTD_104_RC_20260727,104,CTD_AI_KAL007_747Crashes 3_20260702_2a.mov,01:43:47:21,01:43:48:22,1.04,1:01,2026-07-02,Chat GPT; Krea,,
CTD_104_RC_20260727,104,CTD_AI_KAL007_747Crashes 3_20260702_1b.mov,01:43:48:22,01:43:50:20,1.92,1:22,2026-07-02,Chat GPT; Krea,,
CTD_104_RC_20260727,104,CTD_AI_ORA_BoatsCapsizeB_20260708_1b.mov,01:43:53:13,01:43:55:05,1.67,1:16,2026-07-08,Chat GPT; Krea,,
CTD_104_RC_20260727,104,CTD_AI_ORA_WorkersInStormyWater_20260708_1c.mov,01:43:55:05,01:43:57:03,1.92,1:22,2026-07-08,Chat GPT; Krea,,
CTD_104_RC_20260727,104,CTD_AI_SMI_ExplosionInMine C_20260708_2a.mov,01:43:57:03,01:44:00:04,3.04,3:01,2026-07-08,Chat GPT; Krea,,
